config	codepoints	kinds	matched_entry	baseline	new
default	E650:E650	cell	dangling-anchor-dropped	qsPea.half.en-y6.ex-y6|qsPea.en-y6	qsPea/half/None/y6/|qsPea/full/y6/None/
default	E650:E653	cell	dangling-anchor-dropped	qsPea|qsDay.half.en-y0.ex-y0	qsPea/full/None/baseline/|qsDay/half/baseline/None/
default	E652:E653	cell	dangling-anchor-dropped	qsTea.ex-y0|qsDay.half.en-y0.ex-y0.en-ext-1	qsTea/full/None/baseline/|qsDay/half/baseline/None/en-ext-1
default	E652:E670	cell	dangling-anchor-dropped	qsTea.half.ex-y5|qsIt.en-y5.ex-y0	qsTea/half/None/x-height/|qsIt/hapax/x-height/None/
default	E653:E652	cell	bare-name-live-join	qsDay|qsTea.en-y0	qsDay/full/None/baseline/|qsTea/full/baseline/None/
default	E653:E653	cell	dangling-anchor-dropped	qsDay|qsDay.half.en-y0.ex-y0	qsDay/full/None/baseline/|qsDay/half/baseline/None/
default	E653:E668	cell	bare-name-live-join	qsDay|qsRoe	qsDay/full/None/baseline/|qsRoe/hapax/baseline/None/
default	E658:E666	cell	bare-name-live-join	qsFee.ex-y5.before-utter.ex-ext-1|qsNo	qsFee/loop/None/x-height/ex-ext-1|qsNo/loop/x-height/None/
default	E668:E668	cell	dangling-anchor-dropped	qsRoe.en-y0.ex-y5|qsRoe	qsRoe/hapax/None/x-height/|qsRoe/hapax/x-height/None/
default	E670:E670	cell	dangling-anchor-dropped	qsIt.ex-y5|qsIt	qsIt/hapax/None/None/|qsIt/hapax/None/None/
default	0020:E650:E650	cell	boundary-echo	space|qsPea.half.en-y6.ex-y6|qsPea.en-y6	space/boundary/None/None/|qsPea/half/None/y6/|qsPea/full/y6/None/
default	0020:E650:E653	cell	boundary-echo	space|qsPea|qsDay.half.en-y0.ex-y0	space/boundary/None/None/|qsPea/full/None/baseline/|qsDay/half/baseline/None/
default	0020:E652:E653	cell	boundary-echo	space|qsTea.ex-y0|qsDay.half.en-y0.ex-y0.en-ext-1	space/boundary/None/None/|qsTea/full/None/baseline/|qsDay/half/baseline/None/en-ext-1
default	0020:E653:E652	cell	boundary-echo	space|qsDay|qsTea.en-y0	space/boundary/None/None/|qsDay/full/None/baseline/|qsTea/full/baseline/None/
default	0020:E653:E653	cell	boundary-echo	space|qsDay|qsDay.half.en-y0.ex-y0	space/boundary/None/None/|qsDay/full/None/baseline/|qsDay/half/baseline/None/
default	0020:E653:E668	cell	boundary-echo	space|qsDay|qsRoe	space/boundary/None/None/|qsDay/full/None/baseline/|qsRoe/hapax/baseline/None/
default	0020:E668:E668	cell	boundary-echo	space|qsRoe.en-y0.ex-y5|qsRoe	space/boundary/None/None/|qsRoe/hapax/None/x-height/|qsRoe/hapax/x-height/None/
default	00B7:E650:E650	cell	dangling-anchor-dropped	periodcentered|qsPea.half.en-y6.ex-y6|qsPea.en-y6	namer-dot/boundary/None/None/|qsPea/half/None/y6/|qsPea/full/y6/None/
default	00B7:E650:E653	cell	dangling-anchor-dropped	periodcentered|qsPea|qsDay.half.en-y0.ex-y0	namer-dot/boundary/None/None/|qsPea/full/None/baseline/|qsDay/half/baseline/None/
default	00B7:E652:E653	cell	dangling-anchor-dropped	periodcentered|qsTea.ex-y0|qsDay.half.en-y0.ex-y0.en-ext-1	namer-dot/boundary/None/None/|qsTea/full/None/baseline/|qsDay/half/baseline/None/en-ext-1
default	00B7:E653:E652	cell	bare-name-live-join	periodcentered|qsDay|qsTea.en-y0	namer-dot/boundary/None/None/|qsDay/full/None/baseline/|qsTea/full/baseline/None/
default	00B7:E653:E653	cell	dangling-anchor-dropped	periodcentered|qsDay|qsDay.half.en-y0.ex-y0	namer-dot/boundary/None/None/|qsDay/full/None/baseline/|qsDay/half/baseline/None/
default	00B7:E653:E668	cell	bare-name-live-join	periodcentered|qsDay|qsRoe	namer-dot/boundary/None/None/|qsDay/full/None/baseline/|qsRoe/hapax/baseline/None/
default	00B7:E668:E668	cell	dangling-anchor-dropped	periodcentered.lowered|qsRoe.en-y0.ex-y5|qsRoe	namer-dot/boundary/None/None/|qsRoe/hapax/None/x-height/|qsRoe/hapax/x-height/None/
default	200C:E650:E653	cell	boundary-echo	space|qsPea.noentry|qsDay.half.en-y0.ex-y0	zwnj/boundary/None/None/|qsPea/full/None/baseline/locked|qsDay/half/baseline/None/
default	200C:E650:E668	cell	boundary-echo	space|qsPea.half.ex-y5.ex-dips|qsRoe.en-y5.en-con-1	zwnj/boundary/None/None/|qsPea/half/None/x-height/locked|qsRoe/hapax/x-height/None/en-con-1
default	200C:E652:E652	cell	boundary-echo	space|qsTea.ex-y0|qsTea	zwnj/boundary/None/None/|qsTea/full/None/None/locked|qsTea/full/None/None/
default	200C:E652:E653	cell	boundary-echo	space|qsTea.ex-y0|qsDay.half.en-y0.ex-y0.en-ext-1	zwnj/boundary/None/None/|qsTea/full/None/baseline/locked|qsDay/half/baseline/None/en-ext-1
default	200C:E652:E679	ligation	boundary-echo	space|qsTea.noentry|qsOy	zwnj/boundary/None/None/|qsTea_qsOy/hapax/None/None/
default	200C:E653:E652	cell	boundary-echo	space|qsDay.noentry|qsTea.en-y0	zwnj/boundary/None/None/|qsDay/full/None/baseline/locked|qsTea/full/baseline/None/
default	200C:E653:E653	cell	boundary-echo	space|qsDay.noentry|qsDay.half.en-y0.ex-y0	zwnj/boundary/None/None/|qsDay/full/None/baseline/locked|qsDay/half/baseline/None/
default	200C:E653:E668	cell	boundary-echo	space|qsDay.noentry|qsRoe	zwnj/boundary/None/None/|qsDay/full/None/baseline/locked|qsRoe/hapax/baseline/None/
default	200C:E668:E668	cell	boundary-echo	space|qsRoe.en-y0.ex-y5.noentry|qsRoe	zwnj/boundary/None/None/|qsRoe/hapax/None/x-height/locked|qsRoe/hapax/x-height/None/
default	E650:E650:0020	cell	boundary-echo	qsPea.half.en-y6.ex-y6|qsPea.en-y6|space	qsPea/half/None/y6/|qsPea/full/y6/None/|space/boundary/None/None/
default	E650:E650:00B7	cell	dangling-anchor-dropped	qsPea.half.en-y6.ex-y6|qsPea.en-y6|periodcentered	qsPea/half/None/y6/|qsPea/full/y6/None/|namer-dot/boundary/None/None/
default	E650:E650:200C	cell	boundary-echo	qsPea.half.en-y6.ex-y6|qsPea.en-y6|space	qsPea/half/None/y6/|qsPea/full/y6/None/|zwnj/boundary/None/None/
default	E650:E650:E650	cell	dangling-anchor-dropped	qsPea.half.en-y6.ex-y6|qsPea.half.en-y6.ex-y6|qsPea.en-y6	qsPea/half/None/y6/|qsPea/half/y6/y6/|qsPea/full/y6/None/
default	E650:E650:E652	cell	dangling-anchor-dropped	qsPea.half.en-y6.ex-y6|qsPea.en-y6.ex-y0|qsTea	qsPea/half/None/y6/|qsPea/full/y6/None/|qsTea/full/None/None/
default	E650:E650:E653	cell	dangling-anchor-dropped	qsPea.half.en-y6.ex-y6|qsPea.en-y6.ex-y0|qsDay.half.en-y0.ex-y0	qsPea/half/None/y6/|qsPea/full/y6/baseline/|qsDay/half/baseline/None/
default	E650:E650:E668	cell	dangling-anchor-dropped	qsPea.half.en-y6.ex-y6|qsPea.half.en-y6.ex-y5.ex-dips|qsRoe.en-y5.en-con-1	qsPea/half/None/y6/|qsPea/half/y6/x-height/|qsRoe/hapax/x-height/None/en-con-1
default	E650:E650:E67A	cell,seam	pea-chain-regularized	qsPea.half.en-y6.ex-y6|qsPea.en-y6|qsUtter	qsPea/half/None/y6/|qsPea/full/y6/baseline/|qsUtter/mono/baseline/None/
default	E650:E652:E653	cell	dangling-anchor-dropped	qsPea|qsTea.ex-y0|qsDay.half.en-y0.ex-y0.en-ext-1	qsPea/full/None/None/|qsTea/full/None/baseline/|qsDay/half/baseline/None/en-ext-1
default	E650:E653:0020	cell	boundary-echo	qsPea|qsDay.half.en-y0.ex-y0|space	qsPea/full/None/baseline/|qsDay/half/baseline/None/|space/boundary/None/None/
default	E650:E653:00B7	cell	dangling-anchor-dropped	qsPea|qsDay.half.en-y0.ex-y0|periodcentered	qsPea/full/None/baseline/|qsDay/half/baseline/None/|namer-dot/boundary/None/None/
default	E650:E653:200C	cell	boundary-echo	qsPea|qsDay.half.en-y0.ex-y0|space	qsPea/full/None/baseline/|qsDay/half/baseline/None/|zwnj/boundary/None/None/
default	E650:E653:E650	cell	dangling-anchor-dropped	qsPea|qsDay.half.en-y0.ex-y0|qsPea	qsPea/full/None/baseline/|qsDay/half/baseline/None/|qsPea/full/None/None/
default	E650:E653:E652	cell	bare-name-live-join	qsPea|qsDay.half.en-y0.ex-y0|qsTea.en-y0	qsPea/full/None/baseline/|qsDay/half/baseline/baseline/|qsTea/full/baseline/None/
default	E650:E653:E653	cell	dangling-anchor-dropped	qsPea|qsDay.half.en-y0.ex-y0|qsDay.half.en-y0.ex-y0	qsPea/full/None/baseline/|qsDay/half/baseline/baseline/|qsDay/half/baseline/None/
default	E650:E653:E668	cell	bare-name-live-join	qsPea|qsDay.half.en-y0.ex-y0|qsRoe	qsPea/full/None/baseline/|qsDay/half/baseline/baseline/|qsRoe/hapax/baseline/None/
default	E650:E668:E668	cell,position	UNMATCHED	qsPea.half.ex-y5.ex-dips|qsRoe.ex-y0|qsRoe	qsPea/half/None/x-height/|qsRoe/hapax/x-height/baseline/en-con-1|qsRoe/hapax/baseline/None/
default	E650:E670:E65D	cell,seam	regrouping-floor-drift	qsPea.half.ex-y5.ex-dips|qsIt.en-y5.ex-y0|qsJai	qsPea/full/None/None/|qsIt/hapax/None/x-height/ex-ext-1|qsJai/hapax/x-height/None/
default	E652:E650:E650	cell	dangling-anchor-dropped	qsTea|qsPea.half.en-y6.ex-y6|qsPea.en-y6	qsTea/full/None/None/|qsPea/half/None/y6/|qsPea/full/y6/None/
default	E652:E650:E653	cell	dangling-anchor-dropped	qsTea|qsPea|qsDay.half.en-y0.ex-y0	qsTea/full/None/None/|qsPea/full/None/baseline/|qsDay/half/baseline/None/
default	E652:E652:E653	cell	dangling-anchor-dropped	qsTea|qsTea.ex-y0|qsDay.half.en-y0.ex-y0.en-ext-1	qsTea/full/None/None/|qsTea/full/None/baseline/|qsDay/half/baseline/None/en-ext-1
default	E652:E653:0020	cell	boundary-echo	qsTea.ex-y0|qsDay.half.en-y0.ex-y0.en-ext-1|space	qsTea/full/None/baseline/|qsDay/half/baseline/None/en-ext-1|space/boundary/None/None/
default	E652:E653:00B7	cell	dangling-anchor-dropped	qsTea.ex-y0|qsDay.half.en-y0.ex-y0.en-ext-1|periodcentered	qsTea/full/None/baseline/|qsDay/half/baseline/None/en-ext-1|namer-dot/boundary/None/None/
default	E652:E653:200C	cell	boundary-echo	qsTea.ex-y0|qsDay.half.en-y0.ex-y0.en-ext-1|space	qsTea/full/None/baseline/|qsDay/half/baseline/None/en-ext-1|zwnj/boundary/None/None/
default	E652:E653:E650	cell	dangling-anchor-dropped	qsTea.ex-y0|qsDay.half.en-y0.ex-y0.en-ext-1|qsPea	qsTea/full/None/baseline/|qsDay/half/baseline/None/en-ext-1|qsPea/full/None/None/
default	E652:E653:E653	cell	dangling-anchor-dropped	qsTea.ex-y0|qsDay.half.en-y0.ex-y0.en-ext-1|qsDay.half.en-y0.ex-y0	qsTea/full/None/baseline/|qsDay/half/baseline/baseline/en-ext-1|qsDay/half/baseline/None/
default	E652:E653:E668	cell	bare-name-live-join	qsTea.ex-y0|qsDay.half.en-y0.ex-y0.en-ext-1|qsRoe	qsTea/full/None/baseline/|qsDay/half/baseline/baseline/en-ext-1|qsRoe/hapax/baseline/None/
default	E652:E668:E668	cell,position	UNMATCHED	qsTea.half.ex-y5|qsRoe.ex-y0|qsRoe	qsTea/half/None/x-height/|qsRoe/hapax/x-height/baseline/en-con-1|qsRoe/hapax/baseline/None/
default	E653:E650:E650	cell	dangling-anchor-dropped	qsDay|qsPea.half.en-y6.ex-y6|qsPea.en-y6	qsDay/full/None/None/|qsPea/half/None/y6/|qsPea/full/y6/None/
default	E653:E650:E653	cell	dangling-anchor-dropped	qsDay|qsPea|qsDay.half.en-y0.ex-y0	qsDay/full/None/None/|qsPea/full/None/baseline/|qsDay/half/baseline/None/
default	E653:E652:0020	cell	boundary-echo	qsDay|qsTea.en-y0|space	qsDay/full/None/baseline/|qsTea/full/baseline/None/|space/boundary/None/None/
default	E653:E652:00B7	cell	bare-name-live-join	qsDay|qsTea.en-y0|periodcentered	qsDay/full/None/baseline/|qsTea/full/baseline/None/|namer-dot/boundary/None/None/
default	E653:E652:200C	cell	boundary-echo	qsDay|qsTea.en-y0|space	qsDay/full/None/baseline/|qsTea/full/baseline/None/|zwnj/boundary/None/None/
default	E653:E652:E650	cell	bare-name-live-join	qsDay|qsTea.en-y0|qsPea	qsDay/full/None/baseline/|qsTea/full/baseline/None/|qsPea/full/None/None/
default	E653:E652:E652	cell	bare-name-live-join	qsDay|qsTea.en-y0|qsTea	qsDay/full/None/baseline/|qsTea/full/baseline/None/|qsTea/full/None/None/
default	E653:E652:E653	cell	dangling-anchor-dropped	qsDay|qsTea.ex-y0|qsDay.half.en-y0.ex-y0.en-ext-1	qsDay/full/None/None/|qsTea/full/None/baseline/|qsDay/half/baseline/None/en-ext-1
default	E653:E652:E668	cell,seam	regrouping-floor-drift	qsDay|qsTea.half.ex-y5|qsRoe.en-y5.en-con-1	qsDay/full/None/baseline/|qsTea/full/baseline/None/|qsRoe/hapax/None/None/
default	E653:E653:0020	cell	boundary-echo	qsDay|qsDay.half.en-y0.ex-y0|space	qsDay/full/None/baseline/|qsDay/half/baseline/None/|space/boundary/None/None/
default	E653:E653:00B7	cell	dangling-anchor-dropped	qsDay|qsDay.half.en-y0.ex-y0|periodcentered	qsDay/full/None/baseline/|qsDay/half/baseline/None/|namer-dot/boundary/None/None/
default	E653:E653:200C	cell	boundary-echo	qsDay|qsDay.half.en-y0.ex-y0|space	qsDay/full/None/baseline/|qsDay/half/baseline/None/|zwnj/boundary/None/None/
default	E653:E653:E650	cell	dangling-anchor-dropped	qsDay|qsDay.half.en-y0.ex-y0|qsPea	qsDay/full/None/baseline/|qsDay/half/baseline/None/|qsPea/full/None/None/
default	E653:E653:E652	cell	bare-name-live-join	qsDay|qsDay.half.en-y0.ex-y0|qsTea.en-y0	qsDay/full/None/baseline/|qsDay/half/baseline/baseline/|qsTea/full/baseline/None/
default	E653:E653:E653	cell	dangling-anchor-dropped	qsDay|qsDay.half.en-y0.ex-y0|qsDay.half.en-y0.ex-y0	qsDay/full/None/baseline/|qsDay/half/baseline/baseline/|qsDay/half/baseline/None/
default	E653:E653:E668	cell	bare-name-live-join	qsDay|qsDay.half.en-y0.ex-y0|qsRoe	qsDay/full/None/baseline/|qsDay/half/baseline/baseline/|qsRoe/hapax/baseline/None/
default	E653:E668:0020	cell	boundary-echo	qsDay|qsRoe|space	qsDay/full/None/baseline/|qsRoe/hapax/baseline/None/|space/boundary/None/None/
default	E653:E668:00B7	cell	bare-name-live-join	qsDay|qsRoe|periodcentered	qsDay/full/None/baseline/|qsRoe/hapax/baseline/None/|namer-dot/boundary/None/None/
default	E653:E668:200C	cell	boundary-echo	qsDay|qsRoe|space	qsDay/full/None/baseline/|qsRoe/hapax/baseline/None/|zwnj/boundary/None/None/
default	E653:E668:E650	cell	bare-name-live-join	qsDay|qsRoe|qsPea	qsDay/full/None/baseline/|qsRoe/hapax/baseline/None/|qsPea/full/None/None/
default	E653:E668:E652	cell	bare-name-live-join	qsDay|qsRoe|qsTea	qsDay/full/None/baseline/|qsRoe/hapax/baseline/None/|qsTea/full/None/None/
default	E653:E668:E653	cell	bare-name-live-join	qsDay|qsRoe|qsDay	qsDay/full/None/baseline/|qsRoe/hapax/baseline/None/|qsDay/full/None/None/
default	E653:E668:E668	cell	bare-name-live-join	qsDay|qsRoe.en-y0.ex-y5|qsRoe	qsDay/full/None/baseline/|qsRoe/hapax/baseline/x-height/|qsRoe/hapax/x-height/None/
default	E665:E666:E666	cell	bare-name-live-join	qsMay|qsNo|qsNo	qsMay/loop/None/x-height/|qsNo/loop/x-height/x-height/|qsNo/loop/x-height/None/
default	E668:E650:E650	cell	dangling-anchor-dropped	qsRoe|qsPea.half.en-y6.ex-y6|qsPea.en-y6	qsRoe/hapax/None/None/|qsPea/half/None/y6/|qsPea/full/y6/None/
default	E668:E650:E653	cell	dangling-anchor-dropped	qsRoe|qsPea|qsDay.half.en-y0.ex-y0	qsRoe/hapax/None/None/|qsPea/full/None/baseline/|qsDay/half/baseline/None/
default	E668:E652:E653	cell	dangling-anchor-dropped	qsRoe|qsTea.ex-y0|qsDay.half.en-y0.ex-y0.en-ext-1	qsRoe/hapax/None/None/|qsTea/full/None/baseline/|qsDay/half/baseline/None/en-ext-1
default	E668:E653:E652	cell	bare-name-live-join	qsRoe|qsDay|qsTea.en-y0	qsRoe/hapax/None/None/|qsDay/full/None/baseline/|qsTea/full/baseline/None/
default	E668:E653:E653	cell	dangling-anchor-dropped	qsRoe|qsDay|qsDay.half.en-y0.ex-y0	qsRoe/hapax/None/None/|qsDay/full/None/baseline/|qsDay/half/baseline/None/
default	E668:E653:E668	cell	bare-name-live-join	qsRoe|qsDay|qsRoe	qsRoe/hapax/None/None/|qsDay/full/None/baseline/|qsRoe/hapax/baseline/None/
default	E668:E668:0020	cell	boundary-echo	qsRoe.en-y0.ex-y5|qsRoe|space	qsRoe/hapax/None/x-height/|qsRoe/hapax/x-height/None/|space/boundary/None/None/
default	E668:E668:00B7	cell	dangling-anchor-dropped	qsRoe.en-y0.ex-y5|qsRoe|periodcentered	qsRoe/hapax/None/x-height/|qsRoe/hapax/x-height/None/|namer-dot/boundary/None/None/
default	E668:E668:200C	cell	boundary-echo	qsRoe.en-y0.ex-y5|qsRoe|space	qsRoe/hapax/None/x-height/|qsRoe/hapax/x-height/None/|zwnj/boundary/None/None/
default	E668:E668:E650	cell	dangling-anchor-dropped	qsRoe.en-y0.ex-y5|qsRoe|qsPea	qsRoe/hapax/None/x-height/|qsRoe/hapax/x-height/None/|qsPea/full/None/None/
default	E668:E668:E652	cell	dangling-anchor-dropped	qsRoe.en-y0.ex-y5|qsRoe|qsTea	qsRoe/hapax/None/x-height/|qsRoe/hapax/x-height/None/|qsTea/full/None/None/
default	E668:E668:E653	cell	dangling-anchor-dropped	qsRoe.en-y0.ex-y5|qsRoe|qsDay	qsRoe/hapax/None/x-height/|qsRoe/hapax/x-height/None/|qsDay/full/None/None/
default	E668:E668:E668	cell	dangling-anchor-dropped	qsRoe.en-y0.ex-y5|qsRoe.ex-y0|qsRoe	qsRoe/hapax/None/x-height/|qsRoe/hapax/x-height/baseline/|qsRoe/hapax/baseline/None/
default	0020:0020:E650:E650	cell	boundary-echo	space|space|qsPea.half.en-y6.ex-y6|qsPea.en-y6	space/boundary/None/None/|space/boundary/None/None/|qsPea/half/None/y6/|qsPea/full/y6/None/
default	0020:0020:E650:E653	cell	boundary-echo	space|space|qsPea|qsDay.half.en-y0.ex-y0	space/boundary/None/None/|space/boundary/None/None/|qsPea/full/None/baseline/|qsDay/half/baseline/None/
default	0020:0020:E652:E653	cell	boundary-echo	space|space|qsTea.ex-y0|qsDay.half.en-y0.ex-y0.en-ext-1	space/boundary/None/None/|space/boundary/None/None/|qsTea/full/None/baseline/|qsDay/half/baseline/None/en-ext-1
default	0020:0020:E653:E652	cell	boundary-echo	space|space|qsDay|qsTea.en-y0	space/boundary/None/None/|space/boundary/None/None/|qsDay/full/None/baseline/|qsTea/full/baseline/None/
default	0020:0020:E653:E653	cell	boundary-echo	space|space|qsDay|qsDay.half.en-y0.ex-y0	space/boundary/None/None/|space/boundary/None/None/|qsDay/full/None/baseline/|qsDay/half/baseline/None/
default	0020:0020:E653:E668	cell	boundary-echo	space|space|qsDay|qsRoe	space/boundary/None/None/|space/boundary/None/None/|qsDay/full/None/baseline/|qsRoe/hapax/baseline/None/
default	0020:0020:E668:E668	cell	boundary-echo	space|space|qsRoe.en-y0.ex-y5|qsRoe	space/boundary/None/None/|space/boundary/None/None/|qsRoe/hapax/None/x-height/|qsRoe/hapax/x-height/None/
default	0020:00B7:E650:E650	cell	boundary-echo	space|periodcentered|qsPea.half.en-y6.ex-y6|qsPea.en-y6	space/boundary/None/None/|namer-dot/boundary/None/None/|qsPea/half/None/y6/|qsPea/full/y6/None/
default	0020:00B7:E650:E653	cell	boundary-echo	space|periodcentered|qsPea|qsDay.half.en-y0.ex-y0	space/boundary/None/None/|namer-dot/boundary/None/None/|qsPea/full/None/baseline/|qsDay/half/baseline/None/
default	0020:00B7:E652:E653	cell	boundary-echo	space|periodcentered|qsTea.ex-y0|qsDay.half.en-y0.ex-y0.en-ext-1	space/boundary/None/None/|namer-dot/boundary/None/None/|qsTea/full/None/baseline/|qsDay/half/baseline/None/en-ext-1
default	0020:00B7:E653:E652	cell	boundary-echo	space|periodcentered|qsDay|qsTea.en-y0	space/boundary/None/None/|namer-dot/boundary/None/None/|qsDay/full/None/baseline/|qsTea/full/baseline/None/
default	0020:00B7:E653:E653	cell	boundary-echo	space|periodcentered|qsDay|qsDay.half.en-y0.ex-y0	space/boundary/None/None/|namer-dot/boundary/None/None/|qsDay/full/None/baseline/|qsDay/half/baseline/None/
default	0020:00B7:E653:E668	cell	boundary-echo	space|periodcentered|qsDay|qsRoe	space/boundary/None/None/|namer-dot/boundary/None/None/|qsDay/full/None/baseline/|qsRoe/hapax/baseline/None/
default	0020:00B7:E668:E668	cell	boundary-echo	space|periodcentered.lowered|qsRoe.en-y0.ex-y5|qsRoe	space/boundary/None/None/|namer-dot/boundary/None/None/|qsRoe/hapax/None/x-height/|qsRoe/hapax/x-height/None/
default	0020:200C:E650:E653	cell	boundary-echo	space|space|qsPea.noentry|qsDay.half.en-y0.ex-y0	space/boundary/None/None/|zwnj/boundary/None/None/|qsPea/full/None/baseline/locked|qsDay/half/baseline/None/
default	0020:200C:E650:E668	cell	boundary-echo	space|space|qsPea.half.ex-y5.ex-dips|qsRoe.en-y5.en-con-1	space/boundary/None/None/|zwnj/boundary/None/None/|qsPea/half/None/x-height/locked|qsRoe/hapax/x-height/None/en-con-1
default	0020:200C:E652:E652	cell	boundary-echo	space|space|qsTea.ex-y0|qsTea	space/boundary/None/None/|zwnj/boundary/None/None/|qsTea/full/None/None/locked|qsTea/full/None/None/
default	0020:200C:E652:E653	cell	boundary-echo	space|space|qsTea.ex-y0|qsDay.half.en-y0.ex-y0.en-ext-1	space/boundary/None/None/|zwnj/boundary/None/None/|qsTea/full/None/baseline/locked|qsDay/half/baseline/None/en-ext-1
default	0020:200C:E653:E652	cell	boundary-echo	space|space|qsDay.noentry|qsTea.en-y0	space/boundary/None/None/|zwnj/boundary/None/None/|qsDay/full/None/baseline/locked|qsTea/full/baseline/None/
default	0020:200C:E653:E653	cell	boundary-echo	space|space|qsDay.noentry|qsDay.half.en-y0.ex-y0	space/boundary/None/None/|zwnj/boundary/None/None/|qsDay/full/None/baseline/locked|qsDay/half/baseline/None/
default	0020:200C:E653:E668	cell	boundary-echo	space|space|qsDay.noentry|qsRoe	space/boundary/None/None/|zwnj/boundary/None/None/|qsDay/full/None/baseline/locked|qsRoe/hapax/baseline/None/
default	0020:200C:E668:E668	cell	boundary-echo	space|space|qsRoe.en-y0.ex-y5.noentry|qsRoe	space/boundary/None/None/|zwnj/boundary/None/None/|qsRoe/hapax/None/x-height/locked|qsRoe/hapax/x-height/None/
default	0020:E650:E650:0020	cell	boundary-echo	space|qsPea.half.en-y6.ex-y6|qsPea.en-y6|space	space/boundary/None/None/|qsPea/half/None/y6/|qsPea/full/y6/None/|space/boundary/None/None/
default	0020:E650:E650:00B7	cell	boundary-echo	space|qsPea.half.en-y6.ex-y6|qsPea.en-y6|periodcentered	space/boundary/None/None/|qsPea/half/None/y6/|qsPea/full/y6/None/|namer-dot/boundary/None/None/
default	0020:E650:E650:200C	cell	boundary-echo	space|qsPea.half.en-y6.ex-y6|qsPea.en-y6|space	space/boundary/None/None/|qsPea/half/None/y6/|qsPea/full/y6/None/|zwnj/boundary/None/None/
default	0020:E650:E650:E650	cell	boundary-echo	space|qsPea.half.en-y6.ex-y6|qsPea.half.en-y6.ex-y6|qsPea.en-y6	space/boundary/None/None/|qsPea/half/None/y6/|qsPea/half/y6/y6/|qsPea/full/y6/None/
default	0020:E650:E650:E652	cell	boundary-echo	space|qsPea.half.en-y6.ex-y6|qsPea.en-y6.ex-y0|qsTea	space/boundary/None/None/|qsPea/half/None/y6/|qsPea/full/y6/None/|qsTea/full/None/None/
default	0020:E650:E650:E653	cell	boundary-echo	space|qsPea.half.en-y6.ex-y6|qsPea.en-y6.ex-y0|qsDay.half.en-y0.ex-y0	space/boundary/None/None/|qsPea/half/None/y6/|qsPea/full/y6/baseline/|qsDay/half/baseline/None/
default	0020:E650:E650:E668	cell	boundary-echo	space|qsPea.half.en-y6.ex-y6|qsPea.half.en-y6.ex-y5.ex-dips|qsRoe.en-y5.en-con-1	space/boundary/None/None/|qsPea/half/None/y6/|qsPea/half/y6/x-height/|qsRoe/hapax/x-height/None/en-con-1
default	0020:E650:E652:E653	cell	boundary-echo	space|qsPea|qsTea.ex-y0|qsDay.half.en-y0.ex-y0.en-ext-1	space/boundary/None/None/|qsPea/full/None/None/|qsTea/full/None/baseline/|qsDay/half/baseline/None/en-ext-1
default	0020:E650:E653:0020	cell	boundary-echo	space|qsPea|qsDay.half.en-y0.ex-y0|space	space/boundary/None/None/|qsPea/full/None/baseline/|qsDay/half/baseline/None/|space/boundary/None/None/
default	0020:E650:E653:00B7	cell	boundary-echo	space|qsPea|qsDay.half.en-y0.ex-y0|periodcentered	space/boundary/None/None/|qsPea/full/None/baseline/|qsDay/half/baseline/None/|namer-dot/boundary/None/None/
default	0020:E650:E653:200C	cell	boundary-echo	space|qsPea|qsDay.half.en-y0.ex-y0|space	space/boundary/None/None/|qsPea/full/None/baseline/|qsDay/half/baseline/None/|zwnj/boundary/None/None/
default	0020:E650:E653:E650	cell	boundary-echo	space|qsPea|qsDay.half.en-y0.ex-y0|qsPea	space/boundary/None/None/|qsPea/full/None/baseline/|qsDay/half/baseline/None/|qsPea/full/None/None/
default	0020:E650:E653:E652	cell	boundary-echo	space|qsPea|qsDay.half.en-y0.ex-y0|qsTea.en-y0	space/boundary/None/None/|qsPea/full/None/baseline/|qsDay/half/baseline/baseline/|qsTea/full/baseline/None/
default	0020:E650:E653:E653	cell	boundary-echo	space|qsPea|qsDay.half.en-y0.ex-y0|qsDay.half.en-y0.ex-y0	space/boundary/None/None/|qsPea/full/None/baseline/|qsDay/half/baseline/baseline/|qsDay/half/baseline/None/
default	0020:E650:E653:E668	cell	boundary-echo	space|qsPea|qsDay.half.en-y0.ex-y0|qsRoe	space/boundary/None/None/|qsPea/full/None/baseline/|qsDay/half/baseline/baseline/|qsRoe/hapax/baseline/None/
default	0020:E650:E668:E668	cell	boundary-echo	space|qsPea.half.ex-y5.ex-dips|qsRoe.ex-y0|qsRoe	space/boundary/None/None/|qsPea/half/None/x-height/|qsRoe/hapax/x-height/baseline/en-con-1|qsRoe/hapax/baseline/None/
default	0020:E652:E650:E650	cell	boundary-echo	space|qsTea|qsPea.half.en-y6.ex-y6|qsPea.en-y6	space/boundary/None/None/|qsTea/full/None/None/|qsPea/half/None/y6/|qsPea/full/y6/None/
default	0020:E652:E650:E653	cell	boundary-echo	space|qsTea|qsPea|qsDay.half.en-y0.ex-y0	space/boundary/None/None/|qsTea/full/None/None/|qsPea/full/None/baseline/|qsDay/half/baseline/None/
default	0020:E652:E652:E653	cell	boundary-echo	space|qsTea|qsTea.ex-y0|qsDay.half.en-y0.ex-y0.en-ext-1	space/boundary/None/None/|qsTea/full/None/None/|qsTea/full/None/baseline/|qsDay/half/baseline/None/en-ext-1
default	0020:E652:E653:0020	cell	boundary-echo	space|qsTea.ex-y0|qsDay.half.en-y0.ex-y0.en-ext-1|space	space/boundary/None/None/|qsTea/full/None/baseline/|qsDay/half/baseline/None/en-ext-1|space/boundary/None/None/
default	0020:E652:E653:00B7	cell	boundary-echo	space|qsTea.ex-y0|qsDay.half.en-y0.ex-y0.en-ext-1|periodcentered	space/boundary/None/None/|qsTea/full/None/baseline/|qsDay/half/baseline/None/en-ext-1|namer-dot/boundary/None/None/
default	0020:E652:E653:200C	cell	boundary-echo	space|qsTea.ex-y0|qsDay.half.en-y0.ex-y0.en-ext-1|space	space/boundary/None/None/|qsTea/full/None/baseline/|qsDay/half/baseline/None/en-ext-1|zwnj/boundary/None/None/
default	0020:E652:E653:E650	cell	boundary-echo	space|qsTea.ex-y0|qsDay.half.en-y0.ex-y0.en-ext-1|qsPea	space/boundary/None/None/|qsTea/full/None/baseline/|qsDay/half/baseline/None/en-ext-1|qsPea/full/None/None/
default	0020:E652:E653:E653	cell	boundary-echo	space|qsTea.ex-y0|qsDay.half.en-y0.ex-y0.en-ext-1|qsDay.half.en-y0.ex-y0	space/boundary/None/None/|qsTea/full/None/baseline/|qsDay/half/baseline/baseline/en-ext-1|qsDay/half/baseline/None/
default	0020:E652:E653:E668	cell	boundary-echo	space|qsTea.ex-y0|qsDay.half.en-y0.ex-y0.en-ext-1|qsRoe	space/boundary/None/None/|qsTea/full/None/baseline/|qsDay/half/baseline/baseline/en-ext-1|qsRoe/hapax/baseline/None/
default	0020:E652:E668:E668	cell	boundary-echo	space|qsTea.half.ex-y5|qsRoe.ex-y0|qsRoe	space/boundary/None/None/|qsTea/half/None/x-height/|qsRoe/hapax/x-height/baseline/en-con-1|qsRoe/hapax/baseline/None/
default	0020:E653:E650:E650	cell	boundary-echo	space|qsDay|qsPea.half.en-y6.ex-y6|qsPea.en-y6	space/boundary/None/None/|qsDay/full/None/None/|qsPea/half/None/y6/|qsPea/full/y6/None/
default	0020:E653:E650:E653	cell	boundary-echo	space|qsDay|qsPea|qsDay.half.en-y0.ex-y0	space/boundary/None/None/|qsDay/full/None/None/|qsPea/full/None/baseline/|qsDay/half/baseline/None/
default	0020:E653:E652:0020	cell	boundary-echo	space|qsDay|qsTea.en-y0|space	space/boundary/None/None/|qsDay/full/None/baseline/|qsTea/full/baseline/None/|space/boundary/None/None/
default	0020:E653:E652:00B7	cell	boundary-echo	space|qsDay|qsTea.en-y0|periodcentered	space/boundary/None/None/|qsDay/full/None/baseline/|qsTea/full/baseline/None/|namer-dot/boundary/None/None/
default	0020:E653:E652:200C	cell	boundary-echo	space|qsDay|qsTea.en-y0|space	space/boundary/None/None/|qsDay/full/None/baseline/|qsTea/full/baseline/None/|zwnj/boundary/None/None/
default	0020:E653:E652:E650	cell	boundary-echo	space|qsDay|qsTea.en-y0|qsPea	space/boundary/None/None/|qsDay/full/None/baseline/|qsTea/full/baseline/None/|qsPea/full/None/None/
default	0020:E653:E652:E652	cell	boundary-echo	space|qsDay|qsTea.en-y0|qsTea	space/boundary/None/None/|qsDay/full/None/baseline/|qsTea/full/baseline/None/|qsTea/full/None/None/
default	0020:E653:E652:E653	cell	boundary-echo	space|qsDay|qsTea.ex-y0|qsDay.half.en-y0.ex-y0.en-ext-1	space/boundary/None/None/|qsDay/full/None/None/|qsTea/full/None/baseline/|qsDay/half/baseline/None/en-ext-1
default	0020:E653:E652:E668	cell,seam	boundary-echo	space|qsDay|qsTea.half.ex-y5|qsRoe.en-y5.en-con-1	space/boundary/None/None/|qsDay/full/None/baseline/|qsTea/full/baseline/None/|qsRoe/hapax/None/None/
default	0020:E653:E653:0020	cell	boundary-echo	space|qsDay|qsDay.half.en-y0.ex-y0|space	space/boundary/None/None/|qsDay/full/None/baseline/|qsDay/half/baseline/None/|space/boundary/None/None/
default	0020:E653:E653:00B7	cell	boundary-echo	space|qsDay|qsDay.half.en-y0.ex-y0|periodcentered	space/boundary/None/None/|qsDay/full/None/baseline/|qsDay/half/baseline/None/|namer-dot/boundary/None/None/
default	0020:E653:E653:200C	cell	boundary-echo	space|qsDay|qsDay.half.en-y0.ex-y0|space	space/boundary/None/None/|qsDay/full/None/baseline/|qsDay/half/baseline/None/|zwnj/boundary/None/None/
default	0020:E653:E653:E650	cell	boundary-echo	space|qsDay|qsDay.half.en-y0.ex-y0|qsPea	space/boundary/None/None/|qsDay/full/None/baseline/|qsDay/half/baseline/None/|qsPea/full/None/None/
default	0020:E653:E653:E652	cell	boundary-echo	space|qsDay|qsDay.half.en-y0.ex-y0|qsTea.en-y0	space/boundary/None/None/|qsDay/full/None/baseline/|qsDay/half/baseline/baseline/|qsTea/full/baseline/None/
default	0020:E653:E653:E653	cell	boundary-echo	space|qsDay|qsDay.half.en-y0.ex-y0|qsDay.half.en-y0.ex-y0	space/boundary/None/None/|qsDay/full/None/baseline/|qsDay/half/baseline/baseline/|qsDay/half/baseline/None/
default	0020:E653:E653:E668	cell	boundary-echo	space|qsDay|qsDay.half.en-y0.ex-y0|qsRoe	space/boundary/None/None/|qsDay/full/None/baseline/|qsDay/half/baseline/baseline/|qsRoe/hapax/baseline/None/
default	0020:E653:E668:0020	cell	boundary-echo	space|qsDay|qsRoe|space	space/boundary/None/None/|qsDay/full/None/baseline/|qsRoe/hapax/baseline/None/|space/boundary/None/None/
default	0020:E653:E668:00B7	cell	boundary-echo	space|qsDay|qsRoe|periodcentered	space/boundary/None/None/|qsDay/full/None/baseline/|qsRoe/hapax/baseline/None/|namer-dot/boundary/None/None/
default	0020:E653:E668:200C	cell	boundary-echo	space|qsDay|qsRoe|space	space/boundary/None/None/|qsDay/full/None/baseline/|qsRoe/hapax/baseline/None/|zwnj/boundary/None/None/
default	0020:E653:E668:E650	cell	boundary-echo	space|qsDay|qsRoe|qsPea	space/boundary/None/None/|qsDay/full/None/baseline/|qsRoe/hapax/baseline/None/|qsPea/full/None/None/
default	0020:E653:E668:E652	cell	boundary-echo	space|qsDay|qsRoe|qsTea	space/boundary/None/None/|qsDay/full/None/baseline/|qsRoe/hapax/baseline/None/|qsTea/full/None/None/
default	0020:E653:E668:E653	cell	boundary-echo	space|qsDay|qsRoe|qsDay	space/boundary/None/None/|qsDay/full/None/baseline/|qsRoe/hapax/baseline/None/|qsDay/full/None/None/
default	0020:E653:E668:E668	cell	boundary-echo	space|qsDay|qsRoe.en-y0.ex-y5|qsRoe	space/boundary/None/None/|qsDay/full/None/baseline/|qsRoe/hapax/baseline/x-height/|qsRoe/hapax/x-height/None/
default	0020:E668:E650:E650	cell	boundary-echo	space|qsRoe|qsPea.half.en-y6.ex-y6|qsPea.en-y6	space/boundary/None/None/|qsRoe/hapax/None/None/|qsPea/half/None/y6/|qsPea/full/y6/None/
default	0020:E668:E650:E653	cell	boundary-echo	space|qsRoe|qsPea|qsDay.half.en-y0.ex-y0	space/boundary/None/None/|qsRoe/hapax/None/None/|qsPea/full/None/baseline/|qsDay/half/baseline/None/
default	0020:E668:E652:E653	cell	boundary-echo	space|qsRoe|qsTea.ex-y0|qsDay.half.en-y0.ex-y0.en-ext-1	space/boundary/None/None/|qsRoe/hapax/None/None/|qsTea/full/None/baseline/|qsDay/half/baseline/None/en-ext-1
default	0020:E668:E653:E652	cell	boundary-echo	space|qsRoe|qsDay|qsTea.en-y0	space/boundary/None/None/|qsRoe/hapax/None/None/|qsDay/full/None/baseline/|qsTea/full/baseline/None/
default	0020:E668:E653:E653	cell	boundary-echo	space|qsRoe|qsDay|qsDay.half.en-y0.ex-y0	space/boundary/None/None/|qsRoe/hapax/None/None/|qsDay/full/None/baseline/|qsDay/half/baseline/None/
default	0020:E668:E653:E668	cell	boundary-echo	space|qsRoe|qsDay|qsRoe	space/boundary/None/None/|qsRoe/hapax/None/None/|qsDay/full/None/baseline/|qsRoe/hapax/baseline/None/
default	0020:E668:E668:0020	cell	boundary-echo	space|qsRoe.en-y0.ex-y5|qsRoe|space	space/boundary/None/None/|qsRoe/hapax/None/x-height/|qsRoe/hapax/x-height/None/|space/boundary/None/None/
default	0020:E668:E668:00B7	cell	boundary-echo	space|qsRoe.en-y0.ex-y5|qsRoe|periodcentered	space/boundary/None/None/|qsRoe/hapax/None/x-height/|qsRoe/hapax/x-height/None/|namer-dot/boundary/None/None/
default	0020:E668:E668:200C	cell	boundary-echo	space|qsRoe.en-y0.ex-y5|qsRoe|space	space/boundary/None/None/|qsRoe/hapax/None/x-height/|qsRoe/hapax/x-height/None/|zwnj/boundary/None/None/
default	0020:E668:E668:E650	cell	boundary-echo	space|qsRoe.en-y0.ex-y5|qsRoe|qsPea	space/boundary/None/None/|qsRoe/hapax/None/x-height/|qsRoe/hapax/x-height/None/|qsPea/full/None/None/
default	0020:E668:E668:E652	cell	boundary-echo	space|qsRoe.en-y0.ex-y5|qsRoe|qsTea	space/boundary/None/None/|qsRoe/hapax/None/x-height/|qsRoe/hapax/x-height/None/|qsTea/full/None/None/
default	0020:E668:E668:E653	cell	boundary-echo	space|qsRoe.en-y0.ex-y5|qsRoe|qsDay	space/boundary/None/None/|qsRoe/hapax/None/x-height/|qsRoe/hapax/x-height/None/|qsDay/full/None/None/
default	0020:E668:E668:E668	cell	boundary-echo	space|qsRoe.en-y0.ex-y5|qsRoe.ex-y0|qsRoe	space/boundary/None/None/|qsRoe/hapax/None/x-height/|qsRoe/hapax/x-height/baseline/|qsRoe/hapax/baseline/None/
default	00B7:0020:E650:E650	cell	boundary-echo	periodcentered|space|qsPea.half.en-y6.ex-y6|qsPea.en-y6	namer-dot/boundary/None/None/|space/boundary/None/None/|qsPea/half/None/y6/|qsPea/full/y6/None/
default	00B7:0020:E650:E653	cell	boundary-echo	periodcentered|space|qsPea|qsDay.half.en-y0.ex-y0	namer-dot/boundary/None/None/|space/boundary/None/None/|qsPea/full/None/baseline/|qsDay/half/baseline/None/
default	00B7:0020:E652:E653	cell	boundary-echo	periodcentered|space|qsTea.ex-y0|qsDay.half.en-y0.ex-y0.en-ext-1	namer-dot/boundary/None/None/|space/boundary/None/None/|qsTea/full/None/baseline/|qsDay/half/baseline/None/en-ext-1
default	00B7:0020:E653:E652	cell	boundary-echo	periodcentered|space|qsDay|qsTea.en-y0	namer-dot/boundary/None/None/|space/boundary/None/None/|qsDay/full/None/baseline/|qsTea/full/baseline/None/
default	00B7:0020:E653:E653	cell	boundary-echo	periodcentered|space|qsDay|qsDay.half.en-y0.ex-y0	namer-dot/boundary/None/None/|space/boundary/None/None/|qsDay/full/None/baseline/|qsDay/half/baseline/None/
default	00B7:0020:E653:E668	cell	boundary-echo	periodcentered|space|qsDay|qsRoe	namer-dot/boundary/None/None/|space/boundary/None/None/|qsDay/full/None/baseline/|qsRoe/hapax/baseline/None/
default	00B7:0020:E668:E668	cell	boundary-echo	periodcentered|space|qsRoe.en-y0.ex-y5|qsRoe	namer-dot/boundary/None/None/|space/boundary/None/None/|qsRoe/hapax/None/x-height/|qsRoe/hapax/x-height/None/
default	00B7:00B7:E650:E650	cell	dangling-anchor-dropped	periodcentered|periodcentered|qsPea.half.en-y6.ex-y6|qsPea.en-y6	namer-dot/boundary/None/None/|namer-dot/boundary/None/None/|qsPea/half/None/y6/|qsPea/full/y6/None/
default	00B7:00B7:E650:E653	cell	dangling-anchor-dropped	periodcentered|periodcentered|qsPea|qsDay.half.en-y0.ex-y0	namer-dot/boundary/None/None/|namer-dot/boundary/None/None/|qsPea/full/None/baseline/|qsDay/half/baseline/None/
default	00B7:00B7:E652:E653	cell	dangling-anchor-dropped	periodcentered|periodcentered|qsTea.ex-y0|qsDay.half.en-y0.ex-y0.en-ext-1	namer-dot/boundary/None/None/|namer-dot/boundary/None/None/|qsTea/full/None/baseline/|qsDay/half/baseline/None/en-ext-1
default	00B7:00B7:E653:E652	cell	bare-name-live-join	periodcentered|periodcentered|qsDay|qsTea.en-y0	namer-dot/boundary/None/None/|namer-dot/boundary/None/None/|qsDay/full/None/baseline/|qsTea/full/baseline/None/
default	00B7:00B7:E653:E653	cell	dangling-anchor-dropped	periodcentered|periodcentered|qsDay|qsDay.half.en-y0.ex-y0	namer-dot/boundary/None/None/|namer-dot/boundary/None/None/|qsDay/full/None/baseline/|qsDay/half/baseline/None/
default	00B7:00B7:E653:E668	cell	bare-name-live-join	periodcentered|periodcentered|qsDay|qsRoe	namer-dot/boundary/None/None/|namer-dot/boundary/None/None/|qsDay/full/None/baseline/|qsRoe/hapax/baseline/None/
default	00B7:00B7:E668:E668	cell	dangling-anchor-dropped	periodcentered|periodcentered.lowered|qsRoe.en-y0.ex-y5|qsRoe	namer-dot/boundary/None/None/|namer-dot/boundary/None/None/|qsRoe/hapax/None/x-height/|qsRoe/hapax/x-height/None/
default	00B7:200C:E650:E653	cell	boundary-echo	periodcentered|space|qsPea.noentry|qsDay.half.en-y0.ex-y0	namer-dot/boundary/None/None/|zwnj/boundary/None/None/|qsPea/full/None/baseline/locked|qsDay/half/baseline/None/
default	00B7:200C:E650:E668	cell	boundary-echo	periodcentered|space|qsPea.half.ex-y5.ex-dips|qsRoe.en-y5.en-con-1	namer-dot/boundary/None/None/|zwnj/boundary/None/None/|qsPea/half/None/x-height/locked|qsRoe/hapax/x-height/None/en-con-1
default	00B7:200C:E652:E652	cell	boundary-echo	periodcentered|space|qsTea.ex-y0|qsTea	namer-dot/boundary/None/None/|zwnj/boundary/None/None/|qsTea/full/None/None/locked|qsTea/full/None/None/
default	00B7:200C:E652:E653	cell	boundary-echo	periodcentered|space|qsTea.ex-y0|qsDay.half.en-y0.ex-y0.en-ext-1	namer-dot/boundary/None/None/|zwnj/boundary/None/None/|qsTea/full/None/baseline/locked|qsDay/half/baseline/None/en-ext-1
default	00B7:200C:E653:E652	cell	boundary-echo	periodcentered|space|qsDay.noentry|qsTea.en-y0	namer-dot/boundary/None/None/|zwnj/boundary/None/None/|qsDay/full/None/baseline/locked|qsTea/full/baseline/None/
default	00B7:200C:E653:E653	cell	boundary-echo	periodcentered|space|qsDay.noentry|qsDay.half.en-y0.ex-y0	namer-dot/boundary/None/None/|zwnj/boundary/None/None/|qsDay/full/None/baseline/locked|qsDay/half/baseline/None/
default	00B7:200C:E653:E668	cell	boundary-echo	periodcentered|space|qsDay.noentry|qsRoe	namer-dot/boundary/None/None/|zwnj/boundary/None/None/|qsDay/full/None/baseline/locked|qsRoe/hapax/baseline/None/
default	00B7:200C:E668:E668	cell	boundary-echo	periodcentered.lowered|space|qsRoe.en-y0.ex-y5.noentry|qsRoe	namer-dot/boundary/None/None/|zwnj/boundary/None/None/|qsRoe/hapax/None/x-height/locked|qsRoe/hapax/x-height/None/
default	00B7:E650:E650:0020	cell	boundary-echo	periodcentered|qsPea.half.en-y6.ex-y6|qsPea.en-y6|space	namer-dot/boundary/None/None/|qsPea/half/None/y6/|qsPea/full/y6/None/|space/boundary/None/None/
default	00B7:E650:E650:00B7	cell	dangling-anchor-dropped	periodcentered|qsPea.half.en-y6.ex-y6|qsPea.en-y6|periodcentered	namer-dot/boundary/None/None/|qsPea/half/None/y6/|qsPea/full/y6/None/|namer-dot/boundary/None/None/
default	00B7:E650:E650:200C	cell	boundary-echo	periodcentered|qsPea.half.en-y6.ex-y6|qsPea.en-y6|space	namer-dot/boundary/None/None/|qsPea/half/None/y6/|qsPea/full/y6/None/|zwnj/boundary/None/None/
default	00B7:E650:E650:E650	cell	dangling-anchor-dropped	periodcentered|qsPea.half.en-y6.ex-y6|qsPea.half.en-y6.ex-y6|qsPea.en-y6	namer-dot/boundary/None/None/|qsPea/half/None/y6/|qsPea/half/y6/y6/|qsPea/full/y6/None/
default	00B7:E650:E650:E652	cell	dangling-anchor-dropped	periodcentered|qsPea.half.en-y6.ex-y6|qsPea.en-y6.ex-y0|qsTea	namer-dot/boundary/None/None/|qsPea/half/None/y6/|qsPea/full/y6/None/|qsTea/full/None/None/
default	00B7:E650:E650:E653	cell	dangling-anchor-dropped	periodcentered|qsPea.half.en-y6.ex-y6|qsPea.en-y6.ex-y0|qsDay.half.en-y0.ex-y0	namer-dot/boundary/None/None/|qsPea/half/None/y6/|qsPea/full/y6/baseline/|qsDay/half/baseline/None/
default	00B7:E650:E650:E668	cell	dangling-anchor-dropped	periodcentered|qsPea.half.en-y6.ex-y6|qsPea.half.en-y6.ex-y5.ex-dips|qsRoe.en-y5.en-con-1	namer-dot/boundary/None/None/|qsPea/half/None/y6/|qsPea/half/y6/x-height/|qsRoe/hapax/x-height/None/en-con-1
default	00B7:E650:E652:E653	cell	dangling-anchor-dropped	periodcentered|qsPea|qsTea.ex-y0|qsDay.half.en-y0.ex-y0.en-ext-1	namer-dot/boundary/None/None/|qsPea/full/None/None/|qsTea/full/None/baseline/|qsDay/half/baseline/None/en-ext-1
default	00B7:E650:E653:0020	cell	boundary-echo	periodcentered|qsPea|qsDay.half.en-y0.ex-y0|space	namer-dot/boundary/None/None/|qsPea/full/None/baseline/|qsDay/half/baseline/None/|space/boundary/None/None/
default	00B7:E650:E653:00B7	cell	dangling-anchor-dropped	periodcentered|qsPea|qsDay.half.en-y0.ex-y0|periodcentered	namer-dot/boundary/None/None/|qsPea/full/None/baseline/|qsDay/half/baseline/None/|namer-dot/boundary/None/None/
default	00B7:E650:E653:200C	cell	boundary-echo	periodcentered|qsPea|qsDay.half.en-y0.ex-y0|space	namer-dot/boundary/None/None/|qsPea/full/None/baseline/|qsDay/half/baseline/None/|zwnj/boundary/None/None/
default	00B7:E650:E653:E650	cell	dangling-anchor-dropped	periodcentered|qsPea|qsDay.half.en-y0.ex-y0|qsPea	namer-dot/boundary/None/None/|qsPea/full/None/baseline/|qsDay/half/baseline/None/|qsPea/full/None/None/
default	00B7:E650:E653:E652	cell	bare-name-live-join	periodcentered|qsPea|qsDay.half.en-y0.ex-y0|qsTea.en-y0	namer-dot/boundary/None/None/|qsPea/full/None/baseline/|qsDay/half/baseline/baseline/|qsTea/full/baseline/None/
default	00B7:E650:E653:E653	cell	dangling-anchor-dropped	periodcentered|qsPea|qsDay.half.en-y0.ex-y0|qsDay.half.en-y0.ex-y0	namer-dot/boundary/None/None/|qsPea/full/None/baseline/|qsDay/half/baseline/baseline/|qsDay/half/baseline/None/
default	00B7:E650:E653:E668	cell	bare-name-live-join	periodcentered|qsPea|qsDay.half.en-y0.ex-y0|qsRoe	namer-dot/boundary/None/None/|qsPea/full/None/baseline/|qsDay/half/baseline/baseline/|qsRoe/hapax/baseline/None/
default	00B7:E650:E668:E668	cell,position	UNMATCHED	periodcentered|qsPea.half.ex-y5.ex-dips|qsRoe.ex-y0|qsRoe	namer-dot/boundary/None/None/|qsPea/half/None/x-height/|qsRoe/hapax/x-height/baseline/en-con-1|qsRoe/hapax/baseline/None/
default	00B7:E652:E650:E650	cell	dangling-anchor-dropped	periodcentered|qsTea|qsPea.half.en-y6.ex-y6|qsPea.en-y6	namer-dot/boundary/None/None/|qsTea/full/None/None/|qsPea/half/None/y6/|qsPea/full/y6/None/
default	00B7:E652:E650:E653	cell	dangling-anchor-dropped	periodcentered|qsTea|qsPea|qsDay.half.en-y0.ex-y0	namer-dot/boundary/None/None/|qsTea/full/None/None/|qsPea/full/None/baseline/|qsDay/half/baseline/None/
default	00B7:E652:E652:E653	cell	dangling-anchor-dropped	periodcentered|qsTea|qsTea.ex-y0|qsDay.half.en-y0.ex-y0.en-ext-1	namer-dot/boundary/None/None/|qsTea/full/None/None/|qsTea/full/None/baseline/|qsDay/half/baseline/None/en-ext-1
default	00B7:E652:E653:0020	cell	boundary-echo	periodcentered|qsTea.ex-y0|qsDay.half.en-y0.ex-y0.en-ext-1|space	namer-dot/boundary/None/None/|qsTea/full/None/baseline/|qsDay/half/baseline/None/en-ext-1|space/boundary/None/None/
default	00B7:E652:E653:00B7	cell	dangling-anchor-dropped	periodcentered|qsTea.ex-y0|qsDay.half.en-y0.ex-y0.en-ext-1|periodcentered	namer-dot/boundary/None/None/|qsTea/full/None/baseline/|qsDay/half/baseline/None/en-ext-1|namer-dot/boundary/None/None/
default	00B7:E652:E653:200C	cell	boundary-echo	periodcentered|qsTea.ex-y0|qsDay.half.en-y0.ex-y0.en-ext-1|space	namer-dot/boundary/None/None/|qsTea/full/None/baseline/|qsDay/half/baseline/None/en-ext-1|zwnj/boundary/None/None/
default	00B7:E652:E653:E650	cell	dangling-anchor-dropped	periodcentered|qsTea.ex-y0|qsDay.half.en-y0.ex-y0.en-ext-1|qsPea	namer-dot/boundary/None/None/|qsTea/full/None/baseline/|qsDay/half/baseline/None/en-ext-1|qsPea/full/None/None/
default	00B7:E652:E653:E653	cell	dangling-anchor-dropped	periodcentered|qsTea.ex-y0|qsDay.half.en-y0.ex-y0.en-ext-1|qsDay.half.en-y0.ex-y0	namer-dot/boundary/None/None/|qsTea/full/None/baseline/|qsDay/half/baseline/baseline/en-ext-1|qsDay/half/baseline/None/
default	00B7:E652:E653:E668	cell	bare-name-live-join	periodcentered|qsTea.ex-y0|qsDay.half.en-y0.ex-y0.en-ext-1|qsRoe	namer-dot/boundary/None/None/|qsTea/full/None/baseline/|qsDay/half/baseline/baseline/en-ext-1|qsRoe/hapax/baseline/None/
default	00B7:E652:E668:E668	cell,position	UNMATCHED	periodcentered|qsTea.half.ex-y5|qsRoe.ex-y0|qsRoe	namer-dot/boundary/None/None/|qsTea/half/None/x-height/|qsRoe/hapax/x-height/baseline/en-con-1|qsRoe/hapax/baseline/None/
default	00B7:E653:E650:E650	cell	dangling-anchor-dropped	periodcentered|qsDay|qsPea.half.en-y6.ex-y6|qsPea.en-y6	namer-dot/boundary/None/None/|qsDay/full/None/None/|qsPea/half/None/y6/|qsPea/full/y6/None/
default	00B7:E653:E650:E653	cell	dangling-anchor-dropped	periodcentered|qsDay|qsPea|qsDay.half.en-y0.ex-y0	namer-dot/boundary/None/None/|qsDay/full/None/None/|qsPea/full/None/baseline/|qsDay/half/baseline/None/
default	00B7:E653:E652:0020	cell	boundary-echo	periodcentered|qsDay|qsTea.en-y0|space	namer-dot/boundary/None/None/|qsDay/full/None/baseline/|qsTea/full/baseline/None/|space/boundary/None/None/
default	00B7:E653:E652:00B7	cell	bare-name-live-join	periodcentered|qsDay|qsTea.en-y0|periodcentered	namer-dot/boundary/None/None/|qsDay/full/None/baseline/|qsTea/full/baseline/None/|namer-dot/boundary/None/None/
default	00B7:E653:E652:200C	cell	boundary-echo	periodcentered|qsDay|qsTea.en-y0|space	namer-dot/boundary/None/None/|qsDay/full/None/baseline/|qsTea/full/baseline/None/|zwnj/boundary/None/None/
default	00B7:E653:E652:E650	cell	bare-name-live-join	periodcentered|qsDay|qsTea.en-y0|qsPea	namer-dot/boundary/None/None/|qsDay/full/None/baseline/|qsTea/full/baseline/None/|qsPea/full/None/None/
default	00B7:E653:E652:E652	cell	bare-name-live-join	periodcentered|qsDay|qsTea.en-y0|qsTea	namer-dot/boundary/None/None/|qsDay/full/None/baseline/|qsTea/full/baseline/None/|qsTea/full/None/None/
default	00B7:E653:E652:E653	cell	dangling-anchor-dropped	periodcentered|qsDay|qsTea.ex-y0|qsDay.half.en-y0.ex-y0.en-ext-1	namer-dot/boundary/None/None/|qsDay/full/None/None/|qsTea/full/None/baseline/|qsDay/half/baseline/None/en-ext-1
default	00B7:E653:E652:E668	cell,seam	regrouping-floor-drift	periodcentered|qsDay|qsTea.half.ex-y5|qsRoe.en-y5.en-con-1	namer-dot/boundary/None/None/|qsDay/full/None/baseline/|qsTea/full/baseline/None/|qsRoe/hapax/None/None/
default	00B7:E653:E653:0020	cell	boundary-echo	periodcentered|qsDay|qsDay.half.en-y0.ex-y0|space	namer-dot/boundary/None/None/|qsDay/full/None/baseline/|qsDay/half/baseline/None/|space/boundary/None/None/
default	00B7:E653:E653:00B7	cell	dangling-anchor-dropped	periodcentered|qsDay|qsDay.half.en-y0.ex-y0|periodcentered	namer-dot/boundary/None/None/|qsDay/full/None/baseline/|qsDay/half/baseline/None/|namer-dot/boundary/None/None/
default	00B7:E653:E653:200C	cell	boundary-echo	periodcentered|qsDay|qsDay.half.en-y0.ex-y0|space	namer-dot/boundary/None/None/|qsDay/full/None/baseline/|qsDay/half/baseline/None/|zwnj/boundary/None/None/
default	00B7:E653:E653:E650	cell	dangling-anchor-dropped	periodcentered|qsDay|qsDay.half.en-y0.ex-y0|qsPea	namer-dot/boundary/None/None/|qsDay/full/None/baseline/|qsDay/half/baseline/None/|qsPea/full/None/None/
default	00B7:E653:E653:E652	cell	bare-name-live-join	periodcentered|qsDay|qsDay.half.en-y0.ex-y0|qsTea.en-y0	namer-dot/boundary/None/None/|qsDay/full/None/baseline/|qsDay/half/baseline/baseline/|qsTea/full/baseline/None/
default	00B7:E653:E653:E653	cell	dangling-anchor-dropped	periodcentered|qsDay|qsDay.half.en-y0.ex-y0|qsDay.half.en-y0.ex-y0	namer-dot/boundary/None/None/|qsDay/full/None/baseline/|qsDay/half/baseline/baseline/|qsDay/half/baseline/None/
default	00B7:E653:E653:E668	cell	bare-name-live-join	periodcentered|qsDay|qsDay.half.en-y0.ex-y0|qsRoe	namer-dot/boundary/None/None/|qsDay/full/None/baseline/|qsDay/half/baseline/baseline/|qsRoe/hapax/baseline/None/
default	00B7:E653:E668:0020	cell	boundary-echo	periodcentered|qsDay|qsRoe|space	namer-dot/boundary/None/None/|qsDay/full/None/baseline/|qsRoe/hapax/baseline/None/|space/boundary/None/None/
default	00B7:E653:E668:00B7	cell	bare-name-live-join	periodcentered|qsDay|qsRoe|periodcentered	namer-dot/boundary/None/None/|qsDay/full/None/baseline/|qsRoe/hapax/baseline/None/|namer-dot/boundary/None/None/
default	00B7:E653:E668:200C	cell	boundary-echo	periodcentered|qsDay|qsRoe|space	namer-dot/boundary/None/None/|qsDay/full/None/baseline/|qsRoe/hapax/baseline/None/|zwnj/boundary/None/None/
default	00B7:E653:E668:E650	cell	bare-name-live-join	periodcentered|qsDay|qsRoe|qsPea	namer-dot/boundary/None/None/|qsDay/full/None/baseline/|qsRoe/hapax/baseline/None/|qsPea/full/None/None/
default	00B7:E653:E668:E652	cell	bare-name-live-join	periodcentered|qsDay|qsRoe|qsTea	namer-dot/boundary/None/None/|qsDay/full/None/baseline/|qsRoe/hapax/baseline/None/|qsTea/full/None/None/
default	00B7:E653:E668:E653	cell	bare-name-live-join	periodcentered|qsDay|qsRoe|qsDay	namer-dot/boundary/None/None/|qsDay/full/None/baseline/|qsRoe/hapax/baseline/None/|qsDay/full/None/None/
default	00B7:E653:E668:E668	cell	bare-name-live-join	periodcentered|qsDay|qsRoe.en-y0.ex-y5|qsRoe	namer-dot/boundary/None/None/|qsDay/full/None/baseline/|qsRoe/hapax/baseline/x-height/|qsRoe/hapax/x-height/None/
default	00B7:E668:E650:E650	cell	dangling-anchor-dropped	periodcentered.lowered|qsRoe|qsPea.half.en-y6.ex-y6|qsPea.en-y6	namer-dot/boundary/None/None/|qsRoe/hapax/None/None/|qsPea/half/None/y6/|qsPea/full/y6/None/
default	00B7:E668:E650:E653	cell	dangling-anchor-dropped	periodcentered.lowered|qsRoe|qsPea|qsDay.half.en-y0.ex-y0	namer-dot/boundary/None/None/|qsRoe/hapax/None/None/|qsPea/full/None/baseline/|qsDay/half/baseline/None/
default	00B7:E668:E652:E653	cell	dangling-anchor-dropped	periodcentered.lowered|qsRoe|qsTea.ex-y0|qsDay.half.en-y0.ex-y0.en-ext-1	namer-dot/boundary/None/None/|qsRoe/hapax/None/None/|qsTea/full/None/baseline/|qsDay/half/baseline/None/en-ext-1
default	00B7:E668:E653:E652	cell	bare-name-live-join	periodcentered.lowered|qsRoe|qsDay|qsTea.en-y0	namer-dot/boundary/None/None/|qsRoe/hapax/None/None/|qsDay/full/None/baseline/|qsTea/full/baseline/None/
default	00B7:E668:E653:E653	cell	dangling-anchor-dropped	periodcentered.lowered|qsRoe|qsDay|qsDay.half.en-y0.ex-y0	namer-dot/boundary/None/None/|qsRoe/hapax/None/None/|qsDay/full/None/baseline/|qsDay/half/baseline/None/
default	00B7:E668:E653:E668	cell	bare-name-live-join	periodcentered.lowered|qsRoe|qsDay|qsRoe	namer-dot/boundary/None/None/|qsRoe/hapax/None/None/|qsDay/full/None/baseline/|qsRoe/hapax/baseline/None/
default	00B7:E668:E668:0020	cell	boundary-echo	periodcentered.lowered|qsRoe.en-y0.ex-y5|qsRoe|space	namer-dot/boundary/None/None/|qsRoe/hapax/None/x-height/|qsRoe/hapax/x-height/None/|space/boundary/None/None/
default	00B7:E668:E668:00B7	cell	dangling-anchor-dropped	periodcentered.lowered|qsRoe.en-y0.ex-y5|qsRoe|periodcentered	namer-dot/boundary/None/None/|qsRoe/hapax/None/x-height/|qsRoe/hapax/x-height/None/|namer-dot/boundary/None/None/
default	00B7:E668:E668:200C	cell	boundary-echo	periodcentered.lowered|qsRoe.en-y0.ex-y5|qsRoe|space	namer-dot/boundary/None/None/|qsRoe/hapax/None/x-height/|qsRoe/hapax/x-height/None/|zwnj/boundary/None/None/
default	00B7:E668:E668:E650	cell	dangling-anchor-dropped	periodcentered.lowered|qsRoe.en-y0.ex-y5|qsRoe|qsPea	namer-dot/boundary/None/None/|qsRoe/hapax/None/x-height/|qsRoe/hapax/x-height/None/|qsPea/full/None/None/
default	00B7:E668:E668:E652	cell	dangling-anchor-dropped	periodcentered.lowered|qsRoe.en-y0.ex-y5|qsRoe|qsTea	namer-dot/boundary/None/None/|qsRoe/hapax/None/x-height/|qsRoe/hapax/x-height/None/|qsTea/full/None/None/
default	00B7:E668:E668:E653	cell	dangling-anchor-dropped	periodcentered.lowered|qsRoe.en-y0.ex-y5|qsRoe|qsDay	namer-dot/boundary/None/None/|qsRoe/hapax/None/x-height/|qsRoe/hapax/x-height/None/|qsDay/full/None/None/
default	00B7:E668:E668:E668	cell	dangling-anchor-dropped	periodcentered.lowered|qsRoe.en-y0.ex-y5|qsRoe.ex-y0|qsRoe	namer-dot/boundary/None/None/|qsRoe/hapax/None/x-height/|qsRoe/hapax/x-height/baseline/|qsRoe/hapax/baseline/None/
default	200C:0020:E650:E650	cell	boundary-echo	space|space|qsPea.half.en-y6.ex-y6|qsPea.en-y6	zwnj/boundary/None/None/|space/boundary/None/None/|qsPea/half/None/y6/|qsPea/full/y6/None/
default	200C:0020:E650:E653	cell	boundary-echo	space|space|qsPea|qsDay.half.en-y0.ex-y0	zwnj/boundary/None/None/|space/boundary/None/None/|qsPea/full/None/baseline/|qsDay/half/baseline/None/
default	200C:0020:E652:E653	cell	boundary-echo	space|space|qsTea.ex-y0|qsDay.half.en-y0.ex-y0.en-ext-1	zwnj/boundary/None/None/|space/boundary/None/None/|qsTea/full/None/baseline/|qsDay/half/baseline/None/en-ext-1
default	200C:0020:E653:E652	cell	boundary-echo	space|space|qsDay|qsTea.en-y0	zwnj/boundary/None/None/|space/boundary/None/None/|qsDay/full/None/baseline/|qsTea/full/baseline/None/
default	200C:0020:E653:E653	cell	boundary-echo	space|space|qsDay|qsDay.half.en-y0.ex-y0	zwnj/boundary/None/None/|space/boundary/None/None/|qsDay/full/None/baseline/|qsDay/half/baseline/None/
default	200C:0020:E653:E668	cell	boundary-echo	space|space|qsDay|qsRoe	zwnj/boundary/None/None/|space/boundary/None/None/|qsDay/full/None/baseline/|qsRoe/hapax/baseline/None/
default	200C:0020:E668:E668	cell	boundary-echo	space|space|qsRoe.en-y0.ex-y5|qsRoe	zwnj/boundary/None/None/|space/boundary/None/None/|qsRoe/hapax/None/x-height/|qsRoe/hapax/x-height/None/
default	200C:00B7:E650:E650	cell	boundary-echo	space|periodcentered|qsPea.half.en-y6.ex-y6|qsPea.en-y6	zwnj/boundary/None/None/|namer-dot/boundary/None/None/|qsPea/half/None/y6/|qsPea/full/y6/None/
default	200C:00B7:E650:E653	cell	boundary-echo	space|periodcentered|qsPea|qsDay.half.en-y0.ex-y0	zwnj/boundary/None/None/|namer-dot/boundary/None/None/|qsPea/full/None/baseline/|qsDay/half/baseline/None/
default	200C:00B7:E652:E653	cell	boundary-echo	space|periodcentered|qsTea.ex-y0|qsDay.half.en-y0.ex-y0.en-ext-1	zwnj/boundary/None/None/|namer-dot/boundary/None/None/|qsTea/full/None/baseline/|qsDay/half/baseline/None/en-ext-1
default	200C:00B7:E653:E652	cell	boundary-echo	space|periodcentered|qsDay|qsTea.en-y0	zwnj/boundary/None/None/|namer-dot/boundary/None/None/|qsDay/full/None/baseline/|qsTea/full/baseline/None/
default	200C:00B7:E653:E653	cell	boundary-echo	space|periodcentered|qsDay|qsDay.half.en-y0.ex-y0	zwnj/boundary/None/None/|namer-dot/boundary/None/None/|qsDay/full/None/baseline/|qsDay/half/baseline/None/
default	200C:00B7:E653:E668	cell	boundary-echo	space|periodcentered|qsDay|qsRoe	zwnj/boundary/None/None/|namer-dot/boundary/None/None/|qsDay/full/None/baseline/|qsRoe/hapax/baseline/None/
default	200C:00B7:E668:E668	cell	boundary-echo	space|periodcentered.lowered|qsRoe.en-y0.ex-y5|qsRoe	zwnj/boundary/None/None/|namer-dot/boundary/None/None/|qsRoe/hapax/None/x-height/|qsRoe/hapax/x-height/None/
default	200C:200C:E650:E653	cell	boundary-echo	space|space|qsPea.noentry|qsDay.half.en-y0.ex-y0	zwnj/boundary/None/None/|zwnj/boundary/None/None/|qsPea/full/None/baseline/locked|qsDay/half/baseline/None/
default	200C:200C:E650:E668	cell	boundary-echo	space|space|qsPea.half.ex-y5.ex-dips|qsRoe.en-y5.en-con-1	zwnj/boundary/None/None/|zwnj/boundary/None/None/|qsPea/half/None/x-height/locked|qsRoe/hapax/x-height/None/en-con-1
default	200C:200C:E652:E652	cell	boundary-echo	space|space|qsTea.ex-y0|qsTea	zwnj/boundary/None/None/|zwnj/boundary/None/None/|qsTea/full/None/None/locked|qsTea/full/None/None/
default	200C:200C:E652:E653	cell	boundary-echo	space|space|qsTea.ex-y0|qsDay.half.en-y0.ex-y0.en-ext-1	zwnj/boundary/None/None/|zwnj/boundary/None/None/|qsTea/full/None/baseline/locked|qsDay/half/baseline/None/en-ext-1
default	200C:200C:E653:E652	cell	boundary-echo	space|space|qsDay.noentry|qsTea.en-y0	zwnj/boundary/None/None/|zwnj/boundary/None/None/|qsDay/full/None/baseline/locked|qsTea/full/baseline/None/
default	200C:200C:E653:E653	cell	boundary-echo	space|space|qsDay.noentry|qsDay.half.en-y0.ex-y0	zwnj/boundary/None/None/|zwnj/boundary/None/None/|qsDay/full/None/baseline/locked|qsDay/half/baseline/None/
default	200C:200C:E653:E668	cell	boundary-echo	space|space|qsDay.noentry|qsRoe	zwnj/boundary/None/None/|zwnj/boundary/None/None/|qsDay/full/None/baseline/locked|qsRoe/hapax/baseline/None/
default	200C:200C:E668:E668	cell	boundary-echo	space|space|qsRoe.en-y0.ex-y5.noentry|qsRoe	zwnj/boundary/None/None/|zwnj/boundary/None/None/|qsRoe/hapax/None/x-height/locked|qsRoe/hapax/x-height/None/
default	200C:E650:E650:E652	cell	boundary-echo	space|qsPea.half.en-y6.ex-y6.noentry|qsPea.en-y6.ex-y0|qsTea	zwnj/boundary/None/None/|qsPea/half/None/y6/locked|qsPea/full/y6/None/|qsTea/full/None/None/
default	200C:E650:E650:E653	cell	boundary-echo	space|qsPea.half.en-y6.ex-y6.noentry|qsPea.en-y6.ex-y0|qsDay.half.en-y0.ex-y0	zwnj/boundary/None/None/|qsPea/half/None/y6/locked|qsPea/full/y6/baseline/|qsDay/half/baseline/None/
default	200C:E650:E652:E653	cell	boundary-echo	space|qsPea.noentry|qsTea.ex-y0|qsDay.half.en-y0.ex-y0.en-ext-1	zwnj/boundary/None/None/|qsPea/full/None/None/locked|qsTea/full/None/baseline/|qsDay/half/baseline/None/en-ext-1
default	200C:E650:E653:0020	cell	boundary-echo	space|qsPea.noentry|qsDay.half.en-y0.ex-y0|space	zwnj/boundary/None/None/|qsPea/full/None/baseline/locked|qsDay/half/baseline/None/|space/boundary/None/None/
default	200C:E650:E653:00B7	cell	boundary-echo	space|qsPea.noentry|qsDay.half.en-y0.ex-y0|periodcentered	zwnj/boundary/None/None/|qsPea/full/None/baseline/locked|qsDay/half/baseline/None/|namer-dot/boundary/None/None/
default	200C:E650:E653:200C	cell	boundary-echo	space|qsPea.noentry|qsDay.half.en-y0.ex-y0|space	zwnj/boundary/None/None/|qsPea/full/None/baseline/locked|qsDay/half/baseline/None/|zwnj/boundary/None/None/
default	200C:E650:E653:E650	cell	boundary-echo	space|qsPea.noentry|qsDay.half.en-y0.ex-y0|qsPea	zwnj/boundary/None/None/|qsPea/full/None/baseline/locked|qsDay/half/baseline/None/|qsPea/full/None/None/
default	200C:E650:E653:E652	cell	boundary-echo	space|qsPea.noentry|qsDay.half.en-y0.ex-y0|qsTea.en-y0	zwnj/boundary/None/None/|qsPea/full/None/baseline/locked|qsDay/half/baseline/baseline/|qsTea/full/baseline/None/
default	200C:E650:E653:E653	cell	boundary-echo	space|qsPea.noentry|qsDay.half.en-y0.ex-y0|qsDay.half.en-y0.ex-y0	zwnj/boundary/None/None/|qsPea/full/None/baseline/locked|qsDay/half/baseline/baseline/|qsDay/half/baseline/None/
default	200C:E650:E653:E668	cell	boundary-echo	space|qsPea.noentry|qsDay.half.en-y0.ex-y0|qsRoe	zwnj/boundary/None/None/|qsPea/full/None/baseline/locked|qsDay/half/baseline/baseline/|qsRoe/hapax/baseline/None/
default	200C:E650:E668:0020	cell	boundary-echo	space|qsPea.half.ex-y5.ex-dips|qsRoe.en-y5.en-con-1|space	zwnj/boundary/None/None/|qsPea/half/None/x-height/locked|qsRoe/hapax/x-height/None/en-con-1|space/boundary/None/None/
default	200C:E650:E668:00B7	cell	boundary-echo	space|qsPea.half.ex-y5.ex-dips|qsRoe.en-y5.en-con-1|periodcentered	zwnj/boundary/None/None/|qsPea/half/None/x-height/locked|qsRoe/hapax/x-height/None/en-con-1|namer-dot/boundary/None/None/
default	200C:E650:E668:200C	cell	boundary-echo	space|qsPea.half.ex-y5.ex-dips|qsRoe.en-y5.en-con-1|space	zwnj/boundary/None/None/|qsPea/half/None/x-height/locked|qsRoe/hapax/x-height/None/en-con-1|zwnj/boundary/None/None/
default	200C:E650:E668:E650	cell	boundary-echo	space|qsPea.half.ex-y5.ex-dips|qsRoe.en-y5.en-con-1|qsPea	zwnj/boundary/None/None/|qsPea/half/None/x-height/locked|qsRoe/hapax/x-height/None/en-con-1|qsPea/full/None/None/
default	200C:E650:E668:E652	cell	boundary-echo	space|qsPea.half.ex-y5.ex-dips|qsRoe.en-y5.en-con-1|qsTea	zwnj/boundary/None/None/|qsPea/half/None/x-height/locked|qsRoe/hapax/x-height/None/en-con-1|qsTea/full/None/None/
default	200C:E650:E668:E653	cell	boundary-echo	space|qsPea.half.ex-y5.ex-dips|qsRoe.en-y5.en-con-1|qsDay	zwnj/boundary/None/None/|qsPea/half/None/x-height/locked|qsRoe/hapax/x-height/None/en-con-1|qsDay/full/None/None/
default	200C:E650:E668:E668	cell	boundary-echo	space|qsPea.half.ex-y5.ex-dips|qsRoe.ex-y0|qsRoe	zwnj/boundary/None/None/|qsPea/half/None/x-height/locked|qsRoe/hapax/x-height/baseline/en-con-1|qsRoe/hapax/baseline/None/
default	200C:E652:E650:E650	cell	boundary-echo	space|qsTea.noentry|qsPea.half.en-y6.ex-y6|qsPea.en-y6	zwnj/boundary/None/None/|qsTea/full/None/None/locked|qsPea/half/None/y6/|qsPea/full/y6/None/
default	200C:E652:E650:E653	cell	boundary-echo	space|qsTea.noentry|qsPea|qsDay.half.en-y0.ex-y0	zwnj/boundary/None/None/|qsTea/full/None/None/locked|qsPea/full/None/baseline/|qsDay/half/baseline/None/
default	200C:E652:E652:0020	cell	boundary-echo	space|qsTea.ex-y0|qsTea|space	zwnj/boundary/None/None/|qsTea/full/None/None/locked|qsTea/full/None/None/|space/boundary/None/None/
default	200C:E652:E652:00B7	cell	boundary-echo	space|qsTea.ex-y0|qsTea|periodcentered	zwnj/boundary/None/None/|qsTea/full/None/None/locked|qsTea/full/None/None/|namer-dot/boundary/None/None/
default	200C:E652:E652:200C	cell	boundary-echo	space|qsTea.ex-y0|qsTea|space	zwnj/boundary/None/None/|qsTea/full/None/None/locked|qsTea/full/None/None/|zwnj/boundary/None/None/
default	200C:E652:E652:E650	cell	boundary-echo	space|qsTea.ex-y0|qsTea|qsPea	zwnj/boundary/None/None/|qsTea/full/None/None/locked|qsTea/full/None/None/|qsPea/full/None/None/
default	200C:E652:E652:E652	cell	boundary-echo	space|qsTea.ex-y0|qsTea|qsTea	zwnj/boundary/None/None/|qsTea/full/None/None/locked|qsTea/full/None/None/|qsTea/full/None/None/
default	200C:E652:E652:E653	cell	boundary-echo	space|qsTea.noentry|qsTea.ex-y0|qsDay.half.en-y0.ex-y0.en-ext-1	zwnj/boundary/None/None/|qsTea/full/None/None/locked|qsTea/full/None/baseline/|qsDay/half/baseline/None/en-ext-1
default	200C:E652:E653:0020	cell	boundary-echo	space|qsTea.ex-y0|qsDay.half.en-y0.ex-y0.en-ext-1|space	zwnj/boundary/None/None/|qsTea/full/None/baseline/locked|qsDay/half/baseline/None/en-ext-1|space/boundary/None/None/
default	200C:E652:E653:00B7	cell	boundary-echo	space|qsTea.ex-y0|qsDay.half.en-y0.ex-y0.en-ext-1|periodcentered	zwnj/boundary/None/None/|qsTea/full/None/baseline/locked|qsDay/half/baseline/None/en-ext-1|namer-dot/boundary/None/None/
default	200C:E652:E653:200C	cell	boundary-echo	space|qsTea.ex-y0|qsDay.half.en-y0.ex-y0.en-ext-1|space	zwnj/boundary/None/None/|qsTea/full/None/baseline/locked|qsDay/half/baseline/None/en-ext-1|zwnj/boundary/None/None/
default	200C:E652:E653:E650	cell	boundary-echo	space|qsTea.ex-y0|qsDay.half.en-y0.ex-y0.en-ext-1|qsPea	zwnj/boundary/None/None/|qsTea/full/None/baseline/locked|qsDay/half/baseline/None/en-ext-1|qsPea/full/None/None/
default	200C:E652:E653:E652	cell	boundary-echo	space|qsTea.ex-y0|qsDay.half.en-y0.ex-y0.en-ext-1|qsTea.en-y0	zwnj/boundary/None/None/|qsTea/full/None/baseline/locked|qsDay/half/baseline/baseline/en-ext-1|qsTea/full/baseline/None/
default	200C:E652:E653:E653	cell	boundary-echo	space|qsTea.ex-y0|qsDay.half.en-y0.ex-y0.en-ext-1|qsDay.half.en-y0.ex-y0	zwnj/boundary/None/None/|qsTea/full/None/baseline/locked|qsDay/half/baseline/baseline/en-ext-1|qsDay/half/baseline/None/
default	200C:E652:E653:E668	cell	boundary-echo	space|qsTea.ex-y0|qsDay.half.en-y0.ex-y0.en-ext-1|qsRoe	zwnj/boundary/None/None/|qsTea/full/None/baseline/locked|qsDay/half/baseline/baseline/en-ext-1|qsRoe/hapax/baseline/None/
default	200C:E652:E668:E668	cell	boundary-echo	space|qsTea.half.en-y8.ex-y5.noentry|qsRoe.ex-y0|qsRoe	zwnj/boundary/None/None/|qsTea/half/None/x-height/locked|qsRoe/hapax/x-height/baseline/en-con-1|qsRoe/hapax/baseline/None/
default	200C:E653:E650:E650	cell	boundary-echo	space|qsDay.noentry|qsPea.half.en-y6.ex-y6|qsPea.en-y6	zwnj/boundary/None/None/|qsDay/full/None/None/locked|qsPea/half/None/y6/|qsPea/full/y6/None/
default	200C:E653:E650:E653	cell	boundary-echo	space|qsDay.noentry|qsPea|qsDay.half.en-y0.ex-y0	zwnj/boundary/None/None/|qsDay/full/None/None/locked|qsPea/full/None/baseline/|qsDay/half/baseline/None/
default	200C:E653:E652:0020	cell	boundary-echo	space|qsDay.noentry|qsTea.en-y0|space	zwnj/boundary/None/None/|qsDay/full/None/baseline/locked|qsTea/full/baseline/None/|space/boundary/None/None/
default	200C:E653:E652:00B7	cell	boundary-echo	space|qsDay.noentry|qsTea.en-y0|periodcentered	zwnj/boundary/None/None/|qsDay/full/None/baseline/locked|qsTea/full/baseline/None/|namer-dot/boundary/None/None/
default	200C:E653:E652:200C	cell	boundary-echo	space|qsDay.noentry|qsTea.en-y0|space	zwnj/boundary/None/None/|qsDay/full/None/baseline/locked|qsTea/full/baseline/None/|zwnj/boundary/None/None/
default	200C:E653:E652:E650	cell	boundary-echo	space|qsDay.noentry|qsTea.en-y0|qsPea	zwnj/boundary/None/None/|qsDay/full/None/baseline/locked|qsTea/full/baseline/None/|qsPea/full/None/None/
default	200C:E653:E652:E652	cell	boundary-echo	space|qsDay.noentry|qsTea.en-y0|qsTea	zwnj/boundary/None/None/|qsDay/full/None/baseline/locked|qsTea/full/baseline/None/|qsTea/full/None/None/
default	200C:E653:E652:E653	cell	boundary-echo	space|qsDay.noentry|qsTea.ex-y0|qsDay.half.en-y0.ex-y0.en-ext-1	zwnj/boundary/None/None/|qsDay/full/None/None/locked|qsTea/full/None/baseline/|qsDay/half/baseline/None/en-ext-1
default	200C:E653:E652:E668	cell,seam	boundary-echo	space|qsDay.noentry|qsTea.half.ex-y5|qsRoe.en-y5.en-con-1	zwnj/boundary/None/None/|qsDay/full/None/baseline/locked|qsTea/full/baseline/None/|qsRoe/hapax/None/None/
default	200C:E653:E653:0020	cell	boundary-echo	space|qsDay.noentry|qsDay.half.en-y0.ex-y0|space	zwnj/boundary/None/None/|qsDay/full/None/baseline/locked|qsDay/half/baseline/None/|space/boundary/None/None/
default	200C:E653:E653:00B7	cell	boundary-echo	space|qsDay.noentry|qsDay.half.en-y0.ex-y0|periodcentered	zwnj/boundary/None/None/|qsDay/full/None/baseline/locked|qsDay/half/baseline/None/|namer-dot/boundary/None/None/
default	200C:E653:E653:200C	cell	boundary-echo	space|qsDay.noentry|qsDay.half.en-y0.ex-y0|space	zwnj/boundary/None/None/|qsDay/full/None/baseline/locked|qsDay/half/baseline/None/|zwnj/boundary/None/None/
default	200C:E653:E653:E650	cell	boundary-echo	space|qsDay.noentry|qsDay.half.en-y0.ex-y0|qsPea	zwnj/boundary/None/None/|qsDay/full/None/baseline/locked|qsDay/half/baseline/None/|qsPea/full/None/None/
default	200C:E653:E653:E652	cell	boundary-echo	space|qsDay.noentry|qsDay.half.en-y0.ex-y0|qsTea.en-y0	zwnj/boundary/None/None/|qsDay/full/None/baseline/locked|qsDay/half/baseline/baseline/|qsTea/full/baseline/None/
default	200C:E653:E653:E653	cell	boundary-echo	space|qsDay.noentry|qsDay.half.en-y0.ex-y0|qsDay.half.en-y0.ex-y0	zwnj/boundary/None/None/|qsDay/full/None/baseline/locked|qsDay/half/baseline/baseline/|qsDay/half/baseline/None/
default	200C:E653:E653:E668	cell	boundary-echo	space|qsDay.noentry|qsDay.half.en-y0.ex-y0|qsRoe	zwnj/boundary/None/None/|qsDay/full/None/baseline/locked|qsDay/half/baseline/baseline/|qsRoe/hapax/baseline/None/
default	200C:E653:E668:0020	cell	boundary-echo	space|qsDay.noentry|qsRoe|space	zwnj/boundary/None/None/|qsDay/full/None/baseline/locked|qsRoe/hapax/baseline/None/|space/boundary/None/None/
default	200C:E653:E668:00B7	cell	boundary-echo	space|qsDay.noentry|qsRoe|periodcentered	zwnj/boundary/None/None/|qsDay/full/None/baseline/locked|qsRoe/hapax/baseline/None/|namer-dot/boundary/None/None/
default	200C:E653:E668:200C	cell	boundary-echo	space|qsDay.noentry|qsRoe|space	zwnj/boundary/None/None/|qsDay/full/None/baseline/locked|qsRoe/hapax/baseline/None/|zwnj/boundary/None/None/
default	200C:E653:E668:E650	cell	boundary-echo	space|qsDay.noentry|qsRoe|qsPea	zwnj/boundary/None/None/|qsDay/full/None/baseline/locked|qsRoe/hapax/baseline/None/|qsPea/full/None/None/
default	200C:E653:E668:E652	cell	boundary-echo	space|qsDay.noentry|qsRoe|qsTea	zwnj/boundary/None/None/|qsDay/full/None/baseline/locked|qsRoe/hapax/baseline/None/|qsTea/full/None/None/
default	200C:E653:E668:E653	cell	boundary-echo	space|qsDay.noentry|qsRoe|qsDay	zwnj/boundary/None/None/|qsDay/full/None/baseline/locked|qsRoe/hapax/baseline/None/|qsDay/full/None/None/
default	200C:E653:E668:E668	cell	boundary-echo	space|qsDay.noentry|qsRoe.en-y0.ex-y5|qsRoe	zwnj/boundary/None/None/|qsDay/full/None/baseline/locked|qsRoe/hapax/baseline/x-height/|qsRoe/hapax/x-height/None/
default	200C:E665:E679:E650	cell	boundary-echo	space|qsMay.noentry|qsOy.en-y5.ex-y0|qsPea	zwnj/boundary/None/None/|qsMay/loop/None/x-height/locked|qsOy/hapax/x-height/None/|qsPea/full/None/None/
default	200C:E668:E650:E650	cell	boundary-echo	space|qsRoe.noentry|qsPea.half.en-y6.ex-y6|qsPea.en-y6	zwnj/boundary/None/None/|qsRoe/hapax/None/None/locked|qsPea/half/None/y6/|qsPea/full/y6/None/
default	200C:E668:E650:E653	cell	boundary-echo	space|qsRoe.noentry|qsPea|qsDay.half.en-y0.ex-y0	zwnj/boundary/None/None/|qsRoe/hapax/None/None/locked|qsPea/full/None/baseline/|qsDay/half/baseline/None/
default	200C:E668:E652:E653	cell	boundary-echo	space|qsRoe.noentry|qsTea.ex-y0|qsDay.half.en-y0.ex-y0.en-ext-1	zwnj/boundary/None/None/|qsRoe/hapax/None/None/locked|qsTea/full/None/baseline/|qsDay/half/baseline/None/en-ext-1
default	200C:E668:E653:E652	cell	boundary-echo	space|qsRoe.noentry|qsDay|qsTea.en-y0	zwnj/boundary/None/None/|qsRoe/hapax/None/None/locked|qsDay/full/None/baseline/|qsTea/full/baseline/None/
default	200C:E668:E653:E653	cell	boundary-echo	space|qsRoe.noentry|qsDay|qsDay.half.en-y0.ex-y0	zwnj/boundary/None/None/|qsRoe/hapax/None/None/locked|qsDay/full/None/baseline/|qsDay/half/baseline/None/
default	200C:E668:E653:E668	cell	boundary-echo	space|qsRoe.noentry|qsDay|qsRoe	zwnj/boundary/None/None/|qsRoe/hapax/None/None/locked|qsDay/full/None/baseline/|qsRoe/hapax/baseline/None/
default	200C:E668:E668:0020	cell	boundary-echo	space|qsRoe.en-y0.ex-y5.noentry|qsRoe|space	zwnj/boundary/None/None/|qsRoe/hapax/None/x-height/locked|qsRoe/hapax/x-height/None/|space/boundary/None/None/
default	200C:E668:E668:00B7	cell	boundary-echo	space|qsRoe.en-y0.ex-y5.noentry|qsRoe|periodcentered	zwnj/boundary/None/None/|qsRoe/hapax/None/x-height/locked|qsRoe/hapax/x-height/None/|namer-dot/boundary/None/None/
default	200C:E668:E668:200C	cell	boundary-echo	space|qsRoe.en-y0.ex-y5.noentry|qsRoe|space	zwnj/boundary/None/None/|qsRoe/hapax/None/x-height/locked|qsRoe/hapax/x-height/None/|zwnj/boundary/None/None/
default	200C:E668:E668:E650	cell	boundary-echo	space|qsRoe.en-y0.ex-y5.noentry|qsRoe|qsPea	zwnj/boundary/None/None/|qsRoe/hapax/None/x-height/locked|qsRoe/hapax/x-height/None/|qsPea/full/None/None/
default	200C:E668:E668:E652	cell	boundary-echo	space|qsRoe.en-y0.ex-y5.noentry|qsRoe|qsTea	zwnj/boundary/None/None/|qsRoe/hapax/None/x-height/locked|qsRoe/hapax/x-height/None/|qsTea/full/None/None/
default	200C:E668:E668:E653	cell	boundary-echo	space|qsRoe.en-y0.ex-y5.noentry|qsRoe|qsDay	zwnj/boundary/None/None/|qsRoe/hapax/None/x-height/locked|qsRoe/hapax/x-height/None/|qsDay/full/None/None/
default	200C:E668:E668:E668	cell	boundary-echo	space|qsRoe.en-y0.ex-y5.noentry|qsRoe.ex-y0|qsRoe	zwnj/boundary/None/None/|qsRoe/hapax/None/x-height/locked|qsRoe/hapax/x-height/baseline/|qsRoe/hapax/baseline/None/
default	E650:0020:E650:E650	cell	boundary-echo	qsPea|space|qsPea.half.en-y6.ex-y6|qsPea.en-y6	qsPea/full/None/None/|space/boundary/None/None/|qsPea/half/None/y6/|qsPea/full/y6/None/
default	E650:0020:E650:E653	cell	boundary-echo	qsPea|space|qsPea|qsDay.half.en-y0.ex-y0	qsPea/full/None/None/|space/boundary/None/None/|qsPea/full/None/baseline/|qsDay/half/baseline/None/
default	E650:0020:E652:E653	cell	boundary-echo	qsPea|space|qsTea.ex-y0|qsDay.half.en-y0.ex-y0.en-ext-1	qsPea/full/None/None/|space/boundary/None/None/|qsTea/full/None/baseline/|qsDay/half/baseline/None/en-ext-1
default	E650:0020:E653:E652	cell	boundary-echo	qsPea|space|qsDay|qsTea.en-y0	qsPea/full/None/None/|space/boundary/None/None/|qsDay/full/None/baseline/|qsTea/full/baseline/None/
default	E650:0020:E653:E653	cell	boundary-echo	qsPea|space|qsDay|qsDay.half.en-y0.ex-y0	qsPea/full/None/None/|space/boundary/None/None/|qsDay/full/None/baseline/|qsDay/half/baseline/None/
default	E650:0020:E653:E668	cell	boundary-echo	qsPea|space|qsDay|qsRoe	qsPea/full/None/None/|space/boundary/None/None/|qsDay/full/None/baseline/|qsRoe/hapax/baseline/None/
default	E650:0020:E668:E668	cell	boundary-echo	qsPea|space|qsRoe.en-y0.ex-y5|qsRoe	qsPea/full/None/None/|space/boundary/None/None/|qsRoe/hapax/None/x-height/|qsRoe/hapax/x-height/None/
default	E650:00B7:E650:E650	cell	dangling-anchor-dropped	qsPea|periodcentered|qsPea.half.en-y6.ex-y6|qsPea.en-y6	qsPea/full/None/None/|namer-dot/boundary/None/None/|qsPea/half/None/y6/|qsPea/full/y6/None/
default	E650:00B7:E650:E653	cell	dangling-anchor-dropped	qsPea|periodcentered|qsPea|qsDay.half.en-y0.ex-y0	qsPea/full/None/None/|namer-dot/boundary/None/None/|qsPea/full/None/baseline/|qsDay/half/baseline/None/
default	E650:00B7:E652:E653	cell	dangling-anchor-dropped	qsPea|periodcentered|qsTea.ex-y0|qsDay.half.en-y0.ex-y0.en-ext-1	qsPea/full/None/None/|namer-dot/boundary/None/None/|qsTea/full/None/baseline/|qsDay/half/baseline/None/en-ext-1
default	E650:00B7:E653:E652	cell	bare-name-live-join	qsPea|periodcentered|qsDay|qsTea.en-y0	qsPea/full/None/None/|namer-dot/boundary/None/None/|qsDay/full/None/baseline/|qsTea/full/baseline/None/
default	E650:00B7:E653:E653	cell	dangling-anchor-dropped	qsPea|periodcentered|qsDay|qsDay.half.en-y0.ex-y0	qsPea/full/None/None/|namer-dot/boundary/None/None/|qsDay/full/None/baseline/|qsDay/half/baseline/None/
default	E650:00B7:E653:E668	cell	bare-name-live-join	qsPea|periodcentered|qsDay|qsRoe	qsPea/full/None/None/|namer-dot/boundary/None/None/|qsDay/full/None/baseline/|qsRoe/hapax/baseline/None/
default	E650:00B7:E668:E668	cell	dangling-anchor-dropped	qsPea|periodcentered.lowered|qsRoe.en-y0.ex-y5|qsRoe	qsPea/full/None/None/|namer-dot/boundary/None/None/|qsRoe/hapax/None/x-height/|qsRoe/hapax/x-height/None/
default	E650:200C:E650:E653	cell	boundary-echo	qsPea|space|qsPea.noentry|qsDay.half.en-y0.ex-y0	qsPea/full/None/None/|zwnj/boundary/None/None/|qsPea/full/None/baseline/locked|qsDay/half/baseline/None/
default	E650:200C:E650:E665	cell	boundary-echo	qsPea|space|qsPea.noentry|qsMay.en-y0.ex-y5.en-ext-1	qsPea/full/None/None/|zwnj/boundary/None/None/|qsPea/full/None/baseline/locked|qsMay/loop/baseline/None/
default	E650:200C:E650:E668	cell	boundary-echo	qsPea|space|qsPea.half.ex-y5.ex-dips|qsRoe.en-y5.en-con-1	qsPea/full/None/None/|zwnj/boundary/None/None/|qsPea/half/None/x-height/locked|qsRoe/hapax/x-height/None/en-con-1
default	E650:200C:E650:E670	cell	boundary-echo	qsPea|space|qsPea.half.ex-y5.ex-dips|qsIt.en-y5.ex-y0	qsPea/full/None/None/|zwnj/boundary/None/None/|qsPea/half/None/x-height/locked|qsIt/hapax/x-height/None/
default	E650:200C:E652:E652	cell	boundary-echo	qsPea|space|qsTea.ex-y0|qsTea	qsPea/full/None/None/|zwnj/boundary/None/None/|qsTea/full/None/None/locked|qsTea/full/None/None/
default	E650:200C:E652:E653	cell	boundary-echo	qsPea|space|qsTea.ex-y0|qsDay.half.en-y0.ex-y0.en-ext-1	qsPea/full/None/None/|zwnj/boundary/None/None/|qsTea/full/None/baseline/locked|qsDay/half/baseline/None/en-ext-1
default	E650:200C:E653:E652	cell	boundary-echo	qsPea|space|qsDay.noentry|qsTea.en-y0	qsPea/full/None/None/|zwnj/boundary/None/None/|qsDay/full/None/baseline/locked|qsTea/full/baseline/None/
default	E650:200C:E653:E653	cell	boundary-echo	qsPea|space|qsDay.noentry|qsDay.half.en-y0.ex-y0	qsPea/full/None/None/|zwnj/boundary/None/None/|qsDay/full/None/baseline/locked|qsDay/half/baseline/None/
default	E650:200C:E653:E668	cell	boundary-echo	qsPea|space|qsDay.noentry|qsRoe	qsPea/full/None/None/|zwnj/boundary/None/None/|qsDay/full/None/baseline/locked|qsRoe/hapax/baseline/None/
default	E650:200C:E668:E668	cell	boundary-echo	qsPea|space|qsRoe.en-y0.ex-y5.noentry|qsRoe	qsPea/full/None/None/|zwnj/boundary/None/None/|qsRoe/hapax/None/x-height/locked|qsRoe/hapax/x-height/None/
default	E650:200C:E676:E665	position	kern-channel-out-of-scope	qsPea|space|qsAh.noentry.ex-ext-1|qsMay.en-y5	slot 3 (qsMay.en-y5): origin want (500, 0), got (550, 0)
default	E650:E650:0020:0020	cell	boundary-echo	qsPea.half.en-y6.ex-y6|qsPea.en-y6|space|space	qsPea/half/None/y6/|qsPea/full/y6/None/|space/boundary/None/None/|space/boundary/None/None/
default	E650:E650:0020:00B7	cell	boundary-echo	qsPea.half.en-y6.ex-y6|qsPea.en-y6|space|periodcentered	qsPea/half/None/y6/|qsPea/full/y6/None/|space/boundary/None/None/|namer-dot/boundary/None/None/
default	E650:E650:0020:200C	cell	boundary-echo	qsPea.half.en-y6.ex-y6|qsPea.en-y6|space|space	qsPea/half/None/y6/|qsPea/full/y6/None/|space/boundary/None/None/|zwnj/boundary/None/None/
default	E650:E650:0020:E650	cell	boundary-echo	qsPea.half.en-y6.ex-y6|qsPea.en-y6|space|qsPea	qsPea/half/None/y6/|qsPea/full/y6/None/|space/boundary/None/None/|qsPea/full/None/None/
default	E650:E650:0020:E652	cell	boundary-echo	qsPea.half.en-y6.ex-y6|qsPea.en-y6|space|qsTea	qsPea/half/None/y6/|qsPea/full/y6/None/|space/boundary/None/None/|qsTea/full/None/None/
default	E650:E650:0020:E653	cell	boundary-echo	qsPea.half.en-y6.ex-y6|qsPea.en-y6|space|qsDay	qsPea/half/None/y6/|qsPea/full/y6/None/|space/boundary/None/None/|qsDay/full/None/None/
default	E650:E650:0020:E668	cell	boundary-echo	qsPea.half.en-y6.ex-y6|qsPea.en-y6|space|qsRoe	qsPea/half/None/y6/|qsPea/full/y6/None/|space/boundary/None/None/|qsRoe/hapax/None/None/
default	E650:E650:00B7:0020	cell	boundary-echo	qsPea.half.en-y6.ex-y6|qsPea.en-y6|periodcentered|space	qsPea/half/None/y6/|qsPea/full/y6/None/|namer-dot/boundary/None/None/|space/boundary/None/None/
default	E650:E650:00B7:00B7	cell	dangling-anchor-dropped	qsPea.half.en-y6.ex-y6|qsPea.en-y6|periodcentered|periodcentered	qsPea/half/None/y6/|qsPea/full/y6/None/|namer-dot/boundary/None/None/|namer-dot/boundary/None/None/
default	E650:E650:00B7:200C	cell	boundary-echo	qsPea.half.en-y6.ex-y6|qsPea.en-y6|periodcentered|space	qsPea/half/None/y6/|qsPea/full/y6/None/|namer-dot/boundary/None/None/|zwnj/boundary/None/None/
default	E650:E650:00B7:E650	cell	dangling-anchor-dropped	qsPea.half.en-y6.ex-y6|qsPea.en-y6|periodcentered|qsPea	qsPea/half/None/y6/|qsPea/full/y6/None/|namer-dot/boundary/None/None/|qsPea/full/None/None/
default	E650:E650:00B7:E652	cell	dangling-anchor-dropped	qsPea.half.en-y6.ex-y6|qsPea.en-y6|periodcentered|qsTea	qsPea/half/None/y6/|qsPea/full/y6/None/|namer-dot/boundary/None/None/|qsTea/full/None/None/
default	E650:E650:00B7:E653	cell	dangling-anchor-dropped	qsPea.half.en-y6.ex-y6|qsPea.en-y6|periodcentered|qsDay	qsPea/half/None/y6/|qsPea/full/y6/None/|namer-dot/boundary/None/None/|qsDay/full/None/None/
default	E650:E650:00B7:E668	cell	dangling-anchor-dropped	qsPea.half.en-y6.ex-y6|qsPea.en-y6|periodcentered.lowered|qsRoe	qsPea/half/None/y6/|qsPea/full/y6/None/|namer-dot/boundary/None/None/|qsRoe/hapax/None/None/
default	E650:E650:200C:0020	cell	boundary-echo	qsPea.half.en-y6.ex-y6|qsPea.en-y6|space|space	qsPea/half/None/y6/|qsPea/full/y6/None/|zwnj/boundary/None/None/|space/boundary/None/None/
default	E650:E650:200C:00B7	cell	boundary-echo	qsPea.half.en-y6.ex-y6|qsPea.en-y6|space|periodcentered	qsPea/half/None/y6/|qsPea/full/y6/None/|zwnj/boundary/None/None/|namer-dot/boundary/None/None/
default	E650:E650:200C:200C	cell	boundary-echo	qsPea.half.en-y6.ex-y6|qsPea.en-y6|space|space	qsPea/half/None/y6/|qsPea/full/y6/None/|zwnj/boundary/None/None/|zwnj/boundary/None/None/
default	E650:E650:200C:E650	cell	boundary-echo	qsPea.half.en-y6.ex-y6|qsPea.en-y6|space|qsPea.noentry	qsPea/half/None/y6/|qsPea/full/y6/None/|zwnj/boundary/None/None/|qsPea/full/None/None/locked
default	E650:E650:200C:E652	cell	boundary-echo	qsPea.half.en-y6.ex-y6|qsPea.en-y6|space|qsTea.noentry	qsPea/half/None/y6/|qsPea/full/y6/None/|zwnj/boundary/None/None/|qsTea/full/None/None/locked
default	E650:E650:200C:E653	cell	boundary-echo	qsPea.half.en-y6.ex-y6|qsPea.en-y6|space|qsDay.noentry	qsPea/half/None/y6/|qsPea/full/y6/None/|zwnj/boundary/None/None/|qsDay/full/None/None/locked
default	E650:E650:200C:E668	cell	boundary-echo	qsPea.half.en-y6.ex-y6|qsPea.en-y6|space|qsRoe.noentry	qsPea/half/None/y6/|qsPea/full/y6/None/|zwnj/boundary/None/None/|qsRoe/hapax/None/None/locked
default	E650:E650:E650:0020	cell	boundary-echo	qsPea.half.en-y6.ex-y6|qsPea.half.en-y6.ex-y6|qsPea.en-y6|space	qsPea/half/None/y6/|qsPea/half/y6/y6/|qsPea/full/y6/None/|space/boundary/None/None/
default	E650:E650:E650:00B7	cell	dangling-anchor-dropped	qsPea.half.en-y6.ex-y6|qsPea.half.en-y6.ex-y6|qsPea.en-y6|periodcentered	qsPea/half/None/y6/|qsPea/half/y6/y6/|qsPea/full/y6/None/|namer-dot/boundary/None/None/
default	E650:E650:E650:200C	cell	boundary-echo	qsPea.half.en-y6.ex-y6|qsPea.half.en-y6.ex-y6|qsPea.en-y6|space	qsPea/half/None/y6/|qsPea/half/y6/y6/|qsPea/full/y6/None/|zwnj/boundary/None/None/
default	E650:E650:E650:E650	cell	dangling-anchor-dropped	qsPea.half.en-y6.ex-y6|qsPea.half.en-y6.ex-y6|qsPea.half.en-y6.ex-y6|qsPea.en-y6	qsPea/half/None/y6/|qsPea/half/y6/y6/|qsPea/half/y6/y6/|qsPea/full/y6/None/
default	E650:E650:E650:E652	cell	dangling-anchor-dropped	qsPea.half.en-y6.ex-y6|qsPea.half.en-y6.ex-y6|qsPea.en-y6.ex-y0|qsTea	qsPea/half/None/y6/|qsPea/half/y6/y6/|qsPea/full/y6/None/|qsTea/full/None/None/
default	E650:E650:E650:E653	cell	dangling-anchor-dropped	qsPea.half.en-y6.ex-y6|qsPea.half.en-y6.ex-y6|qsPea.en-y6.ex-y0|qsDay.half.en-y0.ex-y0	qsPea/half/None/y6/|qsPea/half/y6/y6/|qsPea/full/y6/baseline/|qsDay/half/baseline/None/
default	E650:E650:E650:E668	cell	dangling-anchor-dropped	qsPea.half.en-y6.ex-y6|qsPea.half.en-y6.ex-y6|qsPea.half.en-y6.ex-y5.ex-dips|qsRoe.en-y5.en-con-1	qsPea/half/None/y6/|qsPea/half/y6/y6/|qsPea/half/y6/x-height/|qsRoe/hapax/x-height/None/en-con-1
default	E650:E650:E652:0020	cell	boundary-echo	qsPea.half.en-y6.ex-y6|qsPea.en-y6.ex-y0|qsTea|space	qsPea/half/None/y6/|qsPea/full/y6/None/|qsTea/full/None/None/|space/boundary/None/None/
default	E650:E650:E652:00B7	cell	dangling-anchor-dropped	qsPea.half.en-y6.ex-y6|qsPea.en-y6.ex-y0|qsTea|periodcentered	qsPea/half/None/y6/|qsPea/full/y6/None/|qsTea/full/None/None/|namer-dot/boundary/None/None/
default	E650:E650:E652:200C	cell	boundary-echo	qsPea.half.en-y6.ex-y6|qsPea.en-y6.ex-y0|qsTea|space	qsPea/half/None/y6/|qsPea/full/y6/None/|qsTea/full/None/None/|zwnj/boundary/None/None/
default	E650:E650:E652:E650	cell	dangling-anchor-dropped	qsPea.half.en-y6.ex-y6|qsPea.en-y6.ex-y0|qsTea|qsPea	qsPea/half/None/y6/|qsPea/full/y6/None/|qsTea/full/None/None/|qsPea/full/None/None/
default	E650:E650:E652:E652	cell	dangling-anchor-dropped	qsPea.half.en-y6.ex-y6|qsPea.en-y6.ex-y0|qsTea|qsTea	qsPea/half/None/y6/|qsPea/full/y6/None/|qsTea/full/None/None/|qsTea/full/None/None/
default	E650:E650:E652:E653	cell	dangling-anchor-dropped	qsPea.half.en-y6.ex-y6|qsPea.en-y6.ex-y0|qsTea.ex-y0|qsDay.half.en-y0.ex-y0.en-ext-1	qsPea/half/None/y6/|qsPea/full/y6/None/|qsTea/full/None/baseline/|qsDay/half/baseline/None/en-ext-1
default	E650:E650:E652:E668	cell	dangling-anchor-dropped	qsPea.half.en-y6.ex-y6|qsPea.en-y6.ex-y0|qsTea.half.ex-y5|qsRoe.en-y5.en-con-1	qsPea/half/None/y6/|qsPea/full/y6/None/|qsTea/half/None/x-height/|qsRoe/hapax/x-height/None/en-con-1
default	E650:E650:E653:0020	cell	boundary-echo	qsPea.half.en-y6.ex-y6|qsPea.en-y6.ex-y0|qsDay.half.en-y0.ex-y0|space	qsPea/half/None/y6/|qsPea/full/y6/baseline/|qsDay/half/baseline/None/|space/boundary/None/None/
default	E650:E650:E653:00B7	cell	dangling-anchor-dropped	qsPea.half.en-y6.ex-y6|qsPea.en-y6.ex-y0|qsDay.half.en-y0.ex-y0|periodcentered	qsPea/half/None/y6/|qsPea/full/y6/baseline/|qsDay/half/baseline/None/|namer-dot/boundary/None/None/
default	E650:E650:E653:200C	cell	boundary-echo	qsPea.half.en-y6.ex-y6|qsPea.en-y6.ex-y0|qsDay.half.en-y0.ex-y0|space	qsPea/half/None/y6/|qsPea/full/y6/baseline/|qsDay/half/baseline/None/|zwnj/boundary/None/None/
default	E650:E650:E653:E650	cell	dangling-anchor-dropped	qsPea.half.en-y6.ex-y6|qsPea.en-y6.ex-y0|qsDay.half.en-y0.ex-y0|qsPea	qsPea/half/None/y6/|qsPea/full/y6/baseline/|qsDay/half/baseline/None/|qsPea/full/None/None/
default	E650:E650:E653:E652	cell	dangling-anchor-dropped	qsPea.half.en-y6.ex-y6|qsPea.en-y6.ex-y0|qsDay.half.en-y0.ex-y0|qsTea.en-y0	qsPea/half/None/y6/|qsPea/full/y6/baseline/|qsDay/half/baseline/baseline/|qsTea/full/baseline/None/
default	E650:E650:E653:E653	cell	dangling-anchor-dropped	qsPea.half.en-y6.ex-y6|qsPea.en-y6.ex-y0|qsDay.half.en-y0.ex-y0|qsDay.half.en-y0.ex-y0	qsPea/half/None/y6/|qsPea/full/y6/baseline/|qsDay/half/baseline/baseline/|qsDay/half/baseline/None/
default	E650:E650:E653:E668	cell	dangling-anchor-dropped	qsPea.half.en-y6.ex-y6|qsPea.en-y6.ex-y0|qsDay.half.en-y0.ex-y0|qsRoe	qsPea/half/None/y6/|qsPea/full/y6/baseline/|qsDay/half/baseline/baseline/|qsRoe/hapax/baseline/None/
default	E650:E650:E668:0020	cell	boundary-echo	qsPea.half.en-y6.ex-y6|qsPea.half.en-y6.ex-y5.ex-dips|qsRoe.en-y5.en-con-1|space	qsPea/half/None/y6/|qsPea/half/y6/x-height/|qsRoe/hapax/x-height/None/en-con-1|space/boundary/None/None/
default	E650:E650:E668:00B7	cell	dangling-anchor-dropped	qsPea.half.en-y6.ex-y6|qsPea.half.en-y6.ex-y5.ex-dips|qsRoe.en-y5.en-con-1|periodcentered	qsPea/half/None/y6/|qsPea/half/y6/x-height/|qsRoe/hapax/x-height/None/en-con-1|namer-dot/boundary/None/None/
default	E650:E650:E668:200C	cell	boundary-echo	qsPea.half.en-y6.ex-y6|qsPea.half.en-y6.ex-y5.ex-dips|qsRoe.en-y5.en-con-1|space	qsPea/half/None/y6/|qsPea/half/y6/x-height/|qsRoe/hapax/x-height/None/en-con-1|zwnj/boundary/None/None/
default	E650:E650:E668:E650	cell	dangling-anchor-dropped	qsPea.half.en-y6.ex-y6|qsPea.half.en-y6.ex-y5.ex-dips|qsRoe.en-y5.en-con-1|qsPea	qsPea/half/None/y6/|qsPea/half/y6/x-height/|qsRoe/hapax/x-height/None/en-con-1|qsPea/full/None/None/
default	E650:E650:E668:E652	cell	dangling-anchor-dropped	qsPea.half.en-y6.ex-y6|qsPea.half.en-y6.ex-y5.ex-dips|qsRoe.en-y5.en-con-1|qsTea	qsPea/half/None/y6/|qsPea/half/y6/x-height/|qsRoe/hapax/x-height/None/en-con-1|qsTea/full/None/None/
default	E650:E650:E668:E653	cell	dangling-anchor-dropped	qsPea.half.en-y6.ex-y6|qsPea.half.en-y6.ex-y5.ex-dips|qsRoe.en-y5.en-con-1|qsDay	qsPea/half/None/y6/|qsPea/half/y6/x-height/|qsRoe/hapax/x-height/None/en-con-1|qsDay/full/None/None/
default	E650:E650:E668:E668	cell,position	UNMATCHED	qsPea.half.en-y6.ex-y6|qsPea.half.en-y6.ex-y5.ex-dips|qsRoe.ex-y0|qsRoe	qsPea/half/None/y6/|qsPea/half/y6/x-height/|qsRoe/hapax/x-height/baseline/en-con-1|qsRoe/hapax/baseline/None/
default	E650:E652:E650:E650	cell	dangling-anchor-dropped	qsPea|qsTea|qsPea.half.en-y6.ex-y6|qsPea.en-y6	qsPea/full/None/None/|qsTea/full/None/None/|qsPea/half/None/y6/|qsPea/full/y6/None/
default	E650:E652:E650:E653	cell	dangling-anchor-dropped	qsPea|qsTea|qsPea|qsDay.half.en-y0.ex-y0	qsPea/full/None/None/|qsTea/full/None/None/|qsPea/full/None/baseline/|qsDay/half/baseline/None/
default	E650:E652:E652:E653	cell	dangling-anchor-dropped	qsPea|qsTea|qsTea.ex-y0|qsDay.half.en-y0.ex-y0.en-ext-1	qsPea/full/None/None/|qsTea/full/None/None/|qsTea/full/None/baseline/|qsDay/half/baseline/None/en-ext-1
default	E650:E652:E653:0020	cell	boundary-echo	qsPea|qsTea.ex-y0|qsDay.half.en-y0.ex-y0.en-ext-1|space	qsPea/full/None/None/|qsTea/full/None/baseline/|qsDay/half/baseline/None/en-ext-1|space/boundary/None/None/
default	E650:E652:E653:00B7	cell	dangling-anchor-dropped	qsPea|qsTea.ex-y0|qsDay.half.en-y0.ex-y0.en-ext-1|periodcentered	qsPea/full/None/None/|qsTea/full/None/baseline/|qsDay/half/baseline/None/en-ext-1|namer-dot/boundary/None/None/
default	E650:E652:E653:200C	cell	boundary-echo	qsPea|qsTea.ex-y0|qsDay.half.en-y0.ex-y0.en-ext-1|space	qsPea/full/None/None/|qsTea/full/None/baseline/|qsDay/half/baseline/None/en-ext-1|zwnj/boundary/None/None/
default	E650:E652:E653:E650	cell	dangling-anchor-dropped	qsPea|qsTea.ex-y0|qsDay.half.en-y0.ex-y0.en-ext-1|qsPea	qsPea/full/None/None/|qsTea/full/None/baseline/|qsDay/half/baseline/None/en-ext-1|qsPea/full/None/None/
default	E650:E652:E653:E653	cell	dangling-anchor-dropped	qsPea|qsTea.ex-y0|qsDay.half.en-y0.ex-y0.en-ext-1|qsDay.half.en-y0.ex-y0	qsPea/full/None/None/|qsTea/full/None/baseline/|qsDay/half/baseline/baseline/en-ext-1|qsDay/half/baseline/None/
default	E650:E652:E653:E668	cell	bare-name-live-join	qsPea|qsTea.ex-y0|qsDay.half.en-y0.ex-y0.en-ext-1|qsRoe	qsPea/full/None/None/|qsTea/full/None/baseline/|qsDay/half/baseline/baseline/en-ext-1|qsRoe/hapax/baseline/None/
default	E650:E652:E668:E668	cell,position	UNMATCHED	qsPea|qsTea.half.ex-y5|qsRoe.ex-y0|qsRoe	qsPea/full/None/None/|qsTea/half/None/x-height/|qsRoe/hapax/x-height/baseline/en-con-1|qsRoe/hapax/baseline/None/
default	E650:E653:0020:0020	cell	boundary-echo	qsPea|qsDay.half.en-y0.ex-y0|space|space	qsPea/full/None/baseline/|qsDay/half/baseline/None/|space/boundary/None/None/|space/boundary/None/None/
default	E650:E653:0020:00B7	cell	boundary-echo	qsPea|qsDay.half.en-y0.ex-y0|space|periodcentered	qsPea/full/None/baseline/|qsDay/half/baseline/None/|space/boundary/None/None/|namer-dot/boundary/None/None/
default	E650:E653:0020:200C	cell	boundary-echo	qsPea|qsDay.half.en-y0.ex-y0|space|space	qsPea/full/None/baseline/|qsDay/half/baseline/None/|space/boundary/None/None/|zwnj/boundary/None/None/
default	E650:E653:0020:E650	cell	boundary-echo	qsPea|qsDay.half.en-y0.ex-y0|space|qsPea	qsPea/full/None/baseline/|qsDay/half/baseline/None/|space/boundary/None/None/|qsPea/full/None/None/
default	E650:E653:0020:E652	cell	boundary-echo	qsPea|qsDay.half.en-y0.ex-y0|space|qsTea	qsPea/full/None/baseline/|qsDay/half/baseline/None/|space/boundary/None/None/|qsTea/full/None/None/
default	E650:E653:0020:E653	cell	boundary-echo	qsPea|qsDay.half.en-y0.ex-y0|space|qsDay	qsPea/full/None/baseline/|qsDay/half/baseline/None/|space/boundary/None/None/|qsDay/full/None/None/
default	E650:E653:0020:E668	cell	boundary-echo	qsPea|qsDay.half.en-y0.ex-y0|space|qsRoe	qsPea/full/None/baseline/|qsDay/half/baseline/None/|space/boundary/None/None/|qsRoe/hapax/None/None/
default	E650:E653:00B7:0020	cell	boundary-echo	qsPea|qsDay.half.en-y0.ex-y0|periodcentered|space	qsPea/full/None/baseline/|qsDay/half/baseline/None/|namer-dot/boundary/None/None/|space/boundary/None/None/
default	E650:E653:00B7:00B7	cell	dangling-anchor-dropped	qsPea|qsDay.half.en-y0.ex-y0|periodcentered|periodcentered	qsPea/full/None/baseline/|qsDay/half/baseline/None/|namer-dot/boundary/None/None/|namer-dot/boundary/None/None/
default	E650:E653:00B7:200C	cell	boundary-echo	qsPea|qsDay.half.en-y0.ex-y0|periodcentered|space	qsPea/full/None/baseline/|qsDay/half/baseline/None/|namer-dot/boundary/None/None/|zwnj/boundary/None/None/
default	E650:E653:00B7:E650	cell	dangling-anchor-dropped	qsPea|qsDay.half.en-y0.ex-y0|periodcentered|qsPea	qsPea/full/None/baseline/|qsDay/half/baseline/None/|namer-dot/boundary/None/None/|qsPea/full/None/None/
default	E650:E653:00B7:E652	cell	dangling-anchor-dropped	qsPea|qsDay.half.en-y0.ex-y0|periodcentered|qsTea	qsPea/full/None/baseline/|qsDay/half/baseline/None/|namer-dot/boundary/None/None/|qsTea/full/None/None/
default	E650:E653:00B7:E653	cell	dangling-anchor-dropped	qsPea|qsDay.half.en-y0.ex-y0|periodcentered|qsDay	qsPea/full/None/baseline/|qsDay/half/baseline/None/|namer-dot/boundary/None/None/|qsDay/full/None/None/
default	E650:E653:00B7:E668	cell	dangling-anchor-dropped	qsPea|qsDay.half.en-y0.ex-y0|periodcentered.lowered|qsRoe	qsPea/full/None/baseline/|qsDay/half/baseline/None/|namer-dot/boundary/None/None/|qsRoe/hapax/None/None/
default	E650:E653:200C:0020	cell	boundary-echo	qsPea|qsDay.half.en-y0.ex-y0|space|space	qsPea/full/None/baseline/|qsDay/half/baseline/None/|zwnj/boundary/None/None/|space/boundary/None/None/
default	E650:E653:200C:00B7	cell	boundary-echo	qsPea|qsDay.half.en-y0.ex-y0|space|periodcentered	qsPea/full/None/baseline/|qsDay/half/baseline/None/|zwnj/boundary/None/None/|namer-dot/boundary/None/None/
default	E650:E653:200C:200C	cell	boundary-echo	qsPea|qsDay.half.en-y0.ex-y0|space|space	qsPea/full/None/baseline/|qsDay/half/baseline/None/|zwnj/boundary/None/None/|zwnj/boundary/None/None/
default	E650:E653:200C:E650	cell	boundary-echo	qsPea|qsDay.half.en-y0.ex-y0|space|qsPea.noentry	qsPea/full/None/baseline/|qsDay/half/baseline/None/|zwnj/boundary/None/None/|qsPea/full/None/None/locked
default	E650:E653:200C:E652	cell	boundary-echo	qsPea|qsDay.half.en-y0.ex-y0|space|qsTea.noentry	qsPea/full/None/baseline/|qsDay/half/baseline/None/|zwnj/boundary/None/None/|qsTea/full/None/None/locked
default	E650:E653:200C:E653	cell	boundary-echo	qsPea|qsDay.half.en-y0.ex-y0|space|qsDay.noentry	qsPea/full/None/baseline/|qsDay/half/baseline/None/|zwnj/boundary/None/None/|qsDay/full/None/None/locked
default	E650:E653:200C:E668	cell	boundary-echo	qsPea|qsDay.half.en-y0.ex-y0|space|qsRoe.noentry	qsPea/full/None/baseline/|qsDay/half/baseline/None/|zwnj/boundary/None/None/|qsRoe/hapax/None/None/locked
default	E650:E653:E650:0020	cell	boundary-echo	qsPea|qsDay.half.en-y0.ex-y0|qsPea|space	qsPea/full/None/baseline/|qsDay/half/baseline/None/|qsPea/full/None/None/|space/boundary/None/None/
default	E650:E653:E650:00B7	cell	dangling-anchor-dropped	qsPea|qsDay.half.en-y0.ex-y0|qsPea|periodcentered	qsPea/full/None/baseline/|qsDay/half/baseline/None/|qsPea/full/None/None/|namer-dot/boundary/None/None/
default	E650:E653:E650:200C	cell	boundary-echo	qsPea|qsDay.half.en-y0.ex-y0|qsPea|space	qsPea/full/None/baseline/|qsDay/half/baseline/None/|qsPea/full/None/None/|zwnj/boundary/None/None/
default	E650:E653:E650:E650	cell	dangling-anchor-dropped	qsPea|qsDay.half.en-y0.ex-y0|qsPea.half.en-y6.ex-y6|qsPea.en-y6	qsPea/full/None/baseline/|qsDay/half/baseline/None/|qsPea/half/None/y6/|qsPea/full/y6/None/
default	E650:E653:E650:E652	cell	dangling-anchor-dropped	qsPea|qsDay.half.en-y0.ex-y0|qsPea|qsTea	qsPea/full/None/baseline/|qsDay/half/baseline/None/|qsPea/full/None/None/|qsTea/full/None/None/
default	E650:E653:E650:E653	cell	dangling-anchor-dropped	qsPea|qsDay.half.en-y0.ex-y0|qsPea|qsDay.half.en-y0.ex-y0	qsPea/full/None/baseline/|qsDay/half/baseline/None/|qsPea/full/None/baseline/|qsDay/half/baseline/None/
default	E650:E653:E650:E668	cell	dangling-anchor-dropped	qsPea|qsDay.half.en-y0.ex-y0|qsPea.half.ex-y5.ex-dips|qsRoe.en-y5.en-con-1	qsPea/full/None/baseline/|qsDay/half/baseline/None/|qsPea/half/None/x-height/|qsRoe/hapax/x-height/None/en-con-1
default	E650:E653:E652:0020	cell	boundary-echo	qsPea|qsDay.half.en-y0.ex-y0|qsTea.en-y0|space	qsPea/full/None/baseline/|qsDay/half/baseline/baseline/|qsTea/full/baseline/None/|space/boundary/None/None/
default	E650:E653:E652:00B7	cell	bare-name-live-join	qsPea|qsDay.half.en-y0.ex-y0|qsTea.en-y0|periodcentered	qsPea/full/None/baseline/|qsDay/half/baseline/baseline/|qsTea/full/baseline/None/|namer-dot/boundary/None/None/
default	E650:E653:E652:200C	cell	boundary-echo	qsPea|qsDay.half.en-y0.ex-y0|qsTea.en-y0|space	qsPea/full/None/baseline/|qsDay/half/baseline/baseline/|qsTea/full/baseline/None/|zwnj/boundary/None/None/
default	E650:E653:E652:E650	cell	bare-name-live-join	qsPea|qsDay.half.en-y0.ex-y0|qsTea.en-y0|qsPea	qsPea/full/None/baseline/|qsDay/half/baseline/baseline/|qsTea/full/baseline/None/|qsPea/full/None/None/
default	E650:E653:E652:E652	cell	bare-name-live-join	qsPea|qsDay.half.en-y0.ex-y0|qsTea.en-y0|qsTea	qsPea/full/None/baseline/|qsDay/half/baseline/baseline/|qsTea/full/baseline/None/|qsTea/full/None/None/
default	E650:E653:E652:E653	cell	dangling-anchor-dropped	qsPea|qsDay.half.en-y0.ex-y0|qsTea.ex-y0|qsDay.half.en-y0.ex-y0.en-ext-1	qsPea/full/None/baseline/|qsDay/half/baseline/None/|qsTea/full/None/baseline/|qsDay/half/baseline/None/en-ext-1
default	E650:E653:E652:E668	cell,seam	regrouping-floor-drift	qsPea|qsDay.half.en-y0.ex-y0|qsTea.half.ex-y5|qsRoe.en-y5.en-con-1	qsPea/full/None/baseline/|qsDay/half/baseline/baseline/|qsTea/full/baseline/None/|qsRoe/hapax/None/None/
default	E650:E653:E653:0020	cell	boundary-echo	qsPea|qsDay.half.en-y0.ex-y0|qsDay.half.en-y0.ex-y0|space	qsPea/full/None/baseline/|qsDay/half/baseline/baseline/|qsDay/half/baseline/None/|space/boundary/None/None/
default	E650:E653:E653:00B7	cell	dangling-anchor-dropped	qsPea|qsDay.half.en-y0.ex-y0|qsDay.half.en-y0.ex-y0|periodcentered	qsPea/full/None/baseline/|qsDay/half/baseline/baseline/|qsDay/half/baseline/None/|namer-dot/boundary/None/None/
default	E650:E653:E653:200C	cell	boundary-echo	qsPea|qsDay.half.en-y0.ex-y0|qsDay.half.en-y0.ex-y0|space	qsPea/full/None/baseline/|qsDay/half/baseline/baseline/|qsDay/half/baseline/None/|zwnj/boundary/None/None/
default	E650:E653:E653:E650	cell	dangling-anchor-dropped	qsPea|qsDay.half.en-y0.ex-y0|qsDay.half.en-y0.ex-y0|qsPea	qsPea/full/None/baseline/|qsDay/half/baseline/baseline/|qsDay/half/baseline/None/|qsPea/full/None/None/
default	E650:E653:E653:E652	cell	bare-name-live-join	qsPea|qsDay.half.en-y0.ex-y0|qsDay.half.en-y0.ex-y0|qsTea.en-y0	qsPea/full/None/baseline/|qsDay/half/baseline/baseline/|qsDay/half/baseline/baseline/|qsTea/full/baseline/None/
default	E650:E653:E653:E653	cell	dangling-anchor-dropped	qsPea|qsDay.half.en-y0.ex-y0|qsDay.half.en-y0.ex-y0|qsDay.half.en-y0.ex-y0	qsPea/full/None/baseline/|qsDay/half/baseline/baseline/|qsDay/half/baseline/baseline/|qsDay/half/baseline/None/
default	E650:E653:E653:E668	cell	bare-name-live-join	qsPea|qsDay.half.en-y0.ex-y0|qsDay.half.en-y0.ex-y0|qsRoe	qsPea/full/None/baseline/|qsDay/half/baseline/baseline/|qsDay/half/baseline/baseline/|qsRoe/hapax/baseline/None/
default	E650:E653:E668:0020	cell	boundary-echo	qsPea|qsDay.half.en-y0.ex-y0|qsRoe|space	qsPea/full/None/baseline/|qsDay/half/baseline/baseline/|qsRoe/hapax/baseline/None/|space/boundary/None/None/
default	E650:E653:E668:00B7	cell	bare-name-live-join	qsPea|qsDay.half.en-y0.ex-y0|qsRoe|periodcentered	qsPea/full/None/baseline/|qsDay/half/baseline/baseline/|qsRoe/hapax/baseline/None/|namer-dot/boundary/None/None/
default	E650:E653:E668:200C	cell	boundary-echo	qsPea|qsDay.half.en-y0.ex-y0|qsRoe|space	qsPea/full/None/baseline/|qsDay/half/baseline/baseline/|qsRoe/hapax/baseline/None/|zwnj/boundary/None/None/
default	E650:E653:E668:E650	cell	bare-name-live-join	qsPea|qsDay.half.en-y0.ex-y0|qsRoe|qsPea	qsPea/full/None/baseline/|qsDay/half/baseline/baseline/|qsRoe/hapax/baseline/None/|qsPea/full/None/None/
default	E650:E653:E668:E652	cell	bare-name-live-join	qsPea|qsDay.half.en-y0.ex-y0|qsRoe|qsTea	qsPea/full/None/baseline/|qsDay/half/baseline/baseline/|qsRoe/hapax/baseline/None/|qsTea/full/None/None/
default	E650:E653:E668:E653	cell	bare-name-live-join	qsPea|qsDay.half.en-y0.ex-y0|qsRoe|qsDay	qsPea/full/None/baseline/|qsDay/half/baseline/baseline/|qsRoe/hapax/baseline/None/|qsDay/full/None/None/
default	E650:E653:E668:E668	cell	bare-name-live-join	qsPea|qsDay.half.en-y0.ex-y0|qsRoe.en-y0.ex-y5|qsRoe	qsPea/full/None/baseline/|qsDay/half/baseline/baseline/|qsRoe/hapax/baseline/x-height/|qsRoe/hapax/x-height/None/
default	E650:E668:E650:E650	cell	dangling-anchor-dropped	qsPea.half.ex-y5.ex-dips|qsRoe.en-y5.en-con-1|qsPea.half.en-y6.ex-y6|qsPea.en-y6	qsPea/half/None/x-height/|qsRoe/hapax/x-height/None/en-con-1|qsPea/half/None/y6/|qsPea/full/y6/None/
default	E650:E668:E650:E653	cell	dangling-anchor-dropped	qsPea.half.ex-y5.ex-dips|qsRoe.en-y5.en-con-1|qsPea|qsDay.half.en-y0.ex-y0	qsPea/half/None/x-height/|qsRoe/hapax/x-height/None/en-con-1|qsPea/full/None/baseline/|qsDay/half/baseline/None/
default	E650:E668:E652:E653	cell	dangling-anchor-dropped	qsPea.half.ex-y5.ex-dips|qsRoe.en-y5.en-con-1|qsTea.ex-y0|qsDay.half.en-y0.ex-y0.en-ext-1	qsPea/half/None/x-height/|qsRoe/hapax/x-height/None/en-con-1|qsTea/full/None/baseline/|qsDay/half/baseline/None/en-ext-1
default	E650:E668:E653:E652	cell	bare-name-live-join	qsPea.half.ex-y5.ex-dips|qsRoe.en-y5.en-con-1|qsDay|qsTea.en-y0	qsPea/half/None/x-height/|qsRoe/hapax/x-height/None/en-con-1|qsDay/full/None/baseline/|qsTea/full/baseline/None/
default	E650:E668:E653:E653	cell	dangling-anchor-dropped	qsPea.half.ex-y5.ex-dips|qsRoe.en-y5.en-con-1|qsDay|qsDay.half.en-y0.ex-y0	qsPea/half/None/x-height/|qsRoe/hapax/x-height/None/en-con-1|qsDay/full/None/baseline/|qsDay/half/baseline/None/
default	E650:E668:E653:E668	cell	bare-name-live-join	qsPea.half.ex-y5.ex-dips|qsRoe.en-y5.en-con-1|qsDay|qsRoe	qsPea/half/None/x-height/|qsRoe/hapax/x-height/None/en-con-1|qsDay/full/None/baseline/|qsRoe/hapax/baseline/None/
default	E650:E668:E668:0020	cell	boundary-echo	qsPea.half.ex-y5.ex-dips|qsRoe.ex-y0|qsRoe|space	qsPea/half/None/x-height/|qsRoe/hapax/x-height/baseline/en-con-1|qsRoe/hapax/baseline/None/|space/boundary/None/None/
default	E650:E668:E668:00B7	cell,position	UNMATCHED	qsPea.half.ex-y5.ex-dips|qsRoe.ex-y0|qsRoe|periodcentered	qsPea/half/None/x-height/|qsRoe/hapax/x-height/baseline/en-con-1|qsRoe/hapax/baseline/None/|namer-dot/boundary/None/None/
default	E650:E668:E668:200C	cell	boundary-echo	qsPea.half.ex-y5.ex-dips|qsRoe.ex-y0|qsRoe|space	qsPea/half/None/x-height/|qsRoe/hapax/x-height/baseline/en-con-1|qsRoe/hapax/baseline/None/|zwnj/boundary/None/None/
default	E650:E668:E668:E650	cell,position	UNMATCHED	qsPea.half.ex-y5.ex-dips|qsRoe.ex-y0|qsRoe|qsPea	qsPea/half/None/x-height/|qsRoe/hapax/x-height/baseline/en-con-1|qsRoe/hapax/baseline/None/|qsPea/full/None/None/
default	E650:E668:E668:E652	cell,position	UNMATCHED	qsPea.half.ex-y5.ex-dips|qsRoe.ex-y0|qsRoe|qsTea	qsPea/half/None/x-height/|qsRoe/hapax/x-height/baseline/en-con-1|qsRoe/hapax/baseline/None/|qsTea/full/None/None/
default	E650:E668:E668:E653	cell,position	UNMATCHED	qsPea.half.ex-y5.ex-dips|qsRoe.ex-y0|qsRoe|qsDay	qsPea/half/None/x-height/|qsRoe/hapax/x-height/baseline/en-con-1|qsRoe/hapax/baseline/None/|qsDay/full/None/None/
default	E650:E668:E668:E668	cell,position	UNMATCHED	qsPea.half.ex-y5.ex-dips|qsRoe.ex-y0|qsRoe.en-y0.ex-y5|qsRoe	qsPea/half/None/x-height/|qsRoe/hapax/x-height/baseline/en-con-1|qsRoe/hapax/baseline/x-height/|qsRoe/hapax/x-height/None/
default	E652:0020:E650:E650	cell	boundary-echo	qsTea|space|qsPea.half.en-y6.ex-y6|qsPea.en-y6	qsTea/full/None/None/|space/boundary/None/None/|qsPea/half/None/y6/|qsPea/full/y6/None/
default	E652:0020:E650:E653	cell	boundary-echo	qsTea|space|qsPea|qsDay.half.en-y0.ex-y0	qsTea/full/None/None/|space/boundary/None/None/|qsPea/full/None/baseline/|qsDay/half/baseline/None/
default	E652:0020:E652:E653	cell	boundary-echo	qsTea|space|qsTea.ex-y0|qsDay.half.en-y0.ex-y0.en-ext-1	qsTea/full/None/None/|space/boundary/None/None/|qsTea/full/None/baseline/|qsDay/half/baseline/None/en-ext-1
default	E652:0020:E653:E652	cell	boundary-echo	qsTea|space|qsDay|qsTea.en-y0	qsTea/full/None/None/|space/boundary/None/None/|qsDay/full/None/baseline/|qsTea/full/baseline/None/
default	E652:0020:E653:E653	cell	boundary-echo	qsTea|space|qsDay|qsDay.half.en-y0.ex-y0	qsTea/full/None/None/|space/boundary/None/None/|qsDay/full/None/baseline/|qsDay/half/baseline/None/
default	E652:0020:E653:E668	cell	boundary-echo	qsTea|space|qsDay|qsRoe	qsTea/full/None/None/|space/boundary/None/None/|qsDay/full/None/baseline/|qsRoe/hapax/baseline/None/
default	E652:0020:E668:E668	cell	boundary-echo	qsTea|space|qsRoe.en-y0.ex-y5|qsRoe	qsTea/full/None/None/|space/boundary/None/None/|qsRoe/hapax/None/x-height/|qsRoe/hapax/x-height/None/
default	E652:00B7:E650:E650	cell	dangling-anchor-dropped	qsTea|periodcentered|qsPea.half.en-y6.ex-y6|qsPea.en-y6	qsTea/full/None/None/|namer-dot/boundary/None/None/|qsPea/half/None/y6/|qsPea/full/y6/None/
default	E652:00B7:E650:E653	cell	dangling-anchor-dropped	qsTea|periodcentered|qsPea|qsDay.half.en-y0.ex-y0	qsTea/full/None/None/|namer-dot/boundary/None/None/|qsPea/full/None/baseline/|qsDay/half/baseline/None/
default	E652:00B7:E652:E653	cell	dangling-anchor-dropped	qsTea|periodcentered|qsTea.ex-y0|qsDay.half.en-y0.ex-y0.en-ext-1	qsTea/full/None/None/|namer-dot/boundary/None/None/|qsTea/full/None/baseline/|qsDay/half/baseline/None/en-ext-1
default	E652:00B7:E653:E652	cell	bare-name-live-join	qsTea|periodcentered|qsDay|qsTea.en-y0	qsTea/full/None/None/|namer-dot/boundary/None/None/|qsDay/full/None/baseline/|qsTea/full/baseline/None/
default	E652:00B7:E653:E653	cell	dangling-anchor-dropped	qsTea|periodcentered|qsDay|qsDay.half.en-y0.ex-y0	qsTea/full/None/None/|namer-dot/boundary/None/None/|qsDay/full/None/baseline/|qsDay/half/baseline/None/
default	E652:00B7:E653:E668	cell	bare-name-live-join	qsTea|periodcentered|qsDay|qsRoe	qsTea/full/None/None/|namer-dot/boundary/None/None/|qsDay/full/None/baseline/|qsRoe/hapax/baseline/None/
default	E652:00B7:E668:E668	cell	dangling-anchor-dropped	qsTea|periodcentered.lowered|qsRoe.en-y0.ex-y5|qsRoe	qsTea/full/None/None/|namer-dot/boundary/None/None/|qsRoe/hapax/None/x-height/|qsRoe/hapax/x-height/None/
default	E652:200C:E650:E653	cell	boundary-echo	qsTea|space|qsPea.noentry|qsDay.half.en-y0.ex-y0	qsTea/full/None/None/|zwnj/boundary/None/None/|qsPea/full/None/baseline/locked|qsDay/half/baseline/None/
default	E652:200C:E650:E668	cell	boundary-echo	qsTea|space|qsPea.half.ex-y5.ex-dips|qsRoe.en-y5.en-con-1	qsTea/full/None/None/|zwnj/boundary/None/None/|qsPea/half/None/x-height/locked|qsRoe/hapax/x-height/None/en-con-1
default	E652:200C:E652:E652	cell	boundary-echo	qsTea|space|qsTea.ex-y0|qsTea	qsTea/full/None/None/|zwnj/boundary/None/None/|qsTea/full/None/None/locked|qsTea/full/None/None/
default	E652:200C:E652:E653	cell	boundary-echo	qsTea|space|qsTea.ex-y0|qsDay.half.en-y0.ex-y0.en-ext-1	qsTea/full/None/None/|zwnj/boundary/None/None/|qsTea/full/None/baseline/locked|qsDay/half/baseline/None/en-ext-1
default	E652:200C:E653:E652	cell	boundary-echo	qsTea|space|qsDay.noentry|qsTea.en-y0	qsTea/full/None/None/|zwnj/boundary/None/None/|qsDay/full/None/baseline/locked|qsTea/full/baseline/None/
default	E652:200C:E653:E653	cell	boundary-echo	qsTea|space|qsDay.noentry|qsDay.half.en-y0.ex-y0	qsTea/full/None/None/|zwnj/boundary/None/None/|qsDay/full/None/baseline/locked|qsDay/half/baseline/None/
default	E652:200C:E653:E668	cell	boundary-echo	qsTea|space|qsDay.noentry|qsRoe	qsTea/full/None/None/|zwnj/boundary/None/None/|qsDay/full/None/baseline/locked|qsRoe/hapax/baseline/None/
default	E652:200C:E668:E668	cell	boundary-echo	qsTea|space|qsRoe.en-y0.ex-y5.noentry|qsRoe	qsTea/full/None/None/|zwnj/boundary/None/None/|qsRoe/hapax/None/x-height/locked|qsRoe/hapax/x-height/None/
default	E652:E650:E650:0020	cell	boundary-echo	qsTea|qsPea.half.en-y6.ex-y6|qsPea.en-y6|space	qsTea/full/None/None/|qsPea/half/None/y6/|qsPea/full/y6/None/|space/boundary/None/None/
default	E652:E650:E650:00B7	cell	dangling-anchor-dropped	qsTea|qsPea.half.en-y6.ex-y6|qsPea.en-y6|periodcentered	qsTea/full/None/None/|qsPea/half/None/y6/|qsPea/full/y6/None/|namer-dot/boundary/None/None/
default	E652:E650:E650:200C	cell	boundary-echo	qsTea|qsPea.half.en-y6.ex-y6|qsPea.en-y6|space	qsTea/full/None/None/|qsPea/half/None/y6/|qsPea/full/y6/None/|zwnj/boundary/None/None/
default	E652:E650:E650:E650	cell	dangling-anchor-dropped	qsTea|qsPea.half.en-y6.ex-y6|qsPea.half.en-y6.ex-y6|qsPea.en-y6	qsTea/full/None/None/|qsPea/half/None/y6/|qsPea/half/y6/y6/|qsPea/full/y6/None/
default	E652:E650:E650:E652	cell	dangling-anchor-dropped	qsTea|qsPea.half.en-y6.ex-y6|qsPea.en-y6.ex-y0|qsTea	qsTea/full/None/None/|qsPea/half/None/y6/|qsPea/full/y6/None/|qsTea/full/None/None/
default	E652:E650:E650:E653	cell	dangling-anchor-dropped	qsTea|qsPea.half.en-y6.ex-y6|qsPea.en-y6.ex-y0|qsDay.half.en-y0.ex-y0	qsTea/full/None/None/|qsPea/half/None/y6/|qsPea/full/y6/baseline/|qsDay/half/baseline/None/
default	E652:E650:E650:E668	cell	dangling-anchor-dropped	qsTea|qsPea.half.en-y6.ex-y6|qsPea.half.en-y6.ex-y5.ex-dips|qsRoe.en-y5.en-con-1	qsTea/full/None/None/|qsPea/half/None/y6/|qsPea/half/y6/x-height/|qsRoe/hapax/x-height/None/en-con-1
default	E652:E650:E652:E653	cell	dangling-anchor-dropped	qsTea|qsPea|qsTea.ex-y0|qsDay.half.en-y0.ex-y0.en-ext-1	qsTea/full/None/None/|qsPea/full/None/None/|qsTea/full/None/baseline/|qsDay/half/baseline/None/en-ext-1
default	E652:E650:E653:0020	cell	boundary-echo	qsTea|qsPea|qsDay.half.en-y0.ex-y0|space	qsTea/full/None/None/|qsPea/full/None/baseline/|qsDay/half/baseline/None/|space/boundary/None/None/
default	E652:E650:E653:00B7	cell	dangling-anchor-dropped	qsTea|qsPea|qsDay.half.en-y0.ex-y0|periodcentered	qsTea/full/None/None/|qsPea/full/None/baseline/|qsDay/half/baseline/None/|namer-dot/boundary/None/None/
default	E652:E650:E653:200C	cell	boundary-echo	qsTea|qsPea|qsDay.half.en-y0.ex-y0|space	qsTea/full/None/None/|qsPea/full/None/baseline/|qsDay/half/baseline/None/|zwnj/boundary/None/None/
default	E652:E650:E653:E650	cell	dangling-anchor-dropped	qsTea|qsPea|qsDay.half.en-y0.ex-y0|qsPea	qsTea/full/None/None/|qsPea/full/None/baseline/|qsDay/half/baseline/None/|qsPea/full/None/None/
default	E652:E650:E653:E652	cell	bare-name-live-join	qsTea|qsPea|qsDay.half.en-y0.ex-y0|qsTea.en-y0	qsTea/full/None/None/|qsPea/full/None/baseline/|qsDay/half/baseline/baseline/|qsTea/full/baseline/None/
default	E652:E650:E653:E653	cell	dangling-anchor-dropped	qsTea|qsPea|qsDay.half.en-y0.ex-y0|qsDay.half.en-y0.ex-y0	qsTea/full/None/None/|qsPea/full/None/baseline/|qsDay/half/baseline/baseline/|qsDay/half/baseline/None/
default	E652:E650:E653:E668	cell	bare-name-live-join	qsTea|qsPea|qsDay.half.en-y0.ex-y0|qsRoe	qsTea/full/None/None/|qsPea/full/None/baseline/|qsDay/half/baseline/baseline/|qsRoe/hapax/baseline/None/
default	E652:E650:E668:E668	cell,position	UNMATCHED	qsTea|qsPea.half.ex-y5.ex-dips|qsRoe.ex-y0|qsRoe	qsTea/full/None/None/|qsPea/half/None/x-height/|qsRoe/hapax/x-height/baseline/en-con-1|qsRoe/hapax/baseline/None/
default	E652:E652:E650:E650	cell	dangling-anchor-dropped	qsTea|qsTea|qsPea.half.en-y6.ex-y6|qsPea.en-y6	qsTea/full/None/None/|qsTea/full/None/None/|qsPea/half/None/y6/|qsPea/full/y6/None/
default	E652:E652:E650:E653	cell	dangling-anchor-dropped	qsTea|qsTea|qsPea|qsDay.half.en-y0.ex-y0	qsTea/full/None/None/|qsTea/full/None/None/|qsPea/full/None/baseline/|qsDay/half/baseline/None/
default	E652:E652:E652:E653	cell	dangling-anchor-dropped	qsTea|qsTea|qsTea.ex-y0|qsDay.half.en-y0.ex-y0.en-ext-1	qsTea/full/None/None/|qsTea/full/None/None/|qsTea/full/None/baseline/|qsDay/half/baseline/None/en-ext-1
default	E652:E652:E653:0020	cell	boundary-echo	qsTea|qsTea.ex-y0|qsDay.half.en-y0.ex-y0.en-ext-1|space	qsTea/full/None/None/|qsTea/full/None/baseline/|qsDay/half/baseline/None/en-ext-1|space/boundary/None/None/
default	E652:E652:E653:00B7	cell	dangling-anchor-dropped	qsTea|qsTea.ex-y0|qsDay.half.en-y0.ex-y0.en-ext-1|periodcentered	qsTea/full/None/None/|qsTea/full/None/baseline/|qsDay/half/baseline/None/en-ext-1|namer-dot/boundary/None/None/
default	E652:E652:E653:200C	cell	boundary-echo	qsTea|qsTea.ex-y0|qsDay.half.en-y0.ex-y0.en-ext-1|space	qsTea/full/None/None/|qsTea/full/None/baseline/|qsDay/half/baseline/None/en-ext-1|zwnj/boundary/None/None/
default	E652:E652:E653:E650	cell	dangling-anchor-dropped	qsTea|qsTea.ex-y0|qsDay.half.en-y0.ex-y0.en-ext-1|qsPea	qsTea/full/None/None/|qsTea/full/None/baseline/|qsDay/half/baseline/None/en-ext-1|qsPea/full/None/None/
default	E652:E652:E653:E653	cell	dangling-anchor-dropped	qsTea|qsTea.ex-y0|qsDay.half.en-y0.ex-y0.en-ext-1|qsDay.half.en-y0.ex-y0	qsTea/full/None/None/|qsTea/full/None/baseline/|qsDay/half/baseline/baseline/en-ext-1|qsDay/half/baseline/None/
default	E652:E652:E653:E668	cell	bare-name-live-join	qsTea|qsTea.ex-y0|qsDay.half.en-y0.ex-y0.en-ext-1|qsRoe	qsTea/full/None/None/|qsTea/full/None/baseline/|qsDay/half/baseline/baseline/en-ext-1|qsRoe/hapax/baseline/None/
default	E652:E652:E668:E668	cell,position	UNMATCHED	qsTea|qsTea.half.ex-y5|qsRoe.ex-y0|qsRoe	qsTea/full/None/None/|qsTea/half/None/x-height/|qsRoe/hapax/x-height/baseline/en-con-1|qsRoe/hapax/baseline/None/
default	E652:E653:0020:0020	cell	boundary-echo	qsTea.ex-y0|qsDay.half.en-y0.ex-y0.en-ext-1|space|space	qsTea/full/None/baseline/|qsDay/half/baseline/None/en-ext-1|space/boundary/None/None/|space/boundary/None/None/
default	E652:E653:0020:00B7	cell	boundary-echo	qsTea.ex-y0|qsDay.half.en-y0.ex-y0.en-ext-1|space|periodcentered	qsTea/full/None/baseline/|qsDay/half/baseline/None/en-ext-1|space/boundary/None/None/|namer-dot/boundary/None/None/
default	E652:E653:0020:200C	cell	boundary-echo	qsTea.ex-y0|qsDay.half.en-y0.ex-y0.en-ext-1|space|space	qsTea/full/None/baseline/|qsDay/half/baseline/None/en-ext-1|space/boundary/None/None/|zwnj/boundary/None/None/
default	E652:E653:0020:E650	cell	boundary-echo	qsTea.ex-y0|qsDay.half.en-y0.ex-y0.en-ext-1|space|qsPea	qsTea/full/None/baseline/|qsDay/half/baseline/None/en-ext-1|space/boundary/None/None/|qsPea/full/None/None/
default	E652:E653:0020:E652	cell	boundary-echo	qsTea.ex-y0|qsDay.half.en-y0.ex-y0.en-ext-1|space|qsTea	qsTea/full/None/baseline/|qsDay/half/baseline/None/en-ext-1|space/boundary/None/None/|qsTea/full/None/None/
default	E652:E653:0020:E653	cell	boundary-echo	qsTea.ex-y0|qsDay.half.en-y0.ex-y0.en-ext-1|space|qsDay	qsTea/full/None/baseline/|qsDay/half/baseline/None/en-ext-1|space/boundary/None/None/|qsDay/full/None/None/
default	E652:E653:0020:E668	cell	boundary-echo	qsTea.ex-y0|qsDay.half.en-y0.ex-y0.en-ext-1|space|qsRoe	qsTea/full/None/baseline/|qsDay/half/baseline/None/en-ext-1|space/boundary/None/None/|qsRoe/hapax/None/None/
default	E652:E653:00B7:0020	cell	boundary-echo	qsTea.ex-y0|qsDay.half.en-y0.ex-y0.en-ext-1|periodcentered|space	qsTea/full/None/baseline/|qsDay/half/baseline/None/en-ext-1|namer-dot/boundary/None/None/|space/boundary/None/None/
default	E652:E653:00B7:00B7	cell	dangling-anchor-dropped	qsTea.ex-y0|qsDay.half.en-y0.ex-y0.en-ext-1|periodcentered|periodcentered	qsTea/full/None/baseline/|qsDay/half/baseline/None/en-ext-1|namer-dot/boundary/None/None/|namer-dot/boundary/None/None/
default	E652:E653:00B7:200C	cell	boundary-echo	qsTea.ex-y0|qsDay.half.en-y0.ex-y0.en-ext-1|periodcentered|space	qsTea/full/None/baseline/|qsDay/half/baseline/None/en-ext-1|namer-dot/boundary/None/None/|zwnj/boundary/None/None/
default	E652:E653:00B7:E650	cell	dangling-anchor-dropped	qsTea.ex-y0|qsDay.half.en-y0.ex-y0.en-ext-1|periodcentered|qsPea	qsTea/full/None/baseline/|qsDay/half/baseline/None/en-ext-1|namer-dot/boundary/None/None/|qsPea/full/None/None/
default	E652:E653:00B7:E652	cell	dangling-anchor-dropped	qsTea.ex-y0|qsDay.half.en-y0.ex-y0.en-ext-1|periodcentered|qsTea	qsTea/full/None/baseline/|qsDay/half/baseline/None/en-ext-1|namer-dot/boundary/None/None/|qsTea/full/None/None/
default	E652:E653:00B7:E653	cell	dangling-anchor-dropped	qsTea.ex-y0|qsDay.half.en-y0.ex-y0.en-ext-1|periodcentered|qsDay	qsTea/full/None/baseline/|qsDay/half/baseline/None/en-ext-1|namer-dot/boundary/None/None/|qsDay/full/None/None/
default	E652:E653:00B7:E668	cell	dangling-anchor-dropped	qsTea.ex-y0|qsDay.half.en-y0.ex-y0.en-ext-1|periodcentered.lowered|qsRoe	qsTea/full/None/baseline/|qsDay/half/baseline/None/en-ext-1|namer-dot/boundary/None/None/|qsRoe/hapax/None/None/
default	E652:E653:200C:0020	cell	boundary-echo	qsTea.ex-y0|qsDay.half.en-y0.ex-y0.en-ext-1|space|space	qsTea/full/None/baseline/|qsDay/half/baseline/None/en-ext-1|zwnj/boundary/None/None/|space/boundary/None/None/
default	E652:E653:200C:00B7	cell	boundary-echo	qsTea.ex-y0|qsDay.half.en-y0.ex-y0.en-ext-1|space|periodcentered	qsTea/full/None/baseline/|qsDay/half/baseline/None/en-ext-1|zwnj/boundary/None/None/|namer-dot/boundary/None/None/
default	E652:E653:200C:200C	cell	boundary-echo	qsTea.ex-y0|qsDay.half.en-y0.ex-y0.en-ext-1|space|space	qsTea/full/None/baseline/|qsDay/half/baseline/None/en-ext-1|zwnj/boundary/None/None/|zwnj/boundary/None/None/
default	E652:E653:200C:E650	cell	boundary-echo	qsTea.ex-y0|qsDay.half.en-y0.ex-y0.en-ext-1|space|qsPea.noentry	qsTea/full/None/baseline/|qsDay/half/baseline/None/en-ext-1|zwnj/boundary/None/None/|qsPea/full/None/None/locked
default	E652:E653:200C:E652	cell	boundary-echo	qsTea.ex-y0|qsDay.half.en-y0.ex-y0.en-ext-1|space|qsTea.noentry	qsTea/full/None/baseline/|qsDay/half/baseline/None/en-ext-1|zwnj/boundary/None/None/|qsTea/full/None/None/locked
default	E652:E653:200C:E653	cell	boundary-echo	qsTea.ex-y0|qsDay.half.en-y0.ex-y0.en-ext-1|space|qsDay.noentry	qsTea/full/None/baseline/|qsDay/half/baseline/None/en-ext-1|zwnj/boundary/None/None/|qsDay/full/None/None/locked
default	E652:E653:200C:E668	cell	boundary-echo	qsTea.ex-y0|qsDay.half.en-y0.ex-y0.en-ext-1|space|qsRoe.noentry	qsTea/full/None/baseline/|qsDay/half/baseline/None/en-ext-1|zwnj/boundary/None/None/|qsRoe/hapax/None/None/locked
default	E652:E653:E650:0020	cell	boundary-echo	qsTea.ex-y0|qsDay.half.en-y0.ex-y0.en-ext-1|qsPea|space	qsTea/full/None/baseline/|qsDay/half/baseline/None/en-ext-1|qsPea/full/None/None/|space/boundary/None/None/
default	E652:E653:E650:00B7	cell	dangling-anchor-dropped	qsTea.ex-y0|qsDay.half.en-y0.ex-y0.en-ext-1|qsPea|periodcentered	qsTea/full/None/baseline/|qsDay/half/baseline/None/en-ext-1|qsPea/full/None/None/|namer-dot/boundary/None/None/
default	E652:E653:E650:200C	cell	boundary-echo	qsTea.ex-y0|qsDay.half.en-y0.ex-y0.en-ext-1|qsPea|space	qsTea/full/None/baseline/|qsDay/half/baseline/None/en-ext-1|qsPea/full/None/None/|zwnj/boundary/None/None/
default	E652:E653:E650:E650	cell	dangling-anchor-dropped	qsTea.ex-y0|qsDay.half.en-y0.ex-y0.en-ext-1|qsPea.half.en-y6.ex-y6|qsPea.en-y6	qsTea/full/None/baseline/|qsDay/half/baseline/None/en-ext-1|qsPea/half/None/y6/|qsPea/full/y6/None/
default	E652:E653:E650:E652	cell	dangling-anchor-dropped	qsTea.ex-y0|qsDay.half.en-y0.ex-y0.en-ext-1|qsPea|qsTea	qsTea/full/None/baseline/|qsDay/half/baseline/None/en-ext-1|qsPea/full/None/None/|qsTea/full/None/None/
default	E652:E653:E650:E653	cell	dangling-anchor-dropped	qsTea.ex-y0|qsDay.half.en-y0.ex-y0.en-ext-1|qsPea|qsDay.half.en-y0.ex-y0	qsTea/full/None/baseline/|qsDay/half/baseline/None/en-ext-1|qsPea/full/None/baseline/|qsDay/half/baseline/None/
default	E652:E653:E650:E668	cell	dangling-anchor-dropped	qsTea.ex-y0|qsDay.half.en-y0.ex-y0.en-ext-1|qsPea.half.ex-y5.ex-dips|qsRoe.en-y5.en-con-1	qsTea/full/None/baseline/|qsDay/half/baseline/None/en-ext-1|qsPea/half/None/x-height/|qsRoe/hapax/x-height/None/en-con-1
default	E652:E653:E652:E653	cell	dangling-anchor-dropped	qsTea.ex-y0|qsDay.half.en-y0.ex-y0.en-ext-1|qsTea.ex-y0|qsDay.half.en-y0.ex-y0.en-ext-1	qsTea/full/None/baseline/|qsDay/half/baseline/None/en-ext-1|qsTea/full/None/baseline/|qsDay/half/baseline/None/en-ext-1
default	E652:E653:E652:E668	cell,seam	regrouping-floor-drift	qsTea.ex-y0|qsDay.half.en-y0.ex-y0.en-ext-1|qsTea.half.ex-y5|qsRoe.en-y5.en-con-1	qsTea/full/None/baseline/|qsDay/half/baseline/baseline/en-ext-1|qsTea/full/baseline/None/|qsRoe/hapax/None/None/
default	E652:E653:E653:0020	cell	boundary-echo	qsTea.ex-y0|qsDay.half.en-y0.ex-y0.en-ext-1|qsDay.half.en-y0.ex-y0|space	qsTea/full/None/baseline/|qsDay/half/baseline/baseline/en-ext-1|qsDay/half/baseline/None/|space/boundary/None/None/
default	E652:E653:E653:00B7	cell	dangling-anchor-dropped	qsTea.ex-y0|qsDay.half.en-y0.ex-y0.en-ext-1|qsDay.half.en-y0.ex-y0|periodcentered	qsTea/full/None/baseline/|qsDay/half/baseline/baseline/en-ext-1|qsDay/half/baseline/None/|namer-dot/boundary/None/None/
default	E652:E653:E653:200C	cell	boundary-echo	qsTea.ex-y0|qsDay.half.en-y0.ex-y0.en-ext-1|qsDay.half.en-y0.ex-y0|space	qsTea/full/None/baseline/|qsDay/half/baseline/baseline/en-ext-1|qsDay/half/baseline/None/|zwnj/boundary/None/None/
default	E652:E653:E653:E650	cell	dangling-anchor-dropped	qsTea.ex-y0|qsDay.half.en-y0.ex-y0.en-ext-1|qsDay.half.en-y0.ex-y0|qsPea	qsTea/full/None/baseline/|qsDay/half/baseline/baseline/en-ext-1|qsDay/half/baseline/None/|qsPea/full/None/None/
default	E652:E653:E653:E653	cell	dangling-anchor-dropped	qsTea.ex-y0|qsDay.half.en-y0.ex-y0.en-ext-1|qsDay.half.en-y0.ex-y0|qsDay.half.en-y0.ex-y0	qsTea/full/None/baseline/|qsDay/half/baseline/baseline/en-ext-1|qsDay/half/baseline/baseline/|qsDay/half/baseline/None/
default	E652:E653:E653:E668	cell	bare-name-live-join	qsTea.ex-y0|qsDay.half.en-y0.ex-y0.en-ext-1|qsDay.half.en-y0.ex-y0|qsRoe	qsTea/full/None/baseline/|qsDay/half/baseline/baseline/en-ext-1|qsDay/half/baseline/baseline/|qsRoe/hapax/baseline/None/
default	E652:E653:E668:0020	cell	boundary-echo	qsTea.ex-y0|qsDay.half.en-y0.ex-y0.en-ext-1|qsRoe|space	qsTea/full/None/baseline/|qsDay/half/baseline/baseline/en-ext-1|qsRoe/hapax/baseline/None/|space/boundary/None/None/
default	E652:E653:E668:00B7	cell	bare-name-live-join	qsTea.ex-y0|qsDay.half.en-y0.ex-y0.en-ext-1|qsRoe|periodcentered	qsTea/full/None/baseline/|qsDay/half/baseline/baseline/en-ext-1|qsRoe/hapax/baseline/None/|namer-dot/boundary/None/None/
default	E652:E653:E668:200C	cell	boundary-echo	qsTea.ex-y0|qsDay.half.en-y0.ex-y0.en-ext-1|qsRoe|space	qsTea/full/None/baseline/|qsDay/half/baseline/baseline/en-ext-1|qsRoe/hapax/baseline/None/|zwnj/boundary/None/None/
default	E652:E653:E668:E650	cell	bare-name-live-join	qsTea.ex-y0|qsDay.half.en-y0.ex-y0.en-ext-1|qsRoe|qsPea	qsTea/full/None/baseline/|qsDay/half/baseline/baseline/en-ext-1|qsRoe/hapax/baseline/None/|qsPea/full/None/None/
default	E652:E653:E668:E652	cell	bare-name-live-join	qsTea.ex-y0|qsDay.half.en-y0.ex-y0.en-ext-1|qsRoe|qsTea	qsTea/full/None/baseline/|qsDay/half/baseline/baseline/en-ext-1|qsRoe/hapax/baseline/None/|qsTea/full/None/None/
default	E652:E653:E668:E653	cell	bare-name-live-join	qsTea.ex-y0|qsDay.half.en-y0.ex-y0.en-ext-1|qsRoe|qsDay	qsTea/full/None/baseline/|qsDay/half/baseline/baseline/en-ext-1|qsRoe/hapax/baseline/None/|qsDay/full/None/None/
default	E652:E653:E668:E668	cell	bare-name-live-join	qsTea.ex-y0|qsDay.half.en-y0.ex-y0.en-ext-1|qsRoe.en-y0.ex-y5|qsRoe	qsTea/full/None/baseline/|qsDay/half/baseline/baseline/en-ext-1|qsRoe/hapax/baseline/x-height/|qsRoe/hapax/x-height/None/
default	E652:E653:E67A:E652	cell	dangling-anchor-dropped	qsTea.ex-y0|qsDay_qsUtter.half.en-y0.ex-y5.en-ext-1|qsTea	qsTea/full/None/baseline/|qsDay_qsUtter/half/baseline/None/en-ext-1|qsTea/full/None/None/
default	E652:E668:E650:E650	cell	dangling-anchor-dropped	qsTea.half.ex-y5|qsRoe.en-y5.en-con-1|qsPea.half.en-y6.ex-y6|qsPea.en-y6	qsTea/half/None/x-height/|qsRoe/hapax/x-height/None/en-con-1|qsPea/half/None/y6/|qsPea/full/y6/None/
default	E652:E668:E650:E653	cell	dangling-anchor-dropped	qsTea.half.ex-y5|qsRoe.en-y5.en-con-1|qsPea|qsDay.half.en-y0.ex-y0	qsTea/half/None/x-height/|qsRoe/hapax/x-height/None/en-con-1|qsPea/full/None/baseline/|qsDay/half/baseline/None/
default	E652:E668:E652:E653	cell	dangling-anchor-dropped	qsTea.half.ex-y5|qsRoe.en-y5.en-con-1|qsTea.ex-y0|qsDay.half.en-y0.ex-y0.en-ext-1	qsTea/half/None/x-height/|qsRoe/hapax/x-height/None/en-con-1|qsTea/full/None/baseline/|qsDay/half/baseline/None/en-ext-1
default	E652:E668:E653:E652	cell	bare-name-live-join	qsTea.half.ex-y5|qsRoe.en-y5.en-con-1|qsDay|qsTea.en-y0	qsTea/half/None/x-height/|qsRoe/hapax/x-height/None/en-con-1|qsDay/full/None/baseline/|qsTea/full/baseline/None/
default	E652:E668:E653:E653	cell	dangling-anchor-dropped	qsTea.half.ex-y5|qsRoe.en-y5.en-con-1|qsDay|qsDay.half.en-y0.ex-y0	qsTea/half/None/x-height/|qsRoe/hapax/x-height/None/en-con-1|qsDay/full/None/baseline/|qsDay/half/baseline/None/
default	E652:E668:E653:E668	cell	bare-name-live-join	qsTea.half.ex-y5|qsRoe.en-y5.en-con-1|qsDay|qsRoe	qsTea/half/None/x-height/|qsRoe/hapax/x-height/None/en-con-1|qsDay/full/None/baseline/|qsRoe/hapax/baseline/None/
default	E652:E668:E668:0020	cell	boundary-echo	qsTea.half.ex-y5|qsRoe.ex-y0|qsRoe|space	qsTea/half/None/x-height/|qsRoe/hapax/x-height/baseline/en-con-1|qsRoe/hapax/baseline/None/|space/boundary/None/None/
default	E652:E668:E668:00B7	cell,position	UNMATCHED	qsTea.half.ex-y5|qsRoe.ex-y0|qsRoe|periodcentered	qsTea/half/None/x-height/|qsRoe/hapax/x-height/baseline/en-con-1|qsRoe/hapax/baseline/None/|namer-dot/boundary/None/None/
default	E652:E668:E668:200C	cell	boundary-echo	qsTea.half.ex-y5|qsRoe.ex-y0|qsRoe|space	qsTea/half/None/x-height/|qsRoe/hapax/x-height/baseline/en-con-1|qsRoe/hapax/baseline/None/|zwnj/boundary/None/None/
default	E652:E668:E668:E650	cell,position	UNMATCHED	qsTea.half.ex-y5|qsRoe.ex-y0|qsRoe|qsPea	qsTea/half/None/x-height/|qsRoe/hapax/x-height/baseline/en-con-1|qsRoe/hapax/baseline/None/|qsPea/full/None/None/
default	E652:E668:E668:E652	cell,position	UNMATCHED	qsTea.half.ex-y5|qsRoe.ex-y0|qsRoe|qsTea	qsTea/half/None/x-height/|qsRoe/hapax/x-height/baseline/en-con-1|qsRoe/hapax/baseline/None/|qsTea/full/None/None/
default	E652:E668:E668:E653	cell,position	UNMATCHED	qsTea.half.ex-y5|qsRoe.ex-y0|qsRoe|qsDay	qsTea/half/None/x-height/|qsRoe/hapax/x-height/baseline/en-con-1|qsRoe/hapax/baseline/None/|qsDay/full/None/None/
default	E652:E668:E668:E668	cell,position	UNMATCHED	qsTea.half.ex-y5|qsRoe.ex-y0|qsRoe.en-y0.ex-y5|qsRoe	qsTea/half/None/x-height/|qsRoe/hapax/x-height/baseline/en-con-1|qsRoe/hapax/baseline/x-height/|qsRoe/hapax/x-height/None/
default	E653:0020:E650:E650	cell	boundary-echo	qsDay|space|qsPea.half.en-y6.ex-y6|qsPea.en-y6	qsDay/full/None/None/|space/boundary/None/None/|qsPea/half/None/y6/|qsPea/full/y6/None/
default	E653:0020:E650:E653	cell	boundary-echo	qsDay|space|qsPea|qsDay.half.en-y0.ex-y0	qsDay/full/None/None/|space/boundary/None/None/|qsPea/full/None/baseline/|qsDay/half/baseline/None/
default	E653:0020:E652:E653	cell	boundary-echo	qsDay|space|qsTea.ex-y0|qsDay.half.en-y0.ex-y0.en-ext-1	qsDay/full/None/None/|space/boundary/None/None/|qsTea/full/None/baseline/|qsDay/half/baseline/None/en-ext-1
default	E653:0020:E653:E652	cell	boundary-echo	qsDay|space|qsDay|qsTea.en-y0	qsDay/full/None/None/|space/boundary/None/None/|qsDay/full/None/baseline/|qsTea/full/baseline/None/
default	E653:0020:E653:E653	cell	boundary-echo	qsDay|space|qsDay|qsDay.half.en-y0.ex-y0	qsDay/full/None/None/|space/boundary/None/None/|qsDay/full/None/baseline/|qsDay/half/baseline/None/
default	E653:0020:E653:E668	cell	boundary-echo	qsDay|space|qsDay|qsRoe	qsDay/full/None/None/|space/boundary/None/None/|qsDay/full/None/baseline/|qsRoe/hapax/baseline/None/
default	E653:0020:E668:E668	cell	boundary-echo	qsDay|space|qsRoe.en-y0.ex-y5|qsRoe	qsDay/full/None/None/|space/boundary/None/None/|qsRoe/hapax/None/x-height/|qsRoe/hapax/x-height/None/
default	E653:00B7:E650:E650	cell	dangling-anchor-dropped	qsDay|periodcentered|qsPea.half.en-y6.ex-y6|qsPea.en-y6	qsDay/full/None/None/|namer-dot/boundary/None/None/|qsPea/half/None/y6/|qsPea/full/y6/None/
default	E653:00B7:E650:E653	cell	dangling-anchor-dropped	qsDay|periodcentered|qsPea|qsDay.half.en-y0.ex-y0	qsDay/full/None/None/|namer-dot/boundary/None/None/|qsPea/full/None/baseline/|qsDay/half/baseline/None/
default	E653:00B7:E652:E653	cell	dangling-anchor-dropped	qsDay|periodcentered|qsTea.ex-y0|qsDay.half.en-y0.ex-y0.en-ext-1	qsDay/full/None/None/|namer-dot/boundary/None/None/|qsTea/full/None/baseline/|qsDay/half/baseline/None/en-ext-1
default	E653:00B7:E653:E652	cell	bare-name-live-join	qsDay|periodcentered|qsDay|qsTea.en-y0	qsDay/full/None/None/|namer-dot/boundary/None/None/|qsDay/full/None/baseline/|qsTea/full/baseline/None/
default	E653:00B7:E653:E653	cell	dangling-anchor-dropped	qsDay|periodcentered|qsDay|qsDay.half.en-y0.ex-y0	qsDay/full/None/None/|namer-dot/boundary/None/None/|qsDay/full/None/baseline/|qsDay/half/baseline/None/
default	E653:00B7:E653:E668	cell	bare-name-live-join	qsDay|periodcentered|qsDay|qsRoe	qsDay/full/None/None/|namer-dot/boundary/None/None/|qsDay/full/None/baseline/|qsRoe/hapax/baseline/None/
default	E653:00B7:E668:E668	cell	dangling-anchor-dropped	qsDay|periodcentered.lowered|qsRoe.en-y0.ex-y5|qsRoe	qsDay/full/None/None/|namer-dot/boundary/None/None/|qsRoe/hapax/None/x-height/|qsRoe/hapax/x-height/None/
default	E653:200C:E650:E653	cell	boundary-echo	qsDay|space|qsPea.noentry|qsDay.half.en-y0.ex-y0	qsDay/full/None/None/|zwnj/boundary/None/None/|qsPea/full/None/baseline/locked|qsDay/half/baseline/None/
default	E653:200C:E650:E668	cell	boundary-echo	qsDay|space|qsPea.half.ex-y5.ex-dips|qsRoe.en-y5.en-con-1	qsDay/full/None/None/|zwnj/boundary/None/None/|qsPea/half/None/x-height/locked|qsRoe/hapax/x-height/None/en-con-1
default	E653:200C:E652:E652	cell	boundary-echo	qsDay|space|qsTea.ex-y0|qsTea	qsDay/full/None/None/|zwnj/boundary/None/None/|qsTea/full/None/None/locked|qsTea/full/None/None/
default	E653:200C:E652:E653	cell	boundary-echo	qsDay|space|qsTea.ex-y0|qsDay.half.en-y0.ex-y0.en-ext-1	qsDay/full/None/None/|zwnj/boundary/None/None/|qsTea/full/None/baseline/locked|qsDay/half/baseline/None/en-ext-1
default	E653:200C:E653:E652	cell	boundary-echo	qsDay|space|qsDay.noentry|qsTea.en-y0	qsDay/full/None/None/|zwnj/boundary/None/None/|qsDay/full/None/baseline/locked|qsTea/full/baseline/None/
default	E653:200C:E653:E653	cell	boundary-echo	qsDay|space|qsDay.noentry|qsDay.half.en-y0.ex-y0	qsDay/full/None/None/|zwnj/boundary/None/None/|qsDay/full/None/baseline/locked|qsDay/half/baseline/None/
default	E653:200C:E653:E668	cell	boundary-echo	qsDay|space|qsDay.noentry|qsRoe	qsDay/full/None/None/|zwnj/boundary/None/None/|qsDay/full/None/baseline/locked|qsRoe/hapax/baseline/None/
default	E653:200C:E668:E668	cell	boundary-echo	qsDay|space|qsRoe.en-y0.ex-y5.noentry|qsRoe	qsDay/full/None/None/|zwnj/boundary/None/None/|qsRoe/hapax/None/x-height/locked|qsRoe/hapax/x-height/None/
default	E653:E650:E650:0020	cell	boundary-echo	qsDay|qsPea.half.en-y6.ex-y6|qsPea.en-y6|space	qsDay/full/None/None/|qsPea/half/None/y6/|qsPea/full/y6/None/|space/boundary/None/None/
default	E653:E650:E650:00B7	cell	dangling-anchor-dropped	qsDay|qsPea.half.en-y6.ex-y6|qsPea.en-y6|periodcentered	qsDay/full/None/None/|qsPea/half/None/y6/|qsPea/full/y6/None/|namer-dot/boundary/None/None/
default	E653:E650:E650:200C	cell	boundary-echo	qsDay|qsPea.half.en-y6.ex-y6|qsPea.en-y6|space	qsDay/full/None/None/|qsPea/half/None/y6/|qsPea/full/y6/None/|zwnj/boundary/None/None/
default	E653:E650:E650:E650	cell	dangling-anchor-dropped	qsDay|qsPea.half.en-y6.ex-y6|qsPea.half.en-y6.ex-y6|qsPea.en-y6	qsDay/full/None/None/|qsPea/half/None/y6/|qsPea/half/y6/y6/|qsPea/full/y6/None/
default	E653:E650:E650:E652	cell	dangling-anchor-dropped	qsDay|qsPea.half.en-y6.ex-y6|qsPea.en-y6.ex-y0|qsTea	qsDay/full/None/None/|qsPea/half/None/y6/|qsPea/full/y6/None/|qsTea/full/None/None/
default	E653:E650:E650:E653	cell	dangling-anchor-dropped	qsDay|qsPea.half.en-y6.ex-y6|qsPea.en-y6.ex-y0|qsDay.half.en-y0.ex-y0	qsDay/full/None/None/|qsPea/half/None/y6/|qsPea/full/y6/baseline/|qsDay/half/baseline/None/
default	E653:E650:E650:E668	cell	dangling-anchor-dropped	qsDay|qsPea.half.en-y6.ex-y6|qsPea.half.en-y6.ex-y5.ex-dips|qsRoe.en-y5.en-con-1	qsDay/full/None/None/|qsPea/half/None/y6/|qsPea/half/y6/x-height/|qsRoe/hapax/x-height/None/en-con-1
default	E653:E650:E652:E653	cell	dangling-anchor-dropped	qsDay|qsPea|qsTea.ex-y0|qsDay.half.en-y0.ex-y0.en-ext-1	qsDay/full/None/None/|qsPea/full/None/None/|qsTea/full/None/baseline/|qsDay/half/baseline/None/en-ext-1
default	E653:E650:E653:0020	cell	boundary-echo	qsDay|qsPea|qsDay.half.en-y0.ex-y0|space	qsDay/full/None/None/|qsPea/full/None/baseline/|qsDay/half/baseline/None/|space/boundary/None/None/
default	E653:E650:E653:00B7	cell	dangling-anchor-dropped	qsDay|qsPea|qsDay.half.en-y0.ex-y0|periodcentered	qsDay/full/None/None/|qsPea/full/None/baseline/|qsDay/half/baseline/None/|namer-dot/boundary/None/None/
default	E653:E650:E653:200C	cell	boundary-echo	qsDay|qsPea|qsDay.half.en-y0.ex-y0|space	qsDay/full/None/None/|qsPea/full/None/baseline/|qsDay/half/baseline/None/|zwnj/boundary/None/None/
default	E653:E650:E653:E650	cell	dangling-anchor-dropped	qsDay|qsPea|qsDay.half.en-y0.ex-y0|qsPea	qsDay/full/None/None/|qsPea/full/None/baseline/|qsDay/half/baseline/None/|qsPea/full/None/None/
default	E653:E650:E653:E652	cell	bare-name-live-join	qsDay|qsPea|qsDay.half.en-y0.ex-y0|qsTea.en-y0	qsDay/full/None/None/|qsPea/full/None/baseline/|qsDay/half/baseline/baseline/|qsTea/full/baseline/None/
default	E653:E650:E653:E653	cell	dangling-anchor-dropped	qsDay|qsPea|qsDay.half.en-y0.ex-y0|qsDay.half.en-y0.ex-y0	qsDay/full/None/None/|qsPea/full/None/baseline/|qsDay/half/baseline/baseline/|qsDay/half/baseline/None/
default	E653:E650:E653:E668	cell	bare-name-live-join	qsDay|qsPea|qsDay.half.en-y0.ex-y0|qsRoe	qsDay/full/None/None/|qsPea/full/None/baseline/|qsDay/half/baseline/baseline/|qsRoe/hapax/baseline/None/
default	E653:E650:E668:E668	cell,position	bare-name-live-join	qsDay|qsPea.half.ex-y5.ex-dips|qsRoe.ex-y0|qsRoe	qsDay/full/None/None/|qsPea/half/None/x-height/|qsRoe/hapax/x-height/baseline/en-con-1|qsRoe/hapax/baseline/None/
default	E653:E652:0020:0020	cell	boundary-echo	qsDay|qsTea.en-y0|space|space	qsDay/full/None/baseline/|qsTea/full/baseline/None/|space/boundary/None/None/|space/boundary/None/None/
default	E653:E652:0020:00B7	cell	boundary-echo	qsDay|qsTea.en-y0|space|periodcentered	qsDay/full/None/baseline/|qsTea/full/baseline/None/|space/boundary/None/None/|namer-dot/boundary/None/None/
default	E653:E652:0020:200C	cell	boundary-echo	qsDay|qsTea.en-y0|space|space	qsDay/full/None/baseline/|qsTea/full/baseline/None/|space/boundary/None/None/|zwnj/boundary/None/None/
default	E653:E652:0020:E650	cell	boundary-echo	qsDay|qsTea.en-y0|space|qsPea	qsDay/full/None/baseline/|qsTea/full/baseline/None/|space/boundary/None/None/|qsPea/full/None/None/
default	E653:E652:0020:E652	cell	boundary-echo	qsDay|qsTea.en-y0|space|qsTea	qsDay/full/None/baseline/|qsTea/full/baseline/None/|space/boundary/None/None/|qsTea/full/None/None/
default	E653:E652:0020:E653	cell	boundary-echo	qsDay|qsTea.en-y0|space|qsDay	qsDay/full/None/baseline/|qsTea/full/baseline/None/|space/boundary/None/None/|qsDay/full/None/None/
default	E653:E652:0020:E668	cell	boundary-echo	qsDay|qsTea.en-y0|space|qsRoe	qsDay/full/None/baseline/|qsTea/full/baseline/None/|space/boundary/None/None/|qsRoe/hapax/None/None/
default	E653:E652:00B7:0020	cell	boundary-echo	qsDay|qsTea.en-y0|periodcentered|space	qsDay/full/None/baseline/|qsTea/full/baseline/None/|namer-dot/boundary/None/None/|space/boundary/None/None/
default	E653:E652:00B7:00B7	cell	bare-name-live-join	qsDay|qsTea.en-y0|periodcentered|periodcentered	qsDay/full/None/baseline/|qsTea/full/baseline/None/|namer-dot/boundary/None/None/|namer-dot/boundary/None/None/
default	E653:E652:00B7:200C	cell	boundary-echo	qsDay|qsTea.en-y0|periodcentered|space	qsDay/full/None/baseline/|qsTea/full/baseline/None/|namer-dot/boundary/None/None/|zwnj/boundary/None/None/
default	E653:E652:00B7:E650	cell	bare-name-live-join	qsDay|qsTea.en-y0|periodcentered|qsPea	qsDay/full/None/baseline/|qsTea/full/baseline/None/|namer-dot/boundary/None/None/|qsPea/full/None/None/
default	E653:E652:00B7:E652	cell	bare-name-live-join	qsDay|qsTea.en-y0|periodcentered|qsTea	qsDay/full/None/baseline/|qsTea/full/baseline/None/|namer-dot/boundary/None/None/|qsTea/full/None/None/
default	E653:E652:00B7:E653	cell	bare-name-live-join	qsDay|qsTea.en-y0|periodcentered|qsDay	qsDay/full/None/baseline/|qsTea/full/baseline/None/|namer-dot/boundary/None/None/|qsDay/full/None/None/
default	E653:E652:00B7:E668	cell	bare-name-live-join	qsDay|qsTea.en-y0|periodcentered.lowered|qsRoe	qsDay/full/None/baseline/|qsTea/full/baseline/None/|namer-dot/boundary/None/None/|qsRoe/hapax/None/None/
default	E653:E652:200C:0020	cell	boundary-echo	qsDay|qsTea.en-y0|space|space	qsDay/full/None/baseline/|qsTea/full/baseline/None/|zwnj/boundary/None/None/|space/boundary/None/None/
default	E653:E652:200C:00B7	cell	boundary-echo	qsDay|qsTea.en-y0|space|periodcentered	qsDay/full/None/baseline/|qsTea/full/baseline/None/|zwnj/boundary/None/None/|namer-dot/boundary/None/None/
default	E653:E652:200C:200C	cell	boundary-echo	qsDay|qsTea.en-y0|space|space	qsDay/full/None/baseline/|qsTea/full/baseline/None/|zwnj/boundary/None/None/|zwnj/boundary/None/None/
default	E653:E652:200C:E650	cell	boundary-echo	qsDay|qsTea.en-y0|space|qsPea.noentry	qsDay/full/None/baseline/|qsTea/full/baseline/None/|zwnj/boundary/None/None/|qsPea/full/None/None/locked
default	E653:E652:200C:E652	cell	boundary-echo	qsDay|qsTea.en-y0|space|qsTea.noentry	qsDay/full/None/baseline/|qsTea/full/baseline/None/|zwnj/boundary/None/None/|qsTea/full/None/None/locked
default	E653:E652:200C:E653	cell	boundary-echo	qsDay|qsTea.en-y0|space|qsDay.noentry	qsDay/full/None/baseline/|qsTea/full/baseline/None/|zwnj/boundary/None/None/|qsDay/full/None/None/locked
default	E653:E652:200C:E668	cell	boundary-echo	qsDay|qsTea.en-y0|space|qsRoe.noentry	qsDay/full/None/baseline/|qsTea/full/baseline/None/|zwnj/boundary/None/None/|qsRoe/hapax/None/None/locked
default	E653:E652:E650:0020	cell	boundary-echo	qsDay|qsTea.en-y0|qsPea|space	qsDay/full/None/baseline/|qsTea/full/baseline/None/|qsPea/full/None/None/|space/boundary/None/None/
default	E653:E652:E650:00B7	cell	bare-name-live-join	qsDay|qsTea.en-y0|qsPea|periodcentered	qsDay/full/None/baseline/|qsTea/full/baseline/None/|qsPea/full/None/None/|namer-dot/boundary/None/None/
default	E653:E652:E650:200C	cell	boundary-echo	qsDay|qsTea.en-y0|qsPea|space	qsDay/full/None/baseline/|qsTea/full/baseline/None/|qsPea/full/None/None/|zwnj/boundary/None/None/
default	E653:E652:E650:E650	cell	dangling-anchor-dropped	qsDay|qsTea.en-y0|qsPea.half.en-y6.ex-y6|qsPea.en-y6	qsDay/full/None/baseline/|qsTea/full/baseline/None/|qsPea/half/None/y6/|qsPea/full/y6/None/
default	E653:E652:E650:E652	cell	bare-name-live-join	qsDay|qsTea.en-y0|qsPea|qsTea	qsDay/full/None/baseline/|qsTea/full/baseline/None/|qsPea/full/None/None/|qsTea/full/None/None/
default	E653:E652:E650:E653	cell	dangling-anchor-dropped	qsDay|qsTea.en-y0|qsPea|qsDay.half.en-y0.ex-y0	qsDay/full/None/baseline/|qsTea/full/baseline/None/|qsPea/full/None/baseline/|qsDay/half/baseline/None/
default	E653:E652:E650:E668	cell	bare-name-live-join	qsDay|qsTea.en-y0|qsPea.half.ex-y5.ex-dips|qsRoe.en-y5.en-con-1	qsDay/full/None/baseline/|qsTea/full/baseline/None/|qsPea/half/None/x-height/|qsRoe/hapax/x-height/None/en-con-1
default	E653:E652:E652:0020	cell	boundary-echo	qsDay|qsTea.en-y0|qsTea|space	qsDay/full/None/baseline/|qsTea/full/baseline/None/|qsTea/full/None/None/|space/boundary/None/None/
default	E653:E652:E652:00B7	cell	bare-name-live-join	qsDay|qsTea.en-y0|qsTea|periodcentered	qsDay/full/None/baseline/|qsTea/full/baseline/None/|qsTea/full/None/None/|namer-dot/boundary/None/None/
default	E653:E652:E652:200C	cell	boundary-echo	qsDay|qsTea.en-y0|qsTea|space	qsDay/full/None/baseline/|qsTea/full/baseline/None/|qsTea/full/None/None/|zwnj/boundary/None/None/
default	E653:E652:E652:E650	cell	bare-name-live-join	qsDay|qsTea.en-y0|qsTea|qsPea	qsDay/full/None/baseline/|qsTea/full/baseline/None/|qsTea/full/None/None/|qsPea/full/None/None/
default	E653:E652:E652:E652	cell	bare-name-live-join	qsDay|qsTea.en-y0|qsTea|qsTea	qsDay/full/None/baseline/|qsTea/full/baseline/None/|qsTea/full/None/None/|qsTea/full/None/None/
default	E653:E652:E652:E653	cell	dangling-anchor-dropped	qsDay|qsTea.en-y0|qsTea.ex-y0|qsDay.half.en-y0.ex-y0.en-ext-1	qsDay/full/None/baseline/|qsTea/full/baseline/None/|qsTea/full/None/baseline/|qsDay/half/baseline/None/en-ext-1
default	E653:E652:E652:E668	cell	bare-name-live-join	qsDay|qsTea.en-y0|qsTea.half.ex-y5|qsRoe.en-y5.en-con-1	qsDay/full/None/baseline/|qsTea/full/baseline/None/|qsTea/half/None/x-height/|qsRoe/hapax/x-height/None/en-con-1
default	E653:E652:E653:0020	cell	boundary-echo	qsDay|qsTea.ex-y0|qsDay.half.en-y0.ex-y0.en-ext-1|space	qsDay/full/None/None/|qsTea/full/None/baseline/|qsDay/half/baseline/None/en-ext-1|space/boundary/None/None/
default	E653:E652:E653:00B7	cell	dangling-anchor-dropped	qsDay|qsTea.ex-y0|qsDay.half.en-y0.ex-y0.en-ext-1|periodcentered	qsDay/full/None/None/|qsTea/full/None/baseline/|qsDay/half/baseline/None/en-ext-1|namer-dot/boundary/None/None/
default	E653:E652:E653:200C	cell	boundary-echo	qsDay|qsTea.ex-y0|qsDay.half.en-y0.ex-y0.en-ext-1|space	qsDay/full/None/None/|qsTea/full/None/baseline/|qsDay/half/baseline/None/en-ext-1|zwnj/boundary/None/None/
default	E653:E652:E653:E650	cell	dangling-anchor-dropped	qsDay|qsTea.ex-y0|qsDay.half.en-y0.ex-y0.en-ext-1|qsPea	qsDay/full/None/None/|qsTea/full/None/baseline/|qsDay/half/baseline/None/en-ext-1|qsPea/full/None/None/
default	E653:E652:E653:E653	cell	dangling-anchor-dropped	qsDay|qsTea.ex-y0|qsDay.half.en-y0.ex-y0.en-ext-1|qsDay.half.en-y0.ex-y0	qsDay/full/None/None/|qsTea/full/None/baseline/|qsDay/half/baseline/baseline/en-ext-1|qsDay/half/baseline/None/
default	E653:E652:E653:E668	cell	bare-name-live-join	qsDay|qsTea.ex-y0|qsDay.half.en-y0.ex-y0.en-ext-1|qsRoe	qsDay/full/None/None/|qsTea/full/None/baseline/|qsDay/half/baseline/baseline/en-ext-1|qsRoe/hapax/baseline/None/
default	E653:E652:E668:0020	cell,seam	boundary-echo	qsDay|qsTea.half.ex-y5|qsRoe.en-y5.en-con-1|space	qsDay/full/None/baseline/|qsTea/full/baseline/None/|qsRoe/hapax/None/None/|space/boundary/None/None/
default	E653:E652:E668:00B7	cell,seam	regrouping-floor-drift	qsDay|qsTea.half.ex-y5|qsRoe.en-y5.en-con-1|periodcentered	qsDay/full/None/baseline/|qsTea/full/baseline/None/|qsRoe/hapax/None/None/|namer-dot/boundary/None/None/
default	E653:E652:E668:200C	cell,seam	boundary-echo	qsDay|qsTea.half.ex-y5|qsRoe.en-y5.en-con-1|space	qsDay/full/None/baseline/|qsTea/full/baseline/None/|qsRoe/hapax/None/None/|zwnj/boundary/None/None/
default	E653:E652:E668:E650	cell,seam	regrouping-floor-drift	qsDay|qsTea.half.ex-y5|qsRoe.en-y5.en-con-1|qsPea	qsDay/full/None/baseline/|qsTea/full/baseline/None/|qsRoe/hapax/None/None/|qsPea/full/None/None/
default	E653:E652:E668:E652	cell,seam	regrouping-floor-drift	qsDay|qsTea.half.ex-y5|qsRoe.en-y5.en-con-1|qsTea	qsDay/full/None/baseline/|qsTea/full/baseline/None/|qsRoe/hapax/None/None/|qsTea/full/None/None/
default	E653:E652:E668:E653	cell,seam	regrouping-floor-drift	qsDay|qsTea.half.ex-y5|qsRoe.en-y5.en-con-1|qsDay	qsDay/full/None/baseline/|qsTea/full/baseline/None/|qsRoe/hapax/None/None/|qsDay/full/None/None/
default	E653:E652:E668:E668	cell,seam	UNMATCHED	qsDay|qsTea.half.ex-y5|qsRoe.ex-y0|qsRoe	qsDay/full/None/baseline/|qsTea/full/baseline/None/|qsRoe/hapax/None/x-height/|qsRoe/hapax/x-height/None/
default	E653:E653:0020:0020	cell	boundary-echo	qsDay|qsDay.half.en-y0.ex-y0|space|space	qsDay/full/None/baseline/|qsDay/half/baseline/None/|space/boundary/None/None/|space/boundary/None/None/
default	E653:E653:0020:00B7	cell	boundary-echo	qsDay|qsDay.half.en-y0.ex-y0|space|periodcentered	qsDay/full/None/baseline/|qsDay/half/baseline/None/|space/boundary/None/None/|namer-dot/boundary/None/None/
default	E653:E653:0020:200C	cell	boundary-echo	qsDay|qsDay.half.en-y0.ex-y0|space|space	qsDay/full/None/baseline/|qsDay/half/baseline/None/|space/boundary/None/None/|zwnj/boundary/None/None/
default	E653:E653:0020:E650	cell	boundary-echo	qsDay|qsDay.half.en-y0.ex-y0|space|qsPea	qsDay/full/None/baseline/|qsDay/half/baseline/None/|space/boundary/None/None/|qsPea/full/None/None/
default	E653:E653:0020:E652	cell	boundary-echo	qsDay|qsDay.half.en-y0.ex-y0|space|qsTea	qsDay/full/None/baseline/|qsDay/half/baseline/None/|space/boundary/None/None/|qsTea/full/None/None/
default	E653:E653:0020:E653	cell	boundary-echo	qsDay|qsDay.half.en-y0.ex-y0|space|qsDay	qsDay/full/None/baseline/|qsDay/half/baseline/None/|space/boundary/None/None/|qsDay/full/None/None/
default	E653:E653:0020:E668	cell	boundary-echo	qsDay|qsDay.half.en-y0.ex-y0|space|qsRoe	qsDay/full/None/baseline/|qsDay/half/baseline/None/|space/boundary/None/None/|qsRoe/hapax/None/None/
default	E653:E653:00B7:0020	cell	boundary-echo	qsDay|qsDay.half.en-y0.ex-y0|periodcentered|space	qsDay/full/None/baseline/|qsDay/half/baseline/None/|namer-dot/boundary/None/None/|space/boundary/None/None/
default	E653:E653:00B7:00B7	cell	dangling-anchor-dropped	qsDay|qsDay.half.en-y0.ex-y0|periodcentered|periodcentered	qsDay/full/None/baseline/|qsDay/half/baseline/None/|namer-dot/boundary/None/None/|namer-dot/boundary/None/None/
default	E653:E653:00B7:200C	cell	boundary-echo	qsDay|qsDay.half.en-y0.ex-y0|periodcentered|space	qsDay/full/None/baseline/|qsDay/half/baseline/None/|namer-dot/boundary/None/None/|zwnj/boundary/None/None/
default	E653:E653:00B7:E650	cell	dangling-anchor-dropped	qsDay|qsDay.half.en-y0.ex-y0|periodcentered|qsPea	qsDay/full/None/baseline/|qsDay/half/baseline/None/|namer-dot/boundary/None/None/|qsPea/full/None/None/
default	E653:E653:00B7:E652	cell	dangling-anchor-dropped	qsDay|qsDay.half.en-y0.ex-y0|periodcentered|qsTea	qsDay/full/None/baseline/|qsDay/half/baseline/None/|namer-dot/boundary/None/None/|qsTea/full/None/None/
default	E653:E653:00B7:E653	cell	dangling-anchor-dropped	qsDay|qsDay.half.en-y0.ex-y0|periodcentered|qsDay	qsDay/full/None/baseline/|qsDay/half/baseline/None/|namer-dot/boundary/None/None/|qsDay/full/None/None/
default	E653:E653:00B7:E668	cell	dangling-anchor-dropped	qsDay|qsDay.half.en-y0.ex-y0|periodcentered.lowered|qsRoe	qsDay/full/None/baseline/|qsDay/half/baseline/None/|namer-dot/boundary/None/None/|qsRoe/hapax/None/None/
default	E653:E653:200C:0020	cell	boundary-echo	qsDay|qsDay.half.en-y0.ex-y0|space|space	qsDay/full/None/baseline/|qsDay/half/baseline/None/|zwnj/boundary/None/None/|space/boundary/None/None/
default	E653:E653:200C:00B7	cell	boundary-echo	qsDay|qsDay.half.en-y0.ex-y0|space|periodcentered	qsDay/full/None/baseline/|qsDay/half/baseline/None/|zwnj/boundary/None/None/|namer-dot/boundary/None/None/
default	E653:E653:200C:200C	cell	boundary-echo	qsDay|qsDay.half.en-y0.ex-y0|space|space	qsDay/full/None/baseline/|qsDay/half/baseline/None/|zwnj/boundary/None/None/|zwnj/boundary/None/None/
default	E653:E653:200C:E650	cell	boundary-echo	qsDay|qsDay.half.en-y0.ex-y0|space|qsPea.noentry	qsDay/full/None/baseline/|qsDay/half/baseline/None/|zwnj/boundary/None/None/|qsPea/full/None/None/locked
default	E653:E653:200C:E652	cell	boundary-echo	qsDay|qsDay.half.en-y0.ex-y0|space|qsTea.noentry	qsDay/full/None/baseline/|qsDay/half/baseline/None/|zwnj/boundary/None/None/|qsTea/full/None/None/locked
default	E653:E653:200C:E653	cell	boundary-echo	qsDay|qsDay.half.en-y0.ex-y0|space|qsDay.noentry	qsDay/full/None/baseline/|qsDay/half/baseline/None/|zwnj/boundary/None/None/|qsDay/full/None/None/locked
default	E653:E653:200C:E668	cell	boundary-echo	qsDay|qsDay.half.en-y0.ex-y0|space|qsRoe.noentry	qsDay/full/None/baseline/|qsDay/half/baseline/None/|zwnj/boundary/None/None/|qsRoe/hapax/None/None/locked
default	E653:E653:E650:0020	cell	boundary-echo	qsDay|qsDay.half.en-y0.ex-y0|qsPea|space	qsDay/full/None/baseline/|qsDay/half/baseline/None/|qsPea/full/None/None/|space/boundary/None/None/
default	E653:E653:E650:00B7	cell	dangling-anchor-dropped	qsDay|qsDay.half.en-y0.ex-y0|qsPea|periodcentered	qsDay/full/None/baseline/|qsDay/half/baseline/None/|qsPea/full/None/None/|namer-dot/boundary/None/None/
default	E653:E653:E650:200C	cell	boundary-echo	qsDay|qsDay.half.en-y0.ex-y0|qsPea|space	qsDay/full/None/baseline/|qsDay/half/baseline/None/|qsPea/full/None/None/|zwnj/boundary/None/None/
default	E653:E653:E650:E650	cell	dangling-anchor-dropped	qsDay|qsDay.half.en-y0.ex-y0|qsPea.half.en-y6.ex-y6|qsPea.en-y6	qsDay/full/None/baseline/|qsDay/half/baseline/None/|qsPea/half/None/y6/|qsPea/full/y6/None/
default	E653:E653:E650:E652	cell	dangling-anchor-dropped	qsDay|qsDay.half.en-y0.ex-y0|qsPea|qsTea	qsDay/full/None/baseline/|qsDay/half/baseline/None/|qsPea/full/None/None/|qsTea/full/None/None/
default	E653:E653:E650:E653	cell	dangling-anchor-dropped	qsDay|qsDay.half.en-y0.ex-y0|qsPea|qsDay.half.en-y0.ex-y0	qsDay/full/None/baseline/|qsDay/half/baseline/None/|qsPea/full/None/baseline/|qsDay/half/baseline/None/
default	E653:E653:E650:E668	cell	dangling-anchor-dropped	qsDay|qsDay.half.en-y0.ex-y0|qsPea.half.ex-y5.ex-dips|qsRoe.en-y5.en-con-1	qsDay/full/None/baseline/|qsDay/half/baseline/None/|qsPea/half/None/x-height/|qsRoe/hapax/x-height/None/en-con-1
default	E653:E653:E652:0020	cell	boundary-echo	qsDay|qsDay.half.en-y0.ex-y0|qsTea.en-y0|space	qsDay/full/None/baseline/|qsDay/half/baseline/baseline/|qsTea/full/baseline/None/|space/boundary/None/None/
default	E653:E653:E652:00B7	cell	bare-name-live-join	qsDay|qsDay.half.en-y0.ex-y0|qsTea.en-y0|periodcentered	qsDay/full/None/baseline/|qsDay/half/baseline/baseline/|qsTea/full/baseline/None/|namer-dot/boundary/None/None/
default	E653:E653:E652:200C	cell	boundary-echo	qsDay|qsDay.half.en-y0.ex-y0|qsTea.en-y0|space	qsDay/full/None/baseline/|qsDay/half/baseline/baseline/|qsTea/full/baseline/None/|zwnj/boundary/None/None/
default	E653:E653:E652:E650	cell	bare-name-live-join	qsDay|qsDay.half.en-y0.ex-y0|qsTea.en-y0|qsPea	qsDay/full/None/baseline/|qsDay/half/baseline/baseline/|qsTea/full/baseline/None/|qsPea/full/None/None/
default	E653:E653:E652:E652	cell	bare-name-live-join	qsDay|qsDay.half.en-y0.ex-y0|qsTea.en-y0|qsTea	qsDay/full/None/baseline/|qsDay/half/baseline/baseline/|qsTea/full/baseline/None/|qsTea/full/None/None/
default	E653:E653:E652:E653	cell	dangling-anchor-dropped	qsDay|qsDay.half.en-y0.ex-y0|qsTea.ex-y0|qsDay.half.en-y0.ex-y0.en-ext-1	qsDay/full/None/baseline/|qsDay/half/baseline/None/|qsTea/full/None/baseline/|qsDay/half/baseline/None/en-ext-1
default	E653:E653:E652:E668	cell,seam	regrouping-floor-drift	qsDay|qsDay.half.en-y0.ex-y0|qsTea.half.ex-y5|qsRoe.en-y5.en-con-1	qsDay/full/None/baseline/|qsDay/half/baseline/baseline/|qsTea/full/baseline/None/|qsRoe/hapax/None/None/
default	E653:E653:E653:0020	cell	boundary-echo	qsDay|qsDay.half.en-y0.ex-y0|qsDay.half.en-y0.ex-y0|space	qsDay/full/None/baseline/|qsDay/half/baseline/baseline/|qsDay/half/baseline/None/|space/boundary/None/None/
default	E653:E653:E653:00B7	cell	dangling-anchor-dropped	qsDay|qsDay.half.en-y0.ex-y0|qsDay.half.en-y0.ex-y0|periodcentered	qsDay/full/None/baseline/|qsDay/half/baseline/baseline/|qsDay/half/baseline/None/|namer-dot/boundary/None/None/
default	E653:E653:E653:200C	cell	boundary-echo	qsDay|qsDay.half.en-y0.ex-y0|qsDay.half.en-y0.ex-y0|space	qsDay/full/None/baseline/|qsDay/half/baseline/baseline/|qsDay/half/baseline/None/|zwnj/boundary/None/None/
default	E653:E653:E653:E650	cell	dangling-anchor-dropped	qsDay|qsDay.half.en-y0.ex-y0|qsDay.half.en-y0.ex-y0|qsPea	qsDay/full/None/baseline/|qsDay/half/baseline/baseline/|qsDay/half/baseline/None/|qsPea/full/None/None/
default	E653:E653:E653:E652	cell	bare-name-live-join	qsDay|qsDay.half.en-y0.ex-y0|qsDay.half.en-y0.ex-y0|qsTea.en-y0	qsDay/full/None/baseline/|qsDay/half/baseline/baseline/|qsDay/half/baseline/baseline/|qsTea/full/baseline/None/
default	E653:E653:E653:E653	cell	dangling-anchor-dropped	qsDay|qsDay.half.en-y0.ex-y0|qsDay.half.en-y0.ex-y0|qsDay.half.en-y0.ex-y0	qsDay/full/None/baseline/|qsDay/half/baseline/baseline/|qsDay/half/baseline/baseline/|qsDay/half/baseline/None/
default	E653:E653:E653:E668	cell	bare-name-live-join	qsDay|qsDay.half.en-y0.ex-y0|qsDay.half.en-y0.ex-y0|qsRoe	qsDay/full/None/baseline/|qsDay/half/baseline/baseline/|qsDay/half/baseline/baseline/|qsRoe/hapax/baseline/None/
default	E653:E653:E668:0020	cell	boundary-echo	qsDay|qsDay.half.en-y0.ex-y0|qsRoe|space	qsDay/full/None/baseline/|qsDay/half/baseline/baseline/|qsRoe/hapax/baseline/None/|space/boundary/None/None/
default	E653:E653:E668:00B7	cell	bare-name-live-join	qsDay|qsDay.half.en-y0.ex-y0|qsRoe|periodcentered	qsDay/full/None/baseline/|qsDay/half/baseline/baseline/|qsRoe/hapax/baseline/None/|namer-dot/boundary/None/None/
default	E653:E653:E668:200C	cell	boundary-echo	qsDay|qsDay.half.en-y0.ex-y0|qsRoe|space	qsDay/full/None/baseline/|qsDay/half/baseline/baseline/|qsRoe/hapax/baseline/None/|zwnj/boundary/None/None/
default	E653:E653:E668:E650	cell	bare-name-live-join	qsDay|qsDay.half.en-y0.ex-y0|qsRoe|qsPea	qsDay/full/None/baseline/|qsDay/half/baseline/baseline/|qsRoe/hapax/baseline/None/|qsPea/full/None/None/
default	E653:E653:E668:E652	cell	bare-name-live-join	qsDay|qsDay.half.en-y0.ex-y0|qsRoe|qsTea	qsDay/full/None/baseline/|qsDay/half/baseline/baseline/|qsRoe/hapax/baseline/None/|qsTea/full/None/None/
default	E653:E653:E668:E653	cell	bare-name-live-join	qsDay|qsDay.half.en-y0.ex-y0|qsRoe|qsDay	qsDay/full/None/baseline/|qsDay/half/baseline/baseline/|qsRoe/hapax/baseline/None/|qsDay/full/None/None/
default	E653:E653:E668:E668	cell	bare-name-live-join	qsDay|qsDay.half.en-y0.ex-y0|qsRoe.en-y0.ex-y5|qsRoe	qsDay/full/None/baseline/|qsDay/half/baseline/baseline/|qsRoe/hapax/baseline/x-height/|qsRoe/hapax/x-height/None/
default	E653:E668:0020:0020	cell	boundary-echo	qsDay|qsRoe|space|space	qsDay/full/None/baseline/|qsRoe/hapax/baseline/None/|space/boundary/None/None/|space/boundary/None/None/
default	E653:E668:0020:00B7	cell	boundary-echo	qsDay|qsRoe|space|periodcentered	qsDay/full/None/baseline/|qsRoe/hapax/baseline/None/|space/boundary/None/None/|namer-dot/boundary/None/None/
default	E653:E668:0020:200C	cell	boundary-echo	qsDay|qsRoe|space|space	qsDay/full/None/baseline/|qsRoe/hapax/baseline/None/|space/boundary/None/None/|zwnj/boundary/None/None/
default	E653:E668:0020:E650	cell	boundary-echo	qsDay|qsRoe|space|qsPea	qsDay/full/None/baseline/|qsRoe/hapax/baseline/None/|space/boundary/None/None/|qsPea/full/None/None/
default	E653:E668:0020:E652	cell	boundary-echo	qsDay|qsRoe|space|qsTea	qsDay/full/None/baseline/|qsRoe/hapax/baseline/None/|space/boundary/None/None/|qsTea/full/None/None/
default	E653:E668:0020:E653	cell	boundary-echo	qsDay|qsRoe|space|qsDay	qsDay/full/None/baseline/|qsRoe/hapax/baseline/None/|space/boundary/None/None/|qsDay/full/None/None/
default	E653:E668:0020:E668	cell	boundary-echo	qsDay|qsRoe|space|qsRoe	qsDay/full/None/baseline/|qsRoe/hapax/baseline/None/|space/boundary/None/None/|qsRoe/hapax/None/None/
default	E653:E668:00B7:0020	cell	boundary-echo	qsDay|qsRoe|periodcentered|space	qsDay/full/None/baseline/|qsRoe/hapax/baseline/None/|namer-dot/boundary/None/None/|space/boundary/None/None/
default	E653:E668:00B7:00B7	cell	bare-name-live-join	qsDay|qsRoe|periodcentered|periodcentered	qsDay/full/None/baseline/|qsRoe/hapax/baseline/None/|namer-dot/boundary/None/None/|namer-dot/boundary/None/None/
default	E653:E668:00B7:200C	cell	boundary-echo	qsDay|qsRoe|periodcentered|space	qsDay/full/None/baseline/|qsRoe/hapax/baseline/None/|namer-dot/boundary/None/None/|zwnj/boundary/None/None/
default	E653:E668:00B7:E650	cell	bare-name-live-join	qsDay|qsRoe|periodcentered|qsPea	qsDay/full/None/baseline/|qsRoe/hapax/baseline/None/|namer-dot/boundary/None/None/|qsPea/full/None/None/
default	E653:E668:00B7:E652	cell	bare-name-live-join	qsDay|qsRoe|periodcentered|qsTea	qsDay/full/None/baseline/|qsRoe/hapax/baseline/None/|namer-dot/boundary/None/None/|qsTea/full/None/None/
default	E653:E668:00B7:E653	cell	bare-name-live-join	qsDay|qsRoe|periodcentered|qsDay	qsDay/full/None/baseline/|qsRoe/hapax/baseline/None/|namer-dot/boundary/None/None/|qsDay/full/None/None/
default	E653:E668:00B7:E668	cell	bare-name-live-join	qsDay|qsRoe|periodcentered.lowered|qsRoe	qsDay/full/None/baseline/|qsRoe/hapax/baseline/None/|namer-dot/boundary/None/None/|qsRoe/hapax/None/None/
default	E653:E668:200C:0020	cell	boundary-echo	qsDay|qsRoe|space|space	qsDay/full/None/baseline/|qsRoe/hapax/baseline/None/|zwnj/boundary/None/None/|space/boundary/None/None/
default	E653:E668:200C:00B7	cell	boundary-echo	qsDay|qsRoe|space|periodcentered	qsDay/full/None/baseline/|qsRoe/hapax/baseline/None/|zwnj/boundary/None/None/|namer-dot/boundary/None/None/
default	E653:E668:200C:200C	cell	boundary-echo	qsDay|qsRoe|space|space	qsDay/full/None/baseline/|qsRoe/hapax/baseline/None/|zwnj/boundary/None/None/|zwnj/boundary/None/None/
default	E653:E668:200C:E650	cell	boundary-echo	qsDay|qsRoe|space|qsPea.noentry	qsDay/full/None/baseline/|qsRoe/hapax/baseline/None/|zwnj/boundary/None/None/|qsPea/full/None/None/locked
default	E653:E668:200C:E652	cell	boundary-echo	qsDay|qsRoe|space|qsTea.noentry	qsDay/full/None/baseline/|qsRoe/hapax/baseline/None/|zwnj/boundary/None/None/|qsTea/full/None/None/locked
default	E653:E668:200C:E653	cell	boundary-echo	qsDay|qsRoe|space|qsDay.noentry	qsDay/full/None/baseline/|qsRoe/hapax/baseline/None/|zwnj/boundary/None/None/|qsDay/full/None/None/locked
default	E653:E668:200C:E668	cell	boundary-echo	qsDay|qsRoe|space|qsRoe.noentry	qsDay/full/None/baseline/|qsRoe/hapax/baseline/None/|zwnj/boundary/None/None/|qsRoe/hapax/None/None/locked
default	E653:E668:E650:0020	cell	boundary-echo	qsDay|qsRoe|qsPea|space	qsDay/full/None/baseline/|qsRoe/hapax/baseline/None/|qsPea/full/None/None/|space/boundary/None/None/
default	E653:E668:E650:00B7	cell	bare-name-live-join	qsDay|qsRoe|qsPea|periodcentered	qsDay/full/None/baseline/|qsRoe/hapax/baseline/None/|qsPea/full/None/None/|namer-dot/boundary/None/None/
default	E653:E668:E650:200C	cell	boundary-echo	qsDay|qsRoe|qsPea|space	qsDay/full/None/baseline/|qsRoe/hapax/baseline/None/|qsPea/full/None/None/|zwnj/boundary/None/None/
default	E653:E668:E650:E650	cell	dangling-anchor-dropped	qsDay|qsRoe|qsPea.half.en-y6.ex-y6|qsPea.en-y6	qsDay/full/None/baseline/|qsRoe/hapax/baseline/None/|qsPea/half/None/y6/|qsPea/full/y6/None/
default	E653:E668:E650:E652	cell	bare-name-live-join	qsDay|qsRoe|qsPea|qsTea	qsDay/full/None/baseline/|qsRoe/hapax/baseline/None/|qsPea/full/None/None/|qsTea/full/None/None/
default	E653:E668:E650:E653	cell	dangling-anchor-dropped	qsDay|qsRoe|qsPea|qsDay.half.en-y0.ex-y0	qsDay/full/None/baseline/|qsRoe/hapax/baseline/None/|qsPea/full/None/baseline/|qsDay/half/baseline/None/
default	E653:E668:E650:E668	cell	bare-name-live-join	qsDay|qsRoe|qsPea.half.ex-y5.ex-dips|qsRoe.en-y5.en-con-1	qsDay/full/None/baseline/|qsRoe/hapax/baseline/None/|qsPea/half/None/x-height/|qsRoe/hapax/x-height/None/en-con-1
default	E653:E668:E652:0020	cell	boundary-echo	qsDay|qsRoe|qsTea|space	qsDay/full/None/baseline/|qsRoe/hapax/baseline/None/|qsTea/full/None/None/|space/boundary/None/None/
default	E653:E668:E652:00B7	cell	bare-name-live-join	qsDay|qsRoe|qsTea|periodcentered	qsDay/full/None/baseline/|qsRoe/hapax/baseline/None/|qsTea/full/None/None/|namer-dot/boundary/None/None/
default	E653:E668:E652:200C	cell	boundary-echo	qsDay|qsRoe|qsTea|space	qsDay/full/None/baseline/|qsRoe/hapax/baseline/None/|qsTea/full/None/None/|zwnj/boundary/None/None/
default	E653:E668:E652:E650	cell	bare-name-live-join	qsDay|qsRoe|qsTea|qsPea	qsDay/full/None/baseline/|qsRoe/hapax/baseline/None/|qsTea/full/None/None/|qsPea/full/None/None/
default	E653:E668:E652:E652	cell	bare-name-live-join	qsDay|qsRoe|qsTea|qsTea	qsDay/full/None/baseline/|qsRoe/hapax/baseline/None/|qsTea/full/None/None/|qsTea/full/None/None/
default	E653:E668:E652:E653	cell	dangling-anchor-dropped	qsDay|qsRoe|qsTea.ex-y0|qsDay.half.en-y0.ex-y0.en-ext-1	qsDay/full/None/baseline/|qsRoe/hapax/baseline/None/|qsTea/full/None/baseline/|qsDay/half/baseline/None/en-ext-1
default	E653:E668:E652:E668	cell	bare-name-live-join	qsDay|qsRoe|qsTea.half.ex-y5|qsRoe.en-y5.en-con-1	qsDay/full/None/baseline/|qsRoe/hapax/baseline/None/|qsTea/half/None/x-height/|qsRoe/hapax/x-height/None/en-con-1
default	E653:E668:E653:0020	cell	boundary-echo	qsDay|qsRoe|qsDay|space	qsDay/full/None/baseline/|qsRoe/hapax/baseline/None/|qsDay/full/None/None/|space/boundary/None/None/
default	E653:E668:E653:00B7	cell	bare-name-live-join	qsDay|qsRoe|qsDay|periodcentered	qsDay/full/None/baseline/|qsRoe/hapax/baseline/None/|qsDay/full/None/None/|namer-dot/boundary/None/None/
default	E653:E668:E653:200C	cell	boundary-echo	qsDay|qsRoe|qsDay|space	qsDay/full/None/baseline/|qsRoe/hapax/baseline/None/|qsDay/full/None/None/|zwnj/boundary/None/None/
default	E653:E668:E653:E650	cell	bare-name-live-join	qsDay|qsRoe|qsDay|qsPea	qsDay/full/None/baseline/|qsRoe/hapax/baseline/None/|qsDay/full/None/None/|qsPea/full/None/None/
default	E653:E668:E653:E652	cell	bare-name-live-join	qsDay|qsRoe|qsDay|qsTea.en-y0	qsDay/full/None/baseline/|qsRoe/hapax/baseline/None/|qsDay/full/None/baseline/|qsTea/full/baseline/None/
default	E653:E668:E653:E653	cell	dangling-anchor-dropped	qsDay|qsRoe|qsDay|qsDay.half.en-y0.ex-y0	qsDay/full/None/baseline/|qsRoe/hapax/baseline/None/|qsDay/full/None/baseline/|qsDay/half/baseline/None/
default	E653:E668:E653:E668	cell	bare-name-live-join	qsDay|qsRoe|qsDay|qsRoe	qsDay/full/None/baseline/|qsRoe/hapax/baseline/None/|qsDay/full/None/baseline/|qsRoe/hapax/baseline/None/
default	E653:E668:E668:0020	cell	boundary-echo	qsDay|qsRoe.en-y0.ex-y5|qsRoe|space	qsDay/full/None/baseline/|qsRoe/hapax/baseline/x-height/|qsRoe/hapax/x-height/None/|space/boundary/None/None/
default	E653:E668:E668:00B7	cell	bare-name-live-join	qsDay|qsRoe.en-y0.ex-y5|qsRoe|periodcentered	qsDay/full/None/baseline/|qsRoe/hapax/baseline/x-height/|qsRoe/hapax/x-height/None/|namer-dot/boundary/None/None/
default	E653:E668:E668:200C	cell	boundary-echo	qsDay|qsRoe.en-y0.ex-y5|qsRoe|space	qsDay/full/None/baseline/|qsRoe/hapax/baseline/x-height/|qsRoe/hapax/x-height/None/|zwnj/boundary/None/None/
default	E653:E668:E668:E650	cell	bare-name-live-join	qsDay|qsRoe.en-y0.ex-y5|qsRoe|qsPea	qsDay/full/None/baseline/|qsRoe/hapax/baseline/x-height/|qsRoe/hapax/x-height/None/|qsPea/full/None/None/
default	E653:E668:E668:E652	cell	bare-name-live-join	qsDay|qsRoe.en-y0.ex-y5|qsRoe|qsTea	qsDay/full/None/baseline/|qsRoe/hapax/baseline/x-height/|qsRoe/hapax/x-height/None/|qsTea/full/None/None/
default	E653:E668:E668:E653	cell	bare-name-live-join	qsDay|qsRoe.en-y0.ex-y5|qsRoe|qsDay	qsDay/full/None/baseline/|qsRoe/hapax/baseline/x-height/|qsRoe/hapax/x-height/None/|qsDay/full/None/None/
default	E653:E668:E668:E668	cell	bare-name-live-join	qsDay|qsRoe.en-y0.ex-y5|qsRoe.ex-y0|qsRoe	qsDay/full/None/baseline/|qsRoe/hapax/baseline/x-height/|qsRoe/hapax/x-height/baseline/|qsRoe/hapax/baseline/None/
default	E665:E670:E652:E679	cell,seam	pre-ligature-cleanup-regularized	qsMay|qsIt|qsTea_qsOy	qsMay/loop/None/x-height/ex-ext-1|qsIt/hapax/x-height/None/|qsTea_qsOy/hapax/None/None/
default	E668:0020:E650:E650	cell	boundary-echo	qsRoe|space|qsPea.half.en-y6.ex-y6|qsPea.en-y6	qsRoe/hapax/None/None/|space/boundary/None/None/|qsPea/half/None/y6/|qsPea/full/y6/None/
default	E668:0020:E650:E653	cell	boundary-echo	qsRoe|space|qsPea|qsDay.half.en-y0.ex-y0	qsRoe/hapax/None/None/|space/boundary/None/None/|qsPea/full/None/baseline/|qsDay/half/baseline/None/
default	E668:0020:E652:E653	cell	boundary-echo	qsRoe|space|qsTea.ex-y0|qsDay.half.en-y0.ex-y0.en-ext-1	qsRoe/hapax/None/None/|space/boundary/None/None/|qsTea/full/None/baseline/|qsDay/half/baseline/None/en-ext-1
default	E668:0020:E653:E652	cell	boundary-echo	qsRoe|space|qsDay|qsTea.en-y0	qsRoe/hapax/None/None/|space/boundary/None/None/|qsDay/full/None/baseline/|qsTea/full/baseline/None/
default	E668:0020:E653:E653	cell	boundary-echo	qsRoe|space|qsDay|qsDay.half.en-y0.ex-y0	qsRoe/hapax/None/None/|space/boundary/None/None/|qsDay/full/None/baseline/|qsDay/half/baseline/None/
default	E668:0020:E653:E668	cell	boundary-echo	qsRoe|space|qsDay|qsRoe	qsRoe/hapax/None/None/|space/boundary/None/None/|qsDay/full/None/baseline/|qsRoe/hapax/baseline/None/
default	E668:0020:E668:E668	cell	boundary-echo	qsRoe|space|qsRoe.en-y0.ex-y5|qsRoe	qsRoe/hapax/None/None/|space/boundary/None/None/|qsRoe/hapax/None/x-height/|qsRoe/hapax/x-height/None/
default	E668:00B7:E650:E650	cell	dangling-anchor-dropped	qsRoe|periodcentered|qsPea.half.en-y6.ex-y6|qsPea.en-y6	qsRoe/hapax/None/None/|namer-dot/boundary/None/None/|qsPea/half/None/y6/|qsPea/full/y6/None/
default	E668:00B7:E650:E653	cell	dangling-anchor-dropped	qsRoe|periodcentered|qsPea|qsDay.half.en-y0.ex-y0	qsRoe/hapax/None/None/|namer-dot/boundary/None/None/|qsPea/full/None/baseline/|qsDay/half/baseline/None/
default	E668:00B7:E652:E653	cell	dangling-anchor-dropped	qsRoe|periodcentered|qsTea.ex-y0|qsDay.half.en-y0.ex-y0.en-ext-1	qsRoe/hapax/None/None/|namer-dot/boundary/None/None/|qsTea/full/None/baseline/|qsDay/half/baseline/None/en-ext-1
default	E668:00B7:E653:E652	cell	bare-name-live-join	qsRoe|periodcentered|qsDay|qsTea.en-y0	qsRoe/hapax/None/None/|namer-dot/boundary/None/None/|qsDay/full/None/baseline/|qsTea/full/baseline/None/
default	E668:00B7:E653:E653	cell	dangling-anchor-dropped	qsRoe|periodcentered|qsDay|qsDay.half.en-y0.ex-y0	qsRoe/hapax/None/None/|namer-dot/boundary/None/None/|qsDay/full/None/baseline/|qsDay/half/baseline/None/
default	E668:00B7:E653:E668	cell	bare-name-live-join	qsRoe|periodcentered|qsDay|qsRoe	qsRoe/hapax/None/None/|namer-dot/boundary/None/None/|qsDay/full/None/baseline/|qsRoe/hapax/baseline/None/
default	E668:00B7:E668:E668	cell	dangling-anchor-dropped	qsRoe|periodcentered.lowered|qsRoe.en-y0.ex-y5|qsRoe	qsRoe/hapax/None/None/|namer-dot/boundary/None/None/|qsRoe/hapax/None/x-height/|qsRoe/hapax/x-height/None/
default	E668:200C:E650:E653	cell	boundary-echo	qsRoe|space|qsPea.noentry|qsDay.half.en-y0.ex-y0	qsRoe/hapax/None/None/|zwnj/boundary/None/None/|qsPea/full/None/baseline/locked|qsDay/half/baseline/None/
default	E668:200C:E650:E668	cell	boundary-echo	qsRoe|space|qsPea.half.ex-y5.ex-dips|qsRoe.en-y5.en-con-1	qsRoe/hapax/None/None/|zwnj/boundary/None/None/|qsPea/half/None/x-height/locked|qsRoe/hapax/x-height/None/en-con-1
default	E668:200C:E652:E652	cell	boundary-echo	qsRoe|space|qsTea.ex-y0|qsTea	qsRoe/hapax/None/None/|zwnj/boundary/None/None/|qsTea/full/None/None/locked|qsTea/full/None/None/
default	E668:200C:E652:E653	cell	boundary-echo	qsRoe|space|qsTea.ex-y0|qsDay.half.en-y0.ex-y0.en-ext-1	qsRoe/hapax/None/None/|zwnj/boundary/None/None/|qsTea/full/None/baseline/locked|qsDay/half/baseline/None/en-ext-1
default	E668:200C:E653:E652	cell	boundary-echo	qsRoe|space|qsDay.noentry|qsTea.en-y0	qsRoe/hapax/None/None/|zwnj/boundary/None/None/|qsDay/full/None/baseline/locked|qsTea/full/baseline/None/
default	E668:200C:E653:E653	cell	boundary-echo	qsRoe|space|qsDay.noentry|qsDay.half.en-y0.ex-y0	qsRoe/hapax/None/None/|zwnj/boundary/None/None/|qsDay/full/None/baseline/locked|qsDay/half/baseline/None/
default	E668:200C:E653:E668	cell	boundary-echo	qsRoe|space|qsDay.noentry|qsRoe	qsRoe/hapax/None/None/|zwnj/boundary/None/None/|qsDay/full/None/baseline/locked|qsRoe/hapax/baseline/None/
default	E668:200C:E668:E668	cell	boundary-echo	qsRoe|space|qsRoe.en-y0.ex-y5.noentry|qsRoe	qsRoe/hapax/None/None/|zwnj/boundary/None/None/|qsRoe/hapax/None/x-height/locked|qsRoe/hapax/x-height/None/
default	E668:E650:E650:0020	cell	boundary-echo	qsRoe|qsPea.half.en-y6.ex-y6|qsPea.en-y6|space	qsRoe/hapax/None/None/|qsPea/half/None/y6/|qsPea/full/y6/None/|space/boundary/None/None/
default	E668:E650:E650:00B7	cell	dangling-anchor-dropped	qsRoe|qsPea.half.en-y6.ex-y6|qsPea.en-y6|periodcentered	qsRoe/hapax/None/None/|qsPea/half/None/y6/|qsPea/full/y6/None/|namer-dot/boundary/None/None/
default	E668:E650:E650:200C	cell	boundary-echo	qsRoe|qsPea.half.en-y6.ex-y6|qsPea.en-y6|space	qsRoe/hapax/None/None/|qsPea/half/None/y6/|qsPea/full/y6/None/|zwnj/boundary/None/None/
default	E668:E650:E650:E650	cell	dangling-anchor-dropped	qsRoe|qsPea.half.en-y6.ex-y6|qsPea.half.en-y6.ex-y6|qsPea.en-y6	qsRoe/hapax/None/None/|qsPea/half/None/y6/|qsPea/half/y6/y6/|qsPea/full/y6/None/
default	E668:E650:E650:E652	cell	dangling-anchor-dropped	qsRoe|qsPea.half.en-y6.ex-y6|qsPea.en-y6.ex-y0|qsTea	qsRoe/hapax/None/None/|qsPea/half/None/y6/|qsPea/full/y6/None/|qsTea/full/None/None/
default	E668:E650:E650:E653	cell	dangling-anchor-dropped	qsRoe|qsPea.half.en-y6.ex-y6|qsPea.en-y6.ex-y0|qsDay.half.en-y0.ex-y0	qsRoe/hapax/None/None/|qsPea/half/None/y6/|qsPea/full/y6/baseline/|qsDay/half/baseline/None/
default	E668:E650:E650:E668	cell	dangling-anchor-dropped	qsRoe|qsPea.half.en-y6.ex-y6|qsPea.half.en-y6.ex-y5.ex-dips|qsRoe.en-y5.en-con-1	qsRoe/hapax/None/None/|qsPea/half/None/y6/|qsPea/half/y6/x-height/|qsRoe/hapax/x-height/None/en-con-1
default	E668:E650:E652:E653	cell	dangling-anchor-dropped	qsRoe|qsPea|qsTea.ex-y0|qsDay.half.en-y0.ex-y0.en-ext-1	qsRoe/hapax/None/None/|qsPea/full/None/None/|qsTea/full/None/baseline/|qsDay/half/baseline/None/en-ext-1
default	E668:E650:E653:0020	cell	boundary-echo	qsRoe|qsPea|qsDay.half.en-y0.ex-y0|space	qsRoe/hapax/None/None/|qsPea/full/None/baseline/|qsDay/half/baseline/None/|space/boundary/None/None/
default	E668:E650:E653:00B7	cell	dangling-anchor-dropped	qsRoe|qsPea|qsDay.half.en-y0.ex-y0|periodcentered	qsRoe/hapax/None/None/|qsPea/full/None/baseline/|qsDay/half/baseline/None/|namer-dot/boundary/None/None/
default	E668:E650:E653:200C	cell	boundary-echo	qsRoe|qsPea|qsDay.half.en-y0.ex-y0|space	qsRoe/hapax/None/None/|qsPea/full/None/baseline/|qsDay/half/baseline/None/|zwnj/boundary/None/None/
default	E668:E650:E653:E650	cell	dangling-anchor-dropped	qsRoe|qsPea|qsDay.half.en-y0.ex-y0|qsPea	qsRoe/hapax/None/None/|qsPea/full/None/baseline/|qsDay/half/baseline/None/|qsPea/full/None/None/
default	E668:E650:E653:E652	cell	bare-name-live-join	qsRoe|qsPea|qsDay.half.en-y0.ex-y0|qsTea.en-y0	qsRoe/hapax/None/None/|qsPea/full/None/baseline/|qsDay/half/baseline/baseline/|qsTea/full/baseline/None/
default	E668:E650:E653:E653	cell	dangling-anchor-dropped	qsRoe|qsPea|qsDay.half.en-y0.ex-y0|qsDay.half.en-y0.ex-y0	qsRoe/hapax/None/None/|qsPea/full/None/baseline/|qsDay/half/baseline/baseline/|qsDay/half/baseline/None/
default	E668:E650:E653:E668	cell	bare-name-live-join	qsRoe|qsPea|qsDay.half.en-y0.ex-y0|qsRoe	qsRoe/hapax/None/None/|qsPea/full/None/baseline/|qsDay/half/baseline/baseline/|qsRoe/hapax/baseline/None/
default	E668:E650:E668:E668	cell,position	bare-name-live-join	qsRoe|qsPea.half.ex-y5.ex-dips|qsRoe.ex-y0|qsRoe	qsRoe/hapax/None/None/|qsPea/half/None/x-height/|qsRoe/hapax/x-height/baseline/en-con-1|qsRoe/hapax/baseline/None/
default	E668:E652:E650:E650	cell	dangling-anchor-dropped	qsRoe|qsTea|qsPea.half.en-y6.ex-y6|qsPea.en-y6	qsRoe/hapax/None/None/|qsTea/full/None/None/|qsPea/half/None/y6/|qsPea/full/y6/None/
default	E668:E652:E650:E653	cell	dangling-anchor-dropped	qsRoe|qsTea|qsPea|qsDay.half.en-y0.ex-y0	qsRoe/hapax/None/None/|qsTea/full/None/None/|qsPea/full/None/baseline/|qsDay/half/baseline/None/
default	E668:E652:E652:E653	cell	dangling-anchor-dropped	qsRoe|qsTea|qsTea.ex-y0|qsDay.half.en-y0.ex-y0.en-ext-1	qsRoe/hapax/None/None/|qsTea/full/None/None/|qsTea/full/None/baseline/|qsDay/half/baseline/None/en-ext-1
default	E668:E652:E653:0020	cell	boundary-echo	qsRoe|qsTea.ex-y0|qsDay.half.en-y0.ex-y0.en-ext-1|space	qsRoe/hapax/None/None/|qsTea/full/None/baseline/|qsDay/half/baseline/None/en-ext-1|space/boundary/None/None/
default	E668:E652:E653:00B7	cell	dangling-anchor-dropped	qsRoe|qsTea.ex-y0|qsDay.half.en-y0.ex-y0.en-ext-1|periodcentered	qsRoe/hapax/None/None/|qsTea/full/None/baseline/|qsDay/half/baseline/None/en-ext-1|namer-dot/boundary/None/None/
default	E668:E652:E653:200C	cell	boundary-echo	qsRoe|qsTea.ex-y0|qsDay.half.en-y0.ex-y0.en-ext-1|space	qsRoe/hapax/None/None/|qsTea/full/None/baseline/|qsDay/half/baseline/None/en-ext-1|zwnj/boundary/None/None/
default	E668:E652:E653:E650	cell	dangling-anchor-dropped	qsRoe|qsTea.ex-y0|qsDay.half.en-y0.ex-y0.en-ext-1|qsPea	qsRoe/hapax/None/None/|qsTea/full/None/baseline/|qsDay/half/baseline/None/en-ext-1|qsPea/full/None/None/
default	E668:E652:E653:E653	cell	dangling-anchor-dropped	qsRoe|qsTea.ex-y0|qsDay.half.en-y0.ex-y0.en-ext-1|qsDay.half.en-y0.ex-y0	qsRoe/hapax/None/None/|qsTea/full/None/baseline/|qsDay/half/baseline/baseline/en-ext-1|qsDay/half/baseline/None/
default	E668:E652:E653:E668	cell	bare-name-live-join	qsRoe|qsTea.ex-y0|qsDay.half.en-y0.ex-y0.en-ext-1|qsRoe	qsRoe/hapax/None/None/|qsTea/full/None/baseline/|qsDay/half/baseline/baseline/en-ext-1|qsRoe/hapax/baseline/None/
default	E668:E652:E668:E668	cell,position	UNMATCHED	qsRoe|qsTea.half.ex-y5|qsRoe.ex-y0|qsRoe	qsRoe/hapax/None/None/|qsTea/half/None/x-height/|qsRoe/hapax/x-height/baseline/en-con-1|qsRoe/hapax/baseline/None/
default	E668:E653:E650:E650	cell	dangling-anchor-dropped	qsRoe|qsDay|qsPea.half.en-y6.ex-y6|qsPea.en-y6	qsRoe/hapax/None/None/|qsDay/full/None/None/|qsPea/half/None/y6/|qsPea/full/y6/None/
default	E668:E653:E650:E653	cell	dangling-anchor-dropped	qsRoe|qsDay|qsPea|qsDay.half.en-y0.ex-y0	qsRoe/hapax/None/None/|qsDay/full/None/None/|qsPea/full/None/baseline/|qsDay/half/baseline/None/
default	E668:E653:E652:0020	cell	boundary-echo	qsRoe|qsDay|qsTea.en-y0|space	qsRoe/hapax/None/None/|qsDay/full/None/baseline/|qsTea/full/baseline/None/|space/boundary/None/None/
default	E668:E653:E652:00B7	cell	bare-name-live-join	qsRoe|qsDay|qsTea.en-y0|periodcentered	qsRoe/hapax/None/None/|qsDay/full/None/baseline/|qsTea/full/baseline/None/|namer-dot/boundary/None/None/
default	E668:E653:E652:200C	cell	boundary-echo	qsRoe|qsDay|qsTea.en-y0|space	qsRoe/hapax/None/None/|qsDay/full/None/baseline/|qsTea/full/baseline/None/|zwnj/boundary/None/None/
default	E668:E653:E652:E650	cell	bare-name-live-join	qsRoe|qsDay|qsTea.en-y0|qsPea	qsRoe/hapax/None/None/|qsDay/full/None/baseline/|qsTea/full/baseline/None/|qsPea/full/None/None/
default	E668:E653:E652:E652	cell	bare-name-live-join	qsRoe|qsDay|qsTea.en-y0|qsTea	qsRoe/hapax/None/None/|qsDay/full/None/baseline/|qsTea/full/baseline/None/|qsTea/full/None/None/
default	E668:E653:E652:E653	cell	dangling-anchor-dropped	qsRoe|qsDay|qsTea.ex-y0|qsDay.half.en-y0.ex-y0.en-ext-1	qsRoe/hapax/None/None/|qsDay/full/None/None/|qsTea/full/None/baseline/|qsDay/half/baseline/None/en-ext-1
default	E668:E653:E652:E668	cell,seam	regrouping-floor-drift	qsRoe|qsDay|qsTea.half.ex-y5|qsRoe.en-y5.en-con-1	qsRoe/hapax/None/None/|qsDay/full/None/baseline/|qsTea/full/baseline/None/|qsRoe/hapax/None/None/
default	E668:E653:E653:0020	cell	boundary-echo	qsRoe|qsDay|qsDay.half.en-y0.ex-y0|space	qsRoe/hapax/None/None/|qsDay/full/None/baseline/|qsDay/half/baseline/None/|space/boundary/None/None/
default	E668:E653:E653:00B7	cell	dangling-anchor-dropped	qsRoe|qsDay|qsDay.half.en-y0.ex-y0|periodcentered	qsRoe/hapax/None/None/|qsDay/full/None/baseline/|qsDay/half/baseline/None/|namer-dot/boundary/None/None/
default	E668:E653:E653:200C	cell	boundary-echo	qsRoe|qsDay|qsDay.half.en-y0.ex-y0|space	qsRoe/hapax/None/None/|qsDay/full/None/baseline/|qsDay/half/baseline/None/|zwnj/boundary/None/None/
default	E668:E653:E653:E650	cell	dangling-anchor-dropped	qsRoe|qsDay|qsDay.half.en-y0.ex-y0|qsPea	qsRoe/hapax/None/None/|qsDay/full/None/baseline/|qsDay/half/baseline/None/|qsPea/full/None/None/
default	E668:E653:E653:E652	cell	bare-name-live-join	qsRoe|qsDay|qsDay.half.en-y0.ex-y0|qsTea.en-y0	qsRoe/hapax/None/None/|qsDay/full/None/baseline/|qsDay/half/baseline/baseline/|qsTea/full/baseline/None/
default	E668:E653:E653:E653	cell	dangling-anchor-dropped	qsRoe|qsDay|qsDay.half.en-y0.ex-y0|qsDay.half.en-y0.ex-y0	qsRoe/hapax/None/None/|qsDay/full/None/baseline/|qsDay/half/baseline/baseline/|qsDay/half/baseline/None/
default	E668:E653:E653:E668	cell	bare-name-live-join	qsRoe|qsDay|qsDay.half.en-y0.ex-y0|qsRoe	qsRoe/hapax/None/None/|qsDay/full/None/baseline/|qsDay/half/baseline/baseline/|qsRoe/hapax/baseline/None/
default	E668:E653:E668:0020	cell	boundary-echo	qsRoe|qsDay|qsRoe|space	qsRoe/hapax/None/None/|qsDay/full/None/baseline/|qsRoe/hapax/baseline/None/|space/boundary/None/None/
default	E668:E653:E668:00B7	cell	bare-name-live-join	qsRoe|qsDay|qsRoe|periodcentered	qsRoe/hapax/None/None/|qsDay/full/None/baseline/|qsRoe/hapax/baseline/None/|namer-dot/boundary/None/None/
default	E668:E653:E668:200C	cell	boundary-echo	qsRoe|qsDay|qsRoe|space	qsRoe/hapax/None/None/|qsDay/full/None/baseline/|qsRoe/hapax/baseline/None/|zwnj/boundary/None/None/
default	E668:E653:E668:E650	cell	bare-name-live-join	qsRoe|qsDay|qsRoe|qsPea	qsRoe/hapax/None/None/|qsDay/full/None/baseline/|qsRoe/hapax/baseline/None/|qsPea/full/None/None/
default	E668:E653:E668:E652	cell	bare-name-live-join	qsRoe|qsDay|qsRoe|qsTea	qsRoe/hapax/None/None/|qsDay/full/None/baseline/|qsRoe/hapax/baseline/None/|qsTea/full/None/None/
default	E668:E653:E668:E653	cell	bare-name-live-join	qsRoe|qsDay|qsRoe|qsDay	qsRoe/hapax/None/None/|qsDay/full/None/baseline/|qsRoe/hapax/baseline/None/|qsDay/full/None/None/
default	E668:E653:E668:E668	cell	bare-name-live-join	qsRoe|qsDay|qsRoe.en-y0.ex-y5|qsRoe	qsRoe/hapax/None/None/|qsDay/full/None/baseline/|qsRoe/hapax/baseline/x-height/|qsRoe/hapax/x-height/None/
default	E668:E668:0020:0020	cell	boundary-echo	qsRoe.en-y0.ex-y5|qsRoe|space|space	qsRoe/hapax/None/x-height/|qsRoe/hapax/x-height/None/|space/boundary/None/None/|space/boundary/None/None/
default	E668:E668:0020:00B7	cell	boundary-echo	qsRoe.en-y0.ex-y5|qsRoe|space|periodcentered	qsRoe/hapax/None/x-height/|qsRoe/hapax/x-height/None/|space/boundary/None/None/|namer-dot/boundary/None/None/
default	E668:E668:0020:200C	cell	boundary-echo	qsRoe.en-y0.ex-y5|qsRoe|space|space	qsRoe/hapax/None/x-height/|qsRoe/hapax/x-height/None/|space/boundary/None/None/|zwnj/boundary/None/None/
default	E668:E668:0020:E650	cell	boundary-echo	qsRoe.en-y0.ex-y5|qsRoe|space|qsPea	qsRoe/hapax/None/x-height/|qsRoe/hapax/x-height/None/|space/boundary/None/None/|qsPea/full/None/None/
default	E668:E668:0020:E652	cell	boundary-echo	qsRoe.en-y0.ex-y5|qsRoe|space|qsTea	qsRoe/hapax/None/x-height/|qsRoe/hapax/x-height/None/|space/boundary/None/None/|qsTea/full/None/None/
default	E668:E668:0020:E653	cell	boundary-echo	qsRoe.en-y0.ex-y5|qsRoe|space|qsDay	qsRoe/hapax/None/x-height/|qsRoe/hapax/x-height/None/|space/boundary/None/None/|qsDay/full/None/None/
default	E668:E668:0020:E668	cell	boundary-echo	qsRoe.en-y0.ex-y5|qsRoe|space|qsRoe	qsRoe/hapax/None/x-height/|qsRoe/hapax/x-height/None/|space/boundary/None/None/|qsRoe/hapax/None/None/
default	E668:E668:00B7:0020	cell	boundary-echo	qsRoe.en-y0.ex-y5|qsRoe|periodcentered|space	qsRoe/hapax/None/x-height/|qsRoe/hapax/x-height/None/|namer-dot/boundary/None/None/|space/boundary/None/None/
default	E668:E668:00B7:00B7	cell	dangling-anchor-dropped	qsRoe.en-y0.ex-y5|qsRoe|periodcentered|periodcentered	qsRoe/hapax/None/x-height/|qsRoe/hapax/x-height/None/|namer-dot/boundary/None/None/|namer-dot/boundary/None/None/
default	E668:E668:00B7:200C	cell	boundary-echo	qsRoe.en-y0.ex-y5|qsRoe|periodcentered|space	qsRoe/hapax/None/x-height/|qsRoe/hapax/x-height/None/|namer-dot/boundary/None/None/|zwnj/boundary/None/None/
default	E668:E668:00B7:E650	cell	dangling-anchor-dropped	qsRoe.en-y0.ex-y5|qsRoe|periodcentered|qsPea	qsRoe/hapax/None/x-height/|qsRoe/hapax/x-height/None/|namer-dot/boundary/None/None/|qsPea/full/None/None/
default	E668:E668:00B7:E652	cell	dangling-anchor-dropped	qsRoe.en-y0.ex-y5|qsRoe|periodcentered|qsTea	qsRoe/hapax/None/x-height/|qsRoe/hapax/x-height/None/|namer-dot/boundary/None/None/|qsTea/full/None/None/
default	E668:E668:00B7:E653	cell	dangling-anchor-dropped	qsRoe.en-y0.ex-y5|qsRoe|periodcentered|qsDay	qsRoe/hapax/None/x-height/|qsRoe/hapax/x-height/None/|namer-dot/boundary/None/None/|qsDay/full/None/None/
default	E668:E668:00B7:E668	cell	dangling-anchor-dropped	qsRoe.en-y0.ex-y5|qsRoe|periodcentered.lowered|qsRoe	qsRoe/hapax/None/x-height/|qsRoe/hapax/x-height/None/|namer-dot/boundary/None/None/|qsRoe/hapax/None/None/
default	E668:E668:200C:0020	cell	boundary-echo	qsRoe.en-y0.ex-y5|qsRoe|space|space	qsRoe/hapax/None/x-height/|qsRoe/hapax/x-height/None/|zwnj/boundary/None/None/|space/boundary/None/None/
default	E668:E668:200C:00B7	cell	boundary-echo	qsRoe.en-y0.ex-y5|qsRoe|space|periodcentered	qsRoe/hapax/None/x-height/|qsRoe/hapax/x-height/None/|zwnj/boundary/None/None/|namer-dot/boundary/None/None/
default	E668:E668:200C:200C	cell	boundary-echo	qsRoe.en-y0.ex-y5|qsRoe|space|space	qsRoe/hapax/None/x-height/|qsRoe/hapax/x-height/None/|zwnj/boundary/None/None/|zwnj/boundary/None/None/
default	E668:E668:200C:E650	cell	boundary-echo	qsRoe.en-y0.ex-y5|qsRoe|space|qsPea.noentry	qsRoe/hapax/None/x-height/|qsRoe/hapax/x-height/None/|zwnj/boundary/None/None/|qsPea/full/None/None/locked
default	E668:E668:200C:E652	cell	boundary-echo	qsRoe.en-y0.ex-y5|qsRoe|space|qsTea.noentry	qsRoe/hapax/None/x-height/|qsRoe/hapax/x-height/None/|zwnj/boundary/None/None/|qsTea/full/None/None/locked
default	E668:E668:200C:E653	cell	boundary-echo	qsRoe.en-y0.ex-y5|qsRoe|space|qsDay.noentry	qsRoe/hapax/None/x-height/|qsRoe/hapax/x-height/None/|zwnj/boundary/None/None/|qsDay/full/None/None/locked
default	E668:E668:200C:E668	cell	boundary-echo	qsRoe.en-y0.ex-y5|qsRoe|space|qsRoe.noentry	qsRoe/hapax/None/x-height/|qsRoe/hapax/x-height/None/|zwnj/boundary/None/None/|qsRoe/hapax/None/None/locked
default	E668:E668:E650:0020	cell	boundary-echo	qsRoe.en-y0.ex-y5|qsRoe|qsPea|space	qsRoe/hapax/None/x-height/|qsRoe/hapax/x-height/None/|qsPea/full/None/None/|space/boundary/None/None/
default	E668:E668:E650:00B7	cell	dangling-anchor-dropped	qsRoe.en-y0.ex-y5|qsRoe|qsPea|periodcentered	qsRoe/hapax/None/x-height/|qsRoe/hapax/x-height/None/|qsPea/full/None/None/|namer-dot/boundary/None/None/
default	E668:E668:E650:200C	cell	boundary-echo	qsRoe.en-y0.ex-y5|qsRoe|qsPea|space	qsRoe/hapax/None/x-height/|qsRoe/hapax/x-height/None/|qsPea/full/None/None/|zwnj/boundary/None/None/
default	E668:E668:E650:E650	cell	dangling-anchor-dropped	qsRoe.en-y0.ex-y5|qsRoe|qsPea.half.en-y6.ex-y6|qsPea.en-y6	qsRoe/hapax/None/x-height/|qsRoe/hapax/x-height/None/|qsPea/half/None/y6/|qsPea/full/y6/None/
default	E668:E668:E650:E652	cell	dangling-anchor-dropped	qsRoe.en-y0.ex-y5|qsRoe|qsPea|qsTea	qsRoe/hapax/None/x-height/|qsRoe/hapax/x-height/None/|qsPea/full/None/None/|qsTea/full/None/None/
default	E668:E668:E650:E653	cell	dangling-anchor-dropped	qsRoe.en-y0.ex-y5|qsRoe|qsPea|qsDay.half.en-y0.ex-y0	qsRoe/hapax/None/x-height/|qsRoe/hapax/x-height/None/|qsPea/full/None/baseline/|qsDay/half/baseline/None/
default	E668:E668:E650:E668	cell	dangling-anchor-dropped	qsRoe.en-y0.ex-y5|qsRoe|qsPea.half.ex-y5.ex-dips|qsRoe.en-y5.en-con-1	qsRoe/hapax/None/x-height/|qsRoe/hapax/x-height/None/|qsPea/half/None/x-height/|qsRoe/hapax/x-height/None/en-con-1
default	E668:E668:E652:0020	cell	boundary-echo	qsRoe.en-y0.ex-y5|qsRoe|qsTea|space	qsRoe/hapax/None/x-height/|qsRoe/hapax/x-height/None/|qsTea/full/None/None/|space/boundary/None/None/
default	E668:E668:E652:00B7	cell	dangling-anchor-dropped	qsRoe.en-y0.ex-y5|qsRoe|qsTea|periodcentered	qsRoe/hapax/None/x-height/|qsRoe/hapax/x-height/None/|qsTea/full/None/None/|namer-dot/boundary/None/None/
default	E668:E668:E652:200C	cell	boundary-echo	qsRoe.en-y0.ex-y5|qsRoe|qsTea|space	qsRoe/hapax/None/x-height/|qsRoe/hapax/x-height/None/|qsTea/full/None/None/|zwnj/boundary/None/None/
default	E668:E668:E652:E650	cell	dangling-anchor-dropped	qsRoe.en-y0.ex-y5|qsRoe|qsTea|qsPea	qsRoe/hapax/None/x-height/|qsRoe/hapax/x-height/None/|qsTea/full/None/None/|qsPea/full/None/None/
default	E668:E668:E652:E652	cell	dangling-anchor-dropped	qsRoe.en-y0.ex-y5|qsRoe|qsTea|qsTea	qsRoe/hapax/None/x-height/|qsRoe/hapax/x-height/None/|qsTea/full/None/None/|qsTea/full/None/None/
default	E668:E668:E652:E653	cell	dangling-anchor-dropped	qsRoe.en-y0.ex-y5|qsRoe|qsTea.ex-y0|qsDay.half.en-y0.ex-y0.en-ext-1	qsRoe/hapax/None/x-height/|qsRoe/hapax/x-height/None/|qsTea/full/None/baseline/|qsDay/half/baseline/None/en-ext-1
default	E668:E668:E652:E668	cell	dangling-anchor-dropped	qsRoe.en-y0.ex-y5|qsRoe|qsTea.half.ex-y5|qsRoe.en-y5.en-con-1	qsRoe/hapax/None/x-height/|qsRoe/hapax/x-height/None/|qsTea/half/None/x-height/|qsRoe/hapax/x-height/None/en-con-1
default	E668:E668:E653:0020	cell	boundary-echo	qsRoe.en-y0.ex-y5|qsRoe|qsDay|space	qsRoe/hapax/None/x-height/|qsRoe/hapax/x-height/None/|qsDay/full/None/None/|space/boundary/None/None/
default	E668:E668:E653:00B7	cell	dangling-anchor-dropped	qsRoe.en-y0.ex-y5|qsRoe|qsDay|periodcentered	qsRoe/hapax/None/x-height/|qsRoe/hapax/x-height/None/|qsDay/full/None/None/|namer-dot/boundary/None/None/
default	E668:E668:E653:200C	cell	boundary-echo	qsRoe.en-y0.ex-y5|qsRoe|qsDay|space	qsRoe/hapax/None/x-height/|qsRoe/hapax/x-height/None/|qsDay/full/None/None/|zwnj/boundary/None/None/
default	E668:E668:E653:E650	cell	dangling-anchor-dropped	qsRoe.en-y0.ex-y5|qsRoe|qsDay|qsPea	qsRoe/hapax/None/x-height/|qsRoe/hapax/x-height/None/|qsDay/full/None/None/|qsPea/full/None/None/
default	E668:E668:E653:E652	cell	dangling-anchor-dropped	qsRoe.en-y0.ex-y5|qsRoe|qsDay|qsTea.en-y0	qsRoe/hapax/None/x-height/|qsRoe/hapax/x-height/None/|qsDay/full/None/baseline/|qsTea/full/baseline/None/
default	E668:E668:E653:E653	cell	dangling-anchor-dropped	qsRoe.en-y0.ex-y5|qsRoe|qsDay|qsDay.half.en-y0.ex-y0	qsRoe/hapax/None/x-height/|qsRoe/hapax/x-height/None/|qsDay/full/None/baseline/|qsDay/half/baseline/None/
default	E668:E668:E653:E668	cell	dangling-anchor-dropped	qsRoe.en-y0.ex-y5|qsRoe|qsDay|qsRoe	qsRoe/hapax/None/x-height/|qsRoe/hapax/x-height/None/|qsDay/full/None/baseline/|qsRoe/hapax/baseline/None/
default	E668:E668:E668:0020	cell	boundary-echo	qsRoe.en-y0.ex-y5|qsRoe.ex-y0|qsRoe|space	qsRoe/hapax/None/x-height/|qsRoe/hapax/x-height/baseline/|qsRoe/hapax/baseline/None/|space/boundary/None/None/
default	E668:E668:E668:00B7	cell	dangling-anchor-dropped	qsRoe.en-y0.ex-y5|qsRoe.ex-y0|qsRoe|periodcentered	qsRoe/hapax/None/x-height/|qsRoe/hapax/x-height/baseline/|qsRoe/hapax/baseline/None/|namer-dot/boundary/None/None/
default	E668:E668:E668:200C	cell	boundary-echo	qsRoe.en-y0.ex-y5|qsRoe.ex-y0|qsRoe|space	qsRoe/hapax/None/x-height/|qsRoe/hapax/x-height/baseline/|qsRoe/hapax/baseline/None/|zwnj/boundary/None/None/
default	E668:E668:E668:E650	cell	dangling-anchor-dropped	qsRoe.en-y0.ex-y5|qsRoe.ex-y0|qsRoe|qsPea	qsRoe/hapax/None/x-height/|qsRoe/hapax/x-height/baseline/|qsRoe/hapax/baseline/None/|qsPea/full/None/None/
default	E668:E668:E668:E652	cell	dangling-anchor-dropped	qsRoe.en-y0.ex-y5|qsRoe.ex-y0|qsRoe|qsTea	qsRoe/hapax/None/x-height/|qsRoe/hapax/x-height/baseline/|qsRoe/hapax/baseline/None/|qsTea/full/None/None/
default	E668:E668:E668:E653	cell	dangling-anchor-dropped	qsRoe.en-y0.ex-y5|qsRoe.ex-y0|qsRoe|qsDay	qsRoe/hapax/None/x-height/|qsRoe/hapax/x-height/baseline/|qsRoe/hapax/baseline/None/|qsDay/full/None/None/
default	E668:E668:E668:E668	cell	dangling-anchor-dropped	qsRoe.en-y0.ex-y5|qsRoe.ex-y0|qsRoe.en-y0.ex-y5|qsRoe	qsRoe/hapax/None/x-height/|qsRoe/hapax/x-height/baseline/|qsRoe/hapax/baseline/x-height/|qsRoe/hapax/x-height/None/
default	E670:E67A:E670:E665	cell	same-seam-extension-non-summing	qsIt.ex-y0.before-utter|qsUtter|qsIt.en-y5.ex-y0.ex-ext-1|qsMay.en-y0.ex-y5.en-ext-1	qsIt/hapax/None/baseline/|qsUtter/mono/baseline/x-height/|qsIt/hapax/x-height/baseline/|qsMay/loop/baseline/None/
ss03	E650:E650	cell	dangling-anchor-dropped	qsPea.half.en-y6.ex-y6|qsPea.en-y6	qsPea/half/None/y6/|qsPea/full/y6/None/
ss03	E650:E653	cell	dangling-anchor-dropped	qsPea|qsDay.half.en-y0.ex-y0	qsPea/full/None/baseline/|qsDay/half/baseline/None/
ss03	E652:E653	cell	dangling-anchor-dropped	qsTea.ex-y0|qsDay.half.en-y0.ex-y0.en-ext-1	qsTea/full/None/baseline/|qsDay/half/baseline/None/en-ext-1
ss03	E652:E670	cell	dangling-anchor-dropped	qsTea.half.ex-y5|qsIt.en-y5.ex-y0	qsTea/half/None/x-height/|qsIt/hapax/x-height/None/
ss03	E653:E652	cell	bare-name-live-join	qsDay|qsTea.en-y0	qsDay/full/None/baseline/|qsTea/full/baseline/None/
ss03	E653:E653	cell	dangling-anchor-dropped	qsDay|qsDay.half.en-y0.ex-y0	qsDay/full/None/baseline/|qsDay/half/baseline/None/
ss03	E653:E668	cell	bare-name-live-join	qsDay|qsRoe	qsDay/full/None/baseline/|qsRoe/hapax/baseline/None/
ss03	E658:E666	cell	bare-name-live-join	qsFee.ex-y5.before-utter.ex-ext-1|qsNo	qsFee/loop/None/x-height/ex-ext-1|qsNo/loop/x-height/None/
ss03	E668:E668	cell	dangling-anchor-dropped	qsRoe.en-y0.ex-y5|qsRoe	qsRoe/hapax/None/x-height/|qsRoe/hapax/x-height/None/
ss03	E670:E670	cell	dangling-anchor-dropped	qsIt.ex-y5|qsIt	qsIt/hapax/None/None/|qsIt/hapax/None/None/
ss03	E67B:E652	ligation	ss03-out-tea-ligature-kept	qsOut.en-y0.ex-y5.ex-ext-1|qsTea.half.en-y5.after-xheight-exit	qsOut_qsTea/hapax/None/None/
ss03	0020:E650:E650	cell	boundary-echo	space|qsPea.half.en-y6.ex-y6|qsPea.en-y6	space/boundary/None/None/|qsPea/half/None/y6/|qsPea/full/y6/None/
ss03	0020:E650:E653	cell	boundary-echo	space|qsPea|qsDay.half.en-y0.ex-y0	space/boundary/None/None/|qsPea/full/None/baseline/|qsDay/half/baseline/None/
ss03	0020:E652:E653	cell	boundary-echo	space|qsTea.ex-y0|qsDay.half.en-y0.ex-y0.en-ext-1	space/boundary/None/None/|qsTea/full/None/baseline/|qsDay/half/baseline/None/en-ext-1
ss03	0020:E653:E652	cell	boundary-echo	space|qsDay|qsTea.en-y0	space/boundary/None/None/|qsDay/full/None/baseline/|qsTea/full/baseline/None/
ss03	0020:E653:E653	cell	boundary-echo	space|qsDay|qsDay.half.en-y0.ex-y0	space/boundary/None/None/|qsDay/full/None/baseline/|qsDay/half/baseline/None/
ss03	0020:E653:E668	cell	boundary-echo	space|qsDay|qsRoe	space/boundary/None/None/|qsDay/full/None/baseline/|qsRoe/hapax/baseline/None/
ss03	0020:E668:E668	cell	boundary-echo	space|qsRoe.en-y0.ex-y5|qsRoe	space/boundary/None/None/|qsRoe/hapax/None/x-height/|qsRoe/hapax/x-height/None/
ss03	00B7:E650:E650	cell	dangling-anchor-dropped	periodcentered|qsPea.half.en-y6.ex-y6|qsPea.en-y6	namer-dot/boundary/None/None/|qsPea/half/None/y6/|qsPea/full/y6/None/
ss03	00B7:E650:E653	cell	dangling-anchor-dropped	periodcentered|qsPea|qsDay.half.en-y0.ex-y0	namer-dot/boundary/None/None/|qsPea/full/None/baseline/|qsDay/half/baseline/None/
ss03	00B7:E652:E653	cell	dangling-anchor-dropped	periodcentered|qsTea.ex-y0|qsDay.half.en-y0.ex-y0.en-ext-1	namer-dot/boundary/None/None/|qsTea/full/None/baseline/|qsDay/half/baseline/None/en-ext-1
ss03	00B7:E653:E652	cell	bare-name-live-join	periodcentered|qsDay|qsTea.en-y0	namer-dot/boundary/None/None/|qsDay/full/None/baseline/|qsTea/full/baseline/None/
ss03	00B7:E653:E653	cell	dangling-anchor-dropped	periodcentered|qsDay|qsDay.half.en-y0.ex-y0	namer-dot/boundary/None/None/|qsDay/full/None/baseline/|qsDay/half/baseline/None/
ss03	00B7:E653:E668	cell	bare-name-live-join	periodcentered|qsDay|qsRoe	namer-dot/boundary/None/None/|qsDay/full/None/baseline/|qsRoe/hapax/baseline/None/
ss03	00B7:E668:E668	cell	dangling-anchor-dropped	periodcentered.lowered|qsRoe.en-y0.ex-y5|qsRoe	namer-dot/boundary/None/None/|qsRoe/hapax/None/x-height/|qsRoe/hapax/x-height/None/
ss03	200C:E650:E653	cell	boundary-echo	space|qsPea.noentry|qsDay.half.en-y0.ex-y0	zwnj/boundary/None/None/|qsPea/full/None/baseline/locked|qsDay/half/baseline/None/
ss03	200C:E650:E668	cell	boundary-echo	space|qsPea.half.ex-y5.ex-dips|qsRoe.en-y5.en-con-1	zwnj/boundary/None/None/|qsPea/half/None/x-height/locked|qsRoe/hapax/x-height/None/en-con-1
ss03	200C:E652:E652	cell	boundary-echo	space|qsTea.ex-y0|qsTea	zwnj/boundary/None/None/|qsTea/full/None/None/locked|qsTea/full/None/None/
ss03	200C:E652:E653	cell	boundary-echo	space|qsTea.ex-y0|qsDay.half.en-y0.ex-y0.en-ext-1	zwnj/boundary/None/None/|qsTea/full/None/baseline/locked|qsDay/half/baseline/None/en-ext-1
ss03	200C:E652:E679	ligation	boundary-echo	space|qsTea.noentry|qsOy	zwnj/boundary/None/None/|qsTea_qsOy/hapax/None/None/
ss03	200C:E653:E652	cell	boundary-echo	space|qsDay.noentry|qsTea.en-y0	zwnj/boundary/None/None/|qsDay/full/None/baseline/locked|qsTea/full/baseline/None/
ss03	200C:E653:E653	cell	boundary-echo	space|qsDay.noentry|qsDay.half.en-y0.ex-y0	zwnj/boundary/None/None/|qsDay/full/None/baseline/locked|qsDay/half/baseline/None/
ss03	200C:E653:E668	cell	boundary-echo	space|qsDay.noentry|qsRoe	zwnj/boundary/None/None/|qsDay/full/None/baseline/locked|qsRoe/hapax/baseline/None/
ss03	200C:E668:E668	cell	boundary-echo	space|qsRoe.en-y0.ex-y5.noentry|qsRoe	zwnj/boundary/None/None/|qsRoe/hapax/None/x-height/locked|qsRoe/hapax/x-height/None/
ss03	E650:E650:0020	cell	boundary-echo	qsPea.half.en-y6.ex-y6|qsPea.en-y6|space	qsPea/half/None/y6/|qsPea/full/y6/None/|space/boundary/None/None/
ss03	E650:E650:00B7	cell	dangling-anchor-dropped	qsPea.half.en-y6.ex-y6|qsPea.en-y6|periodcentered	qsPea/half/None/y6/|qsPea/full/y6/None/|namer-dot/boundary/None/None/
ss03	E650:E650:200C	cell	boundary-echo	qsPea.half.en-y6.ex-y6|qsPea.en-y6|space	qsPea/half/None/y6/|qsPea/full/y6/None/|zwnj/boundary/None/None/
ss03	E650:E650:E650	cell	dangling-anchor-dropped	qsPea.half.en-y6.ex-y6|qsPea.half.en-y6.ex-y6|qsPea.en-y6	qsPea/half/None/y6/|qsPea/half/y6/y6/|qsPea/full/y6/None/
ss03	E650:E650:E652	cell	dangling-anchor-dropped	qsPea.half.en-y6.ex-y6|qsPea.en-y6.ex-y0|qsTea	qsPea/half/None/y6/|qsPea/full/y6/None/|qsTea/full/None/None/
ss03	E650:E650:E653	cell	dangling-anchor-dropped	qsPea.half.en-y6.ex-y6|qsPea.en-y6.ex-y0|qsDay.half.en-y0.ex-y0	qsPea/half/None/y6/|qsPea/full/y6/baseline/|qsDay/half/baseline/None/
ss03	E650:E650:E668	cell	dangling-anchor-dropped	qsPea.half.en-y6.ex-y6|qsPea.half.en-y6.ex-y5.ex-dips|qsRoe.en-y5.en-con-1	qsPea/half/None/y6/|qsPea/half/y6/x-height/|qsRoe/hapax/x-height/None/en-con-1
ss03	E650:E650:E67A	cell,seam	pea-chain-regularized	qsPea.half.en-y6.ex-y6|qsPea.en-y6|qsUtter	qsPea/half/None/y6/|qsPea/full/y6/baseline/|qsUtter/mono/baseline/None/
ss03	E650:E652:E653	cell	dangling-anchor-dropped	qsPea|qsTea.ex-y0|qsDay.half.en-y0.ex-y0.en-ext-1	qsPea/full/None/None/|qsTea/full/None/baseline/|qsDay/half/baseline/None/en-ext-1
ss03	E650:E653:0020	cell	boundary-echo	qsPea|qsDay.half.en-y0.ex-y0|space	qsPea/full/None/baseline/|qsDay/half/baseline/None/|space/boundary/None/None/
ss03	E650:E653:00B7	cell	dangling-anchor-dropped	qsPea|qsDay.half.en-y0.ex-y0|periodcentered	qsPea/full/None/baseline/|qsDay/half/baseline/None/|namer-dot/boundary/None/None/
ss03	E650:E653:200C	cell	boundary-echo	qsPea|qsDay.half.en-y0.ex-y0|space	qsPea/full/None/baseline/|qsDay/half/baseline/None/|zwnj/boundary/None/None/
ss03	E650:E653:E650	cell	dangling-anchor-dropped	qsPea|qsDay.half.en-y0.ex-y0|qsPea	qsPea/full/None/baseline/|qsDay/half/baseline/None/|qsPea/full/None/None/
ss03	E650:E653:E652	cell	bare-name-live-join	qsPea|qsDay.half.en-y0.ex-y0|qsTea.en-y0	qsPea/full/None/baseline/|qsDay/half/baseline/baseline/|qsTea/full/baseline/None/
ss03	E650:E653:E653	cell	dangling-anchor-dropped	qsPea|qsDay.half.en-y0.ex-y0|qsDay.half.en-y0.ex-y0	qsPea/full/None/baseline/|qsDay/half/baseline/baseline/|qsDay/half/baseline/None/
ss03	E650:E653:E668	cell	bare-name-live-join	qsPea|qsDay.half.en-y0.ex-y0|qsRoe	qsPea/full/None/baseline/|qsDay/half/baseline/baseline/|qsRoe/hapax/baseline/None/
ss03	E650:E668:E668	cell,position	UNMATCHED	qsPea.half.ex-y5.ex-dips|qsRoe.ex-y0|qsRoe	qsPea/half/None/x-height/|qsRoe/hapax/x-height/baseline/en-con-1|qsRoe/hapax/baseline/None/
ss03	E650:E670:E65D	cell,seam	regrouping-floor-drift	qsPea.half.ex-y5.ex-dips|qsIt.en-y5.ex-y0|qsJai	qsPea/full/None/None/|qsIt/hapax/None/x-height/ex-ext-1|qsJai/hapax/x-height/None/
ss03	E652:E650:E650	cell	dangling-anchor-dropped	qsTea|qsPea.half.en-y6.ex-y6|qsPea.en-y6	qsTea/full/None/None/|qsPea/half/None/y6/|qsPea/full/y6/None/
ss03	E652:E650:E653	cell	dangling-anchor-dropped	qsTea|qsPea|qsDay.half.en-y0.ex-y0	qsTea/full/None/None/|qsPea/full/None/baseline/|qsDay/half/baseline/None/
ss03	E652:E652:E653	cell	dangling-anchor-dropped	qsTea|qsTea.ex-y0|qsDay.half.en-y0.ex-y0.en-ext-1	qsTea/full/None/None/|qsTea/full/None/baseline/|qsDay/half/baseline/None/en-ext-1
ss03	E652:E653:0020	cell	boundary-echo	qsTea.ex-y0|qsDay.half.en-y0.ex-y0.en-ext-1|space	qsTea/full/None/baseline/|qsDay/half/baseline/None/en-ext-1|space/boundary/None/None/
ss03	E652:E653:00B7	cell	dangling-anchor-dropped	qsTea.ex-y0|qsDay.half.en-y0.ex-y0.en-ext-1|periodcentered	qsTea/full/None/baseline/|qsDay/half/baseline/None/en-ext-1|namer-dot/boundary/None/None/
ss03	E652:E653:200C	cell	boundary-echo	qsTea.ex-y0|qsDay.half.en-y0.ex-y0.en-ext-1|space	qsTea/full/None/baseline/|qsDay/half/baseline/None/en-ext-1|zwnj/boundary/None/None/
ss03	E652:E653:E650	cell	dangling-anchor-dropped	qsTea.ex-y0|qsDay.half.en-y0.ex-y0.en-ext-1|qsPea	qsTea/full/None/baseline/|qsDay/half/baseline/None/en-ext-1|qsPea/full/None/None/
ss03	E652:E653:E653	cell	dangling-anchor-dropped	qsTea.ex-y0|qsDay.half.en-y0.ex-y0.en-ext-1|qsDay.half.en-y0.ex-y0	qsTea/full/None/baseline/|qsDay/half/baseline/baseline/en-ext-1|qsDay/half/baseline/None/
ss03	E652:E653:E668	cell	bare-name-live-join	qsTea.ex-y0|qsDay.half.en-y0.ex-y0.en-ext-1|qsRoe	qsTea/full/None/baseline/|qsDay/half/baseline/baseline/en-ext-1|qsRoe/hapax/baseline/None/
ss03	E652:E668:E668	cell,position	UNMATCHED	qsTea.half.ex-y5|qsRoe.ex-y0|qsRoe	qsTea/half/None/x-height/|qsRoe/hapax/x-height/baseline/en-con-1|qsRoe/hapax/baseline/None/
ss03	E653:E650:E650	cell	dangling-anchor-dropped	qsDay|qsPea.half.en-y6.ex-y6|qsPea.en-y6	qsDay/full/None/None/|qsPea/half/None/y6/|qsPea/full/y6/None/
ss03	E653:E650:E653	cell	dangling-anchor-dropped	qsDay|qsPea|qsDay.half.en-y0.ex-y0	qsDay/full/None/None/|qsPea/full/None/baseline/|qsDay/half/baseline/None/
ss03	E653:E652:0020	cell	boundary-echo	qsDay|qsTea.en-y0|space	qsDay/full/None/baseline/|qsTea/full/baseline/None/|space/boundary/None/None/
ss03	E653:E652:00B7	cell	bare-name-live-join	qsDay|qsTea.en-y0|periodcentered	qsDay/full/None/baseline/|qsTea/full/baseline/None/|namer-dot/boundary/None/None/
ss03	E653:E652:200C	cell	boundary-echo	qsDay|qsTea.en-y0|space	qsDay/full/None/baseline/|qsTea/full/baseline/None/|zwnj/boundary/None/None/
ss03	E653:E652:E650	cell	bare-name-live-join	qsDay|qsTea.en-y0|qsPea	qsDay/full/None/baseline/|qsTea/full/baseline/None/|qsPea/full/None/None/
ss03	E653:E652:E652	cell	bare-name-live-join	qsDay|qsTea.en-y0|qsTea	qsDay/full/None/baseline/|qsTea/full/baseline/None/|qsTea/full/None/None/
ss03	E653:E652:E653	cell	dangling-anchor-dropped	qsDay|qsTea.ex-y0|qsDay.half.en-y0.ex-y0.en-ext-1	qsDay/full/None/None/|qsTea/full/None/baseline/|qsDay/half/baseline/None/en-ext-1
ss03	E653:E652:E668	cell,seam	regrouping-floor-drift	qsDay|qsTea.half.ex-y5|qsRoe.en-y5.en-con-1	qsDay/full/None/baseline/|qsTea/full/baseline/None/|qsRoe/hapax/None/None/
ss03	E653:E653:0020	cell	boundary-echo	qsDay|qsDay.half.en-y0.ex-y0|space	qsDay/full/None/baseline/|qsDay/half/baseline/None/|space/boundary/None/None/
ss03	E653:E653:00B7	cell	dangling-anchor-dropped	qsDay|qsDay.half.en-y0.ex-y0|periodcentered	qsDay/full/None/baseline/|qsDay/half/baseline/None/|namer-dot/boundary/None/None/
ss03	E653:E653:200C	cell	boundary-echo	qsDay|qsDay.half.en-y0.ex-y0|space	qsDay/full/None/baseline/|qsDay/half/baseline/None/|zwnj/boundary/None/None/
ss03	E653:E653:E650	cell	dangling-anchor-dropped	qsDay|qsDay.half.en-y0.ex-y0|qsPea	qsDay/full/None/baseline/|qsDay/half/baseline/None/|qsPea/full/None/None/
ss03	E653:E653:E652	cell	bare-name-live-join	qsDay|qsDay.half.en-y0.ex-y0|qsTea.en-y0	qsDay/full/None/baseline/|qsDay/half/baseline/baseline/|qsTea/full/baseline/None/
ss03	E653:E653:E653	cell	dangling-anchor-dropped	qsDay|qsDay.half.en-y0.ex-y0|qsDay.half.en-y0.ex-y0	qsDay/full/None/baseline/|qsDay/half/baseline/baseline/|qsDay/half/baseline/None/
ss03	E653:E653:E668	cell	bare-name-live-join	qsDay|qsDay.half.en-y0.ex-y0|qsRoe	qsDay/full/None/baseline/|qsDay/half/baseline/baseline/|qsRoe/hapax/baseline/None/
ss03	E653:E668:0020	cell	boundary-echo	qsDay|qsRoe|space	qsDay/full/None/baseline/|qsRoe/hapax/baseline/None/|space/boundary/None/None/
ss03	E653:E668:00B7	cell	bare-name-live-join	qsDay|qsRoe|periodcentered	qsDay/full/None/baseline/|qsRoe/hapax/baseline/None/|namer-dot/boundary/None/None/
ss03	E653:E668:200C	cell	boundary-echo	qsDay|qsRoe|space	qsDay/full/None/baseline/|qsRoe/hapax/baseline/None/|zwnj/boundary/None/None/
ss03	E653:E668:E650	cell	bare-name-live-join	qsDay|qsRoe|qsPea	qsDay/full/None/baseline/|qsRoe/hapax/baseline/None/|qsPea/full/None/None/
ss03	E653:E668:E652	cell	bare-name-live-join	qsDay|qsRoe|qsTea	qsDay/full/None/baseline/|qsRoe/hapax/baseline/None/|qsTea/full/None/None/
ss03	E653:E668:E653	cell	bare-name-live-join	qsDay|qsRoe|qsDay	qsDay/full/None/baseline/|qsRoe/hapax/baseline/None/|qsDay/full/None/None/
ss03	E653:E668:E668	cell	bare-name-live-join	qsDay|qsRoe.en-y0.ex-y5|qsRoe	qsDay/full/None/baseline/|qsRoe/hapax/baseline/x-height/|qsRoe/hapax/x-height/None/
ss03	E665:E666:E666	cell	bare-name-live-join	qsMay|qsNo|qsNo	qsMay/loop/None/x-height/|qsNo/loop/x-height/x-height/|qsNo/loop/x-height/None/
ss03	E668:E650:E650	cell	dangling-anchor-dropped	qsRoe|qsPea.half.en-y6.ex-y6|qsPea.en-y6	qsRoe/hapax/None/None/|qsPea/half/None/y6/|qsPea/full/y6/None/
ss03	E668:E650:E653	cell	dangling-anchor-dropped	qsRoe|qsPea|qsDay.half.en-y0.ex-y0	qsRoe/hapax/None/None/|qsPea/full/None/baseline/|qsDay/half/baseline/None/
ss03	E668:E652:E653	cell	dangling-anchor-dropped	qsRoe|qsTea.ex-y0|qsDay.half.en-y0.ex-y0.en-ext-1	qsRoe/hapax/None/None/|qsTea/full/None/baseline/|qsDay/half/baseline/None/en-ext-1
ss03	E668:E653:E652	cell	bare-name-live-join	qsRoe|qsDay|qsTea.en-y0	qsRoe/hapax/None/None/|qsDay/full/None/baseline/|qsTea/full/baseline/None/
ss03	E668:E653:E653	cell	dangling-anchor-dropped	qsRoe|qsDay|qsDay.half.en-y0.ex-y0	qsRoe/hapax/None/None/|qsDay/full/None/baseline/|qsDay/half/baseline/None/
ss03	E668:E653:E668	cell	bare-name-live-join	qsRoe|qsDay|qsRoe	qsRoe/hapax/None/None/|qsDay/full/None/baseline/|qsRoe/hapax/baseline/None/
ss03	E668:E668:0020	cell	boundary-echo	qsRoe.en-y0.ex-y5|qsRoe|space	qsRoe/hapax/None/x-height/|qsRoe/hapax/x-height/None/|space/boundary/None/None/
ss03	E668:E668:00B7	cell	dangling-anchor-dropped	qsRoe.en-y0.ex-y5|qsRoe|periodcentered	qsRoe/hapax/None/x-height/|qsRoe/hapax/x-height/None/|namer-dot/boundary/None/None/
ss03	E668:E668:200C	cell	boundary-echo	qsRoe.en-y0.ex-y5|qsRoe|space	qsRoe/hapax/None/x-height/|qsRoe/hapax/x-height/None/|zwnj/boundary/None/None/
ss03	E668:E668:E650	cell	dangling-anchor-dropped	qsRoe.en-y0.ex-y5|qsRoe|qsPea	qsRoe/hapax/None/x-height/|qsRoe/hapax/x-height/None/|qsPea/full/None/None/
ss03	E668:E668:E652	cell	dangling-anchor-dropped	qsRoe.en-y0.ex-y5|qsRoe|qsTea	qsRoe/hapax/None/x-height/|qsRoe/hapax/x-height/None/|qsTea/full/None/None/
ss03	E668:E668:E653	cell	dangling-anchor-dropped	qsRoe.en-y0.ex-y5|qsRoe|qsDay	qsRoe/hapax/None/x-height/|qsRoe/hapax/x-height/None/|qsDay/full/None/None/
ss03	E668:E668:E668	cell	dangling-anchor-dropped	qsRoe.en-y0.ex-y5|qsRoe.ex-y0|qsRoe	qsRoe/hapax/None/x-height/|qsRoe/hapax/x-height/baseline/|qsRoe/hapax/baseline/None/
ss03	0020:0020:E650:E650	cell	boundary-echo	space|space|qsPea.half.en-y6.ex-y6|qsPea.en-y6	space/boundary/None/None/|space/boundary/None/None/|qsPea/half/None/y6/|qsPea/full/y6/None/
ss03	0020:0020:E650:E653	cell	boundary-echo	space|space|qsPea|qsDay.half.en-y0.ex-y0	space/boundary/None/None/|space/boundary/None/None/|qsPea/full/None/baseline/|qsDay/half/baseline/None/
ss03	0020:0020:E652:E653	cell	boundary-echo	space|space|qsTea.ex-y0|qsDay.half.en-y0.ex-y0.en-ext-1	space/boundary/None/None/|space/boundary/None/None/|qsTea/full/None/baseline/|qsDay/half/baseline/None/en-ext-1
ss03	0020:0020:E653:E652	cell	boundary-echo	space|space|qsDay|qsTea.en-y0	space/boundary/None/None/|space/boundary/None/None/|qsDay/full/None/baseline/|qsTea/full/baseline/None/
ss03	0020:0020:E653:E653	cell	boundary-echo	space|space|qsDay|qsDay.half.en-y0.ex-y0	space/boundary/None/None/|space/boundary/None/None/|qsDay/full/None/baseline/|qsDay/half/baseline/None/
ss03	0020:0020:E653:E668	cell	boundary-echo	space|space|qsDay|qsRoe	space/boundary/None/None/|space/boundary/None/None/|qsDay/full/None/baseline/|qsRoe/hapax/baseline/None/
ss03	0020:0020:E668:E668	cell	boundary-echo	space|space|qsRoe.en-y0.ex-y5|qsRoe	space/boundary/None/None/|space/boundary/None/None/|qsRoe/hapax/None/x-height/|qsRoe/hapax/x-height/None/
ss03	0020:00B7:E650:E650	cell	boundary-echo	space|periodcentered|qsPea.half.en-y6.ex-y6|qsPea.en-y6	space/boundary/None/None/|namer-dot/boundary/None/None/|qsPea/half/None/y6/|qsPea/full/y6/None/
ss03	0020:00B7:E650:E653	cell	boundary-echo	space|periodcentered|qsPea|qsDay.half.en-y0.ex-y0	space/boundary/None/None/|namer-dot/boundary/None/None/|qsPea/full/None/baseline/|qsDay/half/baseline/None/
ss03	0020:00B7:E652:E653	cell	boundary-echo	space|periodcentered|qsTea.ex-y0|qsDay.half.en-y0.ex-y0.en-ext-1	space/boundary/None/None/|namer-dot/boundary/None/None/|qsTea/full/None/baseline/|qsDay/half/baseline/None/en-ext-1
ss03	0020:00B7:E653:E652	cell	boundary-echo	space|periodcentered|qsDay|qsTea.en-y0	space/boundary/None/None/|namer-dot/boundary/None/None/|qsDay/full/None/baseline/|qsTea/full/baseline/None/
ss03	0020:00B7:E653:E653	cell	boundary-echo	space|periodcentered|qsDay|qsDay.half.en-y0.ex-y0	space/boundary/None/None/|namer-dot/boundary/None/None/|qsDay/full/None/baseline/|qsDay/half/baseline/None/
ss03	0020:00B7:E653:E668	cell	boundary-echo	space|periodcentered|qsDay|qsRoe	space/boundary/None/None/|namer-dot/boundary/None/None/|qsDay/full/None/baseline/|qsRoe/hapax/baseline/None/
ss03	0020:00B7:E668:E668	cell	boundary-echo	space|periodcentered.lowered|qsRoe.en-y0.ex-y5|qsRoe	space/boundary/None/None/|namer-dot/boundary/None/None/|qsRoe/hapax/None/x-height/|qsRoe/hapax/x-height/None/
ss03	0020:200C:E650:E653	cell	boundary-echo	space|space|qsPea.noentry|qsDay.half.en-y0.ex-y0	space/boundary/None/None/|zwnj/boundary/None/None/|qsPea/full/None/baseline/locked|qsDay/half/baseline/None/
ss03	0020:200C:E650:E668	cell	boundary-echo	space|space|qsPea.half.ex-y5.ex-dips|qsRoe.en-y5.en-con-1	space/boundary/None/None/|zwnj/boundary/None/None/|qsPea/half/None/x-height/locked|qsRoe/hapax/x-height/None/en-con-1
ss03	0020:200C:E652:E652	cell	boundary-echo	space|space|qsTea.ex-y0|qsTea	space/boundary/None/None/|zwnj/boundary/None/None/|qsTea/full/None/None/locked|qsTea/full/None/None/
ss03	0020:200C:E652:E653	cell	boundary-echo	space|space|qsTea.ex-y0|qsDay.half.en-y0.ex-y0.en-ext-1	space/boundary/None/None/|zwnj/boundary/None/None/|qsTea/full/None/baseline/locked|qsDay/half/baseline/None/en-ext-1
ss03	0020:200C:E653:E652	cell	boundary-echo	space|space|qsDay.noentry|qsTea.en-y0	space/boundary/None/None/|zwnj/boundary/None/None/|qsDay/full/None/baseline/locked|qsTea/full/baseline/None/
ss03	0020:200C:E653:E653	cell	boundary-echo	space|space|qsDay.noentry|qsDay.half.en-y0.ex-y0	space/boundary/None/None/|zwnj/boundary/None/None/|qsDay/full/None/baseline/locked|qsDay/half/baseline/None/
ss03	0020:200C:E653:E668	cell	boundary-echo	space|space|qsDay.noentry|qsRoe	space/boundary/None/None/|zwnj/boundary/None/None/|qsDay/full/None/baseline/locked|qsRoe/hapax/baseline/None/
ss03	0020:200C:E668:E668	cell	boundary-echo	space|space|qsRoe.en-y0.ex-y5.noentry|qsRoe	space/boundary/None/None/|zwnj/boundary/None/None/|qsRoe/hapax/None/x-height/locked|qsRoe/hapax/x-height/None/
ss03	0020:E650:E650:0020	cell	boundary-echo	space|qsPea.half.en-y6.ex-y6|qsPea.en-y6|space	space/boundary/None/None/|qsPea/half/None/y6/|qsPea/full/y6/None/|space/boundary/None/None/
ss03	0020:E650:E650:00B7	cell	boundary-echo	space|qsPea.half.en-y6.ex-y6|qsPea.en-y6|periodcentered	space/boundary/None/None/|qsPea/half/None/y6/|qsPea/full/y6/None/|namer-dot/boundary/None/None/
ss03	0020:E650:E650:200C	cell	boundary-echo	space|qsPea.half.en-y6.ex-y6|qsPea.en-y6|space	space/boundary/None/None/|qsPea/half/None/y6/|qsPea/full/y6/None/|zwnj/boundary/None/None/
ss03	0020:E650:E650:E650	cell	boundary-echo	space|qsPea.half.en-y6.ex-y6|qsPea.half.en-y6.ex-y6|qsPea.en-y6	space/boundary/None/None/|qsPea/half/None/y6/|qsPea/half/y6/y6/|qsPea/full/y6/None/
ss03	0020:E650:E650:E652	cell	boundary-echo	space|qsPea.half.en-y6.ex-y6|qsPea.en-y6.ex-y0|qsTea	space/boundary/None/None/|qsPea/half/None/y6/|qsPea/full/y6/None/|qsTea/full/None/None/
ss03	0020:E650:E650:E653	cell	boundary-echo	space|qsPea.half.en-y6.ex-y6|qsPea.en-y6.ex-y0|qsDay.half.en-y0.ex-y0	space/boundary/None/None/|qsPea/half/None/y6/|qsPea/full/y6/baseline/|qsDay/half/baseline/None/
ss03	0020:E650:E650:E668	cell	boundary-echo	space|qsPea.half.en-y6.ex-y6|qsPea.half.en-y6.ex-y5.ex-dips|qsRoe.en-y5.en-con-1	space/boundary/None/None/|qsPea/half/None/y6/|qsPea/half/y6/x-height/|qsRoe/hapax/x-height/None/en-con-1
ss03	0020:E650:E652:E653	cell	boundary-echo	space|qsPea|qsTea.ex-y0|qsDay.half.en-y0.ex-y0.en-ext-1	space/boundary/None/None/|qsPea/full/None/None/|qsTea/full/None/baseline/|qsDay/half/baseline/None/en-ext-1
ss03	0020:E650:E653:0020	cell	boundary-echo	space|qsPea|qsDay.half.en-y0.ex-y0|space	space/boundary/None/None/|qsPea/full/None/baseline/|qsDay/half/baseline/None/|space/boundary/None/None/
ss03	0020:E650:E653:00B7	cell	boundary-echo	space|qsPea|qsDay.half.en-y0.ex-y0|periodcentered	space/boundary/None/None/|qsPea/full/None/baseline/|qsDay/half/baseline/None/|namer-dot/boundary/None/None/
ss03	0020:E650:E653:200C	cell	boundary-echo	space|qsPea|qsDay.half.en-y0.ex-y0|space	space/boundary/None/None/|qsPea/full/None/baseline/|qsDay/half/baseline/None/|zwnj/boundary/None/None/
ss03	0020:E650:E653:E650	cell	boundary-echo	space|qsPea|qsDay.half.en-y0.ex-y0|qsPea	space/boundary/None/None/|qsPea/full/None/baseline/|qsDay/half/baseline/None/|qsPea/full/None/None/
ss03	0020:E650:E653:E652	cell	boundary-echo	space|qsPea|qsDay.half.en-y0.ex-y0|qsTea.en-y0	space/boundary/None/None/|qsPea/full/None/baseline/|qsDay/half/baseline/baseline/|qsTea/full/baseline/None/
ss03	0020:E650:E653:E653	cell	boundary-echo	space|qsPea|qsDay.half.en-y0.ex-y0|qsDay.half.en-y0.ex-y0	space/boundary/None/None/|qsPea/full/None/baseline/|qsDay/half/baseline/baseline/|qsDay/half/baseline/None/
ss03	0020:E650:E653:E668	cell	boundary-echo	space|qsPea|qsDay.half.en-y0.ex-y0|qsRoe	space/boundary/None/None/|qsPea/full/None/baseline/|qsDay/half/baseline/baseline/|qsRoe/hapax/baseline/None/
ss03	0020:E650:E668:E668	cell	boundary-echo	space|qsPea.half.ex-y5.ex-dips|qsRoe.ex-y0|qsRoe	space/boundary/None/None/|qsPea/half/None/x-height/|qsRoe/hapax/x-height/baseline/en-con-1|qsRoe/hapax/baseline/None/
ss03	0020:E652:E650:E650	cell	boundary-echo	space|qsTea|qsPea.half.en-y6.ex-y6|qsPea.en-y6	space/boundary/None/None/|qsTea/full/None/None/|qsPea/half/None/y6/|qsPea/full/y6/None/
ss03	0020:E652:E650:E653	cell	boundary-echo	space|qsTea|qsPea|qsDay.half.en-y0.ex-y0	space/boundary/None/None/|qsTea/full/None/None/|qsPea/full/None/baseline/|qsDay/half/baseline/None/
ss03	0020:E652:E652:E653	cell	boundary-echo	space|qsTea|qsTea.ex-y0|qsDay.half.en-y0.ex-y0.en-ext-1	space/boundary/None/None/|qsTea/full/None/None/|qsTea/full/None/baseline/|qsDay/half/baseline/None/en-ext-1
ss03	0020:E652:E653:0020	cell	boundary-echo	space|qsTea.ex-y0|qsDay.half.en-y0.ex-y0.en-ext-1|space	space/boundary/None/None/|qsTea/full/None/baseline/|qsDay/half/baseline/None/en-ext-1|space/boundary/None/None/
ss03	0020:E652:E653:00B7	cell	boundary-echo	space|qsTea.ex-y0|qsDay.half.en-y0.ex-y0.en-ext-1|periodcentered	space/boundary/None/None/|qsTea/full/None/baseline/|qsDay/half/baseline/None/en-ext-1|namer-dot/boundary/None/None/
ss03	0020:E652:E653:200C	cell	boundary-echo	space|qsTea.ex-y0|qsDay.half.en-y0.ex-y0.en-ext-1|space	space/boundary/None/None/|qsTea/full/None/baseline/|qsDay/half/baseline/None/en-ext-1|zwnj/boundary/None/None/
ss03	0020:E652:E653:E650	cell	boundary-echo	space|qsTea.ex-y0|qsDay.half.en-y0.ex-y0.en-ext-1|qsPea	space/boundary/None/None/|qsTea/full/None/baseline/|qsDay/half/baseline/None/en-ext-1|qsPea/full/None/None/
ss03	0020:E652:E653:E653	cell	boundary-echo	space|qsTea.ex-y0|qsDay.half.en-y0.ex-y0.en-ext-1|qsDay.half.en-y0.ex-y0	space/boundary/None/None/|qsTea/full/None/baseline/|qsDay/half/baseline/baseline/en-ext-1|qsDay/half/baseline/None/
ss03	0020:E652:E653:E668	cell	boundary-echo	space|qsTea.ex-y0|qsDay.half.en-y0.ex-y0.en-ext-1|qsRoe	space/boundary/None/None/|qsTea/full/None/baseline/|qsDay/half/baseline/baseline/en-ext-1|qsRoe/hapax/baseline/None/
ss03	0020:E652:E668:E668	cell	boundary-echo	space|qsTea.half.ex-y5|qsRoe.ex-y0|qsRoe	space/boundary/None/None/|qsTea/half/None/x-height/|qsRoe/hapax/x-height/baseline/en-con-1|qsRoe/hapax/baseline/None/
ss03	0020:E653:E650:E650	cell	boundary-echo	space|qsDay|qsPea.half.en-y6.ex-y6|qsPea.en-y6	space/boundary/None/None/|qsDay/full/None/None/|qsPea/half/None/y6/|qsPea/full/y6/None/
ss03	0020:E653:E650:E653	cell	boundary-echo	space|qsDay|qsPea|qsDay.half.en-y0.ex-y0	space/boundary/None/None/|qsDay/full/None/None/|qsPea/full/None/baseline/|qsDay/half/baseline/None/
ss03	0020:E653:E652:0020	cell	boundary-echo	space|qsDay|qsTea.en-y0|space	space/boundary/None/None/|qsDay/full/None/baseline/|qsTea/full/baseline/None/|space/boundary/None/None/
ss03	0020:E653:E652:00B7	cell	boundary-echo	space|qsDay|qsTea.en-y0|periodcentered	space/boundary/None/None/|qsDay/full/None/baseline/|qsTea/full/baseline/None/|namer-dot/boundary/None/None/
ss03	0020:E653:E652:200C	cell	boundary-echo	space|qsDay|qsTea.en-y0|space	space/boundary/None/None/|qsDay/full/None/baseline/|qsTea/full/baseline/None/|zwnj/boundary/None/None/
ss03	0020:E653:E652:E650	cell	boundary-echo	space|qsDay|qsTea.en-y0|qsPea	space/boundary/None/None/|qsDay/full/None/baseline/|qsTea/full/baseline/None/|qsPea/full/None/None/
ss03	0020:E653:E652:E652	cell	boundary-echo	space|qsDay|qsTea.en-y0|qsTea	space/boundary/None/None/|qsDay/full/None/baseline/|qsTea/full/baseline/None/|qsTea/full/None/None/
ss03	0020:E653:E652:E653	cell	boundary-echo	space|qsDay|qsTea.ex-y0|qsDay.half.en-y0.ex-y0.en-ext-1	space/boundary/None/None/|qsDay/full/None/None/|qsTea/full/None/baseline/|qsDay/half/baseline/None/en-ext-1
ss03	0020:E653:E652:E668	cell,seam	boundary-echo	space|qsDay|qsTea.half.ex-y5|qsRoe.en-y5.en-con-1	space/boundary/None/None/|qsDay/full/None/baseline/|qsTea/full/baseline/None/|qsRoe/hapax/None/None/
ss03	0020:E653:E653:0020	cell	boundary-echo	space|qsDay|qsDay.half.en-y0.ex-y0|space	space/boundary/None/None/|qsDay/full/None/baseline/|qsDay/half/baseline/None/|space/boundary/None/None/
ss03	0020:E653:E653:00B7	cell	boundary-echo	space|qsDay|qsDay.half.en-y0.ex-y0|periodcentered	space/boundary/None/None/|qsDay/full/None/baseline/|qsDay/half/baseline/None/|namer-dot/boundary/None/None/
ss03	0020:E653:E653:200C	cell	boundary-echo	space|qsDay|qsDay.half.en-y0.ex-y0|space	space/boundary/None/None/|qsDay/full/None/baseline/|qsDay/half/baseline/None/|zwnj/boundary/None/None/
ss03	0020:E653:E653:E650	cell	boundary-echo	space|qsDay|qsDay.half.en-y0.ex-y0|qsPea	space/boundary/None/None/|qsDay/full/None/baseline/|qsDay/half/baseline/None/|qsPea/full/None/None/
ss03	0020:E653:E653:E652	cell	boundary-echo	space|qsDay|qsDay.half.en-y0.ex-y0|qsTea.en-y0	space/boundary/None/None/|qsDay/full/None/baseline/|qsDay/half/baseline/baseline/|qsTea/full/baseline/None/
ss03	0020:E653:E653:E653	cell	boundary-echo	space|qsDay|qsDay.half.en-y0.ex-y0|qsDay.half.en-y0.ex-y0	space/boundary/None/None/|qsDay/full/None/baseline/|qsDay/half/baseline/baseline/|qsDay/half/baseline/None/
ss03	0020:E653:E653:E668	cell	boundary-echo	space|qsDay|qsDay.half.en-y0.ex-y0|qsRoe	space/boundary/None/None/|qsDay/full/None/baseline/|qsDay/half/baseline/baseline/|qsRoe/hapax/baseline/None/
ss03	0020:E653:E668:0020	cell	boundary-echo	space|qsDay|qsRoe|space	space/boundary/None/None/|qsDay/full/None/baseline/|qsRoe/hapax/baseline/None/|space/boundary/None/None/
ss03	0020:E653:E668:00B7	cell	boundary-echo	space|qsDay|qsRoe|periodcentered	space/boundary/None/None/|qsDay/full/None/baseline/|qsRoe/hapax/baseline/None/|namer-dot/boundary/None/None/
ss03	0020:E653:E668:200C	cell	boundary-echo	space|qsDay|qsRoe|space	space/boundary/None/None/|qsDay/full/None/baseline/|qsRoe/hapax/baseline/None/|zwnj/boundary/None/None/
ss03	0020:E653:E668:E650	cell	boundary-echo	space|qsDay|qsRoe|qsPea	space/boundary/None/None/|qsDay/full/None/baseline/|qsRoe/hapax/baseline/None/|qsPea/full/None/None/
ss03	0020:E653:E668:E652	cell	boundary-echo	space|qsDay|qsRoe|qsTea	space/boundary/None/None/|qsDay/full/None/baseline/|qsRoe/hapax/baseline/None/|qsTea/full/None/None/
ss03	0020:E653:E668:E653	cell	boundary-echo	space|qsDay|qsRoe|qsDay	space/boundary/None/None/|qsDay/full/None/baseline/|qsRoe/hapax/baseline/None/|qsDay/full/None/None/
ss03	0020:E653:E668:E668	cell	boundary-echo	space|qsDay|qsRoe.en-y0.ex-y5|qsRoe	space/boundary/None/None/|qsDay/full/None/baseline/|qsRoe/hapax/baseline/x-height/|qsRoe/hapax/x-height/None/
ss03	0020:E668:E650:E650	cell	boundary-echo	space|qsRoe|qsPea.half.en-y6.ex-y6|qsPea.en-y6	space/boundary/None/None/|qsRoe/hapax/None/None/|qsPea/half/None/y6/|qsPea/full/y6/None/
ss03	0020:E668:E650:E653	cell	boundary-echo	space|qsRoe|qsPea|qsDay.half.en-y0.ex-y0	space/boundary/None/None/|qsRoe/hapax/None/None/|qsPea/full/None/baseline/|qsDay/half/baseline/None/
ss03	0020:E668:E652:E653	cell	boundary-echo	space|qsRoe|qsTea.ex-y0|qsDay.half.en-y0.ex-y0.en-ext-1	space/boundary/None/None/|qsRoe/hapax/None/None/|qsTea/full/None/baseline/|qsDay/half/baseline/None/en-ext-1
ss03	0020:E668:E653:E652	cell	boundary-echo	space|qsRoe|qsDay|qsTea.en-y0	space/boundary/None/None/|qsRoe/hapax/None/None/|qsDay/full/None/baseline/|qsTea/full/baseline/None/
ss03	0020:E668:E653:E653	cell	boundary-echo	space|qsRoe|qsDay|qsDay.half.en-y0.ex-y0	space/boundary/None/None/|qsRoe/hapax/None/None/|qsDay/full/None/baseline/|qsDay/half/baseline/None/
ss03	0020:E668:E653:E668	cell	boundary-echo	space|qsRoe|qsDay|qsRoe	space/boundary/None/None/|qsRoe/hapax/None/None/|qsDay/full/None/baseline/|qsRoe/hapax/baseline/None/
ss03	0020:E668:E668:0020	cell	boundary-echo	space|qsRoe.en-y0.ex-y5|qsRoe|space	space/boundary/None/None/|qsRoe/hapax/None/x-height/|qsRoe/hapax/x-height/None/|space/boundary/None/None/
ss03	0020:E668:E668:00B7	cell	boundary-echo	space|qsRoe.en-y0.ex-y5|qsRoe|periodcentered	space/boundary/None/None/|qsRoe/hapax/None/x-height/|qsRoe/hapax/x-height/None/|namer-dot/boundary/None/None/
ss03	0020:E668:E668:200C	cell	boundary-echo	space|qsRoe.en-y0.ex-y5|qsRoe|space	space/boundary/None/None/|qsRoe/hapax/None/x-height/|qsRoe/hapax/x-height/None/|zwnj/boundary/None/None/
ss03	0020:E668:E668:E650	cell	boundary-echo	space|qsRoe.en-y0.ex-y5|qsRoe|qsPea	space/boundary/None/None/|qsRoe/hapax/None/x-height/|qsRoe/hapax/x-height/None/|qsPea/full/None/None/
ss03	0020:E668:E668:E652	cell	boundary-echo	space|qsRoe.en-y0.ex-y5|qsRoe|qsTea	space/boundary/None/None/|qsRoe/hapax/None/x-height/|qsRoe/hapax/x-height/None/|qsTea/full/None/None/
ss03	0020:E668:E668:E653	cell	boundary-echo	space|qsRoe.en-y0.ex-y5|qsRoe|qsDay	space/boundary/None/None/|qsRoe/hapax/None/x-height/|qsRoe/hapax/x-height/None/|qsDay/full/None/None/
ss03	0020:E668:E668:E668	cell	boundary-echo	space|qsRoe.en-y0.ex-y5|qsRoe.ex-y0|qsRoe	space/boundary/None/None/|qsRoe/hapax/None/x-height/|qsRoe/hapax/x-height/baseline/|qsRoe/hapax/baseline/None/
ss03	00B7:0020:E650:E650	cell	boundary-echo	periodcentered|space|qsPea.half.en-y6.ex-y6|qsPea.en-y6	namer-dot/boundary/None/None/|space/boundary/None/None/|qsPea/half/None/y6/|qsPea/full/y6/None/
ss03	00B7:0020:E650:E653	cell	boundary-echo	periodcentered|space|qsPea|qsDay.half.en-y0.ex-y0	namer-dot/boundary/None/None/|space/boundary/None/None/|qsPea/full/None/baseline/|qsDay/half/baseline/None/
ss03	00B7:0020:E652:E653	cell	boundary-echo	periodcentered|space|qsTea.ex-y0|qsDay.half.en-y0.ex-y0.en-ext-1	namer-dot/boundary/None/None/|space/boundary/None/None/|qsTea/full/None/baseline/|qsDay/half/baseline/None/en-ext-1
ss03	00B7:0020:E653:E652	cell	boundary-echo	periodcentered|space|qsDay|qsTea.en-y0	namer-dot/boundary/None/None/|space/boundary/None/None/|qsDay/full/None/baseline/|qsTea/full/baseline/None/
ss03	00B7:0020:E653:E653	cell	boundary-echo	periodcentered|space|qsDay|qsDay.half.en-y0.ex-y0	namer-dot/boundary/None/None/|space/boundary/None/None/|qsDay/full/None/baseline/|qsDay/half/baseline/None/
ss03	00B7:0020:E653:E668	cell	boundary-echo	periodcentered|space|qsDay|qsRoe	namer-dot/boundary/None/None/|space/boundary/None/None/|qsDay/full/None/baseline/|qsRoe/hapax/baseline/None/
ss03	00B7:0020:E668:E668	cell	boundary-echo	periodcentered|space|qsRoe.en-y0.ex-y5|qsRoe	namer-dot/boundary/None/None/|space/boundary/None/None/|qsRoe/hapax/None/x-height/|qsRoe/hapax/x-height/None/
ss03	00B7:00B7:E650:E650	cell	dangling-anchor-dropped	periodcentered|periodcentered|qsPea.half.en-y6.ex-y6|qsPea.en-y6	namer-dot/boundary/None/None/|namer-dot/boundary/None/None/|qsPea/half/None/y6/|qsPea/full/y6/None/
ss03	00B7:00B7:E650:E653	cell	dangling-anchor-dropped	periodcentered|periodcentered|qsPea|qsDay.half.en-y0.ex-y0	namer-dot/boundary/None/None/|namer-dot/boundary/None/None/|qsPea/full/None/baseline/|qsDay/half/baseline/None/
ss03	00B7:00B7:E652:E653	cell	dangling-anchor-dropped	periodcentered|periodcentered|qsTea.ex-y0|qsDay.half.en-y0.ex-y0.en-ext-1	namer-dot/boundary/None/None/|namer-dot/boundary/None/None/|qsTea/full/None/baseline/|qsDay/half/baseline/None/en-ext-1
ss03	00B7:00B7:E653:E652	cell	bare-name-live-join	periodcentered|periodcentered|qsDay|qsTea.en-y0	namer-dot/boundary/None/None/|namer-dot/boundary/None/None/|qsDay/full/None/baseline/|qsTea/full/baseline/None/
ss03	00B7:00B7:E653:E653	cell	dangling-anchor-dropped	periodcentered|periodcentered|qsDay|qsDay.half.en-y0.ex-y0	namer-dot/boundary/None/None/|namer-dot/boundary/None/None/|qsDay/full/None/baseline/|qsDay/half/baseline/None/
ss03	00B7:00B7:E653:E668	cell	bare-name-live-join	periodcentered|periodcentered|qsDay|qsRoe	namer-dot/boundary/None/None/|namer-dot/boundary/None/None/|qsDay/full/None/baseline/|qsRoe/hapax/baseline/None/
ss03	00B7:00B7:E668:E668	cell	dangling-anchor-dropped	periodcentered|periodcentered.lowered|qsRoe.en-y0.ex-y5|qsRoe	namer-dot/boundary/None/None/|namer-dot/boundary/None/None/|qsRoe/hapax/None/x-height/|qsRoe/hapax/x-height/None/
ss03	00B7:200C:E650:E653	cell	boundary-echo	periodcentered|space|qsPea.noentry|qsDay.half.en-y0.ex-y0	namer-dot/boundary/None/None/|zwnj/boundary/None/None/|qsPea/full/None/baseline/locked|qsDay/half/baseline/None/
ss03	00B7:200C:E650:E668	cell	boundary-echo	periodcentered|space|qsPea.half.ex-y5.ex-dips|qsRoe.en-y5.en-con-1	namer-dot/boundary/None/None/|zwnj/boundary/None/None/|qsPea/half/None/x-height/locked|qsRoe/hapax/x-height/None/en-con-1
ss03	00B7:200C:E652:E652	cell	boundary-echo	periodcentered|space|qsTea.ex-y0|qsTea	namer-dot/boundary/None/None/|zwnj/boundary/None/None/|qsTea/full/None/None/locked|qsTea/full/None/None/
ss03	00B7:200C:E652:E653	cell	boundary-echo	periodcentered|space|qsTea.ex-y0|qsDay.half.en-y0.ex-y0.en-ext-1	namer-dot/boundary/None/None/|zwnj/boundary/None/None/|qsTea/full/None/baseline/locked|qsDay/half/baseline/None/en-ext-1
ss03	00B7:200C:E653:E652	cell	boundary-echo	periodcentered|space|qsDay.noentry|qsTea.en-y0	namer-dot/boundary/None/None/|zwnj/boundary/None/None/|qsDay/full/None/baseline/locked|qsTea/full/baseline/None/
ss03	00B7:200C:E653:E653	cell	boundary-echo	periodcentered|space|qsDay.noentry|qsDay.half.en-y0.ex-y0	namer-dot/boundary/None/None/|zwnj/boundary/None/None/|qsDay/full/None/baseline/locked|qsDay/half/baseline/None/
ss03	00B7:200C:E653:E668	cell	boundary-echo	periodcentered|space|qsDay.noentry|qsRoe	namer-dot/boundary/None/None/|zwnj/boundary/None/None/|qsDay/full/None/baseline/locked|qsRoe/hapax/baseline/None/
ss03	00B7:200C:E668:E668	cell	boundary-echo	periodcentered.lowered|space|qsRoe.en-y0.ex-y5.noentry|qsRoe	namer-dot/boundary/None/None/|zwnj/boundary/None/None/|qsRoe/hapax/None/x-height/locked|qsRoe/hapax/x-height/None/
ss03	00B7:E650:E650:0020	cell	boundary-echo	periodcentered|qsPea.half.en-y6.ex-y6|qsPea.en-y6|space	namer-dot/boundary/None/None/|qsPea/half/None/y6/|qsPea/full/y6/None/|space/boundary/None/None/
ss03	00B7:E650:E650:00B7	cell	dangling-anchor-dropped	periodcentered|qsPea.half.en-y6.ex-y6|qsPea.en-y6|periodcentered	namer-dot/boundary/None/None/|qsPea/half/None/y6/|qsPea/full/y6/None/|namer-dot/boundary/None/None/
ss03	00B7:E650:E650:200C	cell	boundary-echo	periodcentered|qsPea.half.en-y6.ex-y6|qsPea.en-y6|space	namer-dot/boundary/None/None/|qsPea/half/None/y6/|qsPea/full/y6/None/|zwnj/boundary/None/None/
ss03	00B7:E650:E650:E650	cell	dangling-anchor-dropped	periodcentered|qsPea.half.en-y6.ex-y6|qsPea.half.en-y6.ex-y6|qsPea.en-y6	namer-dot/boundary/None/None/|qsPea/half/None/y6/|qsPea/half/y6/y6/|qsPea/full/y6/None/
ss03	00B7:E650:E650:E652	cell	dangling-anchor-dropped	periodcentered|qsPea.half.en-y6.ex-y6|qsPea.en-y6.ex-y0|qsTea	namer-dot/boundary/None/None/|qsPea/half/None/y6/|qsPea/full/y6/None/|qsTea/full/None/None/
ss03	00B7:E650:E650:E653	cell	dangling-anchor-dropped	periodcentered|qsPea.half.en-y6.ex-y6|qsPea.en-y6.ex-y0|qsDay.half.en-y0.ex-y0	namer-dot/boundary/None/None/|qsPea/half/None/y6/|qsPea/full/y6/baseline/|qsDay/half/baseline/None/
ss03	00B7:E650:E650:E668	cell	dangling-anchor-dropped	periodcentered|qsPea.half.en-y6.ex-y6|qsPea.half.en-y6.ex-y5.ex-dips|qsRoe.en-y5.en-con-1	namer-dot/boundary/None/None/|qsPea/half/None/y6/|qsPea/half/y6/x-height/|qsRoe/hapax/x-height/None/en-con-1
ss03	00B7:E650:E652:E653	cell	dangling-anchor-dropped	periodcentered|qsPea|qsTea.ex-y0|qsDay.half.en-y0.ex-y0.en-ext-1	namer-dot/boundary/None/None/|qsPea/full/None/None/|qsTea/full/None/baseline/|qsDay/half/baseline/None/en-ext-1
ss03	00B7:E650:E653:0020	cell	boundary-echo	periodcentered|qsPea|qsDay.half.en-y0.ex-y0|space	namer-dot/boundary/None/None/|qsPea/full/None/baseline/|qsDay/half/baseline/None/|space/boundary/None/None/
ss03	00B7:E650:E653:00B7	cell	dangling-anchor-dropped	periodcentered|qsPea|qsDay.half.en-y0.ex-y0|periodcentered	namer-dot/boundary/None/None/|qsPea/full/None/baseline/|qsDay/half/baseline/None/|namer-dot/boundary/None/None/
ss03	00B7:E650:E653:200C	cell	boundary-echo	periodcentered|qsPea|qsDay.half.en-y0.ex-y0|space	namer-dot/boundary/None/None/|qsPea/full/None/baseline/|qsDay/half/baseline/None/|zwnj/boundary/None/None/
ss03	00B7:E650:E653:E650	cell	dangling-anchor-dropped	periodcentered|qsPea|qsDay.half.en-y0.ex-y0|qsPea	namer-dot/boundary/None/None/|qsPea/full/None/baseline/|qsDay/half/baseline/None/|qsPea/full/None/None/
ss03	00B7:E650:E653:E652	cell	bare-name-live-join	periodcentered|qsPea|qsDay.half.en-y0.ex-y0|qsTea.en-y0	namer-dot/boundary/None/None/|qsPea/full/None/baseline/|qsDay/half/baseline/baseline/|qsTea/full/baseline/None/
ss03	00B7:E650:E653:E653	cell	dangling-anchor-dropped	periodcentered|qsPea|qsDay.half.en-y0.ex-y0|qsDay.half.en-y0.ex-y0	namer-dot/boundary/None/None/|qsPea/full/None/baseline/|qsDay/half/baseline/baseline/|qsDay/half/baseline/None/
ss03	00B7:E650:E653:E668	cell	bare-name-live-join	periodcentered|qsPea|qsDay.half.en-y0.ex-y0|qsRoe	namer-dot/boundary/None/None/|qsPea/full/None/baseline/|qsDay/half/baseline/baseline/|qsRoe/hapax/baseline/None/
ss03	00B7:E650:E668:E668	cell,position	UNMATCHED	periodcentered|qsPea.half.ex-y5.ex-dips|qsRoe.ex-y0|qsRoe	namer-dot/boundary/None/None/|qsPea/half/None/x-height/|qsRoe/hapax/x-height/baseline/en-con-1|qsRoe/hapax/baseline/None/
ss03	00B7:E652:E650:E650	cell	dangling-anchor-dropped	periodcentered|qsTea|qsPea.half.en-y6.ex-y6|qsPea.en-y6	namer-dot/boundary/None/None/|qsTea/full/None/None/|qsPea/half/None/y6/|qsPea/full/y6/None/
ss03	00B7:E652:E650:E653	cell	dangling-anchor-dropped	periodcentered|qsTea|qsPea|qsDay.half.en-y0.ex-y0	namer-dot/boundary/None/None/|qsTea/full/None/None/|qsPea/full/None/baseline/|qsDay/half/baseline/None/
ss03	00B7:E652:E652:E653	cell	dangling-anchor-dropped	periodcentered|qsTea|qsTea.ex-y0|qsDay.half.en-y0.ex-y0.en-ext-1	namer-dot/boundary/None/None/|qsTea/full/None/None/|qsTea/full/None/baseline/|qsDay/half/baseline/None/en-ext-1
ss03	00B7:E652:E653:0020	cell	boundary-echo	periodcentered|qsTea.ex-y0|qsDay.half.en-y0.ex-y0.en-ext-1|space	namer-dot/boundary/None/None/|qsTea/full/None/baseline/|qsDay/half/baseline/None/en-ext-1|space/boundary/None/None/
ss03	00B7:E652:E653:00B7	cell	dangling-anchor-dropped	periodcentered|qsTea.ex-y0|qsDay.half.en-y0.ex-y0.en-ext-1|periodcentered	namer-dot/boundary/None/None/|qsTea/full/None/baseline/|qsDay/half/baseline/None/en-ext-1|namer-dot/boundary/None/None/
ss03	00B7:E652:E653:200C	cell	boundary-echo	periodcentered|qsTea.ex-y0|qsDay.half.en-y0.ex-y0.en-ext-1|space	namer-dot/boundary/None/None/|qsTea/full/None/baseline/|qsDay/half/baseline/None/en-ext-1|zwnj/boundary/None/None/
ss03	00B7:E652:E653:E650	cell	dangling-anchor-dropped	periodcentered|qsTea.ex-y0|qsDay.half.en-y0.ex-y0.en-ext-1|qsPea	namer-dot/boundary/None/None/|qsTea/full/None/baseline/|qsDay/half/baseline/None/en-ext-1|qsPea/full/None/None/
ss03	00B7:E652:E653:E653	cell	dangling-anchor-dropped	periodcentered|qsTea.ex-y0|qsDay.half.en-y0.ex-y0.en-ext-1|qsDay.half.en-y0.ex-y0	namer-dot/boundary/None/None/|qsTea/full/None/baseline/|qsDay/half/baseline/baseline/en-ext-1|qsDay/half/baseline/None/
ss03	00B7:E652:E653:E668	cell	bare-name-live-join	periodcentered|qsTea.ex-y0|qsDay.half.en-y0.ex-y0.en-ext-1|qsRoe	namer-dot/boundary/None/None/|qsTea/full/None/baseline/|qsDay/half/baseline/baseline/en-ext-1|qsRoe/hapax/baseline/None/
ss03	00B7:E652:E668:E668	cell,position	UNMATCHED	periodcentered|qsTea.half.ex-y5|qsRoe.ex-y0|qsRoe	namer-dot/boundary/None/None/|qsTea/half/None/x-height/|qsRoe/hapax/x-height/baseline/en-con-1|qsRoe/hapax/baseline/None/
ss03	00B7:E653:E650:E650	cell	dangling-anchor-dropped	periodcentered|qsDay|qsPea.half.en-y6.ex-y6|qsPea.en-y6	namer-dot/boundary/None/None/|qsDay/full/None/None/|qsPea/half/None/y6/|qsPea/full/y6/None/
ss03	00B7:E653:E650:E653	cell	dangling-anchor-dropped	periodcentered|qsDay|qsPea|qsDay.half.en-y0.ex-y0	namer-dot/boundary/None/None/|qsDay/full/None/None/|qsPea/full/None/baseline/|qsDay/half/baseline/None/
ss03	00B7:E653:E652:0020	cell	boundary-echo	periodcentered|qsDay|qsTea.en-y0|space	namer-dot/boundary/None/None/|qsDay/full/None/baseline/|qsTea/full/baseline/None/|space/boundary/None/None/
ss03	00B7:E653:E652:00B7	cell	bare-name-live-join	periodcentered|qsDay|qsTea.en-y0|periodcentered	namer-dot/boundary/None/None/|qsDay/full/None/baseline/|qsTea/full/baseline/None/|namer-dot/boundary/None/None/
ss03	00B7:E653:E652:200C	cell	boundary-echo	periodcentered|qsDay|qsTea.en-y0|space	namer-dot/boundary/None/None/|qsDay/full/None/baseline/|qsTea/full/baseline/None/|zwnj/boundary/None/None/
ss03	00B7:E653:E652:E650	cell	bare-name-live-join	periodcentered|qsDay|qsTea.en-y0|qsPea	namer-dot/boundary/None/None/|qsDay/full/None/baseline/|qsTea/full/baseline/None/|qsPea/full/None/None/
ss03	00B7:E653:E652:E652	cell	bare-name-live-join	periodcentered|qsDay|qsTea.en-y0|qsTea	namer-dot/boundary/None/None/|qsDay/full/None/baseline/|qsTea/full/baseline/None/|qsTea/full/None/None/
ss03	00B7:E653:E652:E653	cell	dangling-anchor-dropped	periodcentered|qsDay|qsTea.ex-y0|qsDay.half.en-y0.ex-y0.en-ext-1	namer-dot/boundary/None/None/|qsDay/full/None/None/|qsTea/full/None/baseline/|qsDay/half/baseline/None/en-ext-1
ss03	00B7:E653:E652:E668	cell,seam	regrouping-floor-drift	periodcentered|qsDay|qsTea.half.ex-y5|qsRoe.en-y5.en-con-1	namer-dot/boundary/None/None/|qsDay/full/None/baseline/|qsTea/full/baseline/None/|qsRoe/hapax/None/None/
ss03	00B7:E653:E653:0020	cell	boundary-echo	periodcentered|qsDay|qsDay.half.en-y0.ex-y0|space	namer-dot/boundary/None/None/|qsDay/full/None/baseline/|qsDay/half/baseline/None/|space/boundary/None/None/
ss03	00B7:E653:E653:00B7	cell	dangling-anchor-dropped	periodcentered|qsDay|qsDay.half.en-y0.ex-y0|periodcentered	namer-dot/boundary/None/None/|qsDay/full/None/baseline/|qsDay/half/baseline/None/|namer-dot/boundary/None/None/
ss03	00B7:E653:E653:200C	cell	boundary-echo	periodcentered|qsDay|qsDay.half.en-y0.ex-y0|space	namer-dot/boundary/None/None/|qsDay/full/None/baseline/|qsDay/half/baseline/None/|zwnj/boundary/None/None/
ss03	00B7:E653:E653:E650	cell	dangling-anchor-dropped	periodcentered|qsDay|qsDay.half.en-y0.ex-y0|qsPea	namer-dot/boundary/None/None/|qsDay/full/None/baseline/|qsDay/half/baseline/None/|qsPea/full/None/None/
ss03	00B7:E653:E653:E652	cell	bare-name-live-join	periodcentered|qsDay|qsDay.half.en-y0.ex-y0|qsTea.en-y0	namer-dot/boundary/None/None/|qsDay/full/None/baseline/|qsDay/half/baseline/baseline/|qsTea/full/baseline/None/
ss03	00B7:E653:E653:E653	cell	dangling-anchor-dropped	periodcentered|qsDay|qsDay.half.en-y0.ex-y0|qsDay.half.en-y0.ex-y0	namer-dot/boundary/None/None/|qsDay/full/None/baseline/|qsDay/half/baseline/baseline/|qsDay/half/baseline/None/
ss03	00B7:E653:E653:E668	cell	bare-name-live-join	periodcentered|qsDay|qsDay.half.en-y0.ex-y0|qsRoe	namer-dot/boundary/None/None/|qsDay/full/None/baseline/|qsDay/half/baseline/baseline/|qsRoe/hapax/baseline/None/
ss03	00B7:E653:E668:0020	cell	boundary-echo	periodcentered|qsDay|qsRoe|space	namer-dot/boundary/None/None/|qsDay/full/None/baseline/|qsRoe/hapax/baseline/None/|space/boundary/None/None/
ss03	00B7:E653:E668:00B7	cell	bare-name-live-join	periodcentered|qsDay|qsRoe|periodcentered	namer-dot/boundary/None/None/|qsDay/full/None/baseline/|qsRoe/hapax/baseline/None/|namer-dot/boundary/None/None/
ss03	00B7:E653:E668:200C	cell	boundary-echo	periodcentered|qsDay|qsRoe|space	namer-dot/boundary/None/None/|qsDay/full/None/baseline/|qsRoe/hapax/baseline/None/|zwnj/boundary/None/None/
ss03	00B7:E653:E668:E650	cell	bare-name-live-join	periodcentered|qsDay|qsRoe|qsPea	namer-dot/boundary/None/None/|qsDay/full/None/baseline/|qsRoe/hapax/baseline/None/|qsPea/full/None/None/
ss03	00B7:E653:E668:E652	cell	bare-name-live-join	periodcentered|qsDay|qsRoe|qsTea	namer-dot/boundary/None/None/|qsDay/full/None/baseline/|qsRoe/hapax/baseline/None/|qsTea/full/None/None/
ss03	00B7:E653:E668:E653	cell	bare-name-live-join	periodcentered|qsDay|qsRoe|qsDay	namer-dot/boundary/None/None/|qsDay/full/None/baseline/|qsRoe/hapax/baseline/None/|qsDay/full/None/None/
ss03	00B7:E653:E668:E668	cell	bare-name-live-join	periodcentered|qsDay|qsRoe.en-y0.ex-y5|qsRoe	namer-dot/boundary/None/None/|qsDay/full/None/baseline/|qsRoe/hapax/baseline/x-height/|qsRoe/hapax/x-height/None/
ss03	00B7:E668:E650:E650	cell	dangling-anchor-dropped	periodcentered.lowered|qsRoe|qsPea.half.en-y6.ex-y6|qsPea.en-y6	namer-dot/boundary/None/None/|qsRoe/hapax/None/None/|qsPea/half/None/y6/|qsPea/full/y6/None/
ss03	00B7:E668:E650:E653	cell	dangling-anchor-dropped	periodcentered.lowered|qsRoe|qsPea|qsDay.half.en-y0.ex-y0	namer-dot/boundary/None/None/|qsRoe/hapax/None/None/|qsPea/full/None/baseline/|qsDay/half/baseline/None/
ss03	00B7:E668:E652:E653	cell	dangling-anchor-dropped	periodcentered.lowered|qsRoe|qsTea.ex-y0|qsDay.half.en-y0.ex-y0.en-ext-1	namer-dot/boundary/None/None/|qsRoe/hapax/None/None/|qsTea/full/None/baseline/|qsDay/half/baseline/None/en-ext-1
ss03	00B7:E668:E653:E652	cell	bare-name-live-join	periodcentered.lowered|qsRoe|qsDay|qsTea.en-y0	namer-dot/boundary/None/None/|qsRoe/hapax/None/None/|qsDay/full/None/baseline/|qsTea/full/baseline/None/
ss03	00B7:E668:E653:E653	cell	dangling-anchor-dropped	periodcentered.lowered|qsRoe|qsDay|qsDay.half.en-y0.ex-y0	namer-dot/boundary/None/None/|qsRoe/hapax/None/None/|qsDay/full/None/baseline/|qsDay/half/baseline/None/
ss03	00B7:E668:E653:E668	cell	bare-name-live-join	periodcentered.lowered|qsRoe|qsDay|qsRoe	namer-dot/boundary/None/None/|qsRoe/hapax/None/None/|qsDay/full/None/baseline/|qsRoe/hapax/baseline/None/
ss03	00B7:E668:E668:0020	cell	boundary-echo	periodcentered.lowered|qsRoe.en-y0.ex-y5|qsRoe|space	namer-dot/boundary/None/None/|qsRoe/hapax/None/x-height/|qsRoe/hapax/x-height/None/|space/boundary/None/None/
ss03	00B7:E668:E668:00B7	cell	dangling-anchor-dropped	periodcentered.lowered|qsRoe.en-y0.ex-y5|qsRoe|periodcentered	namer-dot/boundary/None/None/|qsRoe/hapax/None/x-height/|qsRoe/hapax/x-height/None/|namer-dot/boundary/None/None/
ss03	00B7:E668:E668:200C	cell	boundary-echo	periodcentered.lowered|qsRoe.en-y0.ex-y5|qsRoe|space	namer-dot/boundary/None/None/|qsRoe/hapax/None/x-height/|qsRoe/hapax/x-height/None/|zwnj/boundary/None/None/
ss03	00B7:E668:E668:E650	cell	dangling-anchor-dropped	periodcentered.lowered|qsRoe.en-y0.ex-y5|qsRoe|qsPea	namer-dot/boundary/None/None/|qsRoe/hapax/None/x-height/|qsRoe/hapax/x-height/None/|qsPea/full/None/None/
ss03	00B7:E668:E668:E652	cell	dangling-anchor-dropped	periodcentered.lowered|qsRoe.en-y0.ex-y5|qsRoe|qsTea	namer-dot/boundary/None/None/|qsRoe/hapax/None/x-height/|qsRoe/hapax/x-height/None/|qsTea/full/None/None/
ss03	00B7:E668:E668:E653	cell	dangling-anchor-dropped	periodcentered.lowered|qsRoe.en-y0.ex-y5|qsRoe|qsDay	namer-dot/boundary/None/None/|qsRoe/hapax/None/x-height/|qsRoe/hapax/x-height/None/|qsDay/full/None/None/
ss03	00B7:E668:E668:E668	cell	dangling-anchor-dropped	periodcentered.lowered|qsRoe.en-y0.ex-y5|qsRoe.ex-y0|qsRoe	namer-dot/boundary/None/None/|qsRoe/hapax/None/x-height/|qsRoe/hapax/x-height/baseline/|qsRoe/hapax/baseline/None/
ss03	200C:0020:E650:E650	cell	boundary-echo	space|space|qsPea.half.en-y6.ex-y6|qsPea.en-y6	zwnj/boundary/None/None/|space/boundary/None/None/|qsPea/half/None/y6/|qsPea/full/y6/None/
ss03	200C:0020:E650:E653	cell	boundary-echo	space|space|qsPea|qsDay.half.en-y0.ex-y0	zwnj/boundary/None/None/|space/boundary/None/None/|qsPea/full/None/baseline/|qsDay/half/baseline/None/
ss03	200C:0020:E652:E653	cell	boundary-echo	space|space|qsTea.ex-y0|qsDay.half.en-y0.ex-y0.en-ext-1	zwnj/boundary/None/None/|space/boundary/None/None/|qsTea/full/None/baseline/|qsDay/half/baseline/None/en-ext-1
ss03	200C:0020:E653:E652	cell	boundary-echo	space|space|qsDay|qsTea.en-y0	zwnj/boundary/None/None/|space/boundary/None/None/|qsDay/full/None/baseline/|qsTea/full/baseline/None/
ss03	200C:0020:E653:E653	cell	boundary-echo	space|space|qsDay|qsDay.half.en-y0.ex-y0	zwnj/boundary/None/None/|space/boundary/None/None/|qsDay/full/None/baseline/|qsDay/half/baseline/None/
ss03	200C:0020:E653:E668	cell	boundary-echo	space|space|qsDay|qsRoe	zwnj/boundary/None/None/|space/boundary/None/None/|qsDay/full/None/baseline/|qsRoe/hapax/baseline/None/
ss03	200C:0020:E668:E668	cell	boundary-echo	space|space|qsRoe.en-y0.ex-y5|qsRoe	zwnj/boundary/None/None/|space/boundary/None/None/|qsRoe/hapax/None/x-height/|qsRoe/hapax/x-height/None/
ss03	200C:00B7:E650:E650	cell	boundary-echo	space|periodcentered|qsPea.half.en-y6.ex-y6|qsPea.en-y6	zwnj/boundary/None/None/|namer-dot/boundary/None/None/|qsPea/half/None/y6/|qsPea/full/y6/None/
ss03	200C:00B7:E650:E653	cell	boundary-echo	space|periodcentered|qsPea|qsDay.half.en-y0.ex-y0	zwnj/boundary/None/None/|namer-dot/boundary/None/None/|qsPea/full/None/baseline/|qsDay/half/baseline/None/
ss03	200C:00B7:E652:E653	cell	boundary-echo	space|periodcentered|qsTea.ex-y0|qsDay.half.en-y0.ex-y0.en-ext-1	zwnj/boundary/None/None/|namer-dot/boundary/None/None/|qsTea/full/None/baseline/|qsDay/half/baseline/None/en-ext-1
ss03	200C:00B7:E653:E652	cell	boundary-echo	space|periodcentered|qsDay|qsTea.en-y0	zwnj/boundary/None/None/|namer-dot/boundary/None/None/|qsDay/full/None/baseline/|qsTea/full/baseline/None/
ss03	200C:00B7:E653:E653	cell	boundary-echo	space|periodcentered|qsDay|qsDay.half.en-y0.ex-y0	zwnj/boundary/None/None/|namer-dot/boundary/None/None/|qsDay/full/None/baseline/|qsDay/half/baseline/None/
ss03	200C:00B7:E653:E668	cell	boundary-echo	space|periodcentered|qsDay|qsRoe	zwnj/boundary/None/None/|namer-dot/boundary/None/None/|qsDay/full/None/baseline/|qsRoe/hapax/baseline/None/
ss03	200C:00B7:E668:E668	cell	boundary-echo	space|periodcentered.lowered|qsRoe.en-y0.ex-y5|qsRoe	zwnj/boundary/None/None/|namer-dot/boundary/None/None/|qsRoe/hapax/None/x-height/|qsRoe/hapax/x-height/None/
ss03	200C:200C:E650:E653	cell	boundary-echo	space|space|qsPea.noentry|qsDay.half.en-y0.ex-y0	zwnj/boundary/None/None/|zwnj/boundary/None/None/|qsPea/full/None/baseline/locked|qsDay/half/baseline/None/
ss03	200C:200C:E650:E668	cell	boundary-echo	space|space|qsPea.half.ex-y5.ex-dips|qsRoe.en-y5.en-con-1	zwnj/boundary/None/None/|zwnj/boundary/None/None/|qsPea/half/None/x-height/locked|qsRoe/hapax/x-height/None/en-con-1
ss03	200C:200C:E652:E652	cell	boundary-echo	space|space|qsTea.ex-y0|qsTea	zwnj/boundary/None/None/|zwnj/boundary/None/None/|qsTea/full/None/None/locked|qsTea/full/None/None/
ss03	200C:200C:E652:E653	cell	boundary-echo	space|space|qsTea.ex-y0|qsDay.half.en-y0.ex-y0.en-ext-1	zwnj/boundary/None/None/|zwnj/boundary/None/None/|qsTea/full/None/baseline/locked|qsDay/half/baseline/None/en-ext-1
ss03	200C:200C:E653:E652	cell	boundary-echo	space|space|qsDay.noentry|qsTea.en-y0	zwnj/boundary/None/None/|zwnj/boundary/None/None/|qsDay/full/None/baseline/locked|qsTea/full/baseline/None/
ss03	200C:200C:E653:E653	cell	boundary-echo	space|space|qsDay.noentry|qsDay.half.en-y0.ex-y0	zwnj/boundary/None/None/|zwnj/boundary/None/None/|qsDay/full/None/baseline/locked|qsDay/half/baseline/None/
ss03	200C:200C:E653:E668	cell	boundary-echo	space|space|qsDay.noentry|qsRoe	zwnj/boundary/None/None/|zwnj/boundary/None/None/|qsDay/full/None/baseline/locked|qsRoe/hapax/baseline/None/
ss03	200C:200C:E668:E668	cell	boundary-echo	space|space|qsRoe.en-y0.ex-y5.noentry|qsRoe	zwnj/boundary/None/None/|zwnj/boundary/None/None/|qsRoe/hapax/None/x-height/locked|qsRoe/hapax/x-height/None/
ss03	200C:E650:E650:E652	cell	boundary-echo	space|qsPea.half.en-y6.ex-y6.noentry|qsPea.en-y6.ex-y0|qsTea	zwnj/boundary/None/None/|qsPea/half/None/y6/locked|qsPea/full/y6/None/|qsTea/full/None/None/
ss03	200C:E650:E650:E653	cell	boundary-echo	space|qsPea.half.en-y6.ex-y6.noentry|qsPea.en-y6.ex-y0|qsDay.half.en-y0.ex-y0	zwnj/boundary/None/None/|qsPea/half/None/y6/locked|qsPea/full/y6/baseline/|qsDay/half/baseline/None/
ss03	200C:E650:E652:E653	cell	boundary-echo	space|qsPea.noentry|qsTea.ex-y0|qsDay.half.en-y0.ex-y0.en-ext-1	zwnj/boundary/None/None/|qsPea/full/None/None/locked|qsTea/full/None/baseline/|qsDay/half/baseline/None/en-ext-1
ss03	200C:E650:E653:0020	cell	boundary-echo	space|qsPea.noentry|qsDay.half.en-y0.ex-y0|space	zwnj/boundary/None/None/|qsPea/full/None/baseline/locked|qsDay/half/baseline/None/|space/boundary/None/None/
ss03	200C:E650:E653:00B7	cell	boundary-echo	space|qsPea.noentry|qsDay.half.en-y0.ex-y0|periodcentered	zwnj/boundary/None/None/|qsPea/full/None/baseline/locked|qsDay/half/baseline/None/|namer-dot/boundary/None/None/
ss03	200C:E650:E653:200C	cell	boundary-echo	space|qsPea.noentry|qsDay.half.en-y0.ex-y0|space	zwnj/boundary/None/None/|qsPea/full/None/baseline/locked|qsDay/half/baseline/None/|zwnj/boundary/None/None/
ss03	200C:E650:E653:E650	cell	boundary-echo	space|qsPea.noentry|qsDay.half.en-y0.ex-y0|qsPea	zwnj/boundary/None/None/|qsPea/full/None/baseline/locked|qsDay/half/baseline/None/|qsPea/full/None/None/
ss03	200C:E650:E653:E652	cell	boundary-echo	space|qsPea.noentry|qsDay.half.en-y0.ex-y0|qsTea.en-y0	zwnj/boundary/None/None/|qsPea/full/None/baseline/locked|qsDay/half/baseline/baseline/|qsTea/full/baseline/None/
ss03	200C:E650:E653:E653	cell	boundary-echo	space|qsPea.noentry|qsDay.half.en-y0.ex-y0|qsDay.half.en-y0.ex-y0	zwnj/boundary/None/None/|qsPea/full/None/baseline/locked|qsDay/half/baseline/baseline/|qsDay/half/baseline/None/
ss03	200C:E650:E653:E668	cell	boundary-echo	space|qsPea.noentry|qsDay.half.en-y0.ex-y0|qsRoe	zwnj/boundary/None/None/|qsPea/full/None/baseline/locked|qsDay/half/baseline/baseline/|qsRoe/hapax/baseline/None/
ss03	200C:E650:E668:0020	cell	boundary-echo	space|qsPea.half.ex-y5.ex-dips|qsRoe.en-y5.en-con-1|space	zwnj/boundary/None/None/|qsPea/half/None/x-height/locked|qsRoe/hapax/x-height/None/en-con-1|space/boundary/None/None/
ss03	200C:E650:E668:00B7	cell	boundary-echo	space|qsPea.half.ex-y5.ex-dips|qsRoe.en-y5.en-con-1|periodcentered	zwnj/boundary/None/None/|qsPea/half/None/x-height/locked|qsRoe/hapax/x-height/None/en-con-1|namer-dot/boundary/None/None/
ss03	200C:E650:E668:200C	cell	boundary-echo	space|qsPea.half.ex-y5.ex-dips|qsRoe.en-y5.en-con-1|space	zwnj/boundary/None/None/|qsPea/half/None/x-height/locked|qsRoe/hapax/x-height/None/en-con-1|zwnj/boundary/None/None/
ss03	200C:E650:E668:E650	cell	boundary-echo	space|qsPea.half.ex-y5.ex-dips|qsRoe.en-y5.en-con-1|qsPea	zwnj/boundary/None/None/|qsPea/half/None/x-height/locked|qsRoe/hapax/x-height/None/en-con-1|qsPea/full/None/None/
ss03	200C:E650:E668:E652	cell	boundary-echo	space|qsPea.half.ex-y5.ex-dips|qsRoe.en-y5.en-con-1|qsTea	zwnj/boundary/None/None/|qsPea/half/None/x-height/locked|qsRoe/hapax/x-height/None/en-con-1|qsTea/full/None/None/
ss03	200C:E650:E668:E653	cell	boundary-echo	space|qsPea.half.ex-y5.ex-dips|qsRoe.en-y5.en-con-1|qsDay	zwnj/boundary/None/None/|qsPea/half/None/x-height/locked|qsRoe/hapax/x-height/None/en-con-1|qsDay/full/None/None/
ss03	200C:E650:E668:E668	cell	boundary-echo	space|qsPea.half.ex-y5.ex-dips|qsRoe.ex-y0|qsRoe	zwnj/boundary/None/None/|qsPea/half/None/x-height/locked|qsRoe/hapax/x-height/baseline/en-con-1|qsRoe/hapax/baseline/None/
ss03	200C:E652:E650:E650	cell	boundary-echo	space|qsTea.noentry|qsPea.half.en-y6.ex-y6|qsPea.en-y6	zwnj/boundary/None/None/|qsTea/full/None/None/locked|qsPea/half/None/y6/|qsPea/full/y6/None/
ss03	200C:E652:E650:E653	cell	boundary-echo	space|qsTea.noentry|qsPea|qsDay.half.en-y0.ex-y0	zwnj/boundary/None/None/|qsTea/full/None/None/locked|qsPea/full/None/baseline/|qsDay/half/baseline/None/
ss03	200C:E652:E652:0020	cell	boundary-echo	space|qsTea.ex-y0|qsTea|space	zwnj/boundary/None/None/|qsTea/full/None/None/locked|qsTea/full/None/None/|space/boundary/None/None/
ss03	200C:E652:E652:00B7	cell	boundary-echo	space|qsTea.ex-y0|qsTea|periodcentered	zwnj/boundary/None/None/|qsTea/full/None/None/locked|qsTea/full/None/None/|namer-dot/boundary/None/None/
ss03	200C:E652:E652:200C	cell	boundary-echo	space|qsTea.ex-y0|qsTea|space	zwnj/boundary/None/None/|qsTea/full/None/None/locked|qsTea/full/None/None/|zwnj/boundary/None/None/
ss03	200C:E652:E652:E650	cell	boundary-echo	space|qsTea.ex-y0|qsTea|qsPea	zwnj/boundary/None/None/|qsTea/full/None/None/locked|qsTea/full/None/None/|qsPea/full/None/None/
ss03	200C:E652:E652:E652	cell	boundary-echo	space|qsTea.ex-y0|qsTea|qsTea	zwnj/boundary/None/None/|qsTea/full/None/None/locked|qsTea/full/None/None/|qsTea/full/None/None/
ss03	200C:E652:E652:E653	cell	boundary-echo	space|qsTea.noentry|qsTea.ex-y0|qsDay.half.en-y0.ex-y0.en-ext-1	zwnj/boundary/None/None/|qsTea/full/None/None/locked|qsTea/full/None/baseline/|qsDay/half/baseline/None/en-ext-1
ss03	200C:E652:E653:0020	cell	boundary-echo	space|qsTea.ex-y0|qsDay.half.en-y0.ex-y0.en-ext-1|space	zwnj/boundary/None/None/|qsTea/full/None/baseline/locked|qsDay/half/baseline/None/en-ext-1|space/boundary/None/None/
ss03	200C:E652:E653:00B7	cell	boundary-echo	space|qsTea.ex-y0|qsDay.half.en-y0.ex-y0.en-ext-1|periodcentered	zwnj/boundary/None/None/|qsTea/full/None/baseline/locked|qsDay/half/baseline/None/en-ext-1|namer-dot/boundary/None/None/
ss03	200C:E652:E653:200C	cell	boundary-echo	space|qsTea.ex-y0|qsDay.half.en-y0.ex-y0.en-ext-1|space	zwnj/boundary/None/None/|qsTea/full/None/baseline/locked|qsDay/half/baseline/None/en-ext-1|zwnj/boundary/None/None/
ss03	200C:E652:E653:E650	cell	boundary-echo	space|qsTea.ex-y0|qsDay.half.en-y0.ex-y0.en-ext-1|qsPea	zwnj/boundary/None/None/|qsTea/full/None/baseline/locked|qsDay/half/baseline/None/en-ext-1|qsPea/full/None/None/
ss03	200C:E652:E653:E652	cell	boundary-echo	space|qsTea.ex-y0|qsDay.half.en-y0.ex-y0.en-ext-1|qsTea.en-y0	zwnj/boundary/None/None/|qsTea/full/None/baseline/locked|qsDay/half/baseline/baseline/en-ext-1|qsTea/full/baseline/None/
ss03	200C:E652:E653:E653	cell	boundary-echo	space|qsTea.ex-y0|qsDay.half.en-y0.ex-y0.en-ext-1|qsDay.half.en-y0.ex-y0	zwnj/boundary/None/None/|qsTea/full/None/baseline/locked|qsDay/half/baseline/baseline/en-ext-1|qsDay/half/baseline/None/
ss03	200C:E652:E653:E668	cell	boundary-echo	space|qsTea.ex-y0|qsDay.half.en-y0.ex-y0.en-ext-1|qsRoe	zwnj/boundary/None/None/|qsTea/full/None/baseline/locked|qsDay/half/baseline/baseline/en-ext-1|qsRoe/hapax/baseline/None/
ss03	200C:E652:E668:E668	cell	boundary-echo	space|qsTea.half.en-y8.ex-y5.noentry|qsRoe.ex-y0|qsRoe	zwnj/boundary/None/None/|qsTea/half/None/x-height/locked|qsRoe/hapax/x-height/baseline/en-con-1|qsRoe/hapax/baseline/None/
ss03	200C:E653:E650:E650	cell	boundary-echo	space|qsDay.noentry|qsPea.half.en-y6.ex-y6|qsPea.en-y6	zwnj/boundary/None/None/|qsDay/full/None/None/locked|qsPea/half/None/y6/|qsPea/full/y6/None/
ss03	200C:E653:E650:E653	cell	boundary-echo	space|qsDay.noentry|qsPea|qsDay.half.en-y0.ex-y0	zwnj/boundary/None/None/|qsDay/full/None/None/locked|qsPea/full/None/baseline/|qsDay/half/baseline/None/
ss03	200C:E653:E652:0020	cell	boundary-echo	space|qsDay.noentry|qsTea.en-y0|space	zwnj/boundary/None/None/|qsDay/full/None/baseline/locked|qsTea/full/baseline/None/|space/boundary/None/None/
ss03	200C:E653:E652:00B7	cell	boundary-echo	space|qsDay.noentry|qsTea.en-y0|periodcentered	zwnj/boundary/None/None/|qsDay/full/None/baseline/locked|qsTea/full/baseline/None/|namer-dot/boundary/None/None/
ss03	200C:E653:E652:200C	cell	boundary-echo	space|qsDay.noentry|qsTea.en-y0|space	zwnj/boundary/None/None/|qsDay/full/None/baseline/locked|qsTea/full/baseline/None/|zwnj/boundary/None/None/
ss03	200C:E653:E652:E650	cell	boundary-echo	space|qsDay.noentry|qsTea.en-y0|qsPea	zwnj/boundary/None/None/|qsDay/full/None/baseline/locked|qsTea/full/baseline/None/|qsPea/full/None/None/
ss03	200C:E653:E652:E652	cell	boundary-echo	space|qsDay.noentry|qsTea.en-y0|qsTea	zwnj/boundary/None/None/|qsDay/full/None/baseline/locked|qsTea/full/baseline/None/|qsTea/full/None/None/
ss03	200C:E653:E652:E653	cell	boundary-echo	space|qsDay.noentry|qsTea.ex-y0|qsDay.half.en-y0.ex-y0.en-ext-1	zwnj/boundary/None/None/|qsDay/full/None/None/locked|qsTea/full/None/baseline/|qsDay/half/baseline/None/en-ext-1
ss03	200C:E653:E652:E668	cell,seam	boundary-echo	space|qsDay.noentry|qsTea.half.ex-y5|qsRoe.en-y5.en-con-1	zwnj/boundary/None/None/|qsDay/full/None/baseline/locked|qsTea/full/baseline/None/|qsRoe/hapax/None/None/
ss03	200C:E653:E653:0020	cell	boundary-echo	space|qsDay.noentry|qsDay.half.en-y0.ex-y0|space	zwnj/boundary/None/None/|qsDay/full/None/baseline/locked|qsDay/half/baseline/None/|space/boundary/None/None/
ss03	200C:E653:E653:00B7	cell	boundary-echo	space|qsDay.noentry|qsDay.half.en-y0.ex-y0|periodcentered	zwnj/boundary/None/None/|qsDay/full/None/baseline/locked|qsDay/half/baseline/None/|namer-dot/boundary/None/None/
ss03	200C:E653:E653:200C	cell	boundary-echo	space|qsDay.noentry|qsDay.half.en-y0.ex-y0|space	zwnj/boundary/None/None/|qsDay/full/None/baseline/locked|qsDay/half/baseline/None/|zwnj/boundary/None/None/
ss03	200C:E653:E653:E650	cell	boundary-echo	space|qsDay.noentry|qsDay.half.en-y0.ex-y0|qsPea	zwnj/boundary/None/None/|qsDay/full/None/baseline/locked|qsDay/half/baseline/None/|qsPea/full/None/None/
ss03	200C:E653:E653:E652	cell	boundary-echo	space|qsDay.noentry|qsDay.half.en-y0.ex-y0|qsTea.en-y0	zwnj/boundary/None/None/|qsDay/full/None/baseline/locked|qsDay/half/baseline/baseline/|qsTea/full/baseline/None/
ss03	200C:E653:E653:E653	cell	boundary-echo	space|qsDay.noentry|qsDay.half.en-y0.ex-y0|qsDay.half.en-y0.ex-y0	zwnj/boundary/None/None/|qsDay/full/None/baseline/locked|qsDay/half/baseline/baseline/|qsDay/half/baseline/None/
ss03	200C:E653:E653:E668	cell	boundary-echo	space|qsDay.noentry|qsDay.half.en-y0.ex-y0|qsRoe	zwnj/boundary/None/None/|qsDay/full/None/baseline/locked|qsDay/half/baseline/baseline/|qsRoe/hapax/baseline/None/
ss03	200C:E653:E668:0020	cell	boundary-echo	space|qsDay.noentry|qsRoe|space	zwnj/boundary/None/None/|qsDay/full/None/baseline/locked|qsRoe/hapax/baseline/None/|space/boundary/None/None/
ss03	200C:E653:E668:00B7	cell	boundary-echo	space|qsDay.noentry|qsRoe|periodcentered	zwnj/boundary/None/None/|qsDay/full/None/baseline/locked|qsRoe/hapax/baseline/None/|namer-dot/boundary/None/None/
ss03	200C:E653:E668:200C	cell	boundary-echo	space|qsDay.noentry|qsRoe|space	zwnj/boundary/None/None/|qsDay/full/None/baseline/locked|qsRoe/hapax/baseline/None/|zwnj/boundary/None/None/
ss03	200C:E653:E668:E650	cell	boundary-echo	space|qsDay.noentry|qsRoe|qsPea	zwnj/boundary/None/None/|qsDay/full/None/baseline/locked|qsRoe/hapax/baseline/None/|qsPea/full/None/None/
ss03	200C:E653:E668:E652	cell	boundary-echo	space|qsDay.noentry|qsRoe|qsTea	zwnj/boundary/None/None/|qsDay/full/None/baseline/locked|qsRoe/hapax/baseline/None/|qsTea/full/None/None/
ss03	200C:E653:E668:E653	cell	boundary-echo	space|qsDay.noentry|qsRoe|qsDay	zwnj/boundary/None/None/|qsDay/full/None/baseline/locked|qsRoe/hapax/baseline/None/|qsDay/full/None/None/
ss03	200C:E653:E668:E668	cell	boundary-echo	space|qsDay.noentry|qsRoe.en-y0.ex-y5|qsRoe	zwnj/boundary/None/None/|qsDay/full/None/baseline/locked|qsRoe/hapax/baseline/x-height/|qsRoe/hapax/x-height/None/
ss03	200C:E665:E679:E650	cell	boundary-echo	space|qsMay.noentry|qsOy.en-y5.ex-y0|qsPea	zwnj/boundary/None/None/|qsMay/loop/None/x-height/locked|qsOy/hapax/x-height/None/|qsPea/full/None/None/
ss03	200C:E668:E650:E650	cell	boundary-echo	space|qsRoe.noentry|qsPea.half.en-y6.ex-y6|qsPea.en-y6	zwnj/boundary/None/None/|qsRoe/hapax/None/None/locked|qsPea/half/None/y6/|qsPea/full/y6/None/
ss03	200C:E668:E650:E653	cell	boundary-echo	space|qsRoe.noentry|qsPea|qsDay.half.en-y0.ex-y0	zwnj/boundary/None/None/|qsRoe/hapax/None/None/locked|qsPea/full/None/baseline/|qsDay/half/baseline/None/
ss03	200C:E668:E652:E653	cell	boundary-echo	space|qsRoe.noentry|qsTea.ex-y0|qsDay.half.en-y0.ex-y0.en-ext-1	zwnj/boundary/None/None/|qsRoe/hapax/None/None/locked|qsTea/full/None/baseline/|qsDay/half/baseline/None/en-ext-1
ss03	200C:E668:E653:E652	cell	boundary-echo	space|qsRoe.noentry|qsDay|qsTea.en-y0	zwnj/boundary/None/None/|qsRoe/hapax/None/None/locked|qsDay/full/None/baseline/|qsTea/full/baseline/None/
ss03	200C:E668:E653:E653	cell	boundary-echo	space|qsRoe.noentry|qsDay|qsDay.half.en-y0.ex-y0	zwnj/boundary/None/None/|qsRoe/hapax/None/None/locked|qsDay/full/None/baseline/|qsDay/half/baseline/None/
ss03	200C:E668:E653:E668	cell	boundary-echo	space|qsRoe.noentry|qsDay|qsRoe	zwnj/boundary/None/None/|qsRoe/hapax/None/None/locked|qsDay/full/None/baseline/|qsRoe/hapax/baseline/None/
ss03	200C:E668:E668:0020	cell	boundary-echo	space|qsRoe.en-y0.ex-y5.noentry|qsRoe|space	zwnj/boundary/None/None/|qsRoe/hapax/None/x-height/locked|qsRoe/hapax/x-height/None/|space/boundary/None/None/
ss03	200C:E668:E668:00B7	cell	boundary-echo	space|qsRoe.en-y0.ex-y5.noentry|qsRoe|periodcentered	zwnj/boundary/None/None/|qsRoe/hapax/None/x-height/locked|qsRoe/hapax/x-height/None/|namer-dot/boundary/None/None/
ss03	200C:E668:E668:200C	cell	boundary-echo	space|qsRoe.en-y0.ex-y5.noentry|qsRoe|space	zwnj/boundary/None/None/|qsRoe/hapax/None/x-height/locked|qsRoe/hapax/x-height/None/|zwnj/boundary/None/None/
ss03	200C:E668:E668:E650	cell	boundary-echo	space|qsRoe.en-y0.ex-y5.noentry|qsRoe|qsPea	zwnj/boundary/None/None/|qsRoe/hapax/None/x-height/locked|qsRoe/hapax/x-height/None/|qsPea/full/None/None/
ss03	200C:E668:E668:E652	cell	boundary-echo	space|qsRoe.en-y0.ex-y5.noentry|qsRoe|qsTea	zwnj/boundary/None/None/|qsRoe/hapax/None/x-height/locked|qsRoe/hapax/x-height/None/|qsTea/full/None/None/
ss03	200C:E668:E668:E653	cell	boundary-echo	space|qsRoe.en-y0.ex-y5.noentry|qsRoe|qsDay	zwnj/boundary/None/None/|qsRoe/hapax/None/x-height/locked|qsRoe/hapax/x-height/None/|qsDay/full/None/None/
ss03	200C:E668:E668:E668	cell	boundary-echo	space|qsRoe.en-y0.ex-y5.noentry|qsRoe.ex-y0|qsRoe	zwnj/boundary/None/None/|qsRoe/hapax/None/x-height/locked|qsRoe/hapax/x-height/baseline/|qsRoe/hapax/baseline/None/
ss03	E650:0020:E650:E650	cell	boundary-echo	qsPea|space|qsPea.half.en-y6.ex-y6|qsPea.en-y6	qsPea/full/None/None/|space/boundary/None/None/|qsPea/half/None/y6/|qsPea/full/y6/None/
ss03	E650:0020:E650:E653	cell	boundary-echo	qsPea|space|qsPea|qsDay.half.en-y0.ex-y0	qsPea/full/None/None/|space/boundary/None/None/|qsPea/full/None/baseline/|qsDay/half/baseline/None/
ss03	E650:0020:E652:E653	cell	boundary-echo	qsPea|space|qsTea.ex-y0|qsDay.half.en-y0.ex-y0.en-ext-1	qsPea/full/None/None/|space/boundary/None/None/|qsTea/full/None/baseline/|qsDay/half/baseline/None/en-ext-1
ss03	E650:0020:E653:E652	cell	boundary-echo	qsPea|space|qsDay|qsTea.en-y0	qsPea/full/None/None/|space/boundary/None/None/|qsDay/full/None/baseline/|qsTea/full/baseline/None/
ss03	E650:0020:E653:E653	cell	boundary-echo	qsPea|space|qsDay|qsDay.half.en-y0.ex-y0	qsPea/full/None/None/|space/boundary/None/None/|qsDay/full/None/baseline/|qsDay/half/baseline/None/
ss03	E650:0020:E653:E668	cell	boundary-echo	qsPea|space|qsDay|qsRoe	qsPea/full/None/None/|space/boundary/None/None/|qsDay/full/None/baseline/|qsRoe/hapax/baseline/None/
ss03	E650:0020:E668:E668	cell	boundary-echo	qsPea|space|qsRoe.en-y0.ex-y5|qsRoe	qsPea/full/None/None/|space/boundary/None/None/|qsRoe/hapax/None/x-height/|qsRoe/hapax/x-height/None/
ss03	E650:00B7:E650:E650	cell	dangling-anchor-dropped	qsPea|periodcentered|qsPea.half.en-y6.ex-y6|qsPea.en-y6	qsPea/full/None/None/|namer-dot/boundary/None/None/|qsPea/half/None/y6/|qsPea/full/y6/None/
ss03	E650:00B7:E650:E653	cell	dangling-anchor-dropped	qsPea|periodcentered|qsPea|qsDay.half.en-y0.ex-y0	qsPea/full/None/None/|namer-dot/boundary/None/None/|qsPea/full/None/baseline/|qsDay/half/baseline/None/
ss03	E650:00B7:E652:E653	cell	dangling-anchor-dropped	qsPea|periodcentered|qsTea.ex-y0|qsDay.half.en-y0.ex-y0.en-ext-1	qsPea/full/None/None/|namer-dot/boundary/None/None/|qsTea/full/None/baseline/|qsDay/half/baseline/None/en-ext-1
ss03	E650:00B7:E653:E652	cell	bare-name-live-join	qsPea|periodcentered|qsDay|qsTea.en-y0	qsPea/full/None/None/|namer-dot/boundary/None/None/|qsDay/full/None/baseline/|qsTea/full/baseline/None/
ss03	E650:00B7:E653:E653	cell	dangling-anchor-dropped	qsPea|periodcentered|qsDay|qsDay.half.en-y0.ex-y0	qsPea/full/None/None/|namer-dot/boundary/None/None/|qsDay/full/None/baseline/|qsDay/half/baseline/None/
ss03	E650:00B7:E653:E668	cell	bare-name-live-join	qsPea|periodcentered|qsDay|qsRoe	qsPea/full/None/None/|namer-dot/boundary/None/None/|qsDay/full/None/baseline/|qsRoe/hapax/baseline/None/
ss03	E650:00B7:E668:E668	cell	dangling-anchor-dropped	qsPea|periodcentered.lowered|qsRoe.en-y0.ex-y5|qsRoe	qsPea/full/None/None/|namer-dot/boundary/None/None/|qsRoe/hapax/None/x-height/|qsRoe/hapax/x-height/None/
ss03	E650:200C:E650:E653	cell	boundary-echo	qsPea|space|qsPea.noentry|qsDay.half.en-y0.ex-y0	qsPea/full/None/None/|zwnj/boundary/None/None/|qsPea/full/None/baseline/locked|qsDay/half/baseline/None/
ss03	E650:200C:E650:E665	cell	boundary-echo	qsPea|space|qsPea.noentry|qsMay.en-y0.ex-y5.en-ext-1	qsPea/full/None/None/|zwnj/boundary/None/None/|qsPea/full/None/baseline/locked|qsMay/loop/baseline/None/
ss03	E650:200C:E650:E668	cell	boundary-echo	qsPea|space|qsPea.half.ex-y5.ex-dips|qsRoe.en-y5.en-con-1	qsPea/full/None/None/|zwnj/boundary/None/None/|qsPea/half/None/x-height/locked|qsRoe/hapax/x-height/None/en-con-1
ss03	E650:200C:E650:E670	cell	boundary-echo	qsPea|space|qsPea.half.ex-y5.ex-dips|qsIt.en-y5.ex-y0	qsPea/full/None/None/|zwnj/boundary/None/None/|qsPea/half/None/x-height/locked|qsIt/hapax/x-height/None/
ss03	E650:200C:E652:E652	cell	boundary-echo	qsPea|space|qsTea.ex-y0|qsTea	qsPea/full/None/None/|zwnj/boundary/None/None/|qsTea/full/None/None/locked|qsTea/full/None/None/
ss03	E650:200C:E652:E653	cell	boundary-echo	qsPea|space|qsTea.ex-y0|qsDay.half.en-y0.ex-y0.en-ext-1	qsPea/full/None/None/|zwnj/boundary/None/None/|qsTea/full/None/baseline/locked|qsDay/half/baseline/None/en-ext-1
ss03	E650:200C:E653:E652	cell	boundary-echo	qsPea|space|qsDay.noentry|qsTea.en-y0	qsPea/full/None/None/|zwnj/boundary/None/None/|qsDay/full/None/baseline/locked|qsTea/full/baseline/None/
ss03	E650:200C:E653:E653	cell	boundary-echo	qsPea|space|qsDay.noentry|qsDay.half.en-y0.ex-y0	qsPea/full/None/None/|zwnj/boundary/None/None/|qsDay/full/None/baseline/locked|qsDay/half/baseline/None/
ss03	E650:200C:E653:E668	cell	boundary-echo	qsPea|space|qsDay.noentry|qsRoe	qsPea/full/None/None/|zwnj/boundary/None/None/|qsDay/full/None/baseline/locked|qsRoe/hapax/baseline/None/
ss03	E650:200C:E668:E668	cell	boundary-echo	qsPea|space|qsRoe.en-y0.ex-y5.noentry|qsRoe	qsPea/full/None/None/|zwnj/boundary/None/None/|qsRoe/hapax/None/x-height/locked|qsRoe/hapax/x-height/None/
ss03	E650:200C:E676:E665	position	kern-channel-out-of-scope	qsPea|space|qsAh.noentry.ex-ext-1|qsMay.en-y5	slot 3 (qsMay.en-y5): origin want (500, 0), got (550, 0)
ss03	E650:E650:0020:0020	cell	boundary-echo	qsPea.half.en-y6.ex-y6|qsPea.en-y6|space|space	qsPea/half/None/y6/|qsPea/full/y6/None/|space/boundary/None/None/|space/boundary/None/None/
ss03	E650:E650:0020:00B7	cell	boundary-echo	qsPea.half.en-y6.ex-y6|qsPea.en-y6|space|periodcentered	qsPea/half/None/y6/|qsPea/full/y6/None/|space/boundary/None/None/|namer-dot/boundary/None/None/
ss03	E650:E650:0020:200C	cell	boundary-echo	qsPea.half.en-y6.ex-y6|qsPea.en-y6|space|space	qsPea/half/None/y6/|qsPea/full/y6/None/|space/boundary/None/None/|zwnj/boundary/None/None/
ss03	E650:E650:0020:E650	cell	boundary-echo	qsPea.half.en-y6.ex-y6|qsPea.en-y6|space|qsPea	qsPea/half/None/y6/|qsPea/full/y6/None/|space/boundary/None/None/|qsPea/full/None/None/
ss03	E650:E650:0020:E652	cell	boundary-echo	qsPea.half.en-y6.ex-y6|qsPea.en-y6|space|qsTea	qsPea/half/None/y6/|qsPea/full/y6/None/|space/boundary/None/None/|qsTea/full/None/None/
ss03	E650:E650:0020:E653	cell	boundary-echo	qsPea.half.en-y6.ex-y6|qsPea.en-y6|space|qsDay	qsPea/half/None/y6/|qsPea/full/y6/None/|space/boundary/None/None/|qsDay/full/None/None/
ss03	E650:E650:0020:E668	cell	boundary-echo	qsPea.half.en-y6.ex-y6|qsPea.en-y6|space|qsRoe	qsPea/half/None/y6/|qsPea/full/y6/None/|space/boundary/None/None/|qsRoe/hapax/None/None/
ss03	E650:E650:00B7:0020	cell	boundary-echo	qsPea.half.en-y6.ex-y6|qsPea.en-y6|periodcentered|space	qsPea/half/None/y6/|qsPea/full/y6/None/|namer-dot/boundary/None/None/|space/boundary/None/None/
ss03	E650:E650:00B7:00B7	cell	dangling-anchor-dropped	qsPea.half.en-y6.ex-y6|qsPea.en-y6|periodcentered|periodcentered	qsPea/half/None/y6/|qsPea/full/y6/None/|namer-dot/boundary/None/None/|namer-dot/boundary/None/None/
ss03	E650:E650:00B7:200C	cell	boundary-echo	qsPea.half.en-y6.ex-y6|qsPea.en-y6|periodcentered|space	qsPea/half/None/y6/|qsPea/full/y6/None/|namer-dot/boundary/None/None/|zwnj/boundary/None/None/
ss03	E650:E650:00B7:E650	cell	dangling-anchor-dropped	qsPea.half.en-y6.ex-y6|qsPea.en-y6|periodcentered|qsPea	qsPea/half/None/y6/|qsPea/full/y6/None/|namer-dot/boundary/None/None/|qsPea/full/None/None/
ss03	E650:E650:00B7:E652	cell	dangling-anchor-dropped	qsPea.half.en-y6.ex-y6|qsPea.en-y6|periodcentered|qsTea	qsPea/half/None/y6/|qsPea/full/y6/None/|namer-dot/boundary/None/None/|qsTea/full/None/None/
ss03	E650:E650:00B7:E653	cell	dangling-anchor-dropped	qsPea.half.en-y6.ex-y6|qsPea.en-y6|periodcentered|qsDay	qsPea/half/None/y6/|qsPea/full/y6/None/|namer-dot/boundary/None/None/|qsDay/full/None/None/
ss03	E650:E650:00B7:E668	cell	dangling-anchor-dropped	qsPea.half.en-y6.ex-y6|qsPea.en-y6|periodcentered.lowered|qsRoe	qsPea/half/None/y6/|qsPea/full/y6/None/|namer-dot/boundary/None/None/|qsRoe/hapax/None/None/
ss03	E650:E650:200C:0020	cell	boundary-echo	qsPea.half.en-y6.ex-y6|qsPea.en-y6|space|space	qsPea/half/None/y6/|qsPea/full/y6/None/|zwnj/boundary/None/None/|space/boundary/None/None/
ss03	E650:E650:200C:00B7	cell	boundary-echo	qsPea.half.en-y6.ex-y6|qsPea.en-y6|space|periodcentered	qsPea/half/None/y6/|qsPea/full/y6/None/|zwnj/boundary/None/None/|namer-dot/boundary/None/None/
ss03	E650:E650:200C:200C	cell	boundary-echo	qsPea.half.en-y6.ex-y6|qsPea.en-y6|space|space	qsPea/half/None/y6/|qsPea/full/y6/None/|zwnj/boundary/None/None/|zwnj/boundary/None/None/
ss03	E650:E650:200C:E650	cell	boundary-echo	qsPea.half.en-y6.ex-y6|qsPea.en-y6|space|qsPea.noentry	qsPea/half/None/y6/|qsPea/full/y6/None/|zwnj/boundary/None/None/|qsPea/full/None/None/locked
ss03	E650:E650:200C:E652	cell	boundary-echo	qsPea.half.en-y6.ex-y6|qsPea.en-y6|space|qsTea.noentry	qsPea/half/None/y6/|qsPea/full/y6/None/|zwnj/boundary/None/None/|qsTea/full/None/None/locked
ss03	E650:E650:200C:E653	cell	boundary-echo	qsPea.half.en-y6.ex-y6|qsPea.en-y6|space|qsDay.noentry	qsPea/half/None/y6/|qsPea/full/y6/None/|zwnj/boundary/None/None/|qsDay/full/None/None/locked
ss03	E650:E650:200C:E668	cell	boundary-echo	qsPea.half.en-y6.ex-y6|qsPea.en-y6|space|qsRoe.noentry	qsPea/half/None/y6/|qsPea/full/y6/None/|zwnj/boundary/None/None/|qsRoe/hapax/None/None/locked
ss03	E650:E650:E650:0020	cell	boundary-echo	qsPea.half.en-y6.ex-y6|qsPea.half.en-y6.ex-y6|qsPea.en-y6|space	qsPea/half/None/y6/|qsPea/half/y6/y6/|qsPea/full/y6/None/|space/boundary/None/None/
ss03	E650:E650:E650:00B7	cell	dangling-anchor-dropped	qsPea.half.en-y6.ex-y6|qsPea.half.en-y6.ex-y6|qsPea.en-y6|periodcentered	qsPea/half/None/y6/|qsPea/half/y6/y6/|qsPea/full/y6/None/|namer-dot/boundary/None/None/
ss03	E650:E650:E650:200C	cell	boundary-echo	qsPea.half.en-y6.ex-y6|qsPea.half.en-y6.ex-y6|qsPea.en-y6|space	qsPea/half/None/y6/|qsPea/half/y6/y6/|qsPea/full/y6/None/|zwnj/boundary/None/None/
ss03	E650:E650:E650:E650	cell	dangling-anchor-dropped	qsPea.half.en-y6.ex-y6|qsPea.half.en-y6.ex-y6|qsPea.half.en-y6.ex-y6|qsPea.en-y6	qsPea/half/None/y6/|qsPea/half/y6/y6/|qsPea/half/y6/y6/|qsPea/full/y6/None/
ss03	E650:E650:E650:E652	cell	dangling-anchor-dropped	qsPea.half.en-y6.ex-y6|qsPea.half.en-y6.ex-y6|qsPea.en-y6.ex-y0|qsTea	qsPea/half/None/y6/|qsPea/half/y6/y6/|qsPea/full/y6/None/|qsTea/full/None/None/
ss03	E650:E650:E650:E653	cell	dangling-anchor-dropped	qsPea.half.en-y6.ex-y6|qsPea.half.en-y6.ex-y6|qsPea.en-y6.ex-y0|qsDay.half.en-y0.ex-y0	qsPea/half/None/y6/|qsPea/half/y6/y6/|qsPea/full/y6/baseline/|qsDay/half/baseline/None/
ss03	E650:E650:E650:E668	cell	dangling-anchor-dropped	qsPea.half.en-y6.ex-y6|qsPea.half.en-y6.ex-y6|qsPea.half.en-y6.ex-y5.ex-dips|qsRoe.en-y5.en-con-1	qsPea/half/None/y6/|qsPea/half/y6/y6/|qsPea/half/y6/x-height/|qsRoe/hapax/x-height/None/en-con-1
ss03	E650:E650:E652:0020	cell	boundary-echo	qsPea.half.en-y6.ex-y6|qsPea.en-y6.ex-y0|qsTea|space	qsPea/half/None/y6/|qsPea/full/y6/None/|qsTea/full/None/None/|space/boundary/None/None/
ss03	E650:E650:E652:00B7	cell	dangling-anchor-dropped	qsPea.half.en-y6.ex-y6|qsPea.en-y6.ex-y0|qsTea|periodcentered	qsPea/half/None/y6/|qsPea/full/y6/None/|qsTea/full/None/None/|namer-dot/boundary/None/None/
ss03	E650:E650:E652:200C	cell	boundary-echo	qsPea.half.en-y6.ex-y6|qsPea.en-y6.ex-y0|qsTea|space	qsPea/half/None/y6/|qsPea/full/y6/None/|qsTea/full/None/None/|zwnj/boundary/None/None/
ss03	E650:E650:E652:E650	cell	dangling-anchor-dropped	qsPea.half.en-y6.ex-y6|qsPea.en-y6.ex-y0|qsTea|qsPea	qsPea/half/None/y6/|qsPea/full/y6/None/|qsTea/full/None/None/|qsPea/full/None/None/
ss03	E650:E650:E652:E652	cell	dangling-anchor-dropped	qsPea.half.en-y6.ex-y6|qsPea.en-y6.ex-y0|qsTea|qsTea	qsPea/half/None/y6/|qsPea/full/y6/None/|qsTea/full/None/None/|qsTea/full/None/None/
ss03	E650:E650:E652:E653	cell	dangling-anchor-dropped	qsPea.half.en-y6.ex-y6|qsPea.en-y6.ex-y0|qsTea.ex-y0|qsDay.half.en-y0.ex-y0.en-ext-1	qsPea/half/None/y6/|qsPea/full/y6/None/|qsTea/full/None/baseline/|qsDay/half/baseline/None/en-ext-1
ss03	E650:E650:E652:E668	cell	dangling-anchor-dropped	qsPea.half.en-y6.ex-y6|qsPea.en-y6.ex-y0|qsTea.half.ex-y5|qsRoe.en-y5.en-con-1	qsPea/half/None/y6/|qsPea/full/y6/None/|qsTea/half/None/x-height/|qsRoe/hapax/x-height/None/en-con-1
ss03	E650:E650:E653:0020	cell	boundary-echo	qsPea.half.en-y6.ex-y6|qsPea.en-y6.ex-y0|qsDay.half.en-y0.ex-y0|space	qsPea/half/None/y6/|qsPea/full/y6/baseline/|qsDay/half/baseline/None/|space/boundary/None/None/
ss03	E650:E650:E653:00B7	cell	dangling-anchor-dropped	qsPea.half.en-y6.ex-y6|qsPea.en-y6.ex-y0|qsDay.half.en-y0.ex-y0|periodcentered	qsPea/half/None/y6/|qsPea/full/y6/baseline/|qsDay/half/baseline/None/|namer-dot/boundary/None/None/
ss03	E650:E650:E653:200C	cell	boundary-echo	qsPea.half.en-y6.ex-y6|qsPea.en-y6.ex-y0|qsDay.half.en-y0.ex-y0|space	qsPea/half/None/y6/|qsPea/full/y6/baseline/|qsDay/half/baseline/None/|zwnj/boundary/None/None/
ss03	E650:E650:E653:E650	cell	dangling-anchor-dropped	qsPea.half.en-y6.ex-y6|qsPea.en-y6.ex-y0|qsDay.half.en-y0.ex-y0|qsPea	qsPea/half/None/y6/|qsPea/full/y6/baseline/|qsDay/half/baseline/None/|qsPea/full/None/None/
ss03	E650:E650:E653:E652	cell	dangling-anchor-dropped	qsPea.half.en-y6.ex-y6|qsPea.en-y6.ex-y0|qsDay.half.en-y0.ex-y0|qsTea.en-y0	qsPea/half/None/y6/|qsPea/full/y6/baseline/|qsDay/half/baseline/baseline/|qsTea/full/baseline/None/
ss03	E650:E650:E653:E653	cell	dangling-anchor-dropped	qsPea.half.en-y6.ex-y6|qsPea.en-y6.ex-y0|qsDay.half.en-y0.ex-y0|qsDay.half.en-y0.ex-y0	qsPea/half/None/y6/|qsPea/full/y6/baseline/|qsDay/half/baseline/baseline/|qsDay/half/baseline/None/
ss03	E650:E650:E653:E668	cell	dangling-anchor-dropped	qsPea.half.en-y6.ex-y6|qsPea.en-y6.ex-y0|qsDay.half.en-y0.ex-y0|qsRoe	qsPea/half/None/y6/|qsPea/full/y6/baseline/|qsDay/half/baseline/baseline/|qsRoe/hapax/baseline/None/
ss03	E650:E650:E668:0020	cell	boundary-echo	qsPea.half.en-y6.ex-y6|qsPea.half.en-y6.ex-y5.ex-dips|qsRoe.en-y5.en-con-1|space	qsPea/half/None/y6/|qsPea/half/y6/x-height/|qsRoe/hapax/x-height/None/en-con-1|space/boundary/None/None/
ss03	E650:E650:E668:00B7	cell	dangling-anchor-dropped	qsPea.half.en-y6.ex-y6|qsPea.half.en-y6.ex-y5.ex-dips|qsRoe.en-y5.en-con-1|periodcentered	qsPea/half/None/y6/|qsPea/half/y6/x-height/|qsRoe/hapax/x-height/None/en-con-1|namer-dot/boundary/None/None/
ss03	E650:E650:E668:200C	cell	boundary-echo	qsPea.half.en-y6.ex-y6|qsPea.half.en-y6.ex-y5.ex-dips|qsRoe.en-y5.en-con-1|space	qsPea/half/None/y6/|qsPea/half/y6/x-height/|qsRoe/hapax/x-height/None/en-con-1|zwnj/boundary/None/None/
ss03	E650:E650:E668:E650	cell	dangling-anchor-dropped	qsPea.half.en-y6.ex-y6|qsPea.half.en-y6.ex-y5.ex-dips|qsRoe.en-y5.en-con-1|qsPea	qsPea/half/None/y6/|qsPea/half/y6/x-height/|qsRoe/hapax/x-height/None/en-con-1|qsPea/full/None/None/
ss03	E650:E650:E668:E652	cell	dangling-anchor-dropped	qsPea.half.en-y6.ex-y6|qsPea.half.en-y6.ex-y5.ex-dips|qsRoe.en-y5.en-con-1|qsTea	qsPea/half/None/y6/|qsPea/half/y6/x-height/|qsRoe/hapax/x-height/None/en-con-1|qsTea/full/None/None/
ss03	E650:E650:E668:E653	cell	dangling-anchor-dropped	qsPea.half.en-y6.ex-y6|qsPea.half.en-y6.ex-y5.ex-dips|qsRoe.en-y5.en-con-1|qsDay	qsPea/half/None/y6/|qsPea/half/y6/x-height/|qsRoe/hapax/x-height/None/en-con-1|qsDay/full/None/None/
ss03	E650:E650:E668:E668	cell,position	UNMATCHED	qsPea.half.en-y6.ex-y6|qsPea.half.en-y6.ex-y5.ex-dips|qsRoe.ex-y0|qsRoe	qsPea/half/None/y6/|qsPea/half/y6/x-height/|qsRoe/hapax/x-height/baseline/en-con-1|qsRoe/hapax/baseline/None/
ss03	E650:E652:E650:E650	cell	dangling-anchor-dropped	qsPea|qsTea|qsPea.half.en-y6.ex-y6|qsPea.en-y6	qsPea/full/None/None/|qsTea/full/None/None/|qsPea/half/None/y6/|qsPea/full/y6/None/
ss03	E650:E652:E650:E653	cell	dangling-anchor-dropped	qsPea|qsTea|qsPea|qsDay.half.en-y0.ex-y0	qsPea/full/None/None/|qsTea/full/None/None/|qsPea/full/None/baseline/|qsDay/half/baseline/None/
ss03	E650:E652:E652:E653	cell	dangling-anchor-dropped	qsPea|qsTea|qsTea.ex-y0|qsDay.half.en-y0.ex-y0.en-ext-1	qsPea/full/None/None/|qsTea/full/None/None/|qsTea/full/None/baseline/|qsDay/half/baseline/None/en-ext-1
ss03	E650:E652:E653:0020	cell	boundary-echo	qsPea|qsTea.ex-y0|qsDay.half.en-y0.ex-y0.en-ext-1|space	qsPea/full/None/None/|qsTea/full/None/baseline/|qsDay/half/baseline/None/en-ext-1|space/boundary/None/None/
ss03	E650:E652:E653:00B7	cell	dangling-anchor-dropped	qsPea|qsTea.ex-y0|qsDay.half.en-y0.ex-y0.en-ext-1|periodcentered	qsPea/full/None/None/|qsTea/full/None/baseline/|qsDay/half/baseline/None/en-ext-1|namer-dot/boundary/None/None/
ss03	E650:E652:E653:200C	cell	boundary-echo	qsPea|qsTea.ex-y0|qsDay.half.en-y0.ex-y0.en-ext-1|space	qsPea/full/None/None/|qsTea/full/None/baseline/|qsDay/half/baseline/None/en-ext-1|zwnj/boundary/None/None/
ss03	E650:E652:E653:E650	cell	dangling-anchor-dropped	qsPea|qsTea.ex-y0|qsDay.half.en-y0.ex-y0.en-ext-1|qsPea	qsPea/full/None/None/|qsTea/full/None/baseline/|qsDay/half/baseline/None/en-ext-1|qsPea/full/None/None/
ss03	E650:E652:E653:E653	cell	dangling-anchor-dropped	qsPea|qsTea.ex-y0|qsDay.half.en-y0.ex-y0.en-ext-1|qsDay.half.en-y0.ex-y0	qsPea/full/None/None/|qsTea/full/None/baseline/|qsDay/half/baseline/baseline/en-ext-1|qsDay/half/baseline/None/
ss03	E650:E652:E653:E668	cell	bare-name-live-join	qsPea|qsTea.ex-y0|qsDay.half.en-y0.ex-y0.en-ext-1|qsRoe	qsPea/full/None/None/|qsTea/full/None/baseline/|qsDay/half/baseline/baseline/en-ext-1|qsRoe/hapax/baseline/None/
ss03	E650:E652:E668:E668	cell,position	UNMATCHED	qsPea|qsTea.half.ex-y5|qsRoe.ex-y0|qsRoe	qsPea/full/None/None/|qsTea/half/None/x-height/|qsRoe/hapax/x-height/baseline/en-con-1|qsRoe/hapax/baseline/None/
ss03	E650:E653:0020:0020	cell	boundary-echo	qsPea|qsDay.half.en-y0.ex-y0|space|space	qsPea/full/None/baseline/|qsDay/half/baseline/None/|space/boundary/None/None/|space/boundary/None/None/
ss03	E650:E653:0020:00B7	cell	boundary-echo	qsPea|qsDay.half.en-y0.ex-y0|space|periodcentered	qsPea/full/None/baseline/|qsDay/half/baseline/None/|space/boundary/None/None/|namer-dot/boundary/None/None/
ss03	E650:E653:0020:200C	cell	boundary-echo	qsPea|qsDay.half.en-y0.ex-y0|space|space	qsPea/full/None/baseline/|qsDay/half/baseline/None/|space/boundary/None/None/|zwnj/boundary/None/None/
ss03	E650:E653:0020:E650	cell	boundary-echo	qsPea|qsDay.half.en-y0.ex-y0|space|qsPea	qsPea/full/None/baseline/|qsDay/half/baseline/None/|space/boundary/None/None/|qsPea/full/None/None/
ss03	E650:E653:0020:E652	cell	boundary-echo	qsPea|qsDay.half.en-y0.ex-y0|space|qsTea	qsPea/full/None/baseline/|qsDay/half/baseline/None/|space/boundary/None/None/|qsTea/full/None/None/
ss03	E650:E653:0020:E653	cell	boundary-echo	qsPea|qsDay.half.en-y0.ex-y0|space|qsDay	qsPea/full/None/baseline/|qsDay/half/baseline/None/|space/boundary/None/None/|qsDay/full/None/None/
ss03	E650:E653:0020:E668	cell	boundary-echo	qsPea|qsDay.half.en-y0.ex-y0|space|qsRoe	qsPea/full/None/baseline/|qsDay/half/baseline/None/|space/boundary/None/None/|qsRoe/hapax/None/None/
ss03	E650:E653:00B7:0020	cell	boundary-echo	qsPea|qsDay.half.en-y0.ex-y0|periodcentered|space	qsPea/full/None/baseline/|qsDay/half/baseline/None/|namer-dot/boundary/None/None/|space/boundary/None/None/
ss03	E650:E653:00B7:00B7	cell	dangling-anchor-dropped	qsPea|qsDay.half.en-y0.ex-y0|periodcentered|periodcentered	qsPea/full/None/baseline/|qsDay/half/baseline/None/|namer-dot/boundary/None/None/|namer-dot/boundary/None/None/
ss03	E650:E653:00B7:200C	cell	boundary-echo	qsPea|qsDay.half.en-y0.ex-y0|periodcentered|space	qsPea/full/None/baseline/|qsDay/half/baseline/None/|namer-dot/boundary/None/None/|zwnj/boundary/None/None/
ss03	E650:E653:00B7:E650	cell	dangling-anchor-dropped	qsPea|qsDay.half.en-y0.ex-y0|periodcentered|qsPea	qsPea/full/None/baseline/|qsDay/half/baseline/None/|namer-dot/boundary/None/None/|qsPea/full/None/None/
ss03	E650:E653:00B7:E652	cell	dangling-anchor-dropped	qsPea|qsDay.half.en-y0.ex-y0|periodcentered|qsTea	qsPea/full/None/baseline/|qsDay/half/baseline/None/|namer-dot/boundary/None/None/|qsTea/full/None/None/
ss03	E650:E653:00B7:E653	cell	dangling-anchor-dropped	qsPea|qsDay.half.en-y0.ex-y0|periodcentered|qsDay	qsPea/full/None/baseline/|qsDay/half/baseline/None/|namer-dot/boundary/None/None/|qsDay/full/None/None/
ss03	E650:E653:00B7:E668	cell	dangling-anchor-dropped	qsPea|qsDay.half.en-y0.ex-y0|periodcentered.lowered|qsRoe	qsPea/full/None/baseline/|qsDay/half/baseline/None/|namer-dot/boundary/None/None/|qsRoe/hapax/None/None/
ss03	E650:E653:200C:0020	cell	boundary-echo	qsPea|qsDay.half.en-y0.ex-y0|space|space	qsPea/full/None/baseline/|qsDay/half/baseline/None/|zwnj/boundary/None/None/|space/boundary/None/None/
ss03	E650:E653:200C:00B7	cell	boundary-echo	qsPea|qsDay.half.en-y0.ex-y0|space|periodcentered	qsPea/full/None/baseline/|qsDay/half/baseline/None/|zwnj/boundary/None/None/|namer-dot/boundary/None/None/
ss03	E650:E653:200C:200C	cell	boundary-echo	qsPea|qsDay.half.en-y0.ex-y0|space|space	qsPea/full/None/baseline/|qsDay/half/baseline/None/|zwnj/boundary/None/None/|zwnj/boundary/None/None/
ss03	E650:E653:200C:E650	cell	boundary-echo	qsPea|qsDay.half.en-y0.ex-y0|space|qsPea.noentry	qsPea/full/None/baseline/|qsDay/half/baseline/None/|zwnj/boundary/None/None/|qsPea/full/None/None/locked
ss03	E650:E653:200C:E652	cell	boundary-echo	qsPea|qsDay.half.en-y0.ex-y0|space|qsTea.noentry	qsPea/full/None/baseline/|qsDay/half/baseline/None/|zwnj/boundary/None/None/|qsTea/full/None/None/locked
ss03	E650:E653:200C:E653	cell	boundary-echo	qsPea|qsDay.half.en-y0.ex-y0|space|qsDay.noentry	qsPea/full/None/baseline/|qsDay/half/baseline/None/|zwnj/boundary/None/None/|qsDay/full/None/None/locked
ss03	E650:E653:200C:E668	cell	boundary-echo	qsPea|qsDay.half.en-y0.ex-y0|space|qsRoe.noentry	qsPea/full/None/baseline/|qsDay/half/baseline/None/|zwnj/boundary/None/None/|qsRoe/hapax/None/None/locked
ss03	E650:E653:E650:0020	cell	boundary-echo	qsPea|qsDay.half.en-y0.ex-y0|qsPea|space	qsPea/full/None/baseline/|qsDay/half/baseline/None/|qsPea/full/None/None/|space/boundary/None/None/
ss03	E650:E653:E650:00B7	cell	dangling-anchor-dropped	qsPea|qsDay.half.en-y0.ex-y0|qsPea|periodcentered	qsPea/full/None/baseline/|qsDay/half/baseline/None/|qsPea/full/None/None/|namer-dot/boundary/None/None/
ss03	E650:E653:E650:200C	cell	boundary-echo	qsPea|qsDay.half.en-y0.ex-y0|qsPea|space	qsPea/full/None/baseline/|qsDay/half/baseline/None/|qsPea/full/None/None/|zwnj/boundary/None/None/
ss03	E650:E653:E650:E650	cell	dangling-anchor-dropped	qsPea|qsDay.half.en-y0.ex-y0|qsPea.half.en-y6.ex-y6|qsPea.en-y6	qsPea/full/None/baseline/|qsDay/half/baseline/None/|qsPea/half/None/y6/|qsPea/full/y6/None/
ss03	E650:E653:E650:E652	cell	dangling-anchor-dropped	qsPea|qsDay.half.en-y0.ex-y0|qsPea|qsTea	qsPea/full/None/baseline/|qsDay/half/baseline/None/|qsPea/full/None/None/|qsTea/full/None/None/
ss03	E650:E653:E650:E653	cell	dangling-anchor-dropped	qsPea|qsDay.half.en-y0.ex-y0|qsPea|qsDay.half.en-y0.ex-y0	qsPea/full/None/baseline/|qsDay/half/baseline/None/|qsPea/full/None/baseline/|qsDay/half/baseline/None/
ss03	E650:E653:E650:E668	cell	dangling-anchor-dropped	qsPea|qsDay.half.en-y0.ex-y0|qsPea.half.ex-y5.ex-dips|qsRoe.en-y5.en-con-1	qsPea/full/None/baseline/|qsDay/half/baseline/None/|qsPea/half/None/x-height/|qsRoe/hapax/x-height/None/en-con-1
ss03	E650:E653:E652:0020	cell	boundary-echo	qsPea|qsDay.half.en-y0.ex-y0|qsTea.en-y0|space	qsPea/full/None/baseline/|qsDay/half/baseline/baseline/|qsTea/full/baseline/None/|space/boundary/None/None/
ss03	E650:E653:E652:00B7	cell	bare-name-live-join	qsPea|qsDay.half.en-y0.ex-y0|qsTea.en-y0|periodcentered	qsPea/full/None/baseline/|qsDay/half/baseline/baseline/|qsTea/full/baseline/None/|namer-dot/boundary/None/None/
ss03	E650:E653:E652:200C	cell	boundary-echo	qsPea|qsDay.half.en-y0.ex-y0|qsTea.en-y0|space	qsPea/full/None/baseline/|qsDay/half/baseline/baseline/|qsTea/full/baseline/None/|zwnj/boundary/None/None/
ss03	E650:E653:E652:E650	cell	bare-name-live-join	qsPea|qsDay.half.en-y0.ex-y0|qsTea.en-y0|qsPea	qsPea/full/None/baseline/|qsDay/half/baseline/baseline/|qsTea/full/baseline/None/|qsPea/full/None/None/
ss03	E650:E653:E652:E652	cell	bare-name-live-join	qsPea|qsDay.half.en-y0.ex-y0|qsTea.en-y0|qsTea	qsPea/full/None/baseline/|qsDay/half/baseline/baseline/|qsTea/full/baseline/None/|qsTea/full/None/None/
ss03	E650:E653:E652:E653	cell	dangling-anchor-dropped	qsPea|qsDay.half.en-y0.ex-y0|qsTea.ex-y0|qsDay.half.en-y0.ex-y0.en-ext-1	qsPea/full/None/baseline/|qsDay/half/baseline/None/|qsTea/full/None/baseline/|qsDay/half/baseline/None/en-ext-1
ss03	E650:E653:E652:E668	cell,seam	regrouping-floor-drift	qsPea|qsDay.half.en-y0.ex-y0|qsTea.half.ex-y5|qsRoe.en-y5.en-con-1	qsPea/full/None/baseline/|qsDay/half/baseline/baseline/|qsTea/full/baseline/None/|qsRoe/hapax/None/None/
ss03	E650:E653:E653:0020	cell	boundary-echo	qsPea|qsDay.half.en-y0.ex-y0|qsDay.half.en-y0.ex-y0|space	qsPea/full/None/baseline/|qsDay/half/baseline/baseline/|qsDay/half/baseline/None/|space/boundary/None/None/
ss03	E650:E653:E653:00B7	cell	dangling-anchor-dropped	qsPea|qsDay.half.en-y0.ex-y0|qsDay.half.en-y0.ex-y0|periodcentered	qsPea/full/None/baseline/|qsDay/half/baseline/baseline/|qsDay/half/baseline/None/|namer-dot/boundary/None/None/
ss03	E650:E653:E653:200C	cell	boundary-echo	qsPea|qsDay.half.en-y0.ex-y0|qsDay.half.en-y0.ex-y0|space	qsPea/full/None/baseline/|qsDay/half/baseline/baseline/|qsDay/half/baseline/None/|zwnj/boundary/None/None/
ss03	E650:E653:E653:E650	cell	dangling-anchor-dropped	qsPea|qsDay.half.en-y0.ex-y0|qsDay.half.en-y0.ex-y0|qsPea	qsPea/full/None/baseline/|qsDay/half/baseline/baseline/|qsDay/half/baseline/None/|qsPea/full/None/None/
ss03	E650:E653:E653:E652	cell	bare-name-live-join	qsPea|qsDay.half.en-y0.ex-y0|qsDay.half.en-y0.ex-y0|qsTea.en-y0	qsPea/full/None/baseline/|qsDay/half/baseline/baseline/|qsDay/half/baseline/baseline/|qsTea/full/baseline/None/
ss03	E650:E653:E653:E653	cell	dangling-anchor-dropped	qsPea|qsDay.half.en-y0.ex-y0|qsDay.half.en-y0.ex-y0|qsDay.half.en-y0.ex-y0	qsPea/full/None/baseline/|qsDay/half/baseline/baseline/|qsDay/half/baseline/baseline/|qsDay/half/baseline/None/
ss03	E650:E653:E653:E668	cell	bare-name-live-join	qsPea|qsDay.half.en-y0.ex-y0|qsDay.half.en-y0.ex-y0|qsRoe	qsPea/full/None/baseline/|qsDay/half/baseline/baseline/|qsDay/half/baseline/baseline/|qsRoe/hapax/baseline/None/
ss03	E650:E653:E668:0020	cell	boundary-echo	qsPea|qsDay.half.en-y0.ex-y0|qsRoe|space	qsPea/full/None/baseline/|qsDay/half/baseline/baseline/|qsRoe/hapax/baseline/None/|space/boundary/None/None/
ss03	E650:E653:E668:00B7	cell	bare-name-live-join	qsPea|qsDay.half.en-y0.ex-y0|qsRoe|periodcentered	qsPea/full/None/baseline/|qsDay/half/baseline/baseline/|qsRoe/hapax/baseline/None/|namer-dot/boundary/None/None/
ss03	E650:E653:E668:200C	cell	boundary-echo	qsPea|qsDay.half.en-y0.ex-y0|qsRoe|space	qsPea/full/None/baseline/|qsDay/half/baseline/baseline/|qsRoe/hapax/baseline/None/|zwnj/boundary/None/None/
ss03	E650:E653:E668:E650	cell	bare-name-live-join	qsPea|qsDay.half.en-y0.ex-y0|qsRoe|qsPea	qsPea/full/None/baseline/|qsDay/half/baseline/baseline/|qsRoe/hapax/baseline/None/|qsPea/full/None/None/
ss03	E650:E653:E668:E652	cell	bare-name-live-join	qsPea|qsDay.half.en-y0.ex-y0|qsRoe|qsTea	qsPea/full/None/baseline/|qsDay/half/baseline/baseline/|qsRoe/hapax/baseline/None/|qsTea/full/None/None/
ss03	E650:E653:E668:E653	cell	bare-name-live-join	qsPea|qsDay.half.en-y0.ex-y0|qsRoe|qsDay	qsPea/full/None/baseline/|qsDay/half/baseline/baseline/|qsRoe/hapax/baseline/None/|qsDay/full/None/None/
ss03	E650:E653:E668:E668	cell	bare-name-live-join	qsPea|qsDay.half.en-y0.ex-y0|qsRoe.en-y0.ex-y5|qsRoe	qsPea/full/None/baseline/|qsDay/half/baseline/baseline/|qsRoe/hapax/baseline/x-height/|qsRoe/hapax/x-height/None/
ss03	E650:E668:E650:E650	cell	dangling-anchor-dropped	qsPea.half.ex-y5.ex-dips|qsRoe.en-y5.en-con-1|qsPea.half.en-y6.ex-y6|qsPea.en-y6	qsPea/half/None/x-height/|qsRoe/hapax/x-height/None/en-con-1|qsPea/half/None/y6/|qsPea/full/y6/None/
ss03	E650:E668:E650:E653	cell	dangling-anchor-dropped	qsPea.half.ex-y5.ex-dips|qsRoe.en-y5.en-con-1|qsPea|qsDay.half.en-y0.ex-y0	qsPea/half/None/x-height/|qsRoe/hapax/x-height/None/en-con-1|qsPea/full/None/baseline/|qsDay/half/baseline/None/
ss03	E650:E668:E652:E653	cell	dangling-anchor-dropped	qsPea.half.ex-y5.ex-dips|qsRoe.en-y5.en-con-1|qsTea.ex-y0|qsDay.half.en-y0.ex-y0.en-ext-1	qsPea/half/None/x-height/|qsRoe/hapax/x-height/None/en-con-1|qsTea/full/None/baseline/|qsDay/half/baseline/None/en-ext-1
ss03	E650:E668:E653:E652	cell	bare-name-live-join	qsPea.half.ex-y5.ex-dips|qsRoe.en-y5.en-con-1|qsDay|qsTea.en-y0	qsPea/half/None/x-height/|qsRoe/hapax/x-height/None/en-con-1|qsDay/full/None/baseline/|qsTea/full/baseline/None/
ss03	E650:E668:E653:E653	cell	dangling-anchor-dropped	qsPea.half.ex-y5.ex-dips|qsRoe.en-y5.en-con-1|qsDay|qsDay.half.en-y0.ex-y0	qsPea/half/None/x-height/|qsRoe/hapax/x-height/None/en-con-1|qsDay/full/None/baseline/|qsDay/half/baseline/None/
ss03	E650:E668:E653:E668	cell	bare-name-live-join	qsPea.half.ex-y5.ex-dips|qsRoe.en-y5.en-con-1|qsDay|qsRoe	qsPea/half/None/x-height/|qsRoe/hapax/x-height/None/en-con-1|qsDay/full/None/baseline/|qsRoe/hapax/baseline/None/
ss03	E650:E668:E668:0020	cell	boundary-echo	qsPea.half.ex-y5.ex-dips|qsRoe.ex-y0|qsRoe|space	qsPea/half/None/x-height/|qsRoe/hapax/x-height/baseline/en-con-1|qsRoe/hapax/baseline/None/|space/boundary/None/None/
ss03	E650:E668:E668:00B7	cell,position	UNMATCHED	qsPea.half.ex-y5.ex-dips|qsRoe.ex-y0|qsRoe|periodcentered	qsPea/half/None/x-height/|qsRoe/hapax/x-height/baseline/en-con-1|qsRoe/hapax/baseline/None/|namer-dot/boundary/None/None/
ss03	E650:E668:E668:200C	cell	boundary-echo	qsPea.half.ex-y5.ex-dips|qsRoe.ex-y0|qsRoe|space	qsPea/half/None/x-height/|qsRoe/hapax/x-height/baseline/en-con-1|qsRoe/hapax/baseline/None/|zwnj/boundary/None/None/
ss03	E650:E668:E668:E650	cell,position	UNMATCHED	qsPea.half.ex-y5.ex-dips|qsRoe.ex-y0|qsRoe|qsPea	qsPea/half/None/x-height/|qsRoe/hapax/x-height/baseline/en-con-1|qsRoe/hapax/baseline/None/|qsPea/full/None/None/
ss03	E650:E668:E668:E652	cell,position	UNMATCHED	qsPea.half.ex-y5.ex-dips|qsRoe.ex-y0|qsRoe|qsTea	qsPea/half/None/x-height/|qsRoe/hapax/x-height/baseline/en-con-1|qsRoe/hapax/baseline/None/|qsTea/full/None/None/
ss03	E650:E668:E668:E653	cell,position	UNMATCHED	qsPea.half.ex-y5.ex-dips|qsRoe.ex-y0|qsRoe|qsDay	qsPea/half/None/x-height/|qsRoe/hapax/x-height/baseline/en-con-1|qsRoe/hapax/baseline/None/|qsDay/full/None/None/
ss03	E650:E668:E668:E668	cell,position	UNMATCHED	qsPea.half.ex-y5.ex-dips|qsRoe.ex-y0|qsRoe.en-y0.ex-y5|qsRoe	qsPea/half/None/x-height/|qsRoe/hapax/x-height/baseline/en-con-1|qsRoe/hapax/baseline/x-height/|qsRoe/hapax/x-height/None/
ss03	E652:0020:E650:E650	cell	boundary-echo	qsTea|space|qsPea.half.en-y6.ex-y6|qsPea.en-y6	qsTea/full/None/None/|space/boundary/None/None/|qsPea/half/None/y6/|qsPea/full/y6/None/
ss03	E652:0020:E650:E653	cell	boundary-echo	qsTea|space|qsPea|qsDay.half.en-y0.ex-y0	qsTea/full/None/None/|space/boundary/None/None/|qsPea/full/None/baseline/|qsDay/half/baseline/None/
ss03	E652:0020:E652:E653	cell	boundary-echo	qsTea|space|qsTea.ex-y0|qsDay.half.en-y0.ex-y0.en-ext-1	qsTea/full/None/None/|space/boundary/None/None/|qsTea/full/None/baseline/|qsDay/half/baseline/None/en-ext-1
ss03	E652:0020:E653:E652	cell	boundary-echo	qsTea|space|qsDay|qsTea.en-y0	qsTea/full/None/None/|space/boundary/None/None/|qsDay/full/None/baseline/|qsTea/full/baseline/None/
ss03	E652:0020:E653:E653	cell	boundary-echo	qsTea|space|qsDay|qsDay.half.en-y0.ex-y0	qsTea/full/None/None/|space/boundary/None/None/|qsDay/full/None/baseline/|qsDay/half/baseline/None/
ss03	E652:0020:E653:E668	cell	boundary-echo	qsTea|space|qsDay|qsRoe	qsTea/full/None/None/|space/boundary/None/None/|qsDay/full/None/baseline/|qsRoe/hapax/baseline/None/
ss03	E652:0020:E668:E668	cell	boundary-echo	qsTea|space|qsRoe.en-y0.ex-y5|qsRoe	qsTea/full/None/None/|space/boundary/None/None/|qsRoe/hapax/None/x-height/|qsRoe/hapax/x-height/None/
ss03	E652:00B7:E650:E650	cell	dangling-anchor-dropped	qsTea|periodcentered|qsPea.half.en-y6.ex-y6|qsPea.en-y6	qsTea/full/None/None/|namer-dot/boundary/None/None/|qsPea/half/None/y6/|qsPea/full/y6/None/
ss03	E652:00B7:E650:E653	cell	dangling-anchor-dropped	qsTea|periodcentered|qsPea|qsDay.half.en-y0.ex-y0	qsTea/full/None/None/|namer-dot/boundary/None/None/|qsPea/full/None/baseline/|qsDay/half/baseline/None/
ss03	E652:00B7:E652:E653	cell	dangling-anchor-dropped	qsTea|periodcentered|qsTea.ex-y0|qsDay.half.en-y0.ex-y0.en-ext-1	qsTea/full/None/None/|namer-dot/boundary/None/None/|qsTea/full/None/baseline/|qsDay/half/baseline/None/en-ext-1
ss03	E652:00B7:E653:E652	cell	bare-name-live-join	qsTea|periodcentered|qsDay|qsTea.en-y0	qsTea/full/None/None/|namer-dot/boundary/None/None/|qsDay/full/None/baseline/|qsTea/full/baseline/None/
ss03	E652:00B7:E653:E653	cell	dangling-anchor-dropped	qsTea|periodcentered|qsDay|qsDay.half.en-y0.ex-y0	qsTea/full/None/None/|namer-dot/boundary/None/None/|qsDay/full/None/baseline/|qsDay/half/baseline/None/
ss03	E652:00B7:E653:E668	cell	bare-name-live-join	qsTea|periodcentered|qsDay|qsRoe	qsTea/full/None/None/|namer-dot/boundary/None/None/|qsDay/full/None/baseline/|qsRoe/hapax/baseline/None/
ss03	E652:00B7:E668:E668	cell	dangling-anchor-dropped	qsTea|periodcentered.lowered|qsRoe.en-y0.ex-y5|qsRoe	qsTea/full/None/None/|namer-dot/boundary/None/None/|qsRoe/hapax/None/x-height/|qsRoe/hapax/x-height/None/
ss03	E652:200C:E650:E653	cell	boundary-echo	qsTea|space|qsPea.noentry|qsDay.half.en-y0.ex-y0	qsTea/full/None/None/|zwnj/boundary/None/None/|qsPea/full/None/baseline/locked|qsDay/half/baseline/None/
ss03	E652:200C:E650:E668	cell	boundary-echo	qsTea|space|qsPea.half.ex-y5.ex-dips|qsRoe.en-y5.en-con-1	qsTea/full/None/None/|zwnj/boundary/None/None/|qsPea/half/None/x-height/locked|qsRoe/hapax/x-height/None/en-con-1
ss03	E652:200C:E652:E652	cell	boundary-echo	qsTea|space|qsTea.ex-y0|qsTea	qsTea/full/None/None/|zwnj/boundary/None/None/|qsTea/full/None/None/locked|qsTea/full/None/None/
ss03	E652:200C:E652:E653	cell	boundary-echo	qsTea|space|qsTea.ex-y0|qsDay.half.en-y0.ex-y0.en-ext-1	qsTea/full/None/None/|zwnj/boundary/None/None/|qsTea/full/None/baseline/locked|qsDay/half/baseline/None/en-ext-1
ss03	E652:200C:E653:E652	cell	boundary-echo	qsTea|space|qsDay.noentry|qsTea.en-y0	qsTea/full/None/None/|zwnj/boundary/None/None/|qsDay/full/None/baseline/locked|qsTea/full/baseline/None/
ss03	E652:200C:E653:E653	cell	boundary-echo	qsTea|space|qsDay.noentry|qsDay.half.en-y0.ex-y0	qsTea/full/None/None/|zwnj/boundary/None/None/|qsDay/full/None/baseline/locked|qsDay/half/baseline/None/
ss03	E652:200C:E653:E668	cell	boundary-echo	qsTea|space|qsDay.noentry|qsRoe	qsTea/full/None/None/|zwnj/boundary/None/None/|qsDay/full/None/baseline/locked|qsRoe/hapax/baseline/None/
ss03	E652:200C:E668:E668	cell	boundary-echo	qsTea|space|qsRoe.en-y0.ex-y5.noentry|qsRoe	qsTea/full/None/None/|zwnj/boundary/None/None/|qsRoe/hapax/None/x-height/locked|qsRoe/hapax/x-height/None/
ss03	E652:E650:E650:0020	cell	boundary-echo	qsTea|qsPea.half.en-y6.ex-y6|qsPea.en-y6|space	qsTea/full/None/None/|qsPea/half/None/y6/|qsPea/full/y6/None/|space/boundary/None/None/
ss03	E652:E650:E650:00B7	cell	dangling-anchor-dropped	qsTea|qsPea.half.en-y6.ex-y6|qsPea.en-y6|periodcentered	qsTea/full/None/None/|qsPea/half/None/y6/|qsPea/full/y6/None/|namer-dot/boundary/None/None/
ss03	E652:E650:E650:200C	cell	boundary-echo	qsTea|qsPea.half.en-y6.ex-y6|qsPea.en-y6|space	qsTea/full/None/None/|qsPea/half/None/y6/|qsPea/full/y6/None/|zwnj/boundary/None/None/
ss03	E652:E650:E650:E650	cell	dangling-anchor-dropped	qsTea|qsPea.half.en-y6.ex-y6|qsPea.half.en-y6.ex-y6|qsPea.en-y6	qsTea/full/None/None/|qsPea/half/None/y6/|qsPea/half/y6/y6/|qsPea/full/y6/None/
ss03	E652:E650:E650:E652	cell	dangling-anchor-dropped	qsTea|qsPea.half.en-y6.ex-y6|qsPea.en-y6.ex-y0|qsTea	qsTea/full/None/None/|qsPea/half/None/y6/|qsPea/full/y6/None/|qsTea/full/None/None/
ss03	E652:E650:E650:E653	cell	dangling-anchor-dropped	qsTea|qsPea.half.en-y6.ex-y6|qsPea.en-y6.ex-y0|qsDay.half.en-y0.ex-y0	qsTea/full/None/None/|qsPea/half/None/y6/|qsPea/full/y6/baseline/|qsDay/half/baseline/None/
ss03	E652:E650:E650:E668	cell	dangling-anchor-dropped	qsTea|qsPea.half.en-y6.ex-y6|qsPea.half.en-y6.ex-y5.ex-dips|qsRoe.en-y5.en-con-1	qsTea/full/None/None/|qsPea/half/None/y6/|qsPea/half/y6/x-height/|qsRoe/hapax/x-height/None/en-con-1
ss03	E652:E650:E652:E653	cell	dangling-anchor-dropped	qsTea|qsPea|qsTea.ex-y0|qsDay.half.en-y0.ex-y0.en-ext-1	qsTea/full/None/None/|qsPea/full/None/None/|qsTea/full/None/baseline/|qsDay/half/baseline/None/en-ext-1
ss03	E652:E650:E653:0020	cell	boundary-echo	qsTea|qsPea|qsDay.half.en-y0.ex-y0|space	qsTea/full/None/None/|qsPea/full/None/baseline/|qsDay/half/baseline/None/|space/boundary/None/None/
ss03	E652:E650:E653:00B7	cell	dangling-anchor-dropped	qsTea|qsPea|qsDay.half.en-y0.ex-y0|periodcentered	qsTea/full/None/None/|qsPea/full/None/baseline/|qsDay/half/baseline/None/|namer-dot/boundary/None/None/
ss03	E652:E650:E653:200C	cell	boundary-echo	qsTea|qsPea|qsDay.half.en-y0.ex-y0|space	qsTea/full/None/None/|qsPea/full/None/baseline/|qsDay/half/baseline/None/|zwnj/boundary/None/None/
ss03	E652:E650:E653:E650	cell	dangling-anchor-dropped	qsTea|qsPea|qsDay.half.en-y0.ex-y0|qsPea	qsTea/full/None/None/|qsPea/full/None/baseline/|qsDay/half/baseline/None/|qsPea/full/None/None/
ss03	E652:E650:E653:E652	cell	bare-name-live-join	qsTea|qsPea|qsDay.half.en-y0.ex-y0|qsTea.en-y0	qsTea/full/None/None/|qsPea/full/None/baseline/|qsDay/half/baseline/baseline/|qsTea/full/baseline/None/
ss03	E652:E650:E653:E653	cell	dangling-anchor-dropped	qsTea|qsPea|qsDay.half.en-y0.ex-y0|qsDay.half.en-y0.ex-y0	qsTea/full/None/None/|qsPea/full/None/baseline/|qsDay/half/baseline/baseline/|qsDay/half/baseline/None/
ss03	E652:E650:E653:E668	cell	bare-name-live-join	qsTea|qsPea|qsDay.half.en-y0.ex-y0|qsRoe	qsTea/full/None/None/|qsPea/full/None/baseline/|qsDay/half/baseline/baseline/|qsRoe/hapax/baseline/None/
ss03	E652:E650:E668:E668	cell,position	UNMATCHED	qsTea|qsPea.half.ex-y5.ex-dips|qsRoe.ex-y0|qsRoe	qsTea/full/None/None/|qsPea/half/None/x-height/|qsRoe/hapax/x-height/baseline/en-con-1|qsRoe/hapax/baseline/None/
ss03	E652:E652:E650:E650	cell	dangling-anchor-dropped	qsTea|qsTea|qsPea.half.en-y6.ex-y6|qsPea.en-y6	qsTea/full/None/None/|qsTea/full/None/None/|qsPea/half/None/y6/|qsPea/full/y6/None/
ss03	E652:E652:E650:E653	cell	dangling-anchor-dropped	qsTea|qsTea|qsPea|qsDay.half.en-y0.ex-y0	qsTea/full/None/None/|qsTea/full/None/None/|qsPea/full/None/baseline/|qsDay/half/baseline/None/
ss03	E652:E652:E652:E653	cell	dangling-anchor-dropped	qsTea|qsTea|qsTea.ex-y0|qsDay.half.en-y0.ex-y0.en-ext-1	qsTea/full/None/None/|qsTea/full/None/None/|qsTea/full/None/baseline/|qsDay/half/baseline/None/en-ext-1
ss03	E652:E652:E653:0020	cell	boundary-echo	qsTea|qsTea.ex-y0|qsDay.half.en-y0.ex-y0.en-ext-1|space	qsTea/full/None/None/|qsTea/full/None/baseline/|qsDay/half/baseline/None/en-ext-1|space/boundary/None/None/
ss03	E652:E652:E653:00B7	cell	dangling-anchor-dropped	qsTea|qsTea.ex-y0|qsDay.half.en-y0.ex-y0.en-ext-1|periodcentered	qsTea/full/None/None/|qsTea/full/None/baseline/|qsDay/half/baseline/None/en-ext-1|namer-dot/boundary/None/None/
ss03	E652:E652:E653:200C	cell	boundary-echo	qsTea|qsTea.ex-y0|qsDay.half.en-y0.ex-y0.en-ext-1|space	qsTea/full/None/None/|qsTea/full/None/baseline/|qsDay/half/baseline/None/en-ext-1|zwnj/boundary/None/None/
ss03	E652:E652:E653:E650	cell	dangling-anchor-dropped	qsTea|qsTea.ex-y0|qsDay.half.en-y0.ex-y0.en-ext-1|qsPea	qsTea/full/None/None/|qsTea/full/None/baseline/|qsDay/half/baseline/None/en-ext-1|qsPea/full/None/None/
ss03	E652:E652:E653:E653	cell	dangling-anchor-dropped	qsTea|qsTea.ex-y0|qsDay.half.en-y0.ex-y0.en-ext-1|qsDay.half.en-y0.ex-y0	qsTea/full/None/None/|qsTea/full/None/baseline/|qsDay/half/baseline/baseline/en-ext-1|qsDay/half/baseline/None/
ss03	E652:E652:E653:E668	cell	bare-name-live-join	qsTea|qsTea.ex-y0|qsDay.half.en-y0.ex-y0.en-ext-1|qsRoe	qsTea/full/None/None/|qsTea/full/None/baseline/|qsDay/half/baseline/baseline/en-ext-1|qsRoe/hapax/baseline/None/
ss03	E652:E652:E668:E668	cell,position	UNMATCHED	qsTea|qsTea.half.ex-y5|qsRoe.ex-y0|qsRoe	qsTea/full/None/None/|qsTea/half/None/x-height/|qsRoe/hapax/x-height/baseline/en-con-1|qsRoe/hapax/baseline/None/
ss03	E652:E653:0020:0020	cell	boundary-echo	qsTea.ex-y0|qsDay.half.en-y0.ex-y0.en-ext-1|space|space	qsTea/full/None/baseline/|qsDay/half/baseline/None/en-ext-1|space/boundary/None/None/|space/boundary/None/None/
ss03	E652:E653:0020:00B7	cell	boundary-echo	qsTea.ex-y0|qsDay.half.en-y0.ex-y0.en-ext-1|space|periodcentered	qsTea/full/None/baseline/|qsDay/half/baseline/None/en-ext-1|space/boundary/None/None/|namer-dot/boundary/None/None/
ss03	E652:E653:0020:200C	cell	boundary-echo	qsTea.ex-y0|qsDay.half.en-y0.ex-y0.en-ext-1|space|space	qsTea/full/None/baseline/|qsDay/half/baseline/None/en-ext-1|space/boundary/None/None/|zwnj/boundary/None/None/
ss03	E652:E653:0020:E650	cell	boundary-echo	qsTea.ex-y0|qsDay.half.en-y0.ex-y0.en-ext-1|space|qsPea	qsTea/full/None/baseline/|qsDay/half/baseline/None/en-ext-1|space/boundary/None/None/|qsPea/full/None/None/
ss03	E652:E653:0020:E652	cell	boundary-echo	qsTea.ex-y0|qsDay.half.en-y0.ex-y0.en-ext-1|space|qsTea	qsTea/full/None/baseline/|qsDay/half/baseline/None/en-ext-1|space/boundary/None/None/|qsTea/full/None/None/
ss03	E652:E653:0020:E653	cell	boundary-echo	qsTea.ex-y0|qsDay.half.en-y0.ex-y0.en-ext-1|space|qsDay	qsTea/full/None/baseline/|qsDay/half/baseline/None/en-ext-1|space/boundary/None/None/|qsDay/full/None/None/
ss03	E652:E653:0020:E668	cell	boundary-echo	qsTea.ex-y0|qsDay.half.en-y0.ex-y0.en-ext-1|space|qsRoe	qsTea/full/None/baseline/|qsDay/half/baseline/None/en-ext-1|space/boundary/None/None/|qsRoe/hapax/None/None/
ss03	E652:E653:00B7:0020	cell	boundary-echo	qsTea.ex-y0|qsDay.half.en-y0.ex-y0.en-ext-1|periodcentered|space	qsTea/full/None/baseline/|qsDay/half/baseline/None/en-ext-1|namer-dot/boundary/None/None/|space/boundary/None/None/
ss03	E652:E653:00B7:00B7	cell	dangling-anchor-dropped	qsTea.ex-y0|qsDay.half.en-y0.ex-y0.en-ext-1|periodcentered|periodcentered	qsTea/full/None/baseline/|qsDay/half/baseline/None/en-ext-1|namer-dot/boundary/None/None/|namer-dot/boundary/None/None/
ss03	E652:E653:00B7:200C	cell	boundary-echo	qsTea.ex-y0|qsDay.half.en-y0.ex-y0.en-ext-1|periodcentered|space	qsTea/full/None/baseline/|qsDay/half/baseline/None/en-ext-1|namer-dot/boundary/None/None/|zwnj/boundary/None/None/
ss03	E652:E653:00B7:E650	cell	dangling-anchor-dropped	qsTea.ex-y0|qsDay.half.en-y0.ex-y0.en-ext-1|periodcentered|qsPea	qsTea/full/None/baseline/|qsDay/half/baseline/None/en-ext-1|namer-dot/boundary/None/None/|qsPea/full/None/None/
ss03	E652:E653:00B7:E652	cell	dangling-anchor-dropped	qsTea.ex-y0|qsDay.half.en-y0.ex-y0.en-ext-1|periodcentered|qsTea	qsTea/full/None/baseline/|qsDay/half/baseline/None/en-ext-1|namer-dot/boundary/None/None/|qsTea/full/None/None/
ss03	E652:E653:00B7:E653	cell	dangling-anchor-dropped	qsTea.ex-y0|qsDay.half.en-y0.ex-y0.en-ext-1|periodcentered|qsDay	qsTea/full/None/baseline/|qsDay/half/baseline/None/en-ext-1|namer-dot/boundary/None/None/|qsDay/full/None/None/
ss03	E652:E653:00B7:E668	cell	dangling-anchor-dropped	qsTea.ex-y0|qsDay.half.en-y0.ex-y0.en-ext-1|periodcentered.lowered|qsRoe	qsTea/full/None/baseline/|qsDay/half/baseline/None/en-ext-1|namer-dot/boundary/None/None/|qsRoe/hapax/None/None/
ss03	E652:E653:200C:0020	cell	boundary-echo	qsTea.ex-y0|qsDay.half.en-y0.ex-y0.en-ext-1|space|space	qsTea/full/None/baseline/|qsDay/half/baseline/None/en-ext-1|zwnj/boundary/None/None/|space/boundary/None/None/
ss03	E652:E653:200C:00B7	cell	boundary-echo	qsTea.ex-y0|qsDay.half.en-y0.ex-y0.en-ext-1|space|periodcentered	qsTea/full/None/baseline/|qsDay/half/baseline/None/en-ext-1|zwnj/boundary/None/None/|namer-dot/boundary/None/None/
ss03	E652:E653:200C:200C	cell	boundary-echo	qsTea.ex-y0|qsDay.half.en-y0.ex-y0.en-ext-1|space|space	qsTea/full/None/baseline/|qsDay/half/baseline/None/en-ext-1|zwnj/boundary/None/None/|zwnj/boundary/None/None/
ss03	E652:E653:200C:E650	cell	boundary-echo	qsTea.ex-y0|qsDay.half.en-y0.ex-y0.en-ext-1|space|qsPea.noentry	qsTea/full/None/baseline/|qsDay/half/baseline/None/en-ext-1|zwnj/boundary/None/None/|qsPea/full/None/None/locked
ss03	E652:E653:200C:E652	cell	boundary-echo	qsTea.ex-y0|qsDay.half.en-y0.ex-y0.en-ext-1|space|qsTea.noentry	qsTea/full/None/baseline/|qsDay/half/baseline/None/en-ext-1|zwnj/boundary/None/None/|qsTea/full/None/None/locked
ss03	E652:E653:200C:E653	cell	boundary-echo	qsTea.ex-y0|qsDay.half.en-y0.ex-y0.en-ext-1|space|qsDay.noentry	qsTea/full/None/baseline/|qsDay/half/baseline/None/en-ext-1|zwnj/boundary/None/None/|qsDay/full/None/None/locked
ss03	E652:E653:200C:E668	cell	boundary-echo	qsTea.ex-y0|qsDay.half.en-y0.ex-y0.en-ext-1|space|qsRoe.noentry	qsTea/full/None/baseline/|qsDay/half/baseline/None/en-ext-1|zwnj/boundary/None/None/|qsRoe/hapax/None/None/locked
ss03	E652:E653:E650:0020	cell	boundary-echo	qsTea.ex-y0|qsDay.half.en-y0.ex-y0.en-ext-1|qsPea|space	qsTea/full/None/baseline/|qsDay/half/baseline/None/en-ext-1|qsPea/full/None/None/|space/boundary/None/None/
ss03	E652:E653:E650:00B7	cell	dangling-anchor-dropped	qsTea.ex-y0|qsDay.half.en-y0.ex-y0.en-ext-1|qsPea|periodcentered	qsTea/full/None/baseline/|qsDay/half/baseline/None/en-ext-1|qsPea/full/None/None/|namer-dot/boundary/None/None/
ss03	E652:E653:E650:200C	cell	boundary-echo	qsTea.ex-y0|qsDay.half.en-y0.ex-y0.en-ext-1|qsPea|space	qsTea/full/None/baseline/|qsDay/half/baseline/None/en-ext-1|qsPea/full/None/None/|zwnj/boundary/None/None/
ss03	E652:E653:E650:E650	cell	dangling-anchor-dropped	qsTea.ex-y0|qsDay.half.en-y0.ex-y0.en-ext-1|qsPea.half.en-y6.ex-y6|qsPea.en-y6	qsTea/full/None/baseline/|qsDay/half/baseline/None/en-ext-1|qsPea/half/None/y6/|qsPea/full/y6/None/
ss03	E652:E653:E650:E652	cell	dangling-anchor-dropped	qsTea.ex-y0|qsDay.half.en-y0.ex-y0.en-ext-1|qsPea|qsTea	qsTea/full/None/baseline/|qsDay/half/baseline/None/en-ext-1|qsPea/full/None/None/|qsTea/full/None/None/
ss03	E652:E653:E650:E653	cell	dangling-anchor-dropped	qsTea.ex-y0|qsDay.half.en-y0.ex-y0.en-ext-1|qsPea|qsDay.half.en-y0.ex-y0	qsTea/full/None/baseline/|qsDay/half/baseline/None/en-ext-1|qsPea/full/None/baseline/|qsDay/half/baseline/None/
ss03	E652:E653:E650:E668	cell	dangling-anchor-dropped	qsTea.ex-y0|qsDay.half.en-y0.ex-y0.en-ext-1|qsPea.half.ex-y5.ex-dips|qsRoe.en-y5.en-con-1	qsTea/full/None/baseline/|qsDay/half/baseline/None/en-ext-1|qsPea/half/None/x-height/|qsRoe/hapax/x-height/None/en-con-1
ss03	E652:E653:E652:E653	cell	dangling-anchor-dropped	qsTea.ex-y0|qsDay.half.en-y0.ex-y0.en-ext-1|qsTea.ex-y0|qsDay.half.en-y0.ex-y0.en-ext-1	qsTea/full/None/baseline/|qsDay/half/baseline/None/en-ext-1|qsTea/full/None/baseline/|qsDay/half/baseline/None/en-ext-1
ss03	E652:E653:E652:E668	cell,seam	regrouping-floor-drift	qsTea.ex-y0|qsDay.half.en-y0.ex-y0.en-ext-1|qsTea.half.ex-y5|qsRoe.en-y5.en-con-1	qsTea/full/None/baseline/|qsDay/half/baseline/baseline/en-ext-1|qsTea/full/baseline/None/|qsRoe/hapax/None/None/
ss03	E652:E653:E653:0020	cell	boundary-echo	qsTea.ex-y0|qsDay.half.en-y0.ex-y0.en-ext-1|qsDay.half.en-y0.ex-y0|space	qsTea/full/None/baseline/|qsDay/half/baseline/baseline/en-ext-1|qsDay/half/baseline/None/|space/boundary/None/None/
ss03	E652:E653:E653:00B7	cell	dangling-anchor-dropped	qsTea.ex-y0|qsDay.half.en-y0.ex-y0.en-ext-1|qsDay.half.en-y0.ex-y0|periodcentered	qsTea/full/None/baseline/|qsDay/half/baseline/baseline/en-ext-1|qsDay/half/baseline/None/|namer-dot/boundary/None/None/
ss03	E652:E653:E653:200C	cell	boundary-echo	qsTea.ex-y0|qsDay.half.en-y0.ex-y0.en-ext-1|qsDay.half.en-y0.ex-y0|space	qsTea/full/None/baseline/|qsDay/half/baseline/baseline/en-ext-1|qsDay/half/baseline/None/|zwnj/boundary/None/None/
ss03	E652:E653:E653:E650	cell	dangling-anchor-dropped	qsTea.ex-y0|qsDay.half.en-y0.ex-y0.en-ext-1|qsDay.half.en-y0.ex-y0|qsPea	qsTea/full/None/baseline/|qsDay/half/baseline/baseline/en-ext-1|qsDay/half/baseline/None/|qsPea/full/None/None/
ss03	E652:E653:E653:E653	cell	dangling-anchor-dropped	qsTea.ex-y0|qsDay.half.en-y0.ex-y0.en-ext-1|qsDay.half.en-y0.ex-y0|qsDay.half.en-y0.ex-y0	qsTea/full/None/baseline/|qsDay/half/baseline/baseline/en-ext-1|qsDay/half/baseline/baseline/|qsDay/half/baseline/None/
ss03	E652:E653:E653:E668	cell	bare-name-live-join	qsTea.ex-y0|qsDay.half.en-y0.ex-y0.en-ext-1|qsDay.half.en-y0.ex-y0|qsRoe	qsTea/full/None/baseline/|qsDay/half/baseline/baseline/en-ext-1|qsDay/half/baseline/baseline/|qsRoe/hapax/baseline/None/
ss03	E652:E653:E668:0020	cell	boundary-echo	qsTea.ex-y0|qsDay.half.en-y0.ex-y0.en-ext-1|qsRoe|space	qsTea/full/None/baseline/|qsDay/half/baseline/baseline/en-ext-1|qsRoe/hapax/baseline/None/|space/boundary/None/None/
ss03	E652:E653:E668:00B7	cell	bare-name-live-join	qsTea.ex-y0|qsDay.half.en-y0.ex-y0.en-ext-1|qsRoe|periodcentered	qsTea/full/None/baseline/|qsDay/half/baseline/baseline/en-ext-1|qsRoe/hapax/baseline/None/|namer-dot/boundary/None/None/
ss03	E652:E653:E668:200C	cell	boundary-echo	qsTea.ex-y0|qsDay.half.en-y0.ex-y0.en-ext-1|qsRoe|space	qsTea/full/None/baseline/|qsDay/half/baseline/baseline/en-ext-1|qsRoe/hapax/baseline/None/|zwnj/boundary/None/None/
ss03	E652:E653:E668:E650	cell	bare-name-live-join	qsTea.ex-y0|qsDay.half.en-y0.ex-y0.en-ext-1|qsRoe|qsPea	qsTea/full/None/baseline/|qsDay/half/baseline/baseline/en-ext-1|qsRoe/hapax/baseline/None/|qsPea/full/None/None/
ss03	E652:E653:E668:E652	cell	bare-name-live-join	qsTea.ex-y0|qsDay.half.en-y0.ex-y0.en-ext-1|qsRoe|qsTea	qsTea/full/None/baseline/|qsDay/half/baseline/baseline/en-ext-1|qsRoe/hapax/baseline/None/|qsTea/full/None/None/
ss03	E652:E653:E668:E653	cell	bare-name-live-join	qsTea.ex-y0|qsDay.half.en-y0.ex-y0.en-ext-1|qsRoe|qsDay	qsTea/full/None/baseline/|qsDay/half/baseline/baseline/en-ext-1|qsRoe/hapax/baseline/None/|qsDay/full/None/None/
ss03	E652:E653:E668:E668	cell	bare-name-live-join	qsTea.ex-y0|qsDay.half.en-y0.ex-y0.en-ext-1|qsRoe.en-y0.ex-y5|qsRoe	qsTea/full/None/baseline/|qsDay/half/baseline/baseline/en-ext-1|qsRoe/hapax/baseline/x-height/|qsRoe/hapax/x-height/None/
ss03	E652:E653:E67A:E652	cell	halves-entry-extension-restored	qsTea.ex-y0|qsDay_qsUtter.half.en-y0.ex-y5.ex-ext-1|qsTea.half.en-y5.after-xheight-exit	qsTea/full/None/baseline/|qsDay_qsUtter/half/baseline/x-height/en-ext-1+ex-ext-1|qsTea/full/x-height/None/
ss03	E652:E668:E650:E650	cell	dangling-anchor-dropped	qsTea.half.ex-y5|qsRoe.en-y5.en-con-1|qsPea.half.en-y6.ex-y6|qsPea.en-y6	qsTea/half/None/x-height/|qsRoe/hapax/x-height/None/en-con-1|qsPea/half/None/y6/|qsPea/full/y6/None/
ss03	E652:E668:E650:E653	cell	dangling-anchor-dropped	qsTea.half.ex-y5|qsRoe.en-y5.en-con-1|qsPea|qsDay.half.en-y0.ex-y0	qsTea/half/None/x-height/|qsRoe/hapax/x-height/None/en-con-1|qsPea/full/None/baseline/|qsDay/half/baseline/None/
ss03	E652:E668:E652:E653	cell	dangling-anchor-dropped	qsTea.half.ex-y5|qsRoe.en-y5.en-con-1|qsTea.ex-y0|qsDay.half.en-y0.ex-y0.en-ext-1	qsTea/half/None/x-height/|qsRoe/hapax/x-height/None/en-con-1|qsTea/full/None/baseline/|qsDay/half/baseline/None/en-ext-1
ss03	E652:E668:E653:E652	cell	bare-name-live-join	qsTea.half.ex-y5|qsRoe.en-y5.en-con-1|qsDay|qsTea.en-y0	qsTea/half/None/x-height/|qsRoe/hapax/x-height/None/en-con-1|qsDay/full/None/baseline/|qsTea/full/baseline/None/
ss03	E652:E668:E653:E653	cell	dangling-anchor-dropped	qsTea.half.ex-y5|qsRoe.en-y5.en-con-1|qsDay|qsDay.half.en-y0.ex-y0	qsTea/half/None/x-height/|qsRoe/hapax/x-height/None/en-con-1|qsDay/full/None/baseline/|qsDay/half/baseline/None/
ss03	E652:E668:E653:E668	cell	bare-name-live-join	qsTea.half.ex-y5|qsRoe.en-y5.en-con-1|qsDay|qsRoe	qsTea/half/None/x-height/|qsRoe/hapax/x-height/None/en-con-1|qsDay/full/None/baseline/|qsRoe/hapax/baseline/None/
ss03	E652:E668:E668:0020	cell	boundary-echo	qsTea.half.ex-y5|qsRoe.ex-y0|qsRoe|space	qsTea/half/None/x-height/|qsRoe/hapax/x-height/baseline/en-con-1|qsRoe/hapax/baseline/None/|space/boundary/None/None/
ss03	E652:E668:E668:00B7	cell,position	UNMATCHED	qsTea.half.ex-y5|qsRoe.ex-y0|qsRoe|periodcentered	qsTea/half/None/x-height/|qsRoe/hapax/x-height/baseline/en-con-1|qsRoe/hapax/baseline/None/|namer-dot/boundary/None/None/
ss03	E652:E668:E668:200C	cell	boundary-echo	qsTea.half.ex-y5|qsRoe.ex-y0|qsRoe|space	qsTea/half/None/x-height/|qsRoe/hapax/x-height/baseline/en-con-1|qsRoe/hapax/baseline/None/|zwnj/boundary/None/None/
ss03	E652:E668:E668:E650	cell,position	UNMATCHED	qsTea.half.ex-y5|qsRoe.ex-y0|qsRoe|qsPea	qsTea/half/None/x-height/|qsRoe/hapax/x-height/baseline/en-con-1|qsRoe/hapax/baseline/None/|qsPea/full/None/None/
ss03	E652:E668:E668:E652	cell,position	UNMATCHED	qsTea.half.ex-y5|qsRoe.ex-y0|qsRoe|qsTea	qsTea/half/None/x-height/|qsRoe/hapax/x-height/baseline/en-con-1|qsRoe/hapax/baseline/None/|qsTea/full/None/None/
ss03	E652:E668:E668:E653	cell,position	UNMATCHED	qsTea.half.ex-y5|qsRoe.ex-y0|qsRoe|qsDay	qsTea/half/None/x-height/|qsRoe/hapax/x-height/baseline/en-con-1|qsRoe/hapax/baseline/None/|qsDay/full/None/None/
ss03	E652:E668:E668:E668	cell,position	UNMATCHED	qsTea.half.ex-y5|qsRoe.ex-y0|qsRoe.en-y0.ex-y5|qsRoe	qsTea/half/None/x-height/|qsRoe/hapax/x-height/baseline/en-con-1|qsRoe/hapax/baseline/x-height/|qsRoe/hapax/x-height/None/
ss03	E653:0020:E650:E650	cell	boundary-echo	qsDay|space|qsPea.half.en-y6.ex-y6|qsPea.en-y6	qsDay/full/None/None/|space/boundary/None/None/|qsPea/half/None/y6/|qsPea/full/y6/None/
ss03	E653:0020:E650:E653	cell	boundary-echo	qsDay|space|qsPea|qsDay.half.en-y0.ex-y0	qsDay/full/None/None/|space/boundary/None/None/|qsPea/full/None/baseline/|qsDay/half/baseline/None/
ss03	E653:0020:E652:E653	cell	boundary-echo	qsDay|space|qsTea.ex-y0|qsDay.half.en-y0.ex-y0.en-ext-1	qsDay/full/None/None/|space/boundary/None/None/|qsTea/full/None/baseline/|qsDay/half/baseline/None/en-ext-1
ss03	E653:0020:E653:E652	cell	boundary-echo	qsDay|space|qsDay|qsTea.en-y0	qsDay/full/None/None/|space/boundary/None/None/|qsDay/full/None/baseline/|qsTea/full/baseline/None/
ss03	E653:0020:E653:E653	cell	boundary-echo	qsDay|space|qsDay|qsDay.half.en-y0.ex-y0	qsDay/full/None/None/|space/boundary/None/None/|qsDay/full/None/baseline/|qsDay/half/baseline/None/
ss03	E653:0020:E653:E668	cell	boundary-echo	qsDay|space|qsDay|qsRoe	qsDay/full/None/None/|space/boundary/None/None/|qsDay/full/None/baseline/|qsRoe/hapax/baseline/None/
ss03	E653:0020:E668:E668	cell	boundary-echo	qsDay|space|qsRoe.en-y0.ex-y5|qsRoe	qsDay/full/None/None/|space/boundary/None/None/|qsRoe/hapax/None/x-height/|qsRoe/hapax/x-height/None/
ss03	E653:00B7:E650:E650	cell	dangling-anchor-dropped	qsDay|periodcentered|qsPea.half.en-y6.ex-y6|qsPea.en-y6	qsDay/full/None/None/|namer-dot/boundary/None/None/|qsPea/half/None/y6/|qsPea/full/y6/None/
ss03	E653:00B7:E650:E653	cell	dangling-anchor-dropped	qsDay|periodcentered|qsPea|qsDay.half.en-y0.ex-y0	qsDay/full/None/None/|namer-dot/boundary/None/None/|qsPea/full/None/baseline/|qsDay/half/baseline/None/
ss03	E653:00B7:E652:E653	cell	dangling-anchor-dropped	qsDay|periodcentered|qsTea.ex-y0|qsDay.half.en-y0.ex-y0.en-ext-1	qsDay/full/None/None/|namer-dot/boundary/None/None/|qsTea/full/None/baseline/|qsDay/half/baseline/None/en-ext-1
ss03	E653:00B7:E653:E652	cell	bare-name-live-join	qsDay|periodcentered|qsDay|qsTea.en-y0	qsDay/full/None/None/|namer-dot/boundary/None/None/|qsDay/full/None/baseline/|qsTea/full/baseline/None/
ss03	E653:00B7:E653:E653	cell	dangling-anchor-dropped	qsDay|periodcentered|qsDay|qsDay.half.en-y0.ex-y0	qsDay/full/None/None/|namer-dot/boundary/None/None/|qsDay/full/None/baseline/|qsDay/half/baseline/None/
ss03	E653:00B7:E653:E668	cell	bare-name-live-join	qsDay|periodcentered|qsDay|qsRoe	qsDay/full/None/None/|namer-dot/boundary/None/None/|qsDay/full/None/baseline/|qsRoe/hapax/baseline/None/
ss03	E653:00B7:E668:E668	cell	dangling-anchor-dropped	qsDay|periodcentered.lowered|qsRoe.en-y0.ex-y5|qsRoe	qsDay/full/None/None/|namer-dot/boundary/None/None/|qsRoe/hapax/None/x-height/|qsRoe/hapax/x-height/None/
ss03	E653:200C:E650:E653	cell	boundary-echo	qsDay|space|qsPea.noentry|qsDay.half.en-y0.ex-y0	qsDay/full/None/None/|zwnj/boundary/None/None/|qsPea/full/None/baseline/locked|qsDay/half/baseline/None/
ss03	E653:200C:E650:E668	cell	boundary-echo	qsDay|space|qsPea.half.ex-y5.ex-dips|qsRoe.en-y5.en-con-1	qsDay/full/None/None/|zwnj/boundary/None/None/|qsPea/half/None/x-height/locked|qsRoe/hapax/x-height/None/en-con-1
ss03	E653:200C:E652:E652	cell	boundary-echo	qsDay|space|qsTea.ex-y0|qsTea	qsDay/full/None/None/|zwnj/boundary/None/None/|qsTea/full/None/None/locked|qsTea/full/None/None/
ss03	E653:200C:E652:E653	cell	boundary-echo	qsDay|space|qsTea.ex-y0|qsDay.half.en-y0.ex-y0.en-ext-1	qsDay/full/None/None/|zwnj/boundary/None/None/|qsTea/full/None/baseline/locked|qsDay/half/baseline/None/en-ext-1
ss03	E653:200C:E653:E652	cell	boundary-echo	qsDay|space|qsDay.noentry|qsTea.en-y0	qsDay/full/None/None/|zwnj/boundary/None/None/|qsDay/full/None/baseline/locked|qsTea/full/baseline/None/
ss03	E653:200C:E653:E653	cell	boundary-echo	qsDay|space|qsDay.noentry|qsDay.half.en-y0.ex-y0	qsDay/full/None/None/|zwnj/boundary/None/None/|qsDay/full/None/baseline/locked|qsDay/half/baseline/None/
ss03	E653:200C:E653:E668	cell	boundary-echo	qsDay|space|qsDay.noentry|qsRoe	qsDay/full/None/None/|zwnj/boundary/None/None/|qsDay/full/None/baseline/locked|qsRoe/hapax/baseline/None/
ss03	E653:200C:E668:E668	cell	boundary-echo	qsDay|space|qsRoe.en-y0.ex-y5.noentry|qsRoe	qsDay/full/None/None/|zwnj/boundary/None/None/|qsRoe/hapax/None/x-height/locked|qsRoe/hapax/x-height/None/
ss03	E653:E650:E650:0020	cell	boundary-echo	qsDay|qsPea.half.en-y6.ex-y6|qsPea.en-y6|space	qsDay/full/None/None/|qsPea/half/None/y6/|qsPea/full/y6/None/|space/boundary/None/None/
ss03	E653:E650:E650:00B7	cell	dangling-anchor-dropped	qsDay|qsPea.half.en-y6.ex-y6|qsPea.en-y6|periodcentered	qsDay/full/None/None/|qsPea/half/None/y6/|qsPea/full/y6/None/|namer-dot/boundary/None/None/
ss03	E653:E650:E650:200C	cell	boundary-echo	qsDay|qsPea.half.en-y6.ex-y6|qsPea.en-y6|space	qsDay/full/None/None/|qsPea/half/None/y6/|qsPea/full/y6/None/|zwnj/boundary/None/None/
ss03	E653:E650:E650:E650	cell	dangling-anchor-dropped	qsDay|qsPea.half.en-y6.ex-y6|qsPea.half.en-y6.ex-y6|qsPea.en-y6	qsDay/full/None/None/|qsPea/half/None/y6/|qsPea/half/y6/y6/|qsPea/full/y6/None/
ss03	E653:E650:E650:E652	cell	dangling-anchor-dropped	qsDay|qsPea.half.en-y6.ex-y6|qsPea.en-y6.ex-y0|qsTea	qsDay/full/None/None/|qsPea/half/None/y6/|qsPea/full/y6/None/|qsTea/full/None/None/
ss03	E653:E650:E650:E653	cell	dangling-anchor-dropped	qsDay|qsPea.half.en-y6.ex-y6|qsPea.en-y6.ex-y0|qsDay.half.en-y0.ex-y0	qsDay/full/None/None/|qsPea/half/None/y6/|qsPea/full/y6/baseline/|qsDay/half/baseline/None/
ss03	E653:E650:E650:E668	cell	dangling-anchor-dropped	qsDay|qsPea.half.en-y6.ex-y6|qsPea.half.en-y6.ex-y5.ex-dips|qsRoe.en-y5.en-con-1	qsDay/full/None/None/|qsPea/half/None/y6/|qsPea/half/y6/x-height/|qsRoe/hapax/x-height/None/en-con-1
ss03	E653:E650:E652:E653	cell	dangling-anchor-dropped	qsDay|qsPea|qsTea.ex-y0|qsDay.half.en-y0.ex-y0.en-ext-1	qsDay/full/None/None/|qsPea/full/None/None/|qsTea/full/None/baseline/|qsDay/half/baseline/None/en-ext-1
ss03	E653:E650:E653:0020	cell	boundary-echo	qsDay|qsPea|qsDay.half.en-y0.ex-y0|space	qsDay/full/None/None/|qsPea/full/None/baseline/|qsDay/half/baseline/None/|space/boundary/None/None/
ss03	E653:E650:E653:00B7	cell	dangling-anchor-dropped	qsDay|qsPea|qsDay.half.en-y0.ex-y0|periodcentered	qsDay/full/None/None/|qsPea/full/None/baseline/|qsDay/half/baseline/None/|namer-dot/boundary/None/None/
ss03	E653:E650:E653:200C	cell	boundary-echo	qsDay|qsPea|qsDay.half.en-y0.ex-y0|space	qsDay/full/None/None/|qsPea/full/None/baseline/|qsDay/half/baseline/None/|zwnj/boundary/None/None/
ss03	E653:E650:E653:E650	cell	dangling-anchor-dropped	qsDay|qsPea|qsDay.half.en-y0.ex-y0|qsPea	qsDay/full/None/None/|qsPea/full/None/baseline/|qsDay/half/baseline/None/|qsPea/full/None/None/
ss03	E653:E650:E653:E652	cell	bare-name-live-join	qsDay|qsPea|qsDay.half.en-y0.ex-y0|qsTea.en-y0	qsDay/full/None/None/|qsPea/full/None/baseline/|qsDay/half/baseline/baseline/|qsTea/full/baseline/None/
ss03	E653:E650:E653:E653	cell	dangling-anchor-dropped	qsDay|qsPea|qsDay.half.en-y0.ex-y0|qsDay.half.en-y0.ex-y0	qsDay/full/None/None/|qsPea/full/None/baseline/|qsDay/half/baseline/baseline/|qsDay/half/baseline/None/
ss03	E653:E650:E653:E668	cell	bare-name-live-join	qsDay|qsPea|qsDay.half.en-y0.ex-y0|qsRoe	qsDay/full/None/None/|qsPea/full/None/baseline/|qsDay/half/baseline/baseline/|qsRoe/hapax/baseline/None/
ss03	E653:E650:E668:E668	cell,position	bare-name-live-join	qsDay|qsPea.half.ex-y5.ex-dips|qsRoe.ex-y0|qsRoe	qsDay/full/None/None/|qsPea/half/None/x-height/|qsRoe/hapax/x-height/baseline/en-con-1|qsRoe/hapax/baseline/None/
ss03	E653:E652:0020:0020	cell	boundary-echo	qsDay|qsTea.en-y0|space|space	qsDay/full/None/baseline/|qsTea/full/baseline/None/|space/boundary/None/None/|space/boundary/None/None/
ss03	E653:E652:0020:00B7	cell	boundary-echo	qsDay|qsTea.en-y0|space|periodcentered	qsDay/full/None/baseline/|qsTea/full/baseline/None/|space/boundary/None/None/|namer-dot/boundary/None/None/
ss03	E653:E652:0020:200C	cell	boundary-echo	qsDay|qsTea.en-y0|space|space	qsDay/full/None/baseline/|qsTea/full/baseline/None/|space/boundary/None/None/|zwnj/boundary/None/None/
ss03	E653:E652:0020:E650	cell	boundary-echo	qsDay|qsTea.en-y0|space|qsPea	qsDay/full/None/baseline/|qsTea/full/baseline/None/|space/boundary/None/None/|qsPea/full/None/None/
ss03	E653:E652:0020:E652	cell	boundary-echo	qsDay|qsTea.en-y0|space|qsTea	qsDay/full/None/baseline/|qsTea/full/baseline/None/|space/boundary/None/None/|qsTea/full/None/None/
ss03	E653:E652:0020:E653	cell	boundary-echo	qsDay|qsTea.en-y0|space|qsDay	qsDay/full/None/baseline/|qsTea/full/baseline/None/|space/boundary/None/None/|qsDay/full/None/None/
ss03	E653:E652:0020:E668	cell	boundary-echo	qsDay|qsTea.en-y0|space|qsRoe	qsDay/full/None/baseline/|qsTea/full/baseline/None/|space/boundary/None/None/|qsRoe/hapax/None/None/
ss03	E653:E652:00B7:0020	cell	boundary-echo	qsDay|qsTea.en-y0|periodcentered|space	qsDay/full/None/baseline/|qsTea/full/baseline/None/|namer-dot/boundary/None/None/|space/boundary/None/None/
ss03	E653:E652:00B7:00B7	cell	bare-name-live-join	qsDay|qsTea.en-y0|periodcentered|periodcentered	qsDay/full/None/baseline/|qsTea/full/baseline/None/|namer-dot/boundary/None/None/|namer-dot/boundary/None/None/
ss03	E653:E652:00B7:200C	cell	boundary-echo	qsDay|qsTea.en-y0|periodcentered|space	qsDay/full/None/baseline/|qsTea/full/baseline/None/|namer-dot/boundary/None/None/|zwnj/boundary/None/None/
ss03	E653:E652:00B7:E650	cell	bare-name-live-join	qsDay|qsTea.en-y0|periodcentered|qsPea	qsDay/full/None/baseline/|qsTea/full/baseline/None/|namer-dot/boundary/None/None/|qsPea/full/None/None/
ss03	E653:E652:00B7:E652	cell	bare-name-live-join	qsDay|qsTea.en-y0|periodcentered|qsTea	qsDay/full/None/baseline/|qsTea/full/baseline/None/|namer-dot/boundary/None/None/|qsTea/full/None/None/
ss03	E653:E652:00B7:E653	cell	bare-name-live-join	qsDay|qsTea.en-y0|periodcentered|qsDay	qsDay/full/None/baseline/|qsTea/full/baseline/None/|namer-dot/boundary/None/None/|qsDay/full/None/None/
ss03	E653:E652:00B7:E668	cell	bare-name-live-join	qsDay|qsTea.en-y0|periodcentered.lowered|qsRoe	qsDay/full/None/baseline/|qsTea/full/baseline/None/|namer-dot/boundary/None/None/|qsRoe/hapax/None/None/
ss03	E653:E652:200C:0020	cell	boundary-echo	qsDay|qsTea.en-y0|space|space	qsDay/full/None/baseline/|qsTea/full/baseline/None/|zwnj/boundary/None/None/|space/boundary/None/None/
ss03	E653:E652:200C:00B7	cell	boundary-echo	qsDay|qsTea.en-y0|space|periodcentered	qsDay/full/None/baseline/|qsTea/full/baseline/None/|zwnj/boundary/None/None/|namer-dot/boundary/None/None/
ss03	E653:E652:200C:200C	cell	boundary-echo	qsDay|qsTea.en-y0|space|space	qsDay/full/None/baseline/|qsTea/full/baseline/None/|zwnj/boundary/None/None/|zwnj/boundary/None/None/
ss03	E653:E652:200C:E650	cell	boundary-echo	qsDay|qsTea.en-y0|space|qsPea.noentry	qsDay/full/None/baseline/|qsTea/full/baseline/None/|zwnj/boundary/None/None/|qsPea/full/None/None/locked
ss03	E653:E652:200C:E652	cell	boundary-echo	qsDay|qsTea.en-y0|space|qsTea.noentry	qsDay/full/None/baseline/|qsTea/full/baseline/None/|zwnj/boundary/None/None/|qsTea/full/None/None/locked
ss03	E653:E652:200C:E653	cell	boundary-echo	qsDay|qsTea.en-y0|space|qsDay.noentry	qsDay/full/None/baseline/|qsTea/full/baseline/None/|zwnj/boundary/None/None/|qsDay/full/None/None/locked
ss03	E653:E652:200C:E668	cell	boundary-echo	qsDay|qsTea.en-y0|space|qsRoe.noentry	qsDay/full/None/baseline/|qsTea/full/baseline/None/|zwnj/boundary/None/None/|qsRoe/hapax/None/None/locked
ss03	E653:E652:E650:0020	cell	boundary-echo	qsDay|qsTea.en-y0|qsPea|space	qsDay/full/None/baseline/|qsTea/full/baseline/None/|qsPea/full/None/None/|space/boundary/None/None/
ss03	E653:E652:E650:00B7	cell	bare-name-live-join	qsDay|qsTea.en-y0|qsPea|periodcentered	qsDay/full/None/baseline/|qsTea/full/baseline/None/|qsPea/full/None/None/|namer-dot/boundary/None/None/
ss03	E653:E652:E650:200C	cell	boundary-echo	qsDay|qsTea.en-y0|qsPea|space	qsDay/full/None/baseline/|qsTea/full/baseline/None/|qsPea/full/None/None/|zwnj/boundary/None/None/
ss03	E653:E652:E650:E650	cell	dangling-anchor-dropped	qsDay|qsTea.en-y0|qsPea.half.en-y6.ex-y6|qsPea.en-y6	qsDay/full/None/baseline/|qsTea/full/baseline/None/|qsPea/half/None/y6/|qsPea/full/y6/None/
ss03	E653:E652:E650:E652	cell	bare-name-live-join	qsDay|qsTea.en-y0|qsPea|qsTea	qsDay/full/None/baseline/|qsTea/full/baseline/None/|qsPea/full/None/None/|qsTea/full/None/None/
ss03	E653:E652:E650:E653	cell	dangling-anchor-dropped	qsDay|qsTea.en-y0|qsPea|qsDay.half.en-y0.ex-y0	qsDay/full/None/baseline/|qsTea/full/baseline/None/|qsPea/full/None/baseline/|qsDay/half/baseline/None/
ss03	E653:E652:E650:E668	cell	bare-name-live-join	qsDay|qsTea.en-y0|qsPea.half.ex-y5.ex-dips|qsRoe.en-y5.en-con-1	qsDay/full/None/baseline/|qsTea/full/baseline/None/|qsPea/half/None/x-height/|qsRoe/hapax/x-height/None/en-con-1
ss03	E653:E652:E652:0020	cell	boundary-echo	qsDay|qsTea.en-y0|qsTea|space	qsDay/full/None/baseline/|qsTea/full/baseline/None/|qsTea/full/None/None/|space/boundary/None/None/
ss03	E653:E652:E652:00B7	cell	bare-name-live-join	qsDay|qsTea.en-y0|qsTea|periodcentered	qsDay/full/None/baseline/|qsTea/full/baseline/None/|qsTea/full/None/None/|namer-dot/boundary/None/None/
ss03	E653:E652:E652:200C	cell	boundary-echo	qsDay|qsTea.en-y0|qsTea|space	qsDay/full/None/baseline/|qsTea/full/baseline/None/|qsTea/full/None/None/|zwnj/boundary/None/None/
ss03	E653:E652:E652:E650	cell	bare-name-live-join	qsDay|qsTea.en-y0|qsTea|qsPea	qsDay/full/None/baseline/|qsTea/full/baseline/None/|qsTea/full/None/None/|qsPea/full/None/None/
ss03	E653:E652:E652:E652	cell	bare-name-live-join	qsDay|qsTea.en-y0|qsTea|qsTea	qsDay/full/None/baseline/|qsTea/full/baseline/None/|qsTea/full/None/None/|qsTea/full/None/None/
ss03	E653:E652:E652:E653	cell	dangling-anchor-dropped	qsDay|qsTea.en-y0|qsTea.ex-y0|qsDay.half.en-y0.ex-y0.en-ext-1	qsDay/full/None/baseline/|qsTea/full/baseline/None/|qsTea/full/None/baseline/|qsDay/half/baseline/None/en-ext-1
ss03	E653:E652:E652:E668	cell	bare-name-live-join	qsDay|qsTea.en-y0|qsTea.half.ex-y5|qsRoe.en-y5.en-con-1	qsDay/full/None/baseline/|qsTea/full/baseline/None/|qsTea/half/None/x-height/|qsRoe/hapax/x-height/None/en-con-1
ss03	E653:E652:E653:0020	cell	boundary-echo	qsDay|qsTea.ex-y0|qsDay.half.en-y0.ex-y0.en-ext-1|space	qsDay/full/None/None/|qsTea/full/None/baseline/|qsDay/half/baseline/None/en-ext-1|space/boundary/None/None/
ss03	E653:E652:E653:00B7	cell	dangling-anchor-dropped	qsDay|qsTea.ex-y0|qsDay.half.en-y0.ex-y0.en-ext-1|periodcentered	qsDay/full/None/None/|qsTea/full/None/baseline/|qsDay/half/baseline/None/en-ext-1|namer-dot/boundary/None/None/
ss03	E653:E652:E653:200C	cell	boundary-echo	qsDay|qsTea.ex-y0|qsDay.half.en-y0.ex-y0.en-ext-1|space	qsDay/full/None/None/|qsTea/full/None/baseline/|qsDay/half/baseline/None/en-ext-1|zwnj/boundary/None/None/
ss03	E653:E652:E653:E650	cell	dangling-anchor-dropped	qsDay|qsTea.ex-y0|qsDay.half.en-y0.ex-y0.en-ext-1|qsPea	qsDay/full/None/None/|qsTea/full/None/baseline/|qsDay/half/baseline/None/en-ext-1|qsPea/full/None/None/
ss03	E653:E652:E653:E653	cell	dangling-anchor-dropped	qsDay|qsTea.ex-y0|qsDay.half.en-y0.ex-y0.en-ext-1|qsDay.half.en-y0.ex-y0	qsDay/full/None/None/|qsTea/full/None/baseline/|qsDay/half/baseline/baseline/en-ext-1|qsDay/half/baseline/None/
ss03	E653:E652:E653:E668	cell	bare-name-live-join	qsDay|qsTea.ex-y0|qsDay.half.en-y0.ex-y0.en-ext-1|qsRoe	qsDay/full/None/None/|qsTea/full/None/baseline/|qsDay/half/baseline/baseline/en-ext-1|qsRoe/hapax/baseline/None/
ss03	E653:E652:E668:0020	cell,seam	boundary-echo	qsDay|qsTea.half.ex-y5|qsRoe.en-y5.en-con-1|space	qsDay/full/None/baseline/|qsTea/full/baseline/None/|qsRoe/hapax/None/None/|space/boundary/None/None/
ss03	E653:E652:E668:00B7	cell,seam	regrouping-floor-drift	qsDay|qsTea.half.ex-y5|qsRoe.en-y5.en-con-1|periodcentered	qsDay/full/None/baseline/|qsTea/full/baseline/None/|qsRoe/hapax/None/None/|namer-dot/boundary/None/None/
ss03	E653:E652:E668:200C	cell,seam	boundary-echo	qsDay|qsTea.half.ex-y5|qsRoe.en-y5.en-con-1|space	qsDay/full/None/baseline/|qsTea/full/baseline/None/|qsRoe/hapax/None/None/|zwnj/boundary/None/None/
ss03	E653:E652:E668:E650	cell,seam	regrouping-floor-drift	qsDay|qsTea.half.ex-y5|qsRoe.en-y5.en-con-1|qsPea	qsDay/full/None/baseline/|qsTea/full/baseline/None/|qsRoe/hapax/None/None/|qsPea/full/None/None/
ss03	E653:E652:E668:E652	cell,seam	regrouping-floor-drift	qsDay|qsTea.half.ex-y5|qsRoe.en-y5.en-con-1|qsTea	qsDay/full/None/baseline/|qsTea/full/baseline/None/|qsRoe/hapax/None/None/|qsTea/full/None/None/
ss03	E653:E652:E668:E653	cell,seam	regrouping-floor-drift	qsDay|qsTea.half.ex-y5|qsRoe.en-y5.en-con-1|qsDay	qsDay/full/None/baseline/|qsTea/full/baseline/None/|qsRoe/hapax/None/None/|qsDay/full/None/None/
ss03	E653:E652:E668:E668	cell,seam	UNMATCHED	qsDay|qsTea.half.ex-y5|qsRoe.ex-y0|qsRoe	qsDay/full/None/baseline/|qsTea/full/baseline/None/|qsRoe/hapax/None/x-height/|qsRoe/hapax/x-height/None/
ss03	E653:E653:0020:0020	cell	boundary-echo	qsDay|qsDay.half.en-y0.ex-y0|space|space	qsDay/full/None/baseline/|qsDay/half/baseline/None/|space/boundary/None/None/|space/boundary/None/None/
ss03	E653:E653:0020:00B7	cell	boundary-echo	qsDay|qsDay.half.en-y0.ex-y0|space|periodcentered	qsDay/full/None/baseline/|qsDay/half/baseline/None/|space/boundary/None/None/|namer-dot/boundary/None/None/
ss03	E653:E653:0020:200C	cell	boundary-echo	qsDay|qsDay.half.en-y0.ex-y0|space|space	qsDay/full/None/baseline/|qsDay/half/baseline/None/|space/boundary/None/None/|zwnj/boundary/None/None/
ss03	E653:E653:0020:E650	cell	boundary-echo	qsDay|qsDay.half.en-y0.ex-y0|space|qsPea	qsDay/full/None/baseline/|qsDay/half/baseline/None/|space/boundary/None/None/|qsPea/full/None/None/
ss03	E653:E653:0020:E652	cell	boundary-echo	qsDay|qsDay.half.en-y0.ex-y0|space|qsTea	qsDay/full/None/baseline/|qsDay/half/baseline/None/|space/boundary/None/None/|qsTea/full/None/None/
ss03	E653:E653:0020:E653	cell	boundary-echo	qsDay|qsDay.half.en-y0.ex-y0|space|qsDay	qsDay/full/None/baseline/|qsDay/half/baseline/None/|space/boundary/None/None/|qsDay/full/None/None/
ss03	E653:E653:0020:E668	cell	boundary-echo	qsDay|qsDay.half.en-y0.ex-y0|space|qsRoe	qsDay/full/None/baseline/|qsDay/half/baseline/None/|space/boundary/None/None/|qsRoe/hapax/None/None/
ss03	E653:E653:00B7:0020	cell	boundary-echo	qsDay|qsDay.half.en-y0.ex-y0|periodcentered|space	qsDay/full/None/baseline/|qsDay/half/baseline/None/|namer-dot/boundary/None/None/|space/boundary/None/None/
ss03	E653:E653:00B7:00B7	cell	dangling-anchor-dropped	qsDay|qsDay.half.en-y0.ex-y0|periodcentered|periodcentered	qsDay/full/None/baseline/|qsDay/half/baseline/None/|namer-dot/boundary/None/None/|namer-dot/boundary/None/None/
ss03	E653:E653:00B7:200C	cell	boundary-echo	qsDay|qsDay.half.en-y0.ex-y0|periodcentered|space	qsDay/full/None/baseline/|qsDay/half/baseline/None/|namer-dot/boundary/None/None/|zwnj/boundary/None/None/
ss03	E653:E653:00B7:E650	cell	dangling-anchor-dropped	qsDay|qsDay.half.en-y0.ex-y0|periodcentered|qsPea	qsDay/full/None/baseline/|qsDay/half/baseline/None/|namer-dot/boundary/None/None/|qsPea/full/None/None/
ss03	E653:E653:00B7:E652	cell	dangling-anchor-dropped	qsDay|qsDay.half.en-y0.ex-y0|periodcentered|qsTea	qsDay/full/None/baseline/|qsDay/half/baseline/None/|namer-dot/boundary/None/None/|qsTea/full/None/None/
ss03	E653:E653:00B7:E653	cell	dangling-anchor-dropped	qsDay|qsDay.half.en-y0.ex-y0|periodcentered|qsDay	qsDay/full/None/baseline/|qsDay/half/baseline/None/|namer-dot/boundary/None/None/|qsDay/full/None/None/
ss03	E653:E653:00B7:E668	cell	dangling-anchor-dropped	qsDay|qsDay.half.en-y0.ex-y0|periodcentered.lowered|qsRoe	qsDay/full/None/baseline/|qsDay/half/baseline/None/|namer-dot/boundary/None/None/|qsRoe/hapax/None/None/
ss03	E653:E653:200C:0020	cell	boundary-echo	qsDay|qsDay.half.en-y0.ex-y0|space|space	qsDay/full/None/baseline/|qsDay/half/baseline/None/|zwnj/boundary/None/None/|space/boundary/None/None/
ss03	E653:E653:200C:00B7	cell	boundary-echo	qsDay|qsDay.half.en-y0.ex-y0|space|periodcentered	qsDay/full/None/baseline/|qsDay/half/baseline/None/|zwnj/boundary/None/None/|namer-dot/boundary/None/None/
ss03	E653:E653:200C:200C	cell	boundary-echo	qsDay|qsDay.half.en-y0.ex-y0|space|space	qsDay/full/None/baseline/|qsDay/half/baseline/None/|zwnj/boundary/None/None/|zwnj/boundary/None/None/
ss03	E653:E653:200C:E650	cell	boundary-echo	qsDay|qsDay.half.en-y0.ex-y0|space|qsPea.noentry	qsDay/full/None/baseline/|qsDay/half/baseline/None/|zwnj/boundary/None/None/|qsPea/full/None/None/locked
ss03	E653:E653:200C:E652	cell	boundary-echo	qsDay|qsDay.half.en-y0.ex-y0|space|qsTea.noentry	qsDay/full/None/baseline/|qsDay/half/baseline/None/|zwnj/boundary/None/None/|qsTea/full/None/None/locked
ss03	E653:E653:200C:E653	cell	boundary-echo	qsDay|qsDay.half.en-y0.ex-y0|space|qsDay.noentry	qsDay/full/None/baseline/|qsDay/half/baseline/None/|zwnj/boundary/None/None/|qsDay/full/None/None/locked
ss03	E653:E653:200C:E668	cell	boundary-echo	qsDay|qsDay.half.en-y0.ex-y0|space|qsRoe.noentry	qsDay/full/None/baseline/|qsDay/half/baseline/None/|zwnj/boundary/None/None/|qsRoe/hapax/None/None/locked
ss03	E653:E653:E650:0020	cell	boundary-echo	qsDay|qsDay.half.en-y0.ex-y0|qsPea|space	qsDay/full/None/baseline/|qsDay/half/baseline/None/|qsPea/full/None/None/|space/boundary/None/None/
ss03	E653:E653:E650:00B7	cell	dangling-anchor-dropped	qsDay|qsDay.half.en-y0.ex-y0|qsPea|periodcentered	qsDay/full/None/baseline/|qsDay/half/baseline/None/|qsPea/full/None/None/|namer-dot/boundary/None/None/
ss03	E653:E653:E650:200C	cell	boundary-echo	qsDay|qsDay.half.en-y0.ex-y0|qsPea|space	qsDay/full/None/baseline/|qsDay/half/baseline/None/|qsPea/full/None/None/|zwnj/boundary/None/None/
ss03	E653:E653:E650:E650	cell	dangling-anchor-dropped	qsDay|qsDay.half.en-y0.ex-y0|qsPea.half.en-y6.ex-y6|qsPea.en-y6	qsDay/full/None/baseline/|qsDay/half/baseline/None/|qsPea/half/None/y6/|qsPea/full/y6/None/
ss03	E653:E653:E650:E652	cell	dangling-anchor-dropped	qsDay|qsDay.half.en-y0.ex-y0|qsPea|qsTea	qsDay/full/None/baseline/|qsDay/half/baseline/None/|qsPea/full/None/None/|qsTea/full/None/None/
ss03	E653:E653:E650:E653	cell	dangling-anchor-dropped	qsDay|qsDay.half.en-y0.ex-y0|qsPea|qsDay.half.en-y0.ex-y0	qsDay/full/None/baseline/|qsDay/half/baseline/None/|qsPea/full/None/baseline/|qsDay/half/baseline/None/
ss03	E653:E653:E650:E668	cell	dangling-anchor-dropped	qsDay|qsDay.half.en-y0.ex-y0|qsPea.half.ex-y5.ex-dips|qsRoe.en-y5.en-con-1	qsDay/full/None/baseline/|qsDay/half/baseline/None/|qsPea/half/None/x-height/|qsRoe/hapax/x-height/None/en-con-1
ss03	E653:E653:E652:0020	cell	boundary-echo	qsDay|qsDay.half.en-y0.ex-y0|qsTea.en-y0|space	qsDay/full/None/baseline/|qsDay/half/baseline/baseline/|qsTea/full/baseline/None/|space/boundary/None/None/
ss03	E653:E653:E652:00B7	cell	bare-name-live-join	qsDay|qsDay.half.en-y0.ex-y0|qsTea.en-y0|periodcentered	qsDay/full/None/baseline/|qsDay/half/baseline/baseline/|qsTea/full/baseline/None/|namer-dot/boundary/None/None/
ss03	E653:E653:E652:200C	cell	boundary-echo	qsDay|qsDay.half.en-y0.ex-y0|qsTea.en-y0|space	qsDay/full/None/baseline/|qsDay/half/baseline/baseline/|qsTea/full/baseline/None/|zwnj/boundary/None/None/
ss03	E653:E653:E652:E650	cell	bare-name-live-join	qsDay|qsDay.half.en-y0.ex-y0|qsTea.en-y0|qsPea	qsDay/full/None/baseline/|qsDay/half/baseline/baseline/|qsTea/full/baseline/None/|qsPea/full/None/None/
ss03	E653:E653:E652:E652	cell	bare-name-live-join	qsDay|qsDay.half.en-y0.ex-y0|qsTea.en-y0|qsTea	qsDay/full/None/baseline/|qsDay/half/baseline/baseline/|qsTea/full/baseline/None/|qsTea/full/None/None/
ss03	E653:E653:E652:E653	cell	dangling-anchor-dropped	qsDay|qsDay.half.en-y0.ex-y0|qsTea.ex-y0|qsDay.half.en-y0.ex-y0.en-ext-1	qsDay/full/None/baseline/|qsDay/half/baseline/None/|qsTea/full/None/baseline/|qsDay/half/baseline/None/en-ext-1
ss03	E653:E653:E652:E668	cell,seam	regrouping-floor-drift	qsDay|qsDay.half.en-y0.ex-y0|qsTea.half.ex-y5|qsRoe.en-y5.en-con-1	qsDay/full/None/baseline/|qsDay/half/baseline/baseline/|qsTea/full/baseline/None/|qsRoe/hapax/None/None/
ss03	E653:E653:E653:0020	cell	boundary-echo	qsDay|qsDay.half.en-y0.ex-y0|qsDay.half.en-y0.ex-y0|space	qsDay/full/None/baseline/|qsDay/half/baseline/baseline/|qsDay/half/baseline/None/|space/boundary/None/None/
ss03	E653:E653:E653:00B7	cell	dangling-anchor-dropped	qsDay|qsDay.half.en-y0.ex-y0|qsDay.half.en-y0.ex-y0|periodcentered	qsDay/full/None/baseline/|qsDay/half/baseline/baseline/|qsDay/half/baseline/None/|namer-dot/boundary/None/None/
ss03	E653:E653:E653:200C	cell	boundary-echo	qsDay|qsDay.half.en-y0.ex-y0|qsDay.half.en-y0.ex-y0|space	qsDay/full/None/baseline/|qsDay/half/baseline/baseline/|qsDay/half/baseline/None/|zwnj/boundary/None/None/
ss03	E653:E653:E653:E650	cell	dangling-anchor-dropped	qsDay|qsDay.half.en-y0.ex-y0|qsDay.half.en-y0.ex-y0|qsPea	qsDay/full/None/baseline/|qsDay/half/baseline/baseline/|qsDay/half/baseline/None/|qsPea/full/None/None/
ss03	E653:E653:E653:E652	cell	bare-name-live-join	qsDay|qsDay.half.en-y0.ex-y0|qsDay.half.en-y0.ex-y0|qsTea.en-y0	qsDay/full/None/baseline/|qsDay/half/baseline/baseline/|qsDay/half/baseline/baseline/|qsTea/full/baseline/None/
ss03	E653:E653:E653:E653	cell	dangling-anchor-dropped	qsDay|qsDay.half.en-y0.ex-y0|qsDay.half.en-y0.ex-y0|qsDay.half.en-y0.ex-y0	qsDay/full/None/baseline/|qsDay/half/baseline/baseline/|qsDay/half/baseline/baseline/|qsDay/half/baseline/None/
ss03	E653:E653:E653:E668	cell	bare-name-live-join	qsDay|qsDay.half.en-y0.ex-y0|qsDay.half.en-y0.ex-y0|qsRoe	qsDay/full/None/baseline/|qsDay/half/baseline/baseline/|qsDay/half/baseline/baseline/|qsRoe/hapax/baseline/None/
ss03	E653:E653:E668:0020	cell	boundary-echo	qsDay|qsDay.half.en-y0.ex-y0|qsRoe|space	qsDay/full/None/baseline/|qsDay/half/baseline/baseline/|qsRoe/hapax/baseline/None/|space/boundary/None/None/
ss03	E653:E653:E668:00B7	cell	bare-name-live-join	qsDay|qsDay.half.en-y0.ex-y0|qsRoe|periodcentered	qsDay/full/None/baseline/|qsDay/half/baseline/baseline/|qsRoe/hapax/baseline/None/|namer-dot/boundary/None/None/
ss03	E653:E653:E668:200C	cell	boundary-echo	qsDay|qsDay.half.en-y0.ex-y0|qsRoe|space	qsDay/full/None/baseline/|qsDay/half/baseline/baseline/|qsRoe/hapax/baseline/None/|zwnj/boundary/None/None/
ss03	E653:E653:E668:E650	cell	bare-name-live-join	qsDay|qsDay.half.en-y0.ex-y0|qsRoe|qsPea	qsDay/full/None/baseline/|qsDay/half/baseline/baseline/|qsRoe/hapax/baseline/None/|qsPea/full/None/None/
ss03	E653:E653:E668:E652	cell	bare-name-live-join	qsDay|qsDay.half.en-y0.ex-y0|qsRoe|qsTea	qsDay/full/None/baseline/|qsDay/half/baseline/baseline/|qsRoe/hapax/baseline/None/|qsTea/full/None/None/
ss03	E653:E653:E668:E653	cell	bare-name-live-join	qsDay|qsDay.half.en-y0.ex-y0|qsRoe|qsDay	qsDay/full/None/baseline/|qsDay/half/baseline/baseline/|qsRoe/hapax/baseline/None/|qsDay/full/None/None/
ss03	E653:E653:E668:E668	cell	bare-name-live-join	qsDay|qsDay.half.en-y0.ex-y0|qsRoe.en-y0.ex-y5|qsRoe	qsDay/full/None/baseline/|qsDay/half/baseline/baseline/|qsRoe/hapax/baseline/x-height/|qsRoe/hapax/x-height/None/
ss03	E653:E668:0020:0020	cell	boundary-echo	qsDay|qsRoe|space|space	qsDay/full/None/baseline/|qsRoe/hapax/baseline/None/|space/boundary/None/None/|space/boundary/None/None/
ss03	E653:E668:0020:00B7	cell	boundary-echo	qsDay|qsRoe|space|periodcentered	qsDay/full/None/baseline/|qsRoe/hapax/baseline/None/|space/boundary/None/None/|namer-dot/boundary/None/None/
ss03	E653:E668:0020:200C	cell	boundary-echo	qsDay|qsRoe|space|space	qsDay/full/None/baseline/|qsRoe/hapax/baseline/None/|space/boundary/None/None/|zwnj/boundary/None/None/
ss03	E653:E668:0020:E650	cell	boundary-echo	qsDay|qsRoe|space|qsPea	qsDay/full/None/baseline/|qsRoe/hapax/baseline/None/|space/boundary/None/None/|qsPea/full/None/None/
ss03	E653:E668:0020:E652	cell	boundary-echo	qsDay|qsRoe|space|qsTea	qsDay/full/None/baseline/|qsRoe/hapax/baseline/None/|space/boundary/None/None/|qsTea/full/None/None/
ss03	E653:E668:0020:E653	cell	boundary-echo	qsDay|qsRoe|space|qsDay	qsDay/full/None/baseline/|qsRoe/hapax/baseline/None/|space/boundary/None/None/|qsDay/full/None/None/
ss03	E653:E668:0020:E668	cell	boundary-echo	qsDay|qsRoe|space|qsRoe	qsDay/full/None/baseline/|qsRoe/hapax/baseline/None/|space/boundary/None/None/|qsRoe/hapax/None/None/
ss03	E653:E668:00B7:0020	cell	boundary-echo	qsDay|qsRoe|periodcentered|space	qsDay/full/None/baseline/|qsRoe/hapax/baseline/None/|namer-dot/boundary/None/None/|space/boundary/None/None/
ss03	E653:E668:00B7:00B7	cell	bare-name-live-join	qsDay|qsRoe|periodcentered|periodcentered	qsDay/full/None/baseline/|qsRoe/hapax/baseline/None/|namer-dot/boundary/None/None/|namer-dot/boundary/None/None/
ss03	E653:E668:00B7:200C	cell	boundary-echo	qsDay|qsRoe|periodcentered|space	qsDay/full/None/baseline/|qsRoe/hapax/baseline/None/|namer-dot/boundary/None/None/|zwnj/boundary/None/None/
ss03	E653:E668:00B7:E650	cell	bare-name-live-join	qsDay|qsRoe|periodcentered|qsPea	qsDay/full/None/baseline/|qsRoe/hapax/baseline/None/|namer-dot/boundary/None/None/|qsPea/full/None/None/
ss03	E653:E668:00B7:E652	cell	bare-name-live-join	qsDay|qsRoe|periodcentered|qsTea	qsDay/full/None/baseline/|qsRoe/hapax/baseline/None/|namer-dot/boundary/None/None/|qsTea/full/None/None/
ss03	E653:E668:00B7:E653	cell	bare-name-live-join	qsDay|qsRoe|periodcentered|qsDay	qsDay/full/None/baseline/|qsRoe/hapax/baseline/None/|namer-dot/boundary/None/None/|qsDay/full/None/None/
ss03	E653:E668:00B7:E668	cell	bare-name-live-join	qsDay|qsRoe|periodcentered.lowered|qsRoe	qsDay/full/None/baseline/|qsRoe/hapax/baseline/None/|namer-dot/boundary/None/None/|qsRoe/hapax/None/None/
ss03	E653:E668:200C:0020	cell	boundary-echo	qsDay|qsRoe|space|space	qsDay/full/None/baseline/|qsRoe/hapax/baseline/None/|zwnj/boundary/None/None/|space/boundary/None/None/
ss03	E653:E668:200C:00B7	cell	boundary-echo	qsDay|qsRoe|space|periodcentered	qsDay/full/None/baseline/|qsRoe/hapax/baseline/None/|zwnj/boundary/None/None/|namer-dot/boundary/None/None/
ss03	E653:E668:200C:200C	cell	boundary-echo	qsDay|qsRoe|space|space	qsDay/full/None/baseline/|qsRoe/hapax/baseline/None/|zwnj/boundary/None/None/|zwnj/boundary/None/None/
ss03	E653:E668:200C:E650	cell	boundary-echo	qsDay|qsRoe|space|qsPea.noentry	qsDay/full/None/baseline/|qsRoe/hapax/baseline/None/|zwnj/boundary/None/None/|qsPea/full/None/None/locked
ss03	E653:E668:200C:E652	cell	boundary-echo	qsDay|qsRoe|space|qsTea.noentry	qsDay/full/None/baseline/|qsRoe/hapax/baseline/None/|zwnj/boundary/None/None/|qsTea/full/None/None/locked
ss03	E653:E668:200C:E653	cell	boundary-echo	qsDay|qsRoe|space|qsDay.noentry	qsDay/full/None/baseline/|qsRoe/hapax/baseline/None/|zwnj/boundary/None/None/|qsDay/full/None/None/locked
ss03	E653:E668:200C:E668	cell	boundary-echo	qsDay|qsRoe|space|qsRoe.noentry	qsDay/full/None/baseline/|qsRoe/hapax/baseline/None/|zwnj/boundary/None/None/|qsRoe/hapax/None/None/locked
ss03	E653:E668:E650:0020	cell	boundary-echo	qsDay|qsRoe|qsPea|space	qsDay/full/None/baseline/|qsRoe/hapax/baseline/None/|qsPea/full/None/None/|space/boundary/None/None/
ss03	E653:E668:E650:00B7	cell	bare-name-live-join	qsDay|qsRoe|qsPea|periodcentered	qsDay/full/None/baseline/|qsRoe/hapax/baseline/None/|qsPea/full/None/None/|namer-dot/boundary/None/None/
ss03	E653:E668:E650:200C	cell	boundary-echo	qsDay|qsRoe|qsPea|space	qsDay/full/None/baseline/|qsRoe/hapax/baseline/None/|qsPea/full/None/None/|zwnj/boundary/None/None/
ss03	E653:E668:E650:E650	cell	dangling-anchor-dropped	qsDay|qsRoe|qsPea.half.en-y6.ex-y6|qsPea.en-y6	qsDay/full/None/baseline/|qsRoe/hapax/baseline/None/|qsPea/half/None/y6/|qsPea/full/y6/None/
ss03	E653:E668:E650:E652	cell	bare-name-live-join	qsDay|qsRoe|qsPea|qsTea	qsDay/full/None/baseline/|qsRoe/hapax/baseline/None/|qsPea/full/None/None/|qsTea/full/None/None/
ss03	E653:E668:E650:E653	cell	dangling-anchor-dropped	qsDay|qsRoe|qsPea|qsDay.half.en-y0.ex-y0	qsDay/full/None/baseline/|qsRoe/hapax/baseline/None/|qsPea/full/None/baseline/|qsDay/half/baseline/None/
ss03	E653:E668:E650:E668	cell	bare-name-live-join	qsDay|qsRoe|qsPea.half.ex-y5.ex-dips|qsRoe.en-y5.en-con-1	qsDay/full/None/baseline/|qsRoe/hapax/baseline/None/|qsPea/half/None/x-height/|qsRoe/hapax/x-height/None/en-con-1
ss03	E653:E668:E652:0020	cell	boundary-echo	qsDay|qsRoe|qsTea|space	qsDay/full/None/baseline/|qsRoe/hapax/baseline/None/|qsTea/full/None/None/|space/boundary/None/None/
ss03	E653:E668:E652:00B7	cell	bare-name-live-join	qsDay|qsRoe|qsTea|periodcentered	qsDay/full/None/baseline/|qsRoe/hapax/baseline/None/|qsTea/full/None/None/|namer-dot/boundary/None/None/
ss03	E653:E668:E652:200C	cell	boundary-echo	qsDay|qsRoe|qsTea|space	qsDay/full/None/baseline/|qsRoe/hapax/baseline/None/|qsTea/full/None/None/|zwnj/boundary/None/None/
ss03	E653:E668:E652:E650	cell	bare-name-live-join	qsDay|qsRoe|qsTea|qsPea	qsDay/full/None/baseline/|qsRoe/hapax/baseline/None/|qsTea/full/None/None/|qsPea/full/None/None/
ss03	E653:E668:E652:E652	cell	bare-name-live-join	qsDay|qsRoe|qsTea|qsTea	qsDay/full/None/baseline/|qsRoe/hapax/baseline/None/|qsTea/full/None/None/|qsTea/full/None/None/
ss03	E653:E668:E652:E653	cell	dangling-anchor-dropped	qsDay|qsRoe|qsTea.ex-y0|qsDay.half.en-y0.ex-y0.en-ext-1	qsDay/full/None/baseline/|qsRoe/hapax/baseline/None/|qsTea/full/None/baseline/|qsDay/half/baseline/None/en-ext-1
ss03	E653:E668:E652:E668	cell	bare-name-live-join	qsDay|qsRoe|qsTea.half.ex-y5|qsRoe.en-y5.en-con-1	qsDay/full/None/baseline/|qsRoe/hapax/baseline/None/|qsTea/half/None/x-height/|qsRoe/hapax/x-height/None/en-con-1
ss03	E653:E668:E653:0020	cell	boundary-echo	qsDay|qsRoe|qsDay|space	qsDay/full/None/baseline/|qsRoe/hapax/baseline/None/|qsDay/full/None/None/|space/boundary/None/None/
ss03	E653:E668:E653:00B7	cell	bare-name-live-join	qsDay|qsRoe|qsDay|periodcentered	qsDay/full/None/baseline/|qsRoe/hapax/baseline/None/|qsDay/full/None/None/|namer-dot/boundary/None/None/
ss03	E653:E668:E653:200C	cell	boundary-echo	qsDay|qsRoe|qsDay|space	qsDay/full/None/baseline/|qsRoe/hapax/baseline/None/|qsDay/full/None/None/|zwnj/boundary/None/None/
ss03	E653:E668:E653:E650	cell	bare-name-live-join	qsDay|qsRoe|qsDay|qsPea	qsDay/full/None/baseline/|qsRoe/hapax/baseline/None/|qsDay/full/None/None/|qsPea/full/None/None/
ss03	E653:E668:E653:E652	cell	bare-name-live-join	qsDay|qsRoe|qsDay|qsTea.en-y0	qsDay/full/None/baseline/|qsRoe/hapax/baseline/None/|qsDay/full/None/baseline/|qsTea/full/baseline/None/
ss03	E653:E668:E653:E653	cell	dangling-anchor-dropped	qsDay|qsRoe|qsDay|qsDay.half.en-y0.ex-y0	qsDay/full/None/baseline/|qsRoe/hapax/baseline/None/|qsDay/full/None/baseline/|qsDay/half/baseline/None/
ss03	E653:E668:E653:E668	cell	bare-name-live-join	qsDay|qsRoe|qsDay|qsRoe	qsDay/full/None/baseline/|qsRoe/hapax/baseline/None/|qsDay/full/None/baseline/|qsRoe/hapax/baseline/None/
ss03	E653:E668:E668:0020	cell	boundary-echo	qsDay|qsRoe.en-y0.ex-y5|qsRoe|space	qsDay/full/None/baseline/|qsRoe/hapax/baseline/x-height/|qsRoe/hapax/x-height/None/|space/boundary/None/None/
ss03	E653:E668:E668:00B7	cell	bare-name-live-join	qsDay|qsRoe.en-y0.ex-y5|qsRoe|periodcentered	qsDay/full/None/baseline/|qsRoe/hapax/baseline/x-height/|qsRoe/hapax/x-height/None/|namer-dot/boundary/None/None/
ss03	E653:E668:E668:200C	cell	boundary-echo	qsDay|qsRoe.en-y0.ex-y5|qsRoe|space	qsDay/full/None/baseline/|qsRoe/hapax/baseline/x-height/|qsRoe/hapax/x-height/None/|zwnj/boundary/None/None/
ss03	E653:E668:E668:E650	cell	bare-name-live-join	qsDay|qsRoe.en-y0.ex-y5|qsRoe|qsPea	qsDay/full/None/baseline/|qsRoe/hapax/baseline/x-height/|qsRoe/hapax/x-height/None/|qsPea/full/None/None/
ss03	E653:E668:E668:E652	cell	bare-name-live-join	qsDay|qsRoe.en-y0.ex-y5|qsRoe|qsTea	qsDay/full/None/baseline/|qsRoe/hapax/baseline/x-height/|qsRoe/hapax/x-height/None/|qsTea/full/None/None/
ss03	E653:E668:E668:E653	cell	bare-name-live-join	qsDay|qsRoe.en-y0.ex-y5|qsRoe|qsDay	qsDay/full/None/baseline/|qsRoe/hapax/baseline/x-height/|qsRoe/hapax/x-height/None/|qsDay/full/None/None/
ss03	E653:E668:E668:E668	cell	bare-name-live-join	qsDay|qsRoe.en-y0.ex-y5|qsRoe.ex-y0|qsRoe	qsDay/full/None/baseline/|qsRoe/hapax/baseline/x-height/|qsRoe/hapax/x-height/baseline/|qsRoe/hapax/baseline/None/
ss03	E665:E670:E652:E679	cell,seam	pre-ligature-cleanup-regularized	qsMay|qsIt|qsTea_qsOy	qsMay/loop/None/x-height/ex-ext-1|qsIt/hapax/x-height/None/|qsTea_qsOy/hapax/None/None/
ss03	E668:0020:E650:E650	cell	boundary-echo	qsRoe|space|qsPea.half.en-y6.ex-y6|qsPea.en-y6	qsRoe/hapax/None/None/|space/boundary/None/None/|qsPea/half/None/y6/|qsPea/full/y6/None/
ss03	E668:0020:E650:E653	cell	boundary-echo	qsRoe|space|qsPea|qsDay.half.en-y0.ex-y0	qsRoe/hapax/None/None/|space/boundary/None/None/|qsPea/full/None/baseline/|qsDay/half/baseline/None/
ss03	E668:0020:E652:E653	cell	boundary-echo	qsRoe|space|qsTea.ex-y0|qsDay.half.en-y0.ex-y0.en-ext-1	qsRoe/hapax/None/None/|space/boundary/None/None/|qsTea/full/None/baseline/|qsDay/half/baseline/None/en-ext-1
ss03	E668:0020:E653:E652	cell	boundary-echo	qsRoe|space|qsDay|qsTea.en-y0	qsRoe/hapax/None/None/|space/boundary/None/None/|qsDay/full/None/baseline/|qsTea/full/baseline/None/
ss03	E668:0020:E653:E653	cell	boundary-echo	qsRoe|space|qsDay|qsDay.half.en-y0.ex-y0	qsRoe/hapax/None/None/|space/boundary/None/None/|qsDay/full/None/baseline/|qsDay/half/baseline/None/
ss03	E668:0020:E653:E668	cell	boundary-echo	qsRoe|space|qsDay|qsRoe	qsRoe/hapax/None/None/|space/boundary/None/None/|qsDay/full/None/baseline/|qsRoe/hapax/baseline/None/
ss03	E668:0020:E668:E668	cell	boundary-echo	qsRoe|space|qsRoe.en-y0.ex-y5|qsRoe	qsRoe/hapax/None/None/|space/boundary/None/None/|qsRoe/hapax/None/x-height/|qsRoe/hapax/x-height/None/
ss03	E668:00B7:E650:E650	cell	dangling-anchor-dropped	qsRoe|periodcentered|qsPea.half.en-y6.ex-y6|qsPea.en-y6	qsRoe/hapax/None/None/|namer-dot/boundary/None/None/|qsPea/half/None/y6/|qsPea/full/y6/None/
ss03	E668:00B7:E650:E653	cell	dangling-anchor-dropped	qsRoe|periodcentered|qsPea|qsDay.half.en-y0.ex-y0	qsRoe/hapax/None/None/|namer-dot/boundary/None/None/|qsPea/full/None/baseline/|qsDay/half/baseline/None/
ss03	E668:00B7:E652:E653	cell	dangling-anchor-dropped	qsRoe|periodcentered|qsTea.ex-y0|qsDay.half.en-y0.ex-y0.en-ext-1	qsRoe/hapax/None/None/|namer-dot/boundary/None/None/|qsTea/full/None/baseline/|qsDay/half/baseline/None/en-ext-1
ss03	E668:00B7:E653:E652	cell	bare-name-live-join	qsRoe|periodcentered|qsDay|qsTea.en-y0	qsRoe/hapax/None/None/|namer-dot/boundary/None/None/|qsDay/full/None/baseline/|qsTea/full/baseline/None/
ss03	E668:00B7:E653:E653	cell	dangling-anchor-dropped	qsRoe|periodcentered|qsDay|qsDay.half.en-y0.ex-y0	qsRoe/hapax/None/None/|namer-dot/boundary/None/None/|qsDay/full/None/baseline/|qsDay/half/baseline/None/
ss03	E668:00B7:E653:E668	cell	bare-name-live-join	qsRoe|periodcentered|qsDay|qsRoe	qsRoe/hapax/None/None/|namer-dot/boundary/None/None/|qsDay/full/None/baseline/|qsRoe/hapax/baseline/None/
ss03	E668:00B7:E668:E668	cell	dangling-anchor-dropped	qsRoe|periodcentered.lowered|qsRoe.en-y0.ex-y5|qsRoe	qsRoe/hapax/None/None/|namer-dot/boundary/None/None/|qsRoe/hapax/None/x-height/|qsRoe/hapax/x-height/None/
ss03	E668:200C:E650:E653	cell	boundary-echo	qsRoe|space|qsPea.noentry|qsDay.half.en-y0.ex-y0	qsRoe/hapax/None/None/|zwnj/boundary/None/None/|qsPea/full/None/baseline/locked|qsDay/half/baseline/None/
ss03	E668:200C:E650:E668	cell	boundary-echo	qsRoe|space|qsPea.half.ex-y5.ex-dips|qsRoe.en-y5.en-con-1	qsRoe/hapax/None/None/|zwnj/boundary/None/None/|qsPea/half/None/x-height/locked|qsRoe/hapax/x-height/None/en-con-1
ss03	E668:200C:E652:E652	cell	boundary-echo	qsRoe|space|qsTea.ex-y0|qsTea	qsRoe/hapax/None/None/|zwnj/boundary/None/None/|qsTea/full/None/None/locked|qsTea/full/None/None/
ss03	E668:200C:E652:E653	cell	boundary-echo	qsRoe|space|qsTea.ex-y0|qsDay.half.en-y0.ex-y0.en-ext-1	qsRoe/hapax/None/None/|zwnj/boundary/None/None/|qsTea/full/None/baseline/locked|qsDay/half/baseline/None/en-ext-1
ss03	E668:200C:E653:E652	cell	boundary-echo	qsRoe|space|qsDay.noentry|qsTea.en-y0	qsRoe/hapax/None/None/|zwnj/boundary/None/None/|qsDay/full/None/baseline/locked|qsTea/full/baseline/None/
ss03	E668:200C:E653:E653	cell	boundary-echo	qsRoe|space|qsDay.noentry|qsDay.half.en-y0.ex-y0	qsRoe/hapax/None/None/|zwnj/boundary/None/None/|qsDay/full/None/baseline/locked|qsDay/half/baseline/None/
ss03	E668:200C:E653:E668	cell	boundary-echo	qsRoe|space|qsDay.noentry|qsRoe	qsRoe/hapax/None/None/|zwnj/boundary/None/None/|qsDay/full/None/baseline/locked|qsRoe/hapax/baseline/None/
ss03	E668:200C:E668:E668	cell	boundary-echo	qsRoe|space|qsRoe.en-y0.ex-y5.noentry|qsRoe	qsRoe/hapax/None/None/|zwnj/boundary/None/None/|qsRoe/hapax/None/x-height/locked|qsRoe/hapax/x-height/None/
ss03	E668:E650:E650:0020	cell	boundary-echo	qsRoe|qsPea.half.en-y6.ex-y6|qsPea.en-y6|space	qsRoe/hapax/None/None/|qsPea/half/None/y6/|qsPea/full/y6/None/|space/boundary/None/None/
ss03	E668:E650:E650:00B7	cell	dangling-anchor-dropped	qsRoe|qsPea.half.en-y6.ex-y6|qsPea.en-y6|periodcentered	qsRoe/hapax/None/None/|qsPea/half/None/y6/|qsPea/full/y6/None/|namer-dot/boundary/None/None/
ss03	E668:E650:E650:200C	cell	boundary-echo	qsRoe|qsPea.half.en-y6.ex-y6|qsPea.en-y6|space	qsRoe/hapax/None/None/|qsPea/half/None/y6/|qsPea/full/y6/None/|zwnj/boundary/None/None/
ss03	E668:E650:E650:E650	cell	dangling-anchor-dropped	qsRoe|qsPea.half.en-y6.ex-y6|qsPea.half.en-y6.ex-y6|qsPea.en-y6	qsRoe/hapax/None/None/|qsPea/half/None/y6/|qsPea/half/y6/y6/|qsPea/full/y6/None/
ss03	E668:E650:E650:E652	cell	dangling-anchor-dropped	qsRoe|qsPea.half.en-y6.ex-y6|qsPea.en-y6.ex-y0|qsTea	qsRoe/hapax/None/None/|qsPea/half/None/y6/|qsPea/full/y6/None/|qsTea/full/None/None/
ss03	E668:E650:E650:E653	cell	dangling-anchor-dropped	qsRoe|qsPea.half.en-y6.ex-y6|qsPea.en-y6.ex-y0|qsDay.half.en-y0.ex-y0	qsRoe/hapax/None/None/|qsPea/half/None/y6/|qsPea/full/y6/baseline/|qsDay/half/baseline/None/
ss03	E668:E650:E650:E668	cell	dangling-anchor-dropped	qsRoe|qsPea.half.en-y6.ex-y6|qsPea.half.en-y6.ex-y5.ex-dips|qsRoe.en-y5.en-con-1	qsRoe/hapax/None/None/|qsPea/half/None/y6/|qsPea/half/y6/x-height/|qsRoe/hapax/x-height/None/en-con-1
ss03	E668:E650:E652:E653	cell	dangling-anchor-dropped	qsRoe|qsPea|qsTea.ex-y0|qsDay.half.en-y0.ex-y0.en-ext-1	qsRoe/hapax/None/None/|qsPea/full/None/None/|qsTea/full/None/baseline/|qsDay/half/baseline/None/en-ext-1
ss03	E668:E650:E653:0020	cell	boundary-echo	qsRoe|qsPea|qsDay.half.en-y0.ex-y0|space	qsRoe/hapax/None/None/|qsPea/full/None/baseline/|qsDay/half/baseline/None/|space/boundary/None/None/
ss03	E668:E650:E653:00B7	cell	dangling-anchor-dropped	qsRoe|qsPea|qsDay.half.en-y0.ex-y0|periodcentered	qsRoe/hapax/None/None/|qsPea/full/None/baseline/|qsDay/half/baseline/None/|namer-dot/boundary/None/None/
ss03	E668:E650:E653:200C	cell	boundary-echo	qsRoe|qsPea|qsDay.half.en-y0.ex-y0|space	qsRoe/hapax/None/None/|qsPea/full/None/baseline/|qsDay/half/baseline/None/|zwnj/boundary/None/None/
ss03	E668:E650:E653:E650	cell	dangling-anchor-dropped	qsRoe|qsPea|qsDay.half.en-y0.ex-y0|qsPea	qsRoe/hapax/None/None/|qsPea/full/None/baseline/|qsDay/half/baseline/None/|qsPea/full/None/None/
ss03	E668:E650:E653:E652	cell	bare-name-live-join	qsRoe|qsPea|qsDay.half.en-y0.ex-y0|qsTea.en-y0	qsRoe/hapax/None/None/|qsPea/full/None/baseline/|qsDay/half/baseline/baseline/|qsTea/full/baseline/None/
ss03	E668:E650:E653:E653	cell	dangling-anchor-dropped	qsRoe|qsPea|qsDay.half.en-y0.ex-y0|qsDay.half.en-y0.ex-y0	qsRoe/hapax/None/None/|qsPea/full/None/baseline/|qsDay/half/baseline/baseline/|qsDay/half/baseline/None/
ss03	E668:E650:E653:E668	cell	bare-name-live-join	qsRoe|qsPea|qsDay.half.en-y0.ex-y0|qsRoe	qsRoe/hapax/None/None/|qsPea/full/None/baseline/|qsDay/half/baseline/baseline/|qsRoe/hapax/baseline/None/
ss03	E668:E650:E668:E668	cell,position	bare-name-live-join	qsRoe|qsPea.half.ex-y5.ex-dips|qsRoe.ex-y0|qsRoe	qsRoe/hapax/None/None/|qsPea/half/None/x-height/|qsRoe/hapax/x-height/baseline/en-con-1|qsRoe/hapax/baseline/None/
ss03	E668:E652:E650:E650	cell	dangling-anchor-dropped	qsRoe|qsTea|qsPea.half.en-y6.ex-y6|qsPea.en-y6	qsRoe/hapax/None/None/|qsTea/full/None/None/|qsPea/half/None/y6/|qsPea/full/y6/None/
ss03	E668:E652:E650:E653	cell	dangling-anchor-dropped	qsRoe|qsTea|qsPea|qsDay.half.en-y0.ex-y0	qsRoe/hapax/None/None/|qsTea/full/None/None/|qsPea/full/None/baseline/|qsDay/half/baseline/None/
ss03	E668:E652:E652:E653	cell	dangling-anchor-dropped	qsRoe|qsTea|qsTea.ex-y0|qsDay.half.en-y0.ex-y0.en-ext-1	qsRoe/hapax/None/None/|qsTea/full/None/None/|qsTea/full/None/baseline/|qsDay/half/baseline/None/en-ext-1
ss03	E668:E652:E653:0020	cell	boundary-echo	qsRoe|qsTea.ex-y0|qsDay.half.en-y0.ex-y0.en-ext-1|space	qsRoe/hapax/None/None/|qsTea/full/None/baseline/|qsDay/half/baseline/None/en-ext-1|space/boundary/None/None/
ss03	E668:E652:E653:00B7	cell	dangling-anchor-dropped	qsRoe|qsTea.ex-y0|qsDay.half.en-y0.ex-y0.en-ext-1|periodcentered	qsRoe/hapax/None/None/|qsTea/full/None/baseline/|qsDay/half/baseline/None/en-ext-1|namer-dot/boundary/None/None/
ss03	E668:E652:E653:200C	cell	boundary-echo	qsRoe|qsTea.ex-y0|qsDay.half.en-y0.ex-y0.en-ext-1|space	qsRoe/hapax/None/None/|qsTea/full/None/baseline/|qsDay/half/baseline/None/en-ext-1|zwnj/boundary/None/None/
ss03	E668:E652:E653:E650	cell	dangling-anchor-dropped	qsRoe|qsTea.ex-y0|qsDay.half.en-y0.ex-y0.en-ext-1|qsPea	qsRoe/hapax/None/None/|qsTea/full/None/baseline/|qsDay/half/baseline/None/en-ext-1|qsPea/full/None/None/
ss03	E668:E652:E653:E653	cell	dangling-anchor-dropped	qsRoe|qsTea.ex-y0|qsDay.half.en-y0.ex-y0.en-ext-1|qsDay.half.en-y0.ex-y0	qsRoe/hapax/None/None/|qsTea/full/None/baseline/|qsDay/half/baseline/baseline/en-ext-1|qsDay/half/baseline/None/
ss03	E668:E652:E653:E668	cell	bare-name-live-join	qsRoe|qsTea.ex-y0|qsDay.half.en-y0.ex-y0.en-ext-1|qsRoe	qsRoe/hapax/None/None/|qsTea/full/None/baseline/|qsDay/half/baseline/baseline/en-ext-1|qsRoe/hapax/baseline/None/
ss03	E668:E652:E668:E668	cell,position	UNMATCHED	qsRoe|qsTea.half.ex-y5|qsRoe.ex-y0|qsRoe	qsRoe/hapax/None/None/|qsTea/half/None/x-height/|qsRoe/hapax/x-height/baseline/en-con-1|qsRoe/hapax/baseline/None/
ss03	E668:E653:E650:E650	cell	dangling-anchor-dropped	qsRoe|qsDay|qsPea.half.en-y6.ex-y6|qsPea.en-y6	qsRoe/hapax/None/None/|qsDay/full/None/None/|qsPea/half/None/y6/|qsPea/full/y6/None/
ss03	E668:E653:E650:E653	cell	dangling-anchor-dropped	qsRoe|qsDay|qsPea|qsDay.half.en-y0.ex-y0	qsRoe/hapax/None/None/|qsDay/full/None/None/|qsPea/full/None/baseline/|qsDay/half/baseline/None/
ss03	E668:E653:E652:0020	cell	boundary-echo	qsRoe|qsDay|qsTea.en-y0|space	qsRoe/hapax/None/None/|qsDay/full/None/baseline/|qsTea/full/baseline/None/|space/boundary/None/None/
ss03	E668:E653:E652:00B7	cell	bare-name-live-join	qsRoe|qsDay|qsTea.en-y0|periodcentered	qsRoe/hapax/None/None/|qsDay/full/None/baseline/|qsTea/full/baseline/None/|namer-dot/boundary/None/None/
ss03	E668:E653:E652:200C	cell	boundary-echo	qsRoe|qsDay|qsTea.en-y0|space	qsRoe/hapax/None/None/|qsDay/full/None/baseline/|qsTea/full/baseline/None/|zwnj/boundary/None/None/
ss03	E668:E653:E652:E650	cell	bare-name-live-join	qsRoe|qsDay|qsTea.en-y0|qsPea	qsRoe/hapax/None/None/|qsDay/full/None/baseline/|qsTea/full/baseline/None/|qsPea/full/None/None/
ss03	E668:E653:E652:E652	cell	bare-name-live-join	qsRoe|qsDay|qsTea.en-y0|qsTea	qsRoe/hapax/None/None/|qsDay/full/None/baseline/|qsTea/full/baseline/None/|qsTea/full/None/None/
ss03	E668:E653:E652:E653	cell	dangling-anchor-dropped	qsRoe|qsDay|qsTea.ex-y0|qsDay.half.en-y0.ex-y0.en-ext-1	qsRoe/hapax/None/None/|qsDay/full/None/None/|qsTea/full/None/baseline/|qsDay/half/baseline/None/en-ext-1
ss03	E668:E653:E652:E668	cell,seam	regrouping-floor-drift	qsRoe|qsDay|qsTea.half.ex-y5|qsRoe.en-y5.en-con-1	qsRoe/hapax/None/None/|qsDay/full/None/baseline/|qsTea/full/baseline/None/|qsRoe/hapax/None/None/
ss03	E668:E653:E653:0020	cell	boundary-echo	qsRoe|qsDay|qsDay.half.en-y0.ex-y0|space	qsRoe/hapax/None/None/|qsDay/full/None/baseline/|qsDay/half/baseline/None/|space/boundary/None/None/
ss03	E668:E653:E653:00B7	cell	dangling-anchor-dropped	qsRoe|qsDay|qsDay.half.en-y0.ex-y0|periodcentered	qsRoe/hapax/None/None/|qsDay/full/None/baseline/|qsDay/half/baseline/None/|namer-dot/boundary/None/None/
ss03	E668:E653:E653:200C	cell	boundary-echo	qsRoe|qsDay|qsDay.half.en-y0.ex-y0|space	qsRoe/hapax/None/None/|qsDay/full/None/baseline/|qsDay/half/baseline/None/|zwnj/boundary/None/None/
ss03	E668:E653:E653:E650	cell	dangling-anchor-dropped	qsRoe|qsDay|qsDay.half.en-y0.ex-y0|qsPea	qsRoe/hapax/None/None/|qsDay/full/None/baseline/|qsDay/half/baseline/None/|qsPea/full/None/None/
ss03	E668:E653:E653:E652	cell	bare-name-live-join	qsRoe|qsDay|qsDay.half.en-y0.ex-y0|qsTea.en-y0	qsRoe/hapax/None/None/|qsDay/full/None/baseline/|qsDay/half/baseline/baseline/|qsTea/full/baseline/None/
ss03	E668:E653:E653:E653	cell	dangling-anchor-dropped	qsRoe|qsDay|qsDay.half.en-y0.ex-y0|qsDay.half.en-y0.ex-y0	qsRoe/hapax/None/None/|qsDay/full/None/baseline/|qsDay/half/baseline/baseline/|qsDay/half/baseline/None/
ss03	E668:E653:E653:E668	cell	bare-name-live-join	qsRoe|qsDay|qsDay.half.en-y0.ex-y0|qsRoe	qsRoe/hapax/None/None/|qsDay/full/None/baseline/|qsDay/half/baseline/baseline/|qsRoe/hapax/baseline/None/
ss03	E668:E653:E668:0020	cell	boundary-echo	qsRoe|qsDay|qsRoe|space	qsRoe/hapax/None/None/|qsDay/full/None/baseline/|qsRoe/hapax/baseline/None/|space/boundary/None/None/
ss03	E668:E653:E668:00B7	cell	bare-name-live-join	qsRoe|qsDay|qsRoe|periodcentered	qsRoe/hapax/None/None/|qsDay/full/None/baseline/|qsRoe/hapax/baseline/None/|namer-dot/boundary/None/None/
ss03	E668:E653:E668:200C	cell	boundary-echo	qsRoe|qsDay|qsRoe|space	qsRoe/hapax/None/None/|qsDay/full/None/baseline/|qsRoe/hapax/baseline/None/|zwnj/boundary/None/None/
ss03	E668:E653:E668:E650	cell	bare-name-live-join	qsRoe|qsDay|qsRoe|qsPea	qsRoe/hapax/None/None/|qsDay/full/None/baseline/|qsRoe/hapax/baseline/None/|qsPea/full/None/None/
ss03	E668:E653:E668:E652	cell	bare-name-live-join	qsRoe|qsDay|qsRoe|qsTea	qsRoe/hapax/None/None/|qsDay/full/None/baseline/|qsRoe/hapax/baseline/None/|qsTea/full/None/None/
ss03	E668:E653:E668:E653	cell	bare-name-live-join	qsRoe|qsDay|qsRoe|qsDay	qsRoe/hapax/None/None/|qsDay/full/None/baseline/|qsRoe/hapax/baseline/None/|qsDay/full/None/None/
ss03	E668:E653:E668:E668	cell	bare-name-live-join	qsRoe|qsDay|qsRoe.en-y0.ex-y5|qsRoe	qsRoe/hapax/None/None/|qsDay/full/None/baseline/|qsRoe/hapax/baseline/x-height/|qsRoe/hapax/x-height/None/
ss03	E668:E668:0020:0020	cell	boundary-echo	qsRoe.en-y0.ex-y5|qsRoe|space|space	qsRoe/hapax/None/x-height/|qsRoe/hapax/x-height/None/|space/boundary/None/None/|space/boundary/None/None/
ss03	E668:E668:0020:00B7	cell	boundary-echo	qsRoe.en-y0.ex-y5|qsRoe|space|periodcentered	qsRoe/hapax/None/x-height/|qsRoe/hapax/x-height/None/|space/boundary/None/None/|namer-dot/boundary/None/None/
ss03	E668:E668:0020:200C	cell	boundary-echo	qsRoe.en-y0.ex-y5|qsRoe|space|space	qsRoe/hapax/None/x-height/|qsRoe/hapax/x-height/None/|space/boundary/None/None/|zwnj/boundary/None/None/
ss03	E668:E668:0020:E650	cell	boundary-echo	qsRoe.en-y0.ex-y5|qsRoe|space|qsPea	qsRoe/hapax/None/x-height/|qsRoe/hapax/x-height/None/|space/boundary/None/None/|qsPea/full/None/None/
ss03	E668:E668:0020:E652	cell	boundary-echo	qsRoe.en-y0.ex-y5|qsRoe|space|qsTea	qsRoe/hapax/None/x-height/|qsRoe/hapax/x-height/None/|space/boundary/None/None/|qsTea/full/None/None/
ss03	E668:E668:0020:E653	cell	boundary-echo	qsRoe.en-y0.ex-y5|qsRoe|space|qsDay	qsRoe/hapax/None/x-height/|qsRoe/hapax/x-height/None/|space/boundary/None/None/|qsDay/full/None/None/
ss03	E668:E668:0020:E668	cell	boundary-echo	qsRoe.en-y0.ex-y5|qsRoe|space|qsRoe	qsRoe/hapax/None/x-height/|qsRoe/hapax/x-height/None/|space/boundary/None/None/|qsRoe/hapax/None/None/
ss03	E668:E668:00B7:0020	cell	boundary-echo	qsRoe.en-y0.ex-y5|qsRoe|periodcentered|space	qsRoe/hapax/None/x-height/|qsRoe/hapax/x-height/None/|namer-dot/boundary/None/None/|space/boundary/None/None/
ss03	E668:E668:00B7:00B7	cell	dangling-anchor-dropped	qsRoe.en-y0.ex-y5|qsRoe|periodcentered|periodcentered	qsRoe/hapax/None/x-height/|qsRoe/hapax/x-height/None/|namer-dot/boundary/None/None/|namer-dot/boundary/None/None/
ss03	E668:E668:00B7:200C	cell	boundary-echo	qsRoe.en-y0.ex-y5|qsRoe|periodcentered|space	qsRoe/hapax/None/x-height/|qsRoe/hapax/x-height/None/|namer-dot/boundary/None/None/|zwnj/boundary/None/None/
ss03	E668:E668:00B7:E650	cell	dangling-anchor-dropped	qsRoe.en-y0.ex-y5|qsRoe|periodcentered|qsPea	qsRoe/hapax/None/x-height/|qsRoe/hapax/x-height/None/|namer-dot/boundary/None/None/|qsPea/full/None/None/
ss03	E668:E668:00B7:E652	cell	dangling-anchor-dropped	qsRoe.en-y0.ex-y5|qsRoe|periodcentered|qsTea	qsRoe/hapax/None/x-height/|qsRoe/hapax/x-height/None/|namer-dot/boundary/None/None/|qsTea/full/None/None/
ss03	E668:E668:00B7:E653	cell	dangling-anchor-dropped	qsRoe.en-y0.ex-y5|qsRoe|periodcentered|qsDay	qsRoe/hapax/None/x-height/|qsRoe/hapax/x-height/None/|namer-dot/boundary/None/None/|qsDay/full/None/None/
ss03	E668:E668:00B7:E668	cell	dangling-anchor-dropped	qsRoe.en-y0.ex-y5|qsRoe|periodcentered.lowered|qsRoe	qsRoe/hapax/None/x-height/|qsRoe/hapax/x-height/None/|namer-dot/boundary/None/None/|qsRoe/hapax/None/None/
ss03	E668:E668:200C:0020	cell	boundary-echo	qsRoe.en-y0.ex-y5|qsRoe|space|space	qsRoe/hapax/None/x-height/|qsRoe/hapax/x-height/None/|zwnj/boundary/None/None/|space/boundary/None/None/
ss03	E668:E668:200C:00B7	cell	boundary-echo	qsRoe.en-y0.ex-y5|qsRoe|space|periodcentered	qsRoe/hapax/None/x-height/|qsRoe/hapax/x-height/None/|zwnj/boundary/None/None/|namer-dot/boundary/None/None/
ss03	E668:E668:200C:200C	cell	boundary-echo	qsRoe.en-y0.ex-y5|qsRoe|space|space	qsRoe/hapax/None/x-height/|qsRoe/hapax/x-height/None/|zwnj/boundary/None/None/|zwnj/boundary/None/None/
ss03	E668:E668:200C:E650	cell	boundary-echo	qsRoe.en-y0.ex-y5|qsRoe|space|qsPea.noentry	qsRoe/hapax/None/x-height/|qsRoe/hapax/x-height/None/|zwnj/boundary/None/None/|qsPea/full/None/None/locked
ss03	E668:E668:200C:E652	cell	boundary-echo	qsRoe.en-y0.ex-y5|qsRoe|space|qsTea.noentry	qsRoe/hapax/None/x-height/|qsRoe/hapax/x-height/None/|zwnj/boundary/None/None/|qsTea/full/None/None/locked
ss03	E668:E668:200C:E653	cell	boundary-echo	qsRoe.en-y0.ex-y5|qsRoe|space|qsDay.noentry	qsRoe/hapax/None/x-height/|qsRoe/hapax/x-height/None/|zwnj/boundary/None/None/|qsDay/full/None/None/locked
ss03	E668:E668:200C:E668	cell	boundary-echo	qsRoe.en-y0.ex-y5|qsRoe|space|qsRoe.noentry	qsRoe/hapax/None/x-height/|qsRoe/hapax/x-height/None/|zwnj/boundary/None/None/|qsRoe/hapax/None/None/locked
ss03	E668:E668:E650:0020	cell	boundary-echo	qsRoe.en-y0.ex-y5|qsRoe|qsPea|space	qsRoe/hapax/None/x-height/|qsRoe/hapax/x-height/None/|qsPea/full/None/None/|space/boundary/None/None/
ss03	E668:E668:E650:00B7	cell	dangling-anchor-dropped	qsRoe.en-y0.ex-y5|qsRoe|qsPea|periodcentered	qsRoe/hapax/None/x-height/|qsRoe/hapax/x-height/None/|qsPea/full/None/None/|namer-dot/boundary/None/None/
ss03	E668:E668:E650:200C	cell	boundary-echo	qsRoe.en-y0.ex-y5|qsRoe|qsPea|space	qsRoe/hapax/None/x-height/|qsRoe/hapax/x-height/None/|qsPea/full/None/None/|zwnj/boundary/None/None/
ss03	E668:E668:E650:E650	cell	dangling-anchor-dropped	qsRoe.en-y0.ex-y5|qsRoe|qsPea.half.en-y6.ex-y6|qsPea.en-y6	qsRoe/hapax/None/x-height/|qsRoe/hapax/x-height/None/|qsPea/half/None/y6/|qsPea/full/y6/None/
ss03	E668:E668:E650:E652	cell	dangling-anchor-dropped	qsRoe.en-y0.ex-y5|qsRoe|qsPea|qsTea	qsRoe/hapax/None/x-height/|qsRoe/hapax/x-height/None/|qsPea/full/None/None/|qsTea/full/None/None/
ss03	E668:E668:E650:E653	cell	dangling-anchor-dropped	qsRoe.en-y0.ex-y5|qsRoe|qsPea|qsDay.half.en-y0.ex-y0	qsRoe/hapax/None/x-height/|qsRoe/hapax/x-height/None/|qsPea/full/None/baseline/|qsDay/half/baseline/None/
ss03	E668:E668:E650:E668	cell	dangling-anchor-dropped	qsRoe.en-y0.ex-y5|qsRoe|qsPea.half.ex-y5.ex-dips|qsRoe.en-y5.en-con-1	qsRoe/hapax/None/x-height/|qsRoe/hapax/x-height/None/|qsPea/half/None/x-height/|qsRoe/hapax/x-height/None/en-con-1
ss03	E668:E668:E652:0020	cell	boundary-echo	qsRoe.en-y0.ex-y5|qsRoe|qsTea|space	qsRoe/hapax/None/x-height/|qsRoe/hapax/x-height/None/|qsTea/full/None/None/|space/boundary/None/None/
ss03	E668:E668:E652:00B7	cell	dangling-anchor-dropped	qsRoe.en-y0.ex-y5|qsRoe|qsTea|periodcentered	qsRoe/hapax/None/x-height/|qsRoe/hapax/x-height/None/|qsTea/full/None/None/|namer-dot/boundary/None/None/
ss03	E668:E668:E652:200C	cell	boundary-echo	qsRoe.en-y0.ex-y5|qsRoe|qsTea|space	qsRoe/hapax/None/x-height/|qsRoe/hapax/x-height/None/|qsTea/full/None/None/|zwnj/boundary/None/None/
ss03	E668:E668:E652:E650	cell	dangling-anchor-dropped	qsRoe.en-y0.ex-y5|qsRoe|qsTea|qsPea	qsRoe/hapax/None/x-height/|qsRoe/hapax/x-height/None/|qsTea/full/None/None/|qsPea/full/None/None/
ss03	E668:E668:E652:E652	cell	dangling-anchor-dropped	qsRoe.en-y0.ex-y5|qsRoe|qsTea|qsTea	qsRoe/hapax/None/x-height/|qsRoe/hapax/x-height/None/|qsTea/full/None/None/|qsTea/full/None/None/
ss03	E668:E668:E652:E653	cell	dangling-anchor-dropped	qsRoe.en-y0.ex-y5|qsRoe|qsTea.ex-y0|qsDay.half.en-y0.ex-y0.en-ext-1	qsRoe/hapax/None/x-height/|qsRoe/hapax/x-height/None/|qsTea/full/None/baseline/|qsDay/half/baseline/None/en-ext-1
ss03	E668:E668:E652:E668	cell	dangling-anchor-dropped	qsRoe.en-y0.ex-y5|qsRoe|qsTea.half.ex-y5|qsRoe.en-y5.en-con-1	qsRoe/hapax/None/x-height/|qsRoe/hapax/x-height/None/|qsTea/half/None/x-height/|qsRoe/hapax/x-height/None/en-con-1
ss03	E668:E668:E653:0020	cell	boundary-echo	qsRoe.en-y0.ex-y5|qsRoe|qsDay|space	qsRoe/hapax/None/x-height/|qsRoe/hapax/x-height/None/|qsDay/full/None/None/|space/boundary/None/None/
ss03	E668:E668:E653:00B7	cell	dangling-anchor-dropped	qsRoe.en-y0.ex-y5|qsRoe|qsDay|periodcentered	qsRoe/hapax/None/x-height/|qsRoe/hapax/x-height/None/|qsDay/full/None/None/|namer-dot/boundary/None/None/
ss03	E668:E668:E653:200C	cell	boundary-echo	qsRoe.en-y0.ex-y5|qsRoe|qsDay|space	qsRoe/hapax/None/x-height/|qsRoe/hapax/x-height/None/|qsDay/full/None/None/|zwnj/boundary/None/None/
ss03	E668:E668:E653:E650	cell	dangling-anchor-dropped	qsRoe.en-y0.ex-y5|qsRoe|qsDay|qsPea	qsRoe/hapax/None/x-height/|qsRoe/hapax/x-height/None/|qsDay/full/None/None/|qsPea/full/None/None/
ss03	E668:E668:E653:E652	cell	dangling-anchor-dropped	qsRoe.en-y0.ex-y5|qsRoe|qsDay|qsTea.en-y0	qsRoe/hapax/None/x-height/|qsRoe/hapax/x-height/None/|qsDay/full/None/baseline/|qsTea/full/baseline/None/
ss03	E668:E668:E653:E653	cell	dangling-anchor-dropped	qsRoe.en-y0.ex-y5|qsRoe|qsDay|qsDay.half.en-y0.ex-y0	qsRoe/hapax/None/x-height/|qsRoe/hapax/x-height/None/|qsDay/full/None/baseline/|qsDay/half/baseline/None/
ss03	E668:E668:E653:E668	cell	dangling-anchor-dropped	qsRoe.en-y0.ex-y5|qsRoe|qsDay|qsRoe	qsRoe/hapax/None/x-height/|qsRoe/hapax/x-height/None/|qsDay/full/None/baseline/|qsRoe/hapax/baseline/None/
ss03	E668:E668:E668:0020	cell	boundary-echo	qsRoe.en-y0.ex-y5|qsRoe.ex-y0|qsRoe|space	qsRoe/hapax/None/x-height/|qsRoe/hapax/x-height/baseline/|qsRoe/hapax/baseline/None/|space/boundary/None/None/
ss03	E668:E668:E668:00B7	cell	dangling-anchor-dropped	qsRoe.en-y0.ex-y5|qsRoe.ex-y0|qsRoe|periodcentered	qsRoe/hapax/None/x-height/|qsRoe/hapax/x-height/baseline/|qsRoe/hapax/baseline/None/|namer-dot/boundary/None/None/
ss03	E668:E668:E668:200C	cell	boundary-echo	qsRoe.en-y0.ex-y5|qsRoe.ex-y0|qsRoe|space	qsRoe/hapax/None/x-height/|qsRoe/hapax/x-height/baseline/|qsRoe/hapax/baseline/None/|zwnj/boundary/None/None/
ss03	E668:E668:E668:E650	cell	dangling-anchor-dropped	qsRoe.en-y0.ex-y5|qsRoe.ex-y0|qsRoe|qsPea	qsRoe/hapax/None/x-height/|qsRoe/hapax/x-height/baseline/|qsRoe/hapax/baseline/None/|qsPea/full/None/None/
ss03	E668:E668:E668:E652	cell	dangling-anchor-dropped	qsRoe.en-y0.ex-y5|qsRoe.ex-y0|qsRoe|qsTea	qsRoe/hapax/None/x-height/|qsRoe/hapax/x-height/baseline/|qsRoe/hapax/baseline/None/|qsTea/full/None/None/
ss03	E668:E668:E668:E653	cell	dangling-anchor-dropped	qsRoe.en-y0.ex-y5|qsRoe.ex-y0|qsRoe|qsDay	qsRoe/hapax/None/x-height/|qsRoe/hapax/x-height/baseline/|qsRoe/hapax/baseline/None/|qsDay/full/None/None/
ss03	E668:E668:E668:E668	cell	dangling-anchor-dropped	qsRoe.en-y0.ex-y5|qsRoe.ex-y0|qsRoe.en-y0.ex-y5|qsRoe	qsRoe/hapax/None/x-height/|qsRoe/hapax/x-height/baseline/|qsRoe/hapax/baseline/x-height/|qsRoe/hapax/x-height/None/
ss03	E670:E67A:E670:E665	cell	same-seam-extension-non-summing	qsIt.ex-y0.before-utter|qsUtter|qsIt.en-y5.ex-y0.ex-ext-1|qsMay.en-y0.ex-y5.en-ext-1	qsIt/hapax/None/baseline/|qsUtter/mono/baseline/x-height/|qsIt/hapax/x-height/baseline/|qsMay/loop/baseline/None/
ss04	E650:E650	cell	dangling-anchor-dropped	qsPea.half.en-y6.ex-y6|qsPea.en-y6	qsPea/half/None/y6/|qsPea/full/y6/None/
ss04	E650:E653	cell	dangling-anchor-dropped	qsPea|qsDay.half.en-y0.ex-y0	qsPea/full/None/baseline/|qsDay/half/baseline/None/
ss04	E652:E653	cell	dangling-anchor-dropped	qsTea.ex-y0|qsDay.half.en-y0.ex-y0.en-ext-1	qsTea/full/None/baseline/|qsDay/half/baseline/None/en-ext-1
ss04	E652:E670	cell	dangling-anchor-dropped	qsTea.half.ex-y5|qsIt.en-y5.ex-y0	qsTea/half/None/x-height/|qsIt/hapax/x-height/None/
ss04	E653:E652	cell	bare-name-live-join	qsDay|qsTea.en-y0	qsDay/full/None/baseline/|qsTea/full/baseline/None/
ss04	E653:E653	cell	dangling-anchor-dropped	qsDay|qsDay.half.en-y0.ex-y0	qsDay/full/None/baseline/|qsDay/half/baseline/None/
ss04	E653:E668	cell	bare-name-live-join	qsDay|qsRoe	qsDay/full/None/baseline/|qsRoe/hapax/baseline/None/
ss04	E658:E666	cell	bare-name-live-join	qsFee.ex-y5.before-utter.ex-ext-1|qsNo	qsFee/loop/None/x-height/ex-ext-1|qsNo/loop/x-height/None/
ss04	E668:E668	cell	dangling-anchor-dropped	qsRoe.en-y0.ex-y5|qsRoe	qsRoe/hapax/None/x-height/|qsRoe/hapax/x-height/None/
ss04	E670:E670	cell	dangling-anchor-dropped	qsIt.ex-y5|qsIt	qsIt/hapax/None/None/|qsIt/hapax/None/None/
ss04	0020:E650:E650	cell	boundary-echo	space|qsPea.half.en-y6.ex-y6|qsPea.en-y6	space/boundary/None/None/|qsPea/half/None/y6/|qsPea/full/y6/None/
ss04	0020:E650:E653	cell	boundary-echo	space|qsPea|qsDay.half.en-y0.ex-y0	space/boundary/None/None/|qsPea/full/None/baseline/|qsDay/half/baseline/None/
ss04	0020:E652:E653	cell	boundary-echo	space|qsTea.ex-y0|qsDay.half.en-y0.ex-y0.en-ext-1	space/boundary/None/None/|qsTea/full/None/baseline/|qsDay/half/baseline/None/en-ext-1
ss04	0020:E653:E652	cell	boundary-echo	space|qsDay|qsTea.en-y0	space/boundary/None/None/|qsDay/full/None/baseline/|qsTea/full/baseline/None/
ss04	0020:E653:E653	cell	boundary-echo	space|qsDay|qsDay.half.en-y0.ex-y0	space/boundary/None/None/|qsDay/full/None/baseline/|qsDay/half/baseline/None/
ss04	0020:E653:E668	cell	boundary-echo	space|qsDay|qsRoe	space/boundary/None/None/|qsDay/full/None/baseline/|qsRoe/hapax/baseline/None/
ss04	0020:E668:E668	cell	boundary-echo	space|qsRoe.en-y0.ex-y5|qsRoe	space/boundary/None/None/|qsRoe/hapax/None/x-height/|qsRoe/hapax/x-height/None/
ss04	00B7:E650:E650	cell	dangling-anchor-dropped	periodcentered|qsPea.half.en-y6.ex-y6|qsPea.en-y6	namer-dot/boundary/None/None/|qsPea/half/None/y6/|qsPea/full/y6/None/
ss04	00B7:E650:E653	cell	dangling-anchor-dropped	periodcentered|qsPea|qsDay.half.en-y0.ex-y0	namer-dot/boundary/None/None/|qsPea/full/None/baseline/|qsDay/half/baseline/None/
ss04	00B7:E652:E653	cell	dangling-anchor-dropped	periodcentered|qsTea.ex-y0|qsDay.half.en-y0.ex-y0.en-ext-1	namer-dot/boundary/None/None/|qsTea/full/None/baseline/|qsDay/half/baseline/None/en-ext-1
ss04	00B7:E653:E652	cell	bare-name-live-join	periodcentered|qsDay|qsTea.en-y0	namer-dot/boundary/None/None/|qsDay/full/None/baseline/|qsTea/full/baseline/None/
ss04	00B7:E653:E653	cell	dangling-anchor-dropped	periodcentered|qsDay|qsDay.half.en-y0.ex-y0	namer-dot/boundary/None/None/|qsDay/full/None/baseline/|qsDay/half/baseline/None/
ss04	00B7:E653:E668	cell	bare-name-live-join	periodcentered|qsDay|qsRoe	namer-dot/boundary/None/None/|qsDay/full/None/baseline/|qsRoe/hapax/baseline/None/
ss04	00B7:E668:E668	cell	dangling-anchor-dropped	periodcentered.lowered|qsRoe.en-y0.ex-y5|qsRoe	namer-dot/boundary/None/None/|qsRoe/hapax/None/x-height/|qsRoe/hapax/x-height/None/
ss04	200C:E650:E653	cell	boundary-echo	space|qsPea.noentry|qsDay.half.en-y0.ex-y0	zwnj/boundary/None/None/|qsPea/full/None/baseline/locked|qsDay/half/baseline/None/
ss04	200C:E650:E668	cell	boundary-echo	space|qsPea.half.ex-y5.ex-dips|qsRoe.en-y5.en-con-1	zwnj/boundary/None/None/|qsPea/half/None/x-height/locked|qsRoe/hapax/x-height/None/en-con-1
ss04	200C:E652:E652	cell	boundary-echo	space|qsTea.ex-y0|qsTea	zwnj/boundary/None/None/|qsTea/full/None/None/locked|qsTea/full/None/None/
ss04	200C:E652:E653	cell	boundary-echo	space|qsTea.ex-y0|qsDay.half.en-y0.ex-y0.en-ext-1	zwnj/boundary/None/None/|qsTea/full/None/baseline/locked|qsDay/half/baseline/None/en-ext-1
ss04	200C:E652:E679	ligation	boundary-echo	space|qsTea.noentry|qsOy	zwnj/boundary/None/None/|qsTea_qsOy/hapax/None/None/
ss04	200C:E653:E652	cell	boundary-echo	space|qsDay.noentry|qsTea.en-y0	zwnj/boundary/None/None/|qsDay/full/None/baseline/locked|qsTea/full/baseline/None/
ss04	200C:E653:E653	cell	boundary-echo	space|qsDay.noentry|qsDay.half.en-y0.ex-y0	zwnj/boundary/None/None/|qsDay/full/None/baseline/locked|qsDay/half/baseline/None/
ss04	200C:E653:E668	cell	boundary-echo	space|qsDay.noentry|qsRoe	zwnj/boundary/None/None/|qsDay/full/None/baseline/locked|qsRoe/hapax/baseline/None/
ss04	200C:E668:E668	cell	boundary-echo	space|qsRoe.en-y0.ex-y5.noentry|qsRoe	zwnj/boundary/None/None/|qsRoe/hapax/None/x-height/locked|qsRoe/hapax/x-height/None/
ss04	E650:E650:0020	cell	boundary-echo	qsPea.half.en-y6.ex-y6|qsPea.en-y6|space	qsPea/half/None/y6/|qsPea/full/y6/None/|space/boundary/None/None/
ss04	E650:E650:00B7	cell	dangling-anchor-dropped	qsPea.half.en-y6.ex-y6|qsPea.en-y6|periodcentered	qsPea/half/None/y6/|qsPea/full/y6/None/|namer-dot/boundary/None/None/
ss04	E650:E650:200C	cell	boundary-echo	qsPea.half.en-y6.ex-y6|qsPea.en-y6|space	qsPea/half/None/y6/|qsPea/full/y6/None/|zwnj/boundary/None/None/
ss04	E650:E650:E650	cell	dangling-anchor-dropped	qsPea.half.en-y6.ex-y6|qsPea.half.en-y6.ex-y6|qsPea.en-y6	qsPea/half/None/y6/|qsPea/half/y6/y6/|qsPea/full/y6/None/
ss04	E650:E650:E652	cell	dangling-anchor-dropped	qsPea.half.en-y6.ex-y6|qsPea.en-y6.ex-y0|qsTea	qsPea/half/None/y6/|qsPea/full/y6/None/|qsTea/full/None/None/
ss04	E650:E650:E653	cell	dangling-anchor-dropped	qsPea.half.en-y6.ex-y6|qsPea.en-y6.ex-y0|qsDay.half.en-y0.ex-y0	qsPea/half/None/y6/|qsPea/full/y6/baseline/|qsDay/half/baseline/None/
ss04	E650:E650:E668	cell	dangling-anchor-dropped	qsPea.half.en-y6.ex-y6|qsPea.half.en-y6.ex-y5.ex-dips|qsRoe.en-y5.en-con-1	qsPea/half/None/y6/|qsPea/half/y6/x-height/|qsRoe/hapax/x-height/None/en-con-1
ss04	E650:E650:E67A	cell,seam	pea-chain-regularized	qsPea.half.en-y6.ex-y6|qsPea.en-y6|qsUtter	qsPea/half/None/y6/|qsPea/full/y6/baseline/|qsUtter/mono/baseline/None/
ss04	E650:E652:E653	cell	dangling-anchor-dropped	qsPea|qsTea.ex-y0|qsDay.half.en-y0.ex-y0.en-ext-1	qsPea/full/None/None/|qsTea/full/None/baseline/|qsDay/half/baseline/None/en-ext-1
ss04	E650:E653:0020	cell	boundary-echo	qsPea|qsDay.half.en-y0.ex-y0|space	qsPea/full/None/baseline/|qsDay/half/baseline/None/|space/boundary/None/None/
ss04	E650:E653:00B7	cell	dangling-anchor-dropped	qsPea|qsDay.half.en-y0.ex-y0|periodcentered	qsPea/full/None/baseline/|qsDay/half/baseline/None/|namer-dot/boundary/None/None/
ss04	E650:E653:200C	cell	boundary-echo	qsPea|qsDay.half.en-y0.ex-y0|space	qsPea/full/None/baseline/|qsDay/half/baseline/None/|zwnj/boundary/None/None/
ss04	E650:E653:E650	cell	dangling-anchor-dropped	qsPea|qsDay.half.en-y0.ex-y0|qsPea	qsPea/full/None/baseline/|qsDay/half/baseline/None/|qsPea/full/None/None/
ss04	E650:E653:E652	cell	bare-name-live-join	qsPea|qsDay.half.en-y0.ex-y0|qsTea.en-y0	qsPea/full/None/baseline/|qsDay/half/baseline/baseline/|qsTea/full/baseline/None/
ss04	E650:E653:E653	cell	dangling-anchor-dropped	qsPea|qsDay.half.en-y0.ex-y0|qsDay.half.en-y0.ex-y0	qsPea/full/None/baseline/|qsDay/half/baseline/baseline/|qsDay/half/baseline/None/
ss04	E650:E653:E668	cell	bare-name-live-join	qsPea|qsDay.half.en-y0.ex-y0|qsRoe	qsPea/full/None/baseline/|qsDay/half/baseline/baseline/|qsRoe/hapax/baseline/None/
ss04	E650:E668:E668	cell,position	UNMATCHED	qsPea.half.ex-y5.ex-dips|qsRoe.ex-y0|qsRoe	qsPea/half/None/x-height/|qsRoe/hapax/x-height/baseline/en-con-1|qsRoe/hapax/baseline/None/
ss04	E650:E670:E65D	cell,seam	regrouping-floor-drift	qsPea.half.ex-y5.ex-dips|qsIt.en-y5.ex-y0|qsJai	qsPea/full/None/None/|qsIt/hapax/None/x-height/ex-ext-1|qsJai/hapax/x-height/None/
ss04	E652:E650:E650	cell	dangling-anchor-dropped	qsTea|qsPea.half.en-y6.ex-y6|qsPea.en-y6	qsTea/full/None/None/|qsPea/half/None/y6/|qsPea/full/y6/None/
ss04	E652:E650:E653	cell	dangling-anchor-dropped	qsTea|qsPea|qsDay.half.en-y0.ex-y0	qsTea/full/None/None/|qsPea/full/None/baseline/|qsDay/half/baseline/None/
ss04	E652:E652:E653	cell	dangling-anchor-dropped	qsTea|qsTea.ex-y0|qsDay.half.en-y0.ex-y0.en-ext-1	qsTea/full/None/None/|qsTea/full/None/baseline/|qsDay/half/baseline/None/en-ext-1
ss04	E652:E653:0020	cell	boundary-echo	qsTea.ex-y0|qsDay.half.en-y0.ex-y0.en-ext-1|space	qsTea/full/None/baseline/|qsDay/half/baseline/None/en-ext-1|space/boundary/None/None/
ss04	E652:E653:00B7	cell	dangling-anchor-dropped	qsTea.ex-y0|qsDay.half.en-y0.ex-y0.en-ext-1|periodcentered	qsTea/full/None/baseline/|qsDay/half/baseline/None/en-ext-1|namer-dot/boundary/None/None/
ss04	E652:E653:200C	cell	boundary-echo	qsTea.ex-y0|qsDay.half.en-y0.ex-y0.en-ext-1|space	qsTea/full/None/baseline/|qsDay/half/baseline/None/en-ext-1|zwnj/boundary/None/None/
ss04	E652:E653:E650	cell	dangling-anchor-dropped	qsTea.ex-y0|qsDay.half.en-y0.ex-y0.en-ext-1|qsPea	qsTea/full/None/baseline/|qsDay/half/baseline/None/en-ext-1|qsPea/full/None/None/
ss04	E652:E653:E653	cell	dangling-anchor-dropped	qsTea.ex-y0|qsDay.half.en-y0.ex-y0.en-ext-1|qsDay.half.en-y0.ex-y0	qsTea/full/None/baseline/|qsDay/half/baseline/baseline/en-ext-1|qsDay/half/baseline/None/
ss04	E652:E653:E668	cell	bare-name-live-join	qsTea.ex-y0|qsDay.half.en-y0.ex-y0.en-ext-1|qsRoe	qsTea/full/None/baseline/|qsDay/half/baseline/baseline/en-ext-1|qsRoe/hapax/baseline/None/
ss04	E652:E668:E668	cell,position	UNMATCHED	qsTea.half.ex-y5|qsRoe.ex-y0|qsRoe	qsTea/half/None/x-height/|qsRoe/hapax/x-height/baseline/en-con-1|qsRoe/hapax/baseline/None/
ss04	E653:E650:E650	cell	dangling-anchor-dropped	qsDay|qsPea.half.en-y6.ex-y6|qsPea.en-y6	qsDay/full/None/None/|qsPea/half/None/y6/|qsPea/full/y6/None/
ss04	E653:E650:E653	cell	dangling-anchor-dropped	qsDay|qsPea|qsDay.half.en-y0.ex-y0	qsDay/full/None/None/|qsPea/full/None/baseline/|qsDay/half/baseline/None/
ss04	E653:E652:0020	cell	boundary-echo	qsDay|qsTea.en-y0|space	qsDay/full/None/baseline/|qsTea/full/baseline/None/|space/boundary/None/None/
ss04	E653:E652:00B7	cell	bare-name-live-join	qsDay|qsTea.en-y0|periodcentered	qsDay/full/None/baseline/|qsTea/full/baseline/None/|namer-dot/boundary/None/None/
ss04	E653:E652:200C	cell	boundary-echo	qsDay|qsTea.en-y0|space	qsDay/full/None/baseline/|qsTea/full/baseline/None/|zwnj/boundary/None/None/
ss04	E653:E652:E650	cell	bare-name-live-join	qsDay|qsTea.en-y0|qsPea	qsDay/full/None/baseline/|qsTea/full/baseline/None/|qsPea/full/None/None/
ss04	E653:E652:E652	cell	bare-name-live-join	qsDay|qsTea.en-y0|qsTea	qsDay/full/None/baseline/|qsTea/full/baseline/None/|qsTea/full/None/None/
ss04	E653:E652:E653	cell	dangling-anchor-dropped	qsDay|qsTea.ex-y0|qsDay.half.en-y0.ex-y0.en-ext-1	qsDay/full/None/None/|qsTea/full/None/baseline/|qsDay/half/baseline/None/en-ext-1
ss04	E653:E652:E668	cell,seam	regrouping-floor-drift	qsDay|qsTea.half.ex-y5|qsRoe.en-y5.en-con-1	qsDay/full/None/baseline/|qsTea/full/baseline/None/|qsRoe/hapax/None/None/
ss04	E653:E653:0020	cell	boundary-echo	qsDay|qsDay.half.en-y0.ex-y0|space	qsDay/full/None/baseline/|qsDay/half/baseline/None/|space/boundary/None/None/
ss04	E653:E653:00B7	cell	dangling-anchor-dropped	qsDay|qsDay.half.en-y0.ex-y0|periodcentered	qsDay/full/None/baseline/|qsDay/half/baseline/None/|namer-dot/boundary/None/None/
ss04	E653:E653:200C	cell	boundary-echo	qsDay|qsDay.half.en-y0.ex-y0|space	qsDay/full/None/baseline/|qsDay/half/baseline/None/|zwnj/boundary/None/None/
ss04	E653:E653:E650	cell	dangling-anchor-dropped	qsDay|qsDay.half.en-y0.ex-y0|qsPea	qsDay/full/None/baseline/|qsDay/half/baseline/None/|qsPea/full/None/None/
ss04	E653:E653:E652	cell	bare-name-live-join	qsDay|qsDay.half.en-y0.ex-y0|qsTea.en-y0	qsDay/full/None/baseline/|qsDay/half/baseline/baseline/|qsTea/full/baseline/None/
ss04	E653:E653:E653	cell	dangling-anchor-dropped	qsDay|qsDay.half.en-y0.ex-y0|qsDay.half.en-y0.ex-y0	qsDay/full/None/baseline/|qsDay/half/baseline/baseline/|qsDay/half/baseline/None/
ss04	E653:E653:E668	cell	bare-name-live-join	qsDay|qsDay.half.en-y0.ex-y0|qsRoe	qsDay/full/None/baseline/|qsDay/half/baseline/baseline/|qsRoe/hapax/baseline/None/
ss04	E653:E668:0020	cell	boundary-echo	qsDay|qsRoe|space	qsDay/full/None/baseline/|qsRoe/hapax/baseline/None/|space/boundary/None/None/
ss04	E653:E668:00B7	cell	bare-name-live-join	qsDay|qsRoe|periodcentered	qsDay/full/None/baseline/|qsRoe/hapax/baseline/None/|namer-dot/boundary/None/None/
ss04	E653:E668:200C	cell	boundary-echo	qsDay|qsRoe|space	qsDay/full/None/baseline/|qsRoe/hapax/baseline/None/|zwnj/boundary/None/None/
ss04	E653:E668:E650	cell	bare-name-live-join	qsDay|qsRoe|qsPea	qsDay/full/None/baseline/|qsRoe/hapax/baseline/None/|qsPea/full/None/None/
ss04	E653:E668:E652	cell	bare-name-live-join	qsDay|qsRoe|qsTea	qsDay/full/None/baseline/|qsRoe/hapax/baseline/None/|qsTea/full/None/None/
ss04	E653:E668:E653	cell	bare-name-live-join	qsDay|qsRoe|qsDay	qsDay/full/None/baseline/|qsRoe/hapax/baseline/None/|qsDay/full/None/None/
ss04	E653:E668:E668	cell	bare-name-live-join	qsDay|qsRoe.en-y0.ex-y5|qsRoe	qsDay/full/None/baseline/|qsRoe/hapax/baseline/x-height/|qsRoe/hapax/x-height/None/
ss04	E665:E666:E666	cell	bare-name-live-join	qsMay|qsNo|qsNo	qsMay/loop/None/x-height/|qsNo/loop/x-height/x-height/|qsNo/loop/x-height/None/
ss04	E668:E650:E650	cell	dangling-anchor-dropped	qsRoe|qsPea.half.en-y6.ex-y6|qsPea.en-y6	qsRoe/hapax/None/None/|qsPea/half/None/y6/|qsPea/full/y6/None/
ss04	E668:E650:E653	cell	dangling-anchor-dropped	qsRoe|qsPea|qsDay.half.en-y0.ex-y0	qsRoe/hapax/None/None/|qsPea/full/None/baseline/|qsDay/half/baseline/None/
ss04	E668:E652:E653	cell	dangling-anchor-dropped	qsRoe|qsTea.ex-y0|qsDay.half.en-y0.ex-y0.en-ext-1	qsRoe/hapax/None/None/|qsTea/full/None/baseline/|qsDay/half/baseline/None/en-ext-1
ss04	E668:E653:E652	cell	bare-name-live-join	qsRoe|qsDay|qsTea.en-y0	qsRoe/hapax/None/None/|qsDay/full/None/baseline/|qsTea/full/baseline/None/
ss04	E668:E653:E653	cell	dangling-anchor-dropped	qsRoe|qsDay|qsDay.half.en-y0.ex-y0	qsRoe/hapax/None/None/|qsDay/full/None/baseline/|qsDay/half/baseline/None/
ss04	E668:E653:E668	cell	bare-name-live-join	qsRoe|qsDay|qsRoe	qsRoe/hapax/None/None/|qsDay/full/None/baseline/|qsRoe/hapax/baseline/None/
ss04	E668:E668:0020	cell	boundary-echo	qsRoe.en-y0.ex-y5|qsRoe|space	qsRoe/hapax/None/x-height/|qsRoe/hapax/x-height/None/|space/boundary/None/None/
ss04	E668:E668:00B7	cell	dangling-anchor-dropped	qsRoe.en-y0.ex-y5|qsRoe|periodcentered	qsRoe/hapax/None/x-height/|qsRoe/hapax/x-height/None/|namer-dot/boundary/None/None/
ss04	E668:E668:200C	cell	boundary-echo	qsRoe.en-y0.ex-y5|qsRoe|space	qsRoe/hapax/None/x-height/|qsRoe/hapax/x-height/None/|zwnj/boundary/None/None/
ss04	E668:E668:E650	cell	dangling-anchor-dropped	qsRoe.en-y0.ex-y5|qsRoe|qsPea	qsRoe/hapax/None/x-height/|qsRoe/hapax/x-height/None/|qsPea/full/None/None/
ss04	E668:E668:E652	cell	dangling-anchor-dropped	qsRoe.en-y0.ex-y5|qsRoe|qsTea	qsRoe/hapax/None/x-height/|qsRoe/hapax/x-height/None/|qsTea/full/None/None/
ss04	E668:E668:E653	cell	dangling-anchor-dropped	qsRoe.en-y0.ex-y5|qsRoe|qsDay	qsRoe/hapax/None/x-height/|qsRoe/hapax/x-height/None/|qsDay/full/None/None/
ss04	E668:E668:E668	cell	dangling-anchor-dropped	qsRoe.en-y0.ex-y5|qsRoe.ex-y0|qsRoe	qsRoe/hapax/None/x-height/|qsRoe/hapax/x-height/baseline/|qsRoe/hapax/baseline/None/
ss04	0020:0020:E650:E650	cell	boundary-echo	space|space|qsPea.half.en-y6.ex-y6|qsPea.en-y6	space/boundary/None/None/|space/boundary/None/None/|qsPea/half/None/y6/|qsPea/full/y6/None/
ss04	0020:0020:E650:E653	cell	boundary-echo	space|space|qsPea|qsDay.half.en-y0.ex-y0	space/boundary/None/None/|space/boundary/None/None/|qsPea/full/None/baseline/|qsDay/half/baseline/None/
ss04	0020:0020:E652:E653	cell	boundary-echo	space|space|qsTea.ex-y0|qsDay.half.en-y0.ex-y0.en-ext-1	space/boundary/None/None/|space/boundary/None/None/|qsTea/full/None/baseline/|qsDay/half/baseline/None/en-ext-1
ss04	0020:0020:E653:E652	cell	boundary-echo	space|space|qsDay|qsTea.en-y0	space/boundary/None/None/|space/boundary/None/None/|qsDay/full/None/baseline/|qsTea/full/baseline/None/
ss04	0020:0020:E653:E653	cell	boundary-echo	space|space|qsDay|qsDay.half.en-y0.ex-y0	space/boundary/None/None/|space/boundary/None/None/|qsDay/full/None/baseline/|qsDay/half/baseline/None/
ss04	0020:0020:E653:E668	cell	boundary-echo	space|space|qsDay|qsRoe	space/boundary/None/None/|space/boundary/None/None/|qsDay/full/None/baseline/|qsRoe/hapax/baseline/None/
ss04	0020:0020:E668:E668	cell	boundary-echo	space|space|qsRoe.en-y0.ex-y5|qsRoe	space/boundary/None/None/|space/boundary/None/None/|qsRoe/hapax/None/x-height/|qsRoe/hapax/x-height/None/
ss04	0020:00B7:E650:E650	cell	boundary-echo	space|periodcentered|qsPea.half.en-y6.ex-y6|qsPea.en-y6	space/boundary/None/None/|namer-dot/boundary/None/None/|qsPea/half/None/y6/|qsPea/full/y6/None/
ss04	0020:00B7:E650:E653	cell	boundary-echo	space|periodcentered|qsPea|qsDay.half.en-y0.ex-y0	space/boundary/None/None/|namer-dot/boundary/None/None/|qsPea/full/None/baseline/|qsDay/half/baseline/None/
ss04	0020:00B7:E652:E653	cell	boundary-echo	space|periodcentered|qsTea.ex-y0|qsDay.half.en-y0.ex-y0.en-ext-1	space/boundary/None/None/|namer-dot/boundary/None/None/|qsTea/full/None/baseline/|qsDay/half/baseline/None/en-ext-1
ss04	0020:00B7:E653:E652	cell	boundary-echo	space|periodcentered|qsDay|qsTea.en-y0	space/boundary/None/None/|namer-dot/boundary/None/None/|qsDay/full/None/baseline/|qsTea/full/baseline/None/
ss04	0020:00B7:E653:E653	cell	boundary-echo	space|periodcentered|qsDay|qsDay.half.en-y0.ex-y0	space/boundary/None/None/|namer-dot/boundary/None/None/|qsDay/full/None/baseline/|qsDay/half/baseline/None/
ss04	0020:00B7:E653:E668	cell	boundary-echo	space|periodcentered|qsDay|qsRoe	space/boundary/None/None/|namer-dot/boundary/None/None/|qsDay/full/None/baseline/|qsRoe/hapax/baseline/None/
ss04	0020:00B7:E668:E668	cell	boundary-echo	space|periodcentered.lowered|qsRoe.en-y0.ex-y5|qsRoe	space/boundary/None/None/|namer-dot/boundary/None/None/|qsRoe/hapax/None/x-height/|qsRoe/hapax/x-height/None/
ss04	0020:200C:E650:E653	cell	boundary-echo	space|space|qsPea.noentry|qsDay.half.en-y0.ex-y0	space/boundary/None/None/|zwnj/boundary/None/None/|qsPea/full/None/baseline/locked|qsDay/half/baseline/None/
ss04	0020:200C:E650:E668	cell	boundary-echo	space|space|qsPea.half.ex-y5.ex-dips|qsRoe.en-y5.en-con-1	space/boundary/None/None/|zwnj/boundary/None/None/|qsPea/half/None/x-height/locked|qsRoe/hapax/x-height/None/en-con-1
ss04	0020:200C:E652:E652	cell	boundary-echo	space|space|qsTea.ex-y0|qsTea	space/boundary/None/None/|zwnj/boundary/None/None/|qsTea/full/None/None/locked|qsTea/full/None/None/
ss04	0020:200C:E652:E653	cell	boundary-echo	space|space|qsTea.ex-y0|qsDay.half.en-y0.ex-y0.en-ext-1	space/boundary/None/None/|zwnj/boundary/None/None/|qsTea/full/None/baseline/locked|qsDay/half/baseline/None/en-ext-1
ss04	0020:200C:E653:E652	cell	boundary-echo	space|space|qsDay.noentry|qsTea.en-y0	space/boundary/None/None/|zwnj/boundary/None/None/|qsDay/full/None/baseline/locked|qsTea/full/baseline/None/
ss04	0020:200C:E653:E653	cell	boundary-echo	space|space|qsDay.noentry|qsDay.half.en-y0.ex-y0	space/boundary/None/None/|zwnj/boundary/None/None/|qsDay/full/None/baseline/locked|qsDay/half/baseline/None/
ss04	0020:200C:E653:E668	cell	boundary-echo	space|space|qsDay.noentry|qsRoe	space/boundary/None/None/|zwnj/boundary/None/None/|qsDay/full/None/baseline/locked|qsRoe/hapax/baseline/None/
ss04	0020:200C:E668:E668	cell	boundary-echo	space|space|qsRoe.en-y0.ex-y5.noentry|qsRoe	space/boundary/None/None/|zwnj/boundary/None/None/|qsRoe/hapax/None/x-height/locked|qsRoe/hapax/x-height/None/
ss04	0020:E650:E650:0020	cell	boundary-echo	space|qsPea.half.en-y6.ex-y6|qsPea.en-y6|space	space/boundary/None/None/|qsPea/half/None/y6/|qsPea/full/y6/None/|space/boundary/None/None/
ss04	0020:E650:E650:00B7	cell	boundary-echo	space|qsPea.half.en-y6.ex-y6|qsPea.en-y6|periodcentered	space/boundary/None/None/|qsPea/half/None/y6/|qsPea/full/y6/None/|namer-dot/boundary/None/None/
ss04	0020:E650:E650:200C	cell	boundary-echo	space|qsPea.half.en-y6.ex-y6|qsPea.en-y6|space	space/boundary/None/None/|qsPea/half/None/y6/|qsPea/full/y6/None/|zwnj/boundary/None/None/
ss04	0020:E650:E650:E650	cell	boundary-echo	space|qsPea.half.en-y6.ex-y6|qsPea.half.en-y6.ex-y6|qsPea.en-y6	space/boundary/None/None/|qsPea/half/None/y6/|qsPea/half/y6/y6/|qsPea/full/y6/None/
ss04	0020:E650:E650:E652	cell	boundary-echo	space|qsPea.half.en-y6.ex-y6|qsPea.en-y6.ex-y0|qsTea	space/boundary/None/None/|qsPea/half/None/y6/|qsPea/full/y6/None/|qsTea/full/None/None/
ss04	0020:E650:E650:E653	cell	boundary-echo	space|qsPea.half.en-y6.ex-y6|qsPea.en-y6.ex-y0|qsDay.half.en-y0.ex-y0	space/boundary/None/None/|qsPea/half/None/y6/|qsPea/full/y6/baseline/|qsDay/half/baseline/None/
ss04	0020:E650:E650:E668	cell	boundary-echo	space|qsPea.half.en-y6.ex-y6|qsPea.half.en-y6.ex-y5.ex-dips|qsRoe.en-y5.en-con-1	space/boundary/None/None/|qsPea/half/None/y6/|qsPea/half/y6/x-height/|qsRoe/hapax/x-height/None/en-con-1
ss04	0020:E650:E652:E653	cell	boundary-echo	space|qsPea|qsTea.ex-y0|qsDay.half.en-y0.ex-y0.en-ext-1	space/boundary/None/None/|qsPea/full/None/None/|qsTea/full/None/baseline/|qsDay/half/baseline/None/en-ext-1
ss04	0020:E650:E653:0020	cell	boundary-echo	space|qsPea|qsDay.half.en-y0.ex-y0|space	space/boundary/None/None/|qsPea/full/None/baseline/|qsDay/half/baseline/None/|space/boundary/None/None/
ss04	0020:E650:E653:00B7	cell	boundary-echo	space|qsPea|qsDay.half.en-y0.ex-y0|periodcentered	space/boundary/None/None/|qsPea/full/None/baseline/|qsDay/half/baseline/None/|namer-dot/boundary/None/None/
ss04	0020:E650:E653:200C	cell	boundary-echo	space|qsPea|qsDay.half.en-y0.ex-y0|space	space/boundary/None/None/|qsPea/full/None/baseline/|qsDay/half/baseline/None/|zwnj/boundary/None/None/
ss04	0020:E650:E653:E650	cell	boundary-echo	space|qsPea|qsDay.half.en-y0.ex-y0|qsPea	space/boundary/None/None/|qsPea/full/None/baseline/|qsDay/half/baseline/None/|qsPea/full/None/None/
ss04	0020:E650:E653:E652	cell	boundary-echo	space|qsPea|qsDay.half.en-y0.ex-y0|qsTea.en-y0	space/boundary/None/None/|qsPea/full/None/baseline/|qsDay/half/baseline/baseline/|qsTea/full/baseline/None/
ss04	0020:E650:E653:E653	cell	boundary-echo	space|qsPea|qsDay.half.en-y0.ex-y0|qsDay.half.en-y0.ex-y0	space/boundary/None/None/|qsPea/full/None/baseline/|qsDay/half/baseline/baseline/|qsDay/half/baseline/None/
ss04	0020:E650:E653:E668	cell	boundary-echo	space|qsPea|qsDay.half.en-y0.ex-y0|qsRoe	space/boundary/None/None/|qsPea/full/None/baseline/|qsDay/half/baseline/baseline/|qsRoe/hapax/baseline/None/
ss04	0020:E650:E668:E668	cell	boundary-echo	space|qsPea.half.ex-y5.ex-dips|qsRoe.ex-y0|qsRoe	space/boundary/None/None/|qsPea/half/None/x-height/|qsRoe/hapax/x-height/baseline/en-con-1|qsRoe/hapax/baseline/None/
ss04	0020:E652:E650:E650	cell	boundary-echo	space|qsTea|qsPea.half.en-y6.ex-y6|qsPea.en-y6	space/boundary/None/None/|qsTea/full/None/None/|qsPea/half/None/y6/|qsPea/full/y6/None/
ss04	0020:E652:E650:E653	cell	boundary-echo	space|qsTea|qsPea|qsDay.half.en-y0.ex-y0	space/boundary/None/None/|qsTea/full/None/None/|qsPea/full/None/baseline/|qsDay/half/baseline/None/
ss04	0020:E652:E652:E653	cell	boundary-echo	space|qsTea|qsTea.ex-y0|qsDay.half.en-y0.ex-y0.en-ext-1	space/boundary/None/None/|qsTea/full/None/None/|qsTea/full/None/baseline/|qsDay/half/baseline/None/en-ext-1
ss04	0020:E652:E653:0020	cell	boundary-echo	space|qsTea.ex-y0|qsDay.half.en-y0.ex-y0.en-ext-1|space	space/boundary/None/None/|qsTea/full/None/baseline/|qsDay/half/baseline/None/en-ext-1|space/boundary/None/None/
ss04	0020:E652:E653:00B7	cell	boundary-echo	space|qsTea.ex-y0|qsDay.half.en-y0.ex-y0.en-ext-1|periodcentered	space/boundary/None/None/|qsTea/full/None/baseline/|qsDay/half/baseline/None/en-ext-1|namer-dot/boundary/None/None/
ss04	0020:E652:E653:200C	cell	boundary-echo	space|qsTea.ex-y0|qsDay.half.en-y0.ex-y0.en-ext-1|space	space/boundary/None/None/|qsTea/full/None/baseline/|qsDay/half/baseline/None/en-ext-1|zwnj/boundary/None/None/
ss04	0020:E652:E653:E650	cell	boundary-echo	space|qsTea.ex-y0|qsDay.half.en-y0.ex-y0.en-ext-1|qsPea	space/boundary/None/None/|qsTea/full/None/baseline/|qsDay/half/baseline/None/en-ext-1|qsPea/full/None/None/
ss04	0020:E652:E653:E653	cell	boundary-echo	space|qsTea.ex-y0|qsDay.half.en-y0.ex-y0.en-ext-1|qsDay.half.en-y0.ex-y0	space/boundary/None/None/|qsTea/full/None/baseline/|qsDay/half/baseline/baseline/en-ext-1|qsDay/half/baseline/None/
ss04	0020:E652:E653:E668	cell	boundary-echo	space|qsTea.ex-y0|qsDay.half.en-y0.ex-y0.en-ext-1|qsRoe	space/boundary/None/None/|qsTea/full/None/baseline/|qsDay/half/baseline/baseline/en-ext-1|qsRoe/hapax/baseline/None/
ss04	0020:E652:E668:E668	cell	boundary-echo	space|qsTea.half.ex-y5|qsRoe.ex-y0|qsRoe	space/boundary/None/None/|qsTea/half/None/x-height/|qsRoe/hapax/x-height/baseline/en-con-1|qsRoe/hapax/baseline/None/
ss04	0020:E653:E650:E650	cell	boundary-echo	space|qsDay|qsPea.half.en-y6.ex-y6|qsPea.en-y6	space/boundary/None/None/|qsDay/full/None/None/|qsPea/half/None/y6/|qsPea/full/y6/None/
ss04	0020:E653:E650:E653	cell	boundary-echo	space|qsDay|qsPea|qsDay.half.en-y0.ex-y0	space/boundary/None/None/|qsDay/full/None/None/|qsPea/full/None/baseline/|qsDay/half/baseline/None/
ss04	0020:E653:E652:0020	cell	boundary-echo	space|qsDay|qsTea.en-y0|space	space/boundary/None/None/|qsDay/full/None/baseline/|qsTea/full/baseline/None/|space/boundary/None/None/
ss04	0020:E653:E652:00B7	cell	boundary-echo	space|qsDay|qsTea.en-y0|periodcentered	space/boundary/None/None/|qsDay/full/None/baseline/|qsTea/full/baseline/None/|namer-dot/boundary/None/None/
ss04	0020:E653:E652:200C	cell	boundary-echo	space|qsDay|qsTea.en-y0|space	space/boundary/None/None/|qsDay/full/None/baseline/|qsTea/full/baseline/None/|zwnj/boundary/None/None/
ss04	0020:E653:E652:E650	cell	boundary-echo	space|qsDay|qsTea.en-y0|qsPea	space/boundary/None/None/|qsDay/full/None/baseline/|qsTea/full/baseline/None/|qsPea/full/None/None/
ss04	0020:E653:E652:E652	cell	boundary-echo	space|qsDay|qsTea.en-y0|qsTea	space/boundary/None/None/|qsDay/full/None/baseline/|qsTea/full/baseline/None/|qsTea/full/None/None/
ss04	0020:E653:E652:E653	cell	boundary-echo	space|qsDay|qsTea.ex-y0|qsDay.half.en-y0.ex-y0.en-ext-1	space/boundary/None/None/|qsDay/full/None/None/|qsTea/full/None/baseline/|qsDay/half/baseline/None/en-ext-1
ss04	0020:E653:E652:E668	cell,seam	boundary-echo	space|qsDay|qsTea.half.ex-y5|qsRoe.en-y5.en-con-1	space/boundary/None/None/|qsDay/full/None/baseline/|qsTea/full/baseline/None/|qsRoe/hapax/None/None/
ss04	0020:E653:E653:0020	cell	boundary-echo	space|qsDay|qsDay.half.en-y0.ex-y0|space	space/boundary/None/None/|qsDay/full/None/baseline/|qsDay/half/baseline/None/|space/boundary/None/None/
ss04	0020:E653:E653:00B7	cell	boundary-echo	space|qsDay|qsDay.half.en-y0.ex-y0|periodcentered	space/boundary/None/None/|qsDay/full/None/baseline/|qsDay/half/baseline/None/|namer-dot/boundary/None/None/
ss04	0020:E653:E653:200C	cell	boundary-echo	space|qsDay|qsDay.half.en-y0.ex-y0|space	space/boundary/None/None/|qsDay/full/None/baseline/|qsDay/half/baseline/None/|zwnj/boundary/None/None/
ss04	0020:E653:E653:E650	cell	boundary-echo	space|qsDay|qsDay.half.en-y0.ex-y0|qsPea	space/boundary/None/None/|qsDay/full/None/baseline/|qsDay/half/baseline/None/|qsPea/full/None/None/
ss04	0020:E653:E653:E652	cell	boundary-echo	space|qsDay|qsDay.half.en-y0.ex-y0|qsTea.en-y0	space/boundary/None/None/|qsDay/full/None/baseline/|qsDay/half/baseline/baseline/|qsTea/full/baseline/None/
ss04	0020:E653:E653:E653	cell	boundary-echo	space|qsDay|qsDay.half.en-y0.ex-y0|qsDay.half.en-y0.ex-y0	space/boundary/None/None/|qsDay/full/None/baseline/|qsDay/half/baseline/baseline/|qsDay/half/baseline/None/
ss04	0020:E653:E653:E668	cell	boundary-echo	space|qsDay|qsDay.half.en-y0.ex-y0|qsRoe	space/boundary/None/None/|qsDay/full/None/baseline/|qsDay/half/baseline/baseline/|qsRoe/hapax/baseline/None/
ss04	0020:E653:E668:0020	cell	boundary-echo	space|qsDay|qsRoe|space	space/boundary/None/None/|qsDay/full/None/baseline/|qsRoe/hapax/baseline/None/|space/boundary/None/None/
ss04	0020:E653:E668:00B7	cell	boundary-echo	space|qsDay|qsRoe|periodcentered	space/boundary/None/None/|qsDay/full/None/baseline/|qsRoe/hapax/baseline/None/|namer-dot/boundary/None/None/
ss04	0020:E653:E668:200C	cell	boundary-echo	space|qsDay|qsRoe|space	space/boundary/None/None/|qsDay/full/None/baseline/|qsRoe/hapax/baseline/None/|zwnj/boundary/None/None/
ss04	0020:E653:E668:E650	cell	boundary-echo	space|qsDay|qsRoe|qsPea	space/boundary/None/None/|qsDay/full/None/baseline/|qsRoe/hapax/baseline/None/|qsPea/full/None/None/
ss04	0020:E653:E668:E652	cell	boundary-echo	space|qsDay|qsRoe|qsTea	space/boundary/None/None/|qsDay/full/None/baseline/|qsRoe/hapax/baseline/None/|qsTea/full/None/None/
ss04	0020:E653:E668:E653	cell	boundary-echo	space|qsDay|qsRoe|qsDay	space/boundary/None/None/|qsDay/full/None/baseline/|qsRoe/hapax/baseline/None/|qsDay/full/None/None/
ss04	0020:E653:E668:E668	cell	boundary-echo	space|qsDay|qsRoe.en-y0.ex-y5|qsRoe	space/boundary/None/None/|qsDay/full/None/baseline/|qsRoe/hapax/baseline/x-height/|qsRoe/hapax/x-height/None/
ss04	0020:E668:E650:E650	cell	boundary-echo	space|qsRoe|qsPea.half.en-y6.ex-y6|qsPea.en-y6	space/boundary/None/None/|qsRoe/hapax/None/None/|qsPea/half/None/y6/|qsPea/full/y6/None/
ss04	0020:E668:E650:E653	cell	boundary-echo	space|qsRoe|qsPea|qsDay.half.en-y0.ex-y0	space/boundary/None/None/|qsRoe/hapax/None/None/|qsPea/full/None/baseline/|qsDay/half/baseline/None/
ss04	0020:E668:E652:E653	cell	boundary-echo	space|qsRoe|qsTea.ex-y0|qsDay.half.en-y0.ex-y0.en-ext-1	space/boundary/None/None/|qsRoe/hapax/None/None/|qsTea/full/None/baseline/|qsDay/half/baseline/None/en-ext-1
ss04	0020:E668:E653:E652	cell	boundary-echo	space|qsRoe|qsDay|qsTea.en-y0	space/boundary/None/None/|qsRoe/hapax/None/None/|qsDay/full/None/baseline/|qsTea/full/baseline/None/
ss04	0020:E668:E653:E653	cell	boundary-echo	space|qsRoe|qsDay|qsDay.half.en-y0.ex-y0	space/boundary/None/None/|qsRoe/hapax/None/None/|qsDay/full/None/baseline/|qsDay/half/baseline/None/
ss04	0020:E668:E653:E668	cell	boundary-echo	space|qsRoe|qsDay|qsRoe	space/boundary/None/None/|qsRoe/hapax/None/None/|qsDay/full/None/baseline/|qsRoe/hapax/baseline/None/
ss04	0020:E668:E668:0020	cell	boundary-echo	space|qsRoe.en-y0.ex-y5|qsRoe|space	space/boundary/None/None/|qsRoe/hapax/None/x-height/|qsRoe/hapax/x-height/None/|space/boundary/None/None/
ss04	0020:E668:E668:00B7	cell	boundary-echo	space|qsRoe.en-y0.ex-y5|qsRoe|periodcentered	space/boundary/None/None/|qsRoe/hapax/None/x-height/|qsRoe/hapax/x-height/None/|namer-dot/boundary/None/None/
ss04	0020:E668:E668:200C	cell	boundary-echo	space|qsRoe.en-y0.ex-y5|qsRoe|space	space/boundary/None/None/|qsRoe/hapax/None/x-height/|qsRoe/hapax/x-height/None/|zwnj/boundary/None/None/
ss04	0020:E668:E668:E650	cell	boundary-echo	space|qsRoe.en-y0.ex-y5|qsRoe|qsPea	space/boundary/None/None/|qsRoe/hapax/None/x-height/|qsRoe/hapax/x-height/None/|qsPea/full/None/None/
ss04	0020:E668:E668:E652	cell	boundary-echo	space|qsRoe.en-y0.ex-y5|qsRoe|qsTea	space/boundary/None/None/|qsRoe/hapax/None/x-height/|qsRoe/hapax/x-height/None/|qsTea/full/None/None/
ss04	0020:E668:E668:E653	cell	boundary-echo	space|qsRoe.en-y0.ex-y5|qsRoe|qsDay	space/boundary/None/None/|qsRoe/hapax/None/x-height/|qsRoe/hapax/x-height/None/|qsDay/full/None/None/
ss04	0020:E668:E668:E668	cell	boundary-echo	space|qsRoe.en-y0.ex-y5|qsRoe.ex-y0|qsRoe	space/boundary/None/None/|qsRoe/hapax/None/x-height/|qsRoe/hapax/x-height/baseline/|qsRoe/hapax/baseline/None/
ss04	00B7:0020:E650:E650	cell	boundary-echo	periodcentered|space|qsPea.half.en-y6.ex-y6|qsPea.en-y6	namer-dot/boundary/None/None/|space/boundary/None/None/|qsPea/half/None/y6/|qsPea/full/y6/None/
ss04	00B7:0020:E650:E653	cell	boundary-echo	periodcentered|space|qsPea|qsDay.half.en-y0.ex-y0	namer-dot/boundary/None/None/|space/boundary/None/None/|qsPea/full/None/baseline/|qsDay/half/baseline/None/
ss04	00B7:0020:E652:E653	cell	boundary-echo	periodcentered|space|qsTea.ex-y0|qsDay.half.en-y0.ex-y0.en-ext-1	namer-dot/boundary/None/None/|space/boundary/None/None/|qsTea/full/None/baseline/|qsDay/half/baseline/None/en-ext-1
ss04	00B7:0020:E653:E652	cell	boundary-echo	periodcentered|space|qsDay|qsTea.en-y0	namer-dot/boundary/None/None/|space/boundary/None/None/|qsDay/full/None/baseline/|qsTea/full/baseline/None/
ss04	00B7:0020:E653:E653	cell	boundary-echo	periodcentered|space|qsDay|qsDay.half.en-y0.ex-y0	namer-dot/boundary/None/None/|space/boundary/None/None/|qsDay/full/None/baseline/|qsDay/half/baseline/None/
ss04	00B7:0020:E653:E668	cell	boundary-echo	periodcentered|space|qsDay|qsRoe	namer-dot/boundary/None/None/|space/boundary/None/None/|qsDay/full/None/baseline/|qsRoe/hapax/baseline/None/
ss04	00B7:0020:E668:E668	cell	boundary-echo	periodcentered|space|qsRoe.en-y0.ex-y5|qsRoe	namer-dot/boundary/None/None/|space/boundary/None/None/|qsRoe/hapax/None/x-height/|qsRoe/hapax/x-height/None/
ss04	00B7:00B7:E650:E650	cell	dangling-anchor-dropped	periodcentered|periodcentered|qsPea.half.en-y6.ex-y6|qsPea.en-y6	namer-dot/boundary/None/None/|namer-dot/boundary/None/None/|qsPea/half/None/y6/|qsPea/full/y6/None/
ss04	00B7:00B7:E650:E653	cell	dangling-anchor-dropped	periodcentered|periodcentered|qsPea|qsDay.half.en-y0.ex-y0	namer-dot/boundary/None/None/|namer-dot/boundary/None/None/|qsPea/full/None/baseline/|qsDay/half/baseline/None/
ss04	00B7:00B7:E652:E653	cell	dangling-anchor-dropped	periodcentered|periodcentered|qsTea.ex-y0|qsDay.half.en-y0.ex-y0.en-ext-1	namer-dot/boundary/None/None/|namer-dot/boundary/None/None/|qsTea/full/None/baseline/|qsDay/half/baseline/None/en-ext-1
ss04	00B7:00B7:E653:E652	cell	bare-name-live-join	periodcentered|periodcentered|qsDay|qsTea.en-y0	namer-dot/boundary/None/None/|namer-dot/boundary/None/None/|qsDay/full/None/baseline/|qsTea/full/baseline/None/
ss04	00B7:00B7:E653:E653	cell	dangling-anchor-dropped	periodcentered|periodcentered|qsDay|qsDay.half.en-y0.ex-y0	namer-dot/boundary/None/None/|namer-dot/boundary/None/None/|qsDay/full/None/baseline/|qsDay/half/baseline/None/
ss04	00B7:00B7:E653:E668	cell	bare-name-live-join	periodcentered|periodcentered|qsDay|qsRoe	namer-dot/boundary/None/None/|namer-dot/boundary/None/None/|qsDay/full/None/baseline/|qsRoe/hapax/baseline/None/
ss04	00B7:00B7:E668:E668	cell	dangling-anchor-dropped	periodcentered|periodcentered.lowered|qsRoe.en-y0.ex-y5|qsRoe	namer-dot/boundary/None/None/|namer-dot/boundary/None/None/|qsRoe/hapax/None/x-height/|qsRoe/hapax/x-height/None/
ss04	00B7:200C:E650:E653	cell	boundary-echo	periodcentered|space|qsPea.noentry|qsDay.half.en-y0.ex-y0	namer-dot/boundary/None/None/|zwnj/boundary/None/None/|qsPea/full/None/baseline/locked|qsDay/half/baseline/None/
ss04	00B7:200C:E650:E668	cell	boundary-echo	periodcentered|space|qsPea.half.ex-y5.ex-dips|qsRoe.en-y5.en-con-1	namer-dot/boundary/None/None/|zwnj/boundary/None/None/|qsPea/half/None/x-height/locked|qsRoe/hapax/x-height/None/en-con-1
ss04	00B7:200C:E652:E652	cell	boundary-echo	periodcentered|space|qsTea.ex-y0|qsTea	namer-dot/boundary/None/None/|zwnj/boundary/None/None/|qsTea/full/None/None/locked|qsTea/full/None/None/
ss04	00B7:200C:E652:E653	cell	boundary-echo	periodcentered|space|qsTea.ex-y0|qsDay.half.en-y0.ex-y0.en-ext-1	namer-dot/boundary/None/None/|zwnj/boundary/None/None/|qsTea/full/None/baseline/locked|qsDay/half/baseline/None/en-ext-1
ss04	00B7:200C:E653:E652	cell	boundary-echo	periodcentered|space|qsDay.noentry|qsTea.en-y0	namer-dot/boundary/None/None/|zwnj/boundary/None/None/|qsDay/full/None/baseline/locked|qsTea/full/baseline/None/
ss04	00B7:200C:E653:E653	cell	boundary-echo	periodcentered|space|qsDay.noentry|qsDay.half.en-y0.ex-y0	namer-dot/boundary/None/None/|zwnj/boundary/None/None/|qsDay/full/None/baseline/locked|qsDay/half/baseline/None/
ss04	00B7:200C:E653:E668	cell	boundary-echo	periodcentered|space|qsDay.noentry|qsRoe	namer-dot/boundary/None/None/|zwnj/boundary/None/None/|qsDay/full/None/baseline/locked|qsRoe/hapax/baseline/None/
ss04	00B7:200C:E668:E668	cell	boundary-echo	periodcentered.lowered|space|qsRoe.en-y0.ex-y5.noentry|qsRoe	namer-dot/boundary/None/None/|zwnj/boundary/None/None/|qsRoe/hapax/None/x-height/locked|qsRoe/hapax/x-height/None/
ss04	00B7:E650:E650:0020	cell	boundary-echo	periodcentered|qsPea.half.en-y6.ex-y6|qsPea.en-y6|space	namer-dot/boundary/None/None/|qsPea/half/None/y6/|qsPea/full/y6/None/|space/boundary/None/None/
ss04	00B7:E650:E650:00B7	cell	dangling-anchor-dropped	periodcentered|qsPea.half.en-y6.ex-y6|qsPea.en-y6|periodcentered	namer-dot/boundary/None/None/|qsPea/half/None/y6/|qsPea/full/y6/None/|namer-dot/boundary/None/None/
ss04	00B7:E650:E650:200C	cell	boundary-echo	periodcentered|qsPea.half.en-y6.ex-y6|qsPea.en-y6|space	namer-dot/boundary/None/None/|qsPea/half/None/y6/|qsPea/full/y6/None/|zwnj/boundary/None/None/
ss04	00B7:E650:E650:E650	cell	dangling-anchor-dropped	periodcentered|qsPea.half.en-y6.ex-y6|qsPea.half.en-y6.ex-y6|qsPea.en-y6	namer-dot/boundary/None/None/|qsPea/half/None/y6/|qsPea/half/y6/y6/|qsPea/full/y6/None/
ss04	00B7:E650:E650:E652	cell	dangling-anchor-dropped	periodcentered|qsPea.half.en-y6.ex-y6|qsPea.en-y6.ex-y0|qsTea	namer-dot/boundary/None/None/|qsPea/half/None/y6/|qsPea/full/y6/None/|qsTea/full/None/None/
ss04	00B7:E650:E650:E653	cell	dangling-anchor-dropped	periodcentered|qsPea.half.en-y6.ex-y6|qsPea.en-y6.ex-y0|qsDay.half.en-y0.ex-y0	namer-dot/boundary/None/None/|qsPea/half/None/y6/|qsPea/full/y6/baseline/|qsDay/half/baseline/None/
ss04	00B7:E650:E650:E668	cell	dangling-anchor-dropped	periodcentered|qsPea.half.en-y6.ex-y6|qsPea.half.en-y6.ex-y5.ex-dips|qsRoe.en-y5.en-con-1	namer-dot/boundary/None/None/|qsPea/half/None/y6/|qsPea/half/y6/x-height/|qsRoe/hapax/x-height/None/en-con-1
ss04	00B7:E650:E652:E653	cell	dangling-anchor-dropped	periodcentered|qsPea|qsTea.ex-y0|qsDay.half.en-y0.ex-y0.en-ext-1	namer-dot/boundary/None/None/|qsPea/full/None/None/|qsTea/full/None/baseline/|qsDay/half/baseline/None/en-ext-1
ss04	00B7:E650:E653:0020	cell	boundary-echo	periodcentered|qsPea|qsDay.half.en-y0.ex-y0|space	namer-dot/boundary/None/None/|qsPea/full/None/baseline/|qsDay/half/baseline/None/|space/boundary/None/None/
ss04	00B7:E650:E653:00B7	cell	dangling-anchor-dropped	periodcentered|qsPea|qsDay.half.en-y0.ex-y0|periodcentered	namer-dot/boundary/None/None/|qsPea/full/None/baseline/|qsDay/half/baseline/None/|namer-dot/boundary/None/None/
ss04	00B7:E650:E653:200C	cell	boundary-echo	periodcentered|qsPea|qsDay.half.en-y0.ex-y0|space	namer-dot/boundary/None/None/|qsPea/full/None/baseline/|qsDay/half/baseline/None/|zwnj/boundary/None/None/
ss04	00B7:E650:E653:E650	cell	dangling-anchor-dropped	periodcentered|qsPea|qsDay.half.en-y0.ex-y0|qsPea	namer-dot/boundary/None/None/|qsPea/full/None/baseline/|qsDay/half/baseline/None/|qsPea/full/None/None/
ss04	00B7:E650:E653:E652	cell	bare-name-live-join	periodcentered|qsPea|qsDay.half.en-y0.ex-y0|qsTea.en-y0	namer-dot/boundary/None/None/|qsPea/full/None/baseline/|qsDay/half/baseline/baseline/|qsTea/full/baseline/None/
ss04	00B7:E650:E653:E653	cell	dangling-anchor-dropped	periodcentered|qsPea|qsDay.half.en-y0.ex-y0|qsDay.half.en-y0.ex-y0	namer-dot/boundary/None/None/|qsPea/full/None/baseline/|qsDay/half/baseline/baseline/|qsDay/half/baseline/None/
ss04	00B7:E650:E653:E668	cell	bare-name-live-join	periodcentered|qsPea|qsDay.half.en-y0.ex-y0|qsRoe	namer-dot/boundary/None/None/|qsPea/full/None/baseline/|qsDay/half/baseline/baseline/|qsRoe/hapax/baseline/None/
ss04	00B7:E650:E668:E668	cell,position	UNMATCHED	periodcentered|qsPea.half.ex-y5.ex-dips|qsRoe.ex-y0|qsRoe	namer-dot/boundary/None/None/|qsPea/half/None/x-height/|qsRoe/hapax/x-height/baseline/en-con-1|qsRoe/hapax/baseline/None/
ss04	00B7:E652:E650:E650	cell	dangling-anchor-dropped	periodcentered|qsTea|qsPea.half.en-y6.ex-y6|qsPea.en-y6	namer-dot/boundary/None/None/|qsTea/full/None/None/|qsPea/half/None/y6/|qsPea/full/y6/None/
ss04	00B7:E652:E650:E653	cell	dangling-anchor-dropped	periodcentered|qsTea|qsPea|qsDay.half.en-y0.ex-y0	namer-dot/boundary/None/None/|qsTea/full/None/None/|qsPea/full/None/baseline/|qsDay/half/baseline/None/
ss04	00B7:E652:E652:E653	cell	dangling-anchor-dropped	periodcentered|qsTea|qsTea.ex-y0|qsDay.half.en-y0.ex-y0.en-ext-1	namer-dot/boundary/None/None/|qsTea/full/None/None/|qsTea/full/None/baseline/|qsDay/half/baseline/None/en-ext-1
ss04	00B7:E652:E653:0020	cell	boundary-echo	periodcentered|qsTea.ex-y0|qsDay.half.en-y0.ex-y0.en-ext-1|space	namer-dot/boundary/None/None/|qsTea/full/None/baseline/|qsDay/half/baseline/None/en-ext-1|space/boundary/None/None/
ss04	00B7:E652:E653:00B7	cell	dangling-anchor-dropped	periodcentered|qsTea.ex-y0|qsDay.half.en-y0.ex-y0.en-ext-1|periodcentered	namer-dot/boundary/None/None/|qsTea/full/None/baseline/|qsDay/half/baseline/None/en-ext-1|namer-dot/boundary/None/None/
ss04	00B7:E652:E653:200C	cell	boundary-echo	periodcentered|qsTea.ex-y0|qsDay.half.en-y0.ex-y0.en-ext-1|space	namer-dot/boundary/None/None/|qsTea/full/None/baseline/|qsDay/half/baseline/None/en-ext-1|zwnj/boundary/None/None/
ss04	00B7:E652:E653:E650	cell	dangling-anchor-dropped	periodcentered|qsTea.ex-y0|qsDay.half.en-y0.ex-y0.en-ext-1|qsPea	namer-dot/boundary/None/None/|qsTea/full/None/baseline/|qsDay/half/baseline/None/en-ext-1|qsPea/full/None/None/
ss04	00B7:E652:E653:E653	cell	dangling-anchor-dropped	periodcentered|qsTea.ex-y0|qsDay.half.en-y0.ex-y0.en-ext-1|qsDay.half.en-y0.ex-y0	namer-dot/boundary/None/None/|qsTea/full/None/baseline/|qsDay/half/baseline/baseline/en-ext-1|qsDay/half/baseline/None/
ss04	00B7:E652:E653:E668	cell	bare-name-live-join	periodcentered|qsTea.ex-y0|qsDay.half.en-y0.ex-y0.en-ext-1|qsRoe	namer-dot/boundary/None/None/|qsTea/full/None/baseline/|qsDay/half/baseline/baseline/en-ext-1|qsRoe/hapax/baseline/None/
ss04	00B7:E652:E668:E668	cell,position	UNMATCHED	periodcentered|qsTea.half.ex-y5|qsRoe.ex-y0|qsRoe	namer-dot/boundary/None/None/|qsTea/half/None/x-height/|qsRoe/hapax/x-height/baseline/en-con-1|qsRoe/hapax/baseline/None/
ss04	00B7:E653:E650:E650	cell	dangling-anchor-dropped	periodcentered|qsDay|qsPea.half.en-y6.ex-y6|qsPea.en-y6	namer-dot/boundary/None/None/|qsDay/full/None/None/|qsPea/half/None/y6/|qsPea/full/y6/None/
ss04	00B7:E653:E650:E653	cell	dangling-anchor-dropped	periodcentered|qsDay|qsPea|qsDay.half.en-y0.ex-y0	namer-dot/boundary/None/None/|qsDay/full/None/None/|qsPea/full/None/baseline/|qsDay/half/baseline/None/
ss04	00B7:E653:E652:0020	cell	boundary-echo	periodcentered|qsDay|qsTea.en-y0|space	namer-dot/boundary/None/None/|qsDay/full/None/baseline/|qsTea/full/baseline/None/|space/boundary/None/None/
ss04	00B7:E653:E652:00B7	cell	bare-name-live-join	periodcentered|qsDay|qsTea.en-y0|periodcentered	namer-dot/boundary/None/None/|qsDay/full/None/baseline/|qsTea/full/baseline/None/|namer-dot/boundary/None/None/
ss04	00B7:E653:E652:200C	cell	boundary-echo	periodcentered|qsDay|qsTea.en-y0|space	namer-dot/boundary/None/None/|qsDay/full/None/baseline/|qsTea/full/baseline/None/|zwnj/boundary/None/None/
ss04	00B7:E653:E652:E650	cell	bare-name-live-join	periodcentered|qsDay|qsTea.en-y0|qsPea	namer-dot/boundary/None/None/|qsDay/full/None/baseline/|qsTea/full/baseline/None/|qsPea/full/None/None/
ss04	00B7:E653:E652:E652	cell	bare-name-live-join	periodcentered|qsDay|qsTea.en-y0|qsTea	namer-dot/boundary/None/None/|qsDay/full/None/baseline/|qsTea/full/baseline/None/|qsTea/full/None/None/
ss04	00B7:E653:E652:E653	cell	dangling-anchor-dropped	periodcentered|qsDay|qsTea.ex-y0|qsDay.half.en-y0.ex-y0.en-ext-1	namer-dot/boundary/None/None/|qsDay/full/None/None/|qsTea/full/None/baseline/|qsDay/half/baseline/None/en-ext-1
ss04	00B7:E653:E652:E668	cell,seam	regrouping-floor-drift	periodcentered|qsDay|qsTea.half.ex-y5|qsRoe.en-y5.en-con-1	namer-dot/boundary/None/None/|qsDay/full/None/baseline/|qsTea/full/baseline/None/|qsRoe/hapax/None/None/
ss04	00B7:E653:E653:0020	cell	boundary-echo	periodcentered|qsDay|qsDay.half.en-y0.ex-y0|space	namer-dot/boundary/None/None/|qsDay/full/None/baseline/|qsDay/half/baseline/None/|space/boundary/None/None/
ss04	00B7:E653:E653:00B7	cell	dangling-anchor-dropped	periodcentered|qsDay|qsDay.half.en-y0.ex-y0|periodcentered	namer-dot/boundary/None/None/|qsDay/full/None/baseline/|qsDay/half/baseline/None/|namer-dot/boundary/None/None/
ss04	00B7:E653:E653:200C	cell	boundary-echo	periodcentered|qsDay|qsDay.half.en-y0.ex-y0|space	namer-dot/boundary/None/None/|qsDay/full/None/baseline/|qsDay/half/baseline/None/|zwnj/boundary/None/None/
ss04	00B7:E653:E653:E650	cell	dangling-anchor-dropped	periodcentered|qsDay|qsDay.half.en-y0.ex-y0|qsPea	namer-dot/boundary/None/None/|qsDay/full/None/baseline/|qsDay/half/baseline/None/|qsPea/full/None/None/
ss04	00B7:E653:E653:E652	cell	bare-name-live-join	periodcentered|qsDay|qsDay.half.en-y0.ex-y0|qsTea.en-y0	namer-dot/boundary/None/None/|qsDay/full/None/baseline/|qsDay/half/baseline/baseline/|qsTea/full/baseline/None/
ss04	00B7:E653:E653:E653	cell	dangling-anchor-dropped	periodcentered|qsDay|qsDay.half.en-y0.ex-y0|qsDay.half.en-y0.ex-y0	namer-dot/boundary/None/None/|qsDay/full/None/baseline/|qsDay/half/baseline/baseline/|qsDay/half/baseline/None/
ss04	00B7:E653:E653:E668	cell	bare-name-live-join	periodcentered|qsDay|qsDay.half.en-y0.ex-y0|qsRoe	namer-dot/boundary/None/None/|qsDay/full/None/baseline/|qsDay/half/baseline/baseline/|qsRoe/hapax/baseline/None/
ss04	00B7:E653:E668:0020	cell	boundary-echo	periodcentered|qsDay|qsRoe|space	namer-dot/boundary/None/None/|qsDay/full/None/baseline/|qsRoe/hapax/baseline/None/|space/boundary/None/None/
ss04	00B7:E653:E668:00B7	cell	bare-name-live-join	periodcentered|qsDay|qsRoe|periodcentered	namer-dot/boundary/None/None/|qsDay/full/None/baseline/|qsRoe/hapax/baseline/None/|namer-dot/boundary/None/None/
ss04	00B7:E653:E668:200C	cell	boundary-echo	periodcentered|qsDay|qsRoe|space	namer-dot/boundary/None/None/|qsDay/full/None/baseline/|qsRoe/hapax/baseline/None/|zwnj/boundary/None/None/
ss04	00B7:E653:E668:E650	cell	bare-name-live-join	periodcentered|qsDay|qsRoe|qsPea	namer-dot/boundary/None/None/|qsDay/full/None/baseline/|qsRoe/hapax/baseline/None/|qsPea/full/None/None/
ss04	00B7:E653:E668:E652	cell	bare-name-live-join	periodcentered|qsDay|qsRoe|qsTea	namer-dot/boundary/None/None/|qsDay/full/None/baseline/|qsRoe/hapax/baseline/None/|qsTea/full/None/None/
ss04	00B7:E653:E668:E653	cell	bare-name-live-join	periodcentered|qsDay|qsRoe|qsDay	namer-dot/boundary/None/None/|qsDay/full/None/baseline/|qsRoe/hapax/baseline/None/|qsDay/full/None/None/
ss04	00B7:E653:E668:E668	cell	bare-name-live-join	periodcentered|qsDay|qsRoe.en-y0.ex-y5|qsRoe	namer-dot/boundary/None/None/|qsDay/full/None/baseline/|qsRoe/hapax/baseline/x-height/|qsRoe/hapax/x-height/None/
ss04	00B7:E668:E650:E650	cell	dangling-anchor-dropped	periodcentered.lowered|qsRoe|qsPea.half.en-y6.ex-y6|qsPea.en-y6	namer-dot/boundary/None/None/|qsRoe/hapax/None/None/|qsPea/half/None/y6/|qsPea/full/y6/None/
ss04	00B7:E668:E650:E653	cell	dangling-anchor-dropped	periodcentered.lowered|qsRoe|qsPea|qsDay.half.en-y0.ex-y0	namer-dot/boundary/None/None/|qsRoe/hapax/None/None/|qsPea/full/None/baseline/|qsDay/half/baseline/None/
ss04	00B7:E668:E652:E653	cell	dangling-anchor-dropped	periodcentered.lowered|qsRoe|qsTea.ex-y0|qsDay.half.en-y0.ex-y0.en-ext-1	namer-dot/boundary/None/None/|qsRoe/hapax/None/None/|qsTea/full/None/baseline/|qsDay/half/baseline/None/en-ext-1
ss04	00B7:E668:E653:E652	cell	bare-name-live-join	periodcentered.lowered|qsRoe|qsDay|qsTea.en-y0	namer-dot/boundary/None/None/|qsRoe/hapax/None/None/|qsDay/full/None/baseline/|qsTea/full/baseline/None/
ss04	00B7:E668:E653:E653	cell	dangling-anchor-dropped	periodcentered.lowered|qsRoe|qsDay|qsDay.half.en-y0.ex-y0	namer-dot/boundary/None/None/|qsRoe/hapax/None/None/|qsDay/full/None/baseline/|qsDay/half/baseline/None/
ss04	00B7:E668:E653:E668	cell	bare-name-live-join	periodcentered.lowered|qsRoe|qsDay|qsRoe	namer-dot/boundary/None/None/|qsRoe/hapax/None/None/|qsDay/full/None/baseline/|qsRoe/hapax/baseline/None/
ss04	00B7:E668:E668:0020	cell	boundary-echo	periodcentered.lowered|qsRoe.en-y0.ex-y5|qsRoe|space	namer-dot/boundary/None/None/|qsRoe/hapax/None/x-height/|qsRoe/hapax/x-height/None/|space/boundary/None/None/
ss04	00B7:E668:E668:00B7	cell	dangling-anchor-dropped	periodcentered.lowered|qsRoe.en-y0.ex-y5|qsRoe|periodcentered	namer-dot/boundary/None/None/|qsRoe/hapax/None/x-height/|qsRoe/hapax/x-height/None/|namer-dot/boundary/None/None/
ss04	00B7:E668:E668:200C	cell	boundary-echo	periodcentered.lowered|qsRoe.en-y0.ex-y5|qsRoe|space	namer-dot/boundary/None/None/|qsRoe/hapax/None/x-height/|qsRoe/hapax/x-height/None/|zwnj/boundary/None/None/
ss04	00B7:E668:E668:E650	cell	dangling-anchor-dropped	periodcentered.lowered|qsRoe.en-y0.ex-y5|qsRoe|qsPea	namer-dot/boundary/None/None/|qsRoe/hapax/None/x-height/|qsRoe/hapax/x-height/None/|qsPea/full/None/None/
ss04	00B7:E668:E668:E652	cell	dangling-anchor-dropped	periodcentered.lowered|qsRoe.en-y0.ex-y5|qsRoe|qsTea	namer-dot/boundary/None/None/|qsRoe/hapax/None/x-height/|qsRoe/hapax/x-height/None/|qsTea/full/None/None/
ss04	00B7:E668:E668:E653	cell	dangling-anchor-dropped	periodcentered.lowered|qsRoe.en-y0.ex-y5|qsRoe|qsDay	namer-dot/boundary/None/None/|qsRoe/hapax/None/x-height/|qsRoe/hapax/x-height/None/|qsDay/full/None/None/
ss04	00B7:E668:E668:E668	cell	dangling-anchor-dropped	periodcentered.lowered|qsRoe.en-y0.ex-y5|qsRoe.ex-y0|qsRoe	namer-dot/boundary/None/None/|qsRoe/hapax/None/x-height/|qsRoe/hapax/x-height/baseline/|qsRoe/hapax/baseline/None/
ss04	200C:0020:E650:E650	cell	boundary-echo	space|space|qsPea.half.en-y6.ex-y6|qsPea.en-y6	zwnj/boundary/None/None/|space/boundary/None/None/|qsPea/half/None/y6/|qsPea/full/y6/None/
ss04	200C:0020:E650:E653	cell	boundary-echo	space|space|qsPea|qsDay.half.en-y0.ex-y0	zwnj/boundary/None/None/|space/boundary/None/None/|qsPea/full/None/baseline/|qsDay/half/baseline/None/
ss04	200C:0020:E652:E653	cell	boundary-echo	space|space|qsTea.ex-y0|qsDay.half.en-y0.ex-y0.en-ext-1	zwnj/boundary/None/None/|space/boundary/None/None/|qsTea/full/None/baseline/|qsDay/half/baseline/None/en-ext-1
ss04	200C:0020:E653:E652	cell	boundary-echo	space|space|qsDay|qsTea.en-y0	zwnj/boundary/None/None/|space/boundary/None/None/|qsDay/full/None/baseline/|qsTea/full/baseline/None/
ss04	200C:0020:E653:E653	cell	boundary-echo	space|space|qsDay|qsDay.half.en-y0.ex-y0	zwnj/boundary/None/None/|space/boundary/None/None/|qsDay/full/None/baseline/|qsDay/half/baseline/None/
ss04	200C:0020:E653:E668	cell	boundary-echo	space|space|qsDay|qsRoe	zwnj/boundary/None/None/|space/boundary/None/None/|qsDay/full/None/baseline/|qsRoe/hapax/baseline/None/
ss04	200C:0020:E668:E668	cell	boundary-echo	space|space|qsRoe.en-y0.ex-y5|qsRoe	zwnj/boundary/None/None/|space/boundary/None/None/|qsRoe/hapax/None/x-height/|qsRoe/hapax/x-height/None/
ss04	200C:00B7:E650:E650	cell	boundary-echo	space|periodcentered|qsPea.half.en-y6.ex-y6|qsPea.en-y6	zwnj/boundary/None/None/|namer-dot/boundary/None/None/|qsPea/half/None/y6/|qsPea/full/y6/None/
ss04	200C:00B7:E650:E653	cell	boundary-echo	space|periodcentered|qsPea|qsDay.half.en-y0.ex-y0	zwnj/boundary/None/None/|namer-dot/boundary/None/None/|qsPea/full/None/baseline/|qsDay/half/baseline/None/
ss04	200C:00B7:E652:E653	cell	boundary-echo	space|periodcentered|qsTea.ex-y0|qsDay.half.en-y0.ex-y0.en-ext-1	zwnj/boundary/None/None/|namer-dot/boundary/None/None/|qsTea/full/None/baseline/|qsDay/half/baseline/None/en-ext-1
ss04	200C:00B7:E653:E652	cell	boundary-echo	space|periodcentered|qsDay|qsTea.en-y0	zwnj/boundary/None/None/|namer-dot/boundary/None/None/|qsDay/full/None/baseline/|qsTea/full/baseline/None/
ss04	200C:00B7:E653:E653	cell	boundary-echo	space|periodcentered|qsDay|qsDay.half.en-y0.ex-y0	zwnj/boundary/None/None/|namer-dot/boundary/None/None/|qsDay/full/None/baseline/|qsDay/half/baseline/None/
ss04	200C:00B7:E653:E668	cell	boundary-echo	space|periodcentered|qsDay|qsRoe	zwnj/boundary/None/None/|namer-dot/boundary/None/None/|qsDay/full/None/baseline/|qsRoe/hapax/baseline/None/
ss04	200C:00B7:E668:E668	cell	boundary-echo	space|periodcentered.lowered|qsRoe.en-y0.ex-y5|qsRoe	zwnj/boundary/None/None/|namer-dot/boundary/None/None/|qsRoe/hapax/None/x-height/|qsRoe/hapax/x-height/None/
ss04	200C:200C:E650:E653	cell	boundary-echo	space|space|qsPea.noentry|qsDay.half.en-y0.ex-y0	zwnj/boundary/None/None/|zwnj/boundary/None/None/|qsPea/full/None/baseline/locked|qsDay/half/baseline/None/
ss04	200C:200C:E650:E668	cell	boundary-echo	space|space|qsPea.half.ex-y5.ex-dips|qsRoe.en-y5.en-con-1	zwnj/boundary/None/None/|zwnj/boundary/None/None/|qsPea/half/None/x-height/locked|qsRoe/hapax/x-height/None/en-con-1
ss04	200C:200C:E652:E652	cell	boundary-echo	space|space|qsTea.ex-y0|qsTea	zwnj/boundary/None/None/|zwnj/boundary/None/None/|qsTea/full/None/None/locked|qsTea/full/None/None/
ss04	200C:200C:E652:E653	cell	boundary-echo	space|space|qsTea.ex-y0|qsDay.half.en-y0.ex-y0.en-ext-1	zwnj/boundary/None/None/|zwnj/boundary/None/None/|qsTea/full/None/baseline/locked|qsDay/half/baseline/None/en-ext-1
ss04	200C:200C:E653:E652	cell	boundary-echo	space|space|qsDay.noentry|qsTea.en-y0	zwnj/boundary/None/None/|zwnj/boundary/None/None/|qsDay/full/None/baseline/locked|qsTea/full/baseline/None/
ss04	200C:200C:E653:E653	cell	boundary-echo	space|space|qsDay.noentry|qsDay.half.en-y0.ex-y0	zwnj/boundary/None/None/|zwnj/boundary/None/None/|qsDay/full/None/baseline/locked|qsDay/half/baseline/None/
ss04	200C:200C:E653:E668	cell	boundary-echo	space|space|qsDay.noentry|qsRoe	zwnj/boundary/None/None/|zwnj/boundary/None/None/|qsDay/full/None/baseline/locked|qsRoe/hapax/baseline/None/
ss04	200C:200C:E668:E668	cell	boundary-echo	space|space|qsRoe.en-y0.ex-y5.noentry|qsRoe	zwnj/boundary/None/None/|zwnj/boundary/None/None/|qsRoe/hapax/None/x-height/locked|qsRoe/hapax/x-height/None/
ss04	200C:E650:E650:E652	cell	boundary-echo	space|qsPea.half.en-y6.ex-y6.noentry|qsPea.en-y6.ex-y0|qsTea	zwnj/boundary/None/None/|qsPea/half/None/y6/locked|qsPea/full/y6/None/|qsTea/full/None/None/
ss04	200C:E650:E650:E653	cell	boundary-echo	space|qsPea.half.en-y6.ex-y6.noentry|qsPea.en-y6.ex-y0|qsDay.half.en-y0.ex-y0	zwnj/boundary/None/None/|qsPea/half/None/y6/locked|qsPea/full/y6/baseline/|qsDay/half/baseline/None/
ss04	200C:E650:E652:E653	cell	boundary-echo	space|qsPea.noentry|qsTea.ex-y0|qsDay.half.en-y0.ex-y0.en-ext-1	zwnj/boundary/None/None/|qsPea/full/None/None/locked|qsTea/full/None/baseline/|qsDay/half/baseline/None/en-ext-1
ss04	200C:E650:E653:0020	cell	boundary-echo	space|qsPea.noentry|qsDay.half.en-y0.ex-y0|space	zwnj/boundary/None/None/|qsPea/full/None/baseline/locked|qsDay/half/baseline/None/|space/boundary/None/None/
ss04	200C:E650:E653:00B7	cell	boundary-echo	space|qsPea.noentry|qsDay.half.en-y0.ex-y0|periodcentered	zwnj/boundary/None/None/|qsPea/full/None/baseline/locked|qsDay/half/baseline/None/|namer-dot/boundary/None/None/
ss04	200C:E650:E653:200C	cell	boundary-echo	space|qsPea.noentry|qsDay.half.en-y0.ex-y0|space	zwnj/boundary/None/None/|qsPea/full/None/baseline/locked|qsDay/half/baseline/None/|zwnj/boundary/None/None/
ss04	200C:E650:E653:E650	cell	boundary-echo	space|qsPea.noentry|qsDay.half.en-y0.ex-y0|qsPea	zwnj/boundary/None/None/|qsPea/full/None/baseline/locked|qsDay/half/baseline/None/|qsPea/full/None/None/
ss04	200C:E650:E653:E652	cell	boundary-echo	space|qsPea.noentry|qsDay.half.en-y0.ex-y0|qsTea.en-y0	zwnj/boundary/None/None/|qsPea/full/None/baseline/locked|qsDay/half/baseline/baseline/|qsTea/full/baseline/None/
ss04	200C:E650:E653:E653	cell	boundary-echo	space|qsPea.noentry|qsDay.half.en-y0.ex-y0|qsDay.half.en-y0.ex-y0	zwnj/boundary/None/None/|qsPea/full/None/baseline/locked|qsDay/half/baseline/baseline/|qsDay/half/baseline/None/
ss04	200C:E650:E653:E668	cell	boundary-echo	space|qsPea.noentry|qsDay.half.en-y0.ex-y0|qsRoe	zwnj/boundary/None/None/|qsPea/full/None/baseline/locked|qsDay/half/baseline/baseline/|qsRoe/hapax/baseline/None/
ss04	200C:E650:E668:0020	cell	boundary-echo	space|qsPea.half.ex-y5.ex-dips|qsRoe.en-y5.en-con-1|space	zwnj/boundary/None/None/|qsPea/half/None/x-height/locked|qsRoe/hapax/x-height/None/en-con-1|space/boundary/None/None/
ss04	200C:E650:E668:00B7	cell	boundary-echo	space|qsPea.half.ex-y5.ex-dips|qsRoe.en-y5.en-con-1|periodcentered	zwnj/boundary/None/None/|qsPea/half/None/x-height/locked|qsRoe/hapax/x-height/None/en-con-1|namer-dot/boundary/None/None/
ss04	200C:E650:E668:200C	cell	boundary-echo	space|qsPea.half.ex-y5.ex-dips|qsRoe.en-y5.en-con-1|space	zwnj/boundary/None/None/|qsPea/half/None/x-height/locked|qsRoe/hapax/x-height/None/en-con-1|zwnj/boundary/None/None/
ss04	200C:E650:E668:E650	cell	boundary-echo	space|qsPea.half.ex-y5.ex-dips|qsRoe.en-y5.en-con-1|qsPea	zwnj/boundary/None/None/|qsPea/half/None/x-height/locked|qsRoe/hapax/x-height/None/en-con-1|qsPea/full/None/None/
ss04	200C:E650:E668:E652	cell	boundary-echo	space|qsPea.half.ex-y5.ex-dips|qsRoe.en-y5.en-con-1|qsTea	zwnj/boundary/None/None/|qsPea/half/None/x-height/locked|qsRoe/hapax/x-height/None/en-con-1|qsTea/full/None/None/
ss04	200C:E650:E668:E653	cell	boundary-echo	space|qsPea.half.ex-y5.ex-dips|qsRoe.en-y5.en-con-1|qsDay	zwnj/boundary/None/None/|qsPea/half/None/x-height/locked|qsRoe/hapax/x-height/None/en-con-1|qsDay/full/None/None/
ss04	200C:E650:E668:E668	cell	boundary-echo	space|qsPea.half.ex-y5.ex-dips|qsRoe.ex-y0|qsRoe	zwnj/boundary/None/None/|qsPea/half/None/x-height/locked|qsRoe/hapax/x-height/baseline/en-con-1|qsRoe/hapax/baseline/None/
ss04	200C:E652:E650:E650	cell	boundary-echo	space|qsTea.noentry|qsPea.half.en-y6.ex-y6|qsPea.en-y6	zwnj/boundary/None/None/|qsTea/full/None/None/locked|qsPea/half/None/y6/|qsPea/full/y6/None/
ss04	200C:E652:E650:E653	cell	boundary-echo	space|qsTea.noentry|qsPea|qsDay.half.en-y0.ex-y0	zwnj/boundary/None/None/|qsTea/full/None/None/locked|qsPea/full/None/baseline/|qsDay/half/baseline/None/
ss04	200C:E652:E652:0020	cell	boundary-echo	space|qsTea.ex-y0|qsTea|space	zwnj/boundary/None/None/|qsTea/full/None/None/locked|qsTea/full/None/None/|space/boundary/None/None/
ss04	200C:E652:E652:00B7	cell	boundary-echo	space|qsTea.ex-y0|qsTea|periodcentered	zwnj/boundary/None/None/|qsTea/full/None/None/locked|qsTea/full/None/None/|namer-dot/boundary/None/None/
ss04	200C:E652:E652:200C	cell	boundary-echo	space|qsTea.ex-y0|qsTea|space	zwnj/boundary/None/None/|qsTea/full/None/None/locked|qsTea/full/None/None/|zwnj/boundary/None/None/
ss04	200C:E652:E652:E650	cell	boundary-echo	space|qsTea.ex-y0|qsTea|qsPea	zwnj/boundary/None/None/|qsTea/full/None/None/locked|qsTea/full/None/None/|qsPea/full/None/None/
ss04	200C:E652:E652:E652	cell	boundary-echo	space|qsTea.ex-y0|qsTea|qsTea	zwnj/boundary/None/None/|qsTea/full/None/None/locked|qsTea/full/None/None/|qsTea/full/None/None/
ss04	200C:E652:E652:E653	cell	boundary-echo	space|qsTea.noentry|qsTea.ex-y0|qsDay.half.en-y0.ex-y0.en-ext-1	zwnj/boundary/None/None/|qsTea/full/None/None/locked|qsTea/full/None/baseline/|qsDay/half/baseline/None/en-ext-1
ss04	200C:E652:E653:0020	cell	boundary-echo	space|qsTea.ex-y0|qsDay.half.en-y0.ex-y0.en-ext-1|space	zwnj/boundary/None/None/|qsTea/full/None/baseline/locked|qsDay/half/baseline/None/en-ext-1|space/boundary/None/None/
ss04	200C:E652:E653:00B7	cell	boundary-echo	space|qsTea.ex-y0|qsDay.half.en-y0.ex-y0.en-ext-1|periodcentered	zwnj/boundary/None/None/|qsTea/full/None/baseline/locked|qsDay/half/baseline/None/en-ext-1|namer-dot/boundary/None/None/
ss04	200C:E652:E653:200C	cell	boundary-echo	space|qsTea.ex-y0|qsDay.half.en-y0.ex-y0.en-ext-1|space	zwnj/boundary/None/None/|qsTea/full/None/baseline/locked|qsDay/half/baseline/None/en-ext-1|zwnj/boundary/None/None/
ss04	200C:E652:E653:E650	cell	boundary-echo	space|qsTea.ex-y0|qsDay.half.en-y0.ex-y0.en-ext-1|qsPea	zwnj/boundary/None/None/|qsTea/full/None/baseline/locked|qsDay/half/baseline/None/en-ext-1|qsPea/full/None/None/
ss04	200C:E652:E653:E652	cell	boundary-echo	space|qsTea.ex-y0|qsDay.half.en-y0.ex-y0.en-ext-1|qsTea.en-y0	zwnj/boundary/None/None/|qsTea/full/None/baseline/locked|qsDay/half/baseline/baseline/en-ext-1|qsTea/full/baseline/None/
ss04	200C:E652:E653:E653	cell	boundary-echo	space|qsTea.ex-y0|qsDay.half.en-y0.ex-y0.en-ext-1|qsDay.half.en-y0.ex-y0	zwnj/boundary/None/None/|qsTea/full/None/baseline/locked|qsDay/half/baseline/baseline/en-ext-1|qsDay/half/baseline/None/
ss04	200C:E652:E653:E668	cell	boundary-echo	space|qsTea.ex-y0|qsDay.half.en-y0.ex-y0.en-ext-1|qsRoe	zwnj/boundary/None/None/|qsTea/full/None/baseline/locked|qsDay/half/baseline/baseline/en-ext-1|qsRoe/hapax/baseline/None/
ss04	200C:E652:E668:E668	cell	boundary-echo	space|qsTea.half.en-y8.ex-y5.noentry|qsRoe.ex-y0|qsRoe	zwnj/boundary/None/None/|qsTea/half/None/x-height/locked|qsRoe/hapax/x-height/baseline/en-con-1|qsRoe/hapax/baseline/None/
ss04	200C:E653:E650:E650	cell	boundary-echo	space|qsDay.noentry|qsPea.half.en-y6.ex-y6|qsPea.en-y6	zwnj/boundary/None/None/|qsDay/full/None/None/locked|qsPea/half/None/y6/|qsPea/full/y6/None/
ss04	200C:E653:E650:E653	cell	boundary-echo	space|qsDay.noentry|qsPea|qsDay.half.en-y0.ex-y0	zwnj/boundary/None/None/|qsDay/full/None/None/locked|qsPea/full/None/baseline/|qsDay/half/baseline/None/
ss04	200C:E653:E652:0020	cell	boundary-echo	space|qsDay.noentry|qsTea.en-y0|space	zwnj/boundary/None/None/|qsDay/full/None/baseline/locked|qsTea/full/baseline/None/|space/boundary/None/None/
ss04	200C:E653:E652:00B7	cell	boundary-echo	space|qsDay.noentry|qsTea.en-y0|periodcentered	zwnj/boundary/None/None/|qsDay/full/None/baseline/locked|qsTea/full/baseline/None/|namer-dot/boundary/None/None/
ss04	200C:E653:E652:200C	cell	boundary-echo	space|qsDay.noentry|qsTea.en-y0|space	zwnj/boundary/None/None/|qsDay/full/None/baseline/locked|qsTea/full/baseline/None/|zwnj/boundary/None/None/
ss04	200C:E653:E652:E650	cell	boundary-echo	space|qsDay.noentry|qsTea.en-y0|qsPea	zwnj/boundary/None/None/|qsDay/full/None/baseline/locked|qsTea/full/baseline/None/|qsPea/full/None/None/
ss04	200C:E653:E652:E652	cell	boundary-echo	space|qsDay.noentry|qsTea.en-y0|qsTea	zwnj/boundary/None/None/|qsDay/full/None/baseline/locked|qsTea/full/baseline/None/|qsTea/full/None/None/
ss04	200C:E653:E652:E653	cell	boundary-echo	space|qsDay.noentry|qsTea.ex-y0|qsDay.half.en-y0.ex-y0.en-ext-1	zwnj/boundary/None/None/|qsDay/full/None/None/locked|qsTea/full/None/baseline/|qsDay/half/baseline/None/en-ext-1
ss04	200C:E653:E652:E668	cell,seam	boundary-echo	space|qsDay.noentry|qsTea.half.ex-y5|qsRoe.en-y5.en-con-1	zwnj/boundary/None/None/|qsDay/full/None/baseline/locked|qsTea/full/baseline/None/|qsRoe/hapax/None/None/
ss04	200C:E653:E653:0020	cell	boundary-echo	space|qsDay.noentry|qsDay.half.en-y0.ex-y0|space	zwnj/boundary/None/None/|qsDay/full/None/baseline/locked|qsDay/half/baseline/None/|space/boundary/None/None/
ss04	200C:E653:E653:00B7	cell	boundary-echo	space|qsDay.noentry|qsDay.half.en-y0.ex-y0|periodcentered	zwnj/boundary/None/None/|qsDay/full/None/baseline/locked|qsDay/half/baseline/None/|namer-dot/boundary/None/None/
ss04	200C:E653:E653:200C	cell	boundary-echo	space|qsDay.noentry|qsDay.half.en-y0.ex-y0|space	zwnj/boundary/None/None/|qsDay/full/None/baseline/locked|qsDay/half/baseline/None/|zwnj/boundary/None/None/
ss04	200C:E653:E653:E650	cell	boundary-echo	space|qsDay.noentry|qsDay.half.en-y0.ex-y0|qsPea	zwnj/boundary/None/None/|qsDay/full/None/baseline/locked|qsDay/half/baseline/None/|qsPea/full/None/None/
ss04	200C:E653:E653:E652	cell	boundary-echo	space|qsDay.noentry|qsDay.half.en-y0.ex-y0|qsTea.en-y0	zwnj/boundary/None/None/|qsDay/full/None/baseline/locked|qsDay/half/baseline/baseline/|qsTea/full/baseline/None/
ss04	200C:E653:E653:E653	cell	boundary-echo	space|qsDay.noentry|qsDay.half.en-y0.ex-y0|qsDay.half.en-y0.ex-y0	zwnj/boundary/None/None/|qsDay/full/None/baseline/locked|qsDay/half/baseline/baseline/|qsDay/half/baseline/None/
ss04	200C:E653:E653:E668	cell	boundary-echo	space|qsDay.noentry|qsDay.half.en-y0.ex-y0|qsRoe	zwnj/boundary/None/None/|qsDay/full/None/baseline/locked|qsDay/half/baseline/baseline/|qsRoe/hapax/baseline/None/
ss04	200C:E653:E668:0020	cell	boundary-echo	space|qsDay.noentry|qsRoe|space	zwnj/boundary/None/None/|qsDay/full/None/baseline/locked|qsRoe/hapax/baseline/None/|space/boundary/None/None/
ss04	200C:E653:E668:00B7	cell	boundary-echo	space|qsDay.noentry|qsRoe|periodcentered	zwnj/boundary/None/None/|qsDay/full/None/baseline/locked|qsRoe/hapax/baseline/None/|namer-dot/boundary/None/None/
ss04	200C:E653:E668:200C	cell	boundary-echo	space|qsDay.noentry|qsRoe|space	zwnj/boundary/None/None/|qsDay/full/None/baseline/locked|qsRoe/hapax/baseline/None/|zwnj/boundary/None/None/
ss04	200C:E653:E668:E650	cell	boundary-echo	space|qsDay.noentry|qsRoe|qsPea	zwnj/boundary/None/None/|qsDay/full/None/baseline/locked|qsRoe/hapax/baseline/None/|qsPea/full/None/None/
ss04	200C:E653:E668:E652	cell	boundary-echo	space|qsDay.noentry|qsRoe|qsTea	zwnj/boundary/None/None/|qsDay/full/None/baseline/locked|qsRoe/hapax/baseline/None/|qsTea/full/None/None/
ss04	200C:E653:E668:E653	cell	boundary-echo	space|qsDay.noentry|qsRoe|qsDay	zwnj/boundary/None/None/|qsDay/full/None/baseline/locked|qsRoe/hapax/baseline/None/|qsDay/full/None/None/
ss04	200C:E653:E668:E668	cell	boundary-echo	space|qsDay.noentry|qsRoe.en-y0.ex-y5|qsRoe	zwnj/boundary/None/None/|qsDay/full/None/baseline/locked|qsRoe/hapax/baseline/x-height/|qsRoe/hapax/x-height/None/
ss04	200C:E665:E679:E650	cell	boundary-echo	space|qsMay.noentry|qsOy.en-y5.ex-y0|qsPea	zwnj/boundary/None/None/|qsMay/loop/None/x-height/locked|qsOy/hapax/x-height/None/|qsPea/full/None/None/
ss04	200C:E668:E650:E650	cell	boundary-echo	space|qsRoe.noentry|qsPea.half.en-y6.ex-y6|qsPea.en-y6	zwnj/boundary/None/None/|qsRoe/hapax/None/None/locked|qsPea/half/None/y6/|qsPea/full/y6/None/
ss04	200C:E668:E650:E653	cell	boundary-echo	space|qsRoe.noentry|qsPea|qsDay.half.en-y0.ex-y0	zwnj/boundary/None/None/|qsRoe/hapax/None/None/locked|qsPea/full/None/baseline/|qsDay/half/baseline/None/
ss04	200C:E668:E652:E653	cell	boundary-echo	space|qsRoe.noentry|qsTea.ex-y0|qsDay.half.en-y0.ex-y0.en-ext-1	zwnj/boundary/None/None/|qsRoe/hapax/None/None/locked|qsTea/full/None/baseline/|qsDay/half/baseline/None/en-ext-1
ss04	200C:E668:E653:E652	cell	boundary-echo	space|qsRoe.noentry|qsDay|qsTea.en-y0	zwnj/boundary/None/None/|qsRoe/hapax/None/None/locked|qsDay/full/None/baseline/|qsTea/full/baseline/None/
ss04	200C:E668:E653:E653	cell	boundary-echo	space|qsRoe.noentry|qsDay|qsDay.half.en-y0.ex-y0	zwnj/boundary/None/None/|qsRoe/hapax/None/None/locked|qsDay/full/None/baseline/|qsDay/half/baseline/None/
ss04	200C:E668:E653:E668	cell	boundary-echo	space|qsRoe.noentry|qsDay|qsRoe	zwnj/boundary/None/None/|qsRoe/hapax/None/None/locked|qsDay/full/None/baseline/|qsRoe/hapax/baseline/None/
ss04	200C:E668:E668:0020	cell	boundary-echo	space|qsRoe.en-y0.ex-y5.noentry|qsRoe|space	zwnj/boundary/None/None/|qsRoe/hapax/None/x-height/locked|qsRoe/hapax/x-height/None/|space/boundary/None/None/
ss04	200C:E668:E668:00B7	cell	boundary-echo	space|qsRoe.en-y0.ex-y5.noentry|qsRoe|periodcentered	zwnj/boundary/None/None/|qsRoe/hapax/None/x-height/locked|qsRoe/hapax/x-height/None/|namer-dot/boundary/None/None/
ss04	200C:E668:E668:200C	cell	boundary-echo	space|qsRoe.en-y0.ex-y5.noentry|qsRoe|space	zwnj/boundary/None/None/|qsRoe/hapax/None/x-height/locked|qsRoe/hapax/x-height/None/|zwnj/boundary/None/None/
ss04	200C:E668:E668:E650	cell	boundary-echo	space|qsRoe.en-y0.ex-y5.noentry|qsRoe|qsPea	zwnj/boundary/None/None/|qsRoe/hapax/None/x-height/locked|qsRoe/hapax/x-height/None/|qsPea/full/None/None/
ss04	200C:E668:E668:E652	cell	boundary-echo	space|qsRoe.en-y0.ex-y5.noentry|qsRoe|qsTea	zwnj/boundary/None/None/|qsRoe/hapax/None/x-height/locked|qsRoe/hapax/x-height/None/|qsTea/full/None/None/
ss04	200C:E668:E668:E653	cell	boundary-echo	space|qsRoe.en-y0.ex-y5.noentry|qsRoe|qsDay	zwnj/boundary/None/None/|qsRoe/hapax/None/x-height/locked|qsRoe/hapax/x-height/None/|qsDay/full/None/None/
ss04	200C:E668:E668:E668	cell	boundary-echo	space|qsRoe.en-y0.ex-y5.noentry|qsRoe.ex-y0|qsRoe	zwnj/boundary/None/None/|qsRoe/hapax/None/x-height/locked|qsRoe/hapax/x-height/baseline/|qsRoe/hapax/baseline/None/
ss04	E650:0020:E650:E650	cell	boundary-echo	qsPea|space|qsPea.half.en-y6.ex-y6|qsPea.en-y6	qsPea/full/None/None/|space/boundary/None/None/|qsPea/half/None/y6/|qsPea/full/y6/None/
ss04	E650:0020:E650:E653	cell	boundary-echo	qsPea|space|qsPea|qsDay.half.en-y0.ex-y0	qsPea/full/None/None/|space/boundary/None/None/|qsPea/full/None/baseline/|qsDay/half/baseline/None/
ss04	E650:0020:E652:E653	cell	boundary-echo	qsPea|space|qsTea.ex-y0|qsDay.half.en-y0.ex-y0.en-ext-1	qsPea/full/None/None/|space/boundary/None/None/|qsTea/full/None/baseline/|qsDay/half/baseline/None/en-ext-1
ss04	E650:0020:E653:E652	cell	boundary-echo	qsPea|space|qsDay|qsTea.en-y0	qsPea/full/None/None/|space/boundary/None/None/|qsDay/full/None/baseline/|qsTea/full/baseline/None/
ss04	E650:0020:E653:E653	cell	boundary-echo	qsPea|space|qsDay|qsDay.half.en-y0.ex-y0	qsPea/full/None/None/|space/boundary/None/None/|qsDay/full/None/baseline/|qsDay/half/baseline/None/
ss04	E650:0020:E653:E668	cell	boundary-echo	qsPea|space|qsDay|qsRoe	qsPea/full/None/None/|space/boundary/None/None/|qsDay/full/None/baseline/|qsRoe/hapax/baseline/None/
ss04	E650:0020:E668:E668	cell	boundary-echo	qsPea|space|qsRoe.en-y0.ex-y5|qsRoe	qsPea/full/None/None/|space/boundary/None/None/|qsRoe/hapax/None/x-height/|qsRoe/hapax/x-height/None/
ss04	E650:00B7:E650:E650	cell	dangling-anchor-dropped	qsPea|periodcentered|qsPea.half.en-y6.ex-y6|qsPea.en-y6	qsPea/full/None/None/|namer-dot/boundary/None/None/|qsPea/half/None/y6/|qsPea/full/y6/None/
ss04	E650:00B7:E650:E653	cell	dangling-anchor-dropped	qsPea|periodcentered|qsPea|qsDay.half.en-y0.ex-y0	qsPea/full/None/None/|namer-dot/boundary/None/None/|qsPea/full/None/baseline/|qsDay/half/baseline/None/
ss04	E650:00B7:E652:E653	cell	dangling-anchor-dropped	qsPea|periodcentered|qsTea.ex-y0|qsDay.half.en-y0.ex-y0.en-ext-1	qsPea/full/None/None/|namer-dot/boundary/None/None/|qsTea/full/None/baseline/|qsDay/half/baseline/None/en-ext-1
ss04	E650:00B7:E653:E652	cell	bare-name-live-join	qsPea|periodcentered|qsDay|qsTea.en-y0	qsPea/full/None/None/|namer-dot/boundary/None/None/|qsDay/full/None/baseline/|qsTea/full/baseline/None/
ss04	E650:00B7:E653:E653	cell	dangling-anchor-dropped	qsPea|periodcentered|qsDay|qsDay.half.en-y0.ex-y0	qsPea/full/None/None/|namer-dot/boundary/None/None/|qsDay/full/None/baseline/|qsDay/half/baseline/None/
ss04	E650:00B7:E653:E668	cell	bare-name-live-join	qsPea|periodcentered|qsDay|qsRoe	qsPea/full/None/None/|namer-dot/boundary/None/None/|qsDay/full/None/baseline/|qsRoe/hapax/baseline/None/
ss04	E650:00B7:E668:E668	cell	dangling-anchor-dropped	qsPea|periodcentered.lowered|qsRoe.en-y0.ex-y5|qsRoe	qsPea/full/None/None/|namer-dot/boundary/None/None/|qsRoe/hapax/None/x-height/|qsRoe/hapax/x-height/None/
ss04	E650:200C:E650:E653	cell	boundary-echo	qsPea|space|qsPea.noentry|qsDay.half.en-y0.ex-y0	qsPea/full/None/None/|zwnj/boundary/None/None/|qsPea/full/None/baseline/locked|qsDay/half/baseline/None/
ss04	E650:200C:E650:E665	cell	boundary-echo	qsPea|space|qsPea.noentry|qsMay.en-y0.ex-y5.en-ext-1	qsPea/full/None/None/|zwnj/boundary/None/None/|qsPea/full/None/baseline/locked|qsMay/loop/baseline/None/
ss04	E650:200C:E650:E668	cell	boundary-echo	qsPea|space|qsPea.half.ex-y5.ex-dips|qsRoe.en-y5.en-con-1	qsPea/full/None/None/|zwnj/boundary/None/None/|qsPea/half/None/x-height/locked|qsRoe/hapax/x-height/None/en-con-1
ss04	E650:200C:E650:E670	cell	boundary-echo	qsPea|space|qsPea.half.ex-y5.ex-dips|qsIt.en-y5.ex-y0	qsPea/full/None/None/|zwnj/boundary/None/None/|qsPea/half/None/x-height/locked|qsIt/hapax/x-height/None/
ss04	E650:200C:E652:E652	cell	boundary-echo	qsPea|space|qsTea.ex-y0|qsTea	qsPea/full/None/None/|zwnj/boundary/None/None/|qsTea/full/None/None/locked|qsTea/full/None/None/
ss04	E650:200C:E652:E653	cell	boundary-echo	qsPea|space|qsTea.ex-y0|qsDay.half.en-y0.ex-y0.en-ext-1	qsPea/full/None/None/|zwnj/boundary/None/None/|qsTea/full/None/baseline/locked|qsDay/half/baseline/None/en-ext-1
ss04	E650:200C:E653:E652	cell	boundary-echo	qsPea|space|qsDay.noentry|qsTea.en-y0	qsPea/full/None/None/|zwnj/boundary/None/None/|qsDay/full/None/baseline/locked|qsTea/full/baseline/None/
ss04	E650:200C:E653:E653	cell	boundary-echo	qsPea|space|qsDay.noentry|qsDay.half.en-y0.ex-y0	qsPea/full/None/None/|zwnj/boundary/None/None/|qsDay/full/None/baseline/locked|qsDay/half/baseline/None/
ss04	E650:200C:E653:E668	cell	boundary-echo	qsPea|space|qsDay.noentry|qsRoe	qsPea/full/None/None/|zwnj/boundary/None/None/|qsDay/full/None/baseline/locked|qsRoe/hapax/baseline/None/
ss04	E650:200C:E668:E668	cell	boundary-echo	qsPea|space|qsRoe.en-y0.ex-y5.noentry|qsRoe	qsPea/full/None/None/|zwnj/boundary/None/None/|qsRoe/hapax/None/x-height/locked|qsRoe/hapax/x-height/None/
ss04	E650:200C:E676:E665	position	kern-channel-out-of-scope	qsPea|space|qsAh.noentry.ex-ext-1|qsMay.en-y5	slot 3 (qsMay.en-y5): origin want (500, 0), got (550, 0)
ss04	E650:E650:0020:0020	cell	boundary-echo	qsPea.half.en-y6.ex-y6|qsPea.en-y6|space|space	qsPea/half/None/y6/|qsPea/full/y6/None/|space/boundary/None/None/|space/boundary/None/None/
ss04	E650:E650:0020:00B7	cell	boundary-echo	qsPea.half.en-y6.ex-y6|qsPea.en-y6|space|periodcentered	qsPea/half/None/y6/|qsPea/full/y6/None/|space/boundary/None/None/|namer-dot/boundary/None/None/
ss04	E650:E650:0020:200C	cell	boundary-echo	qsPea.half.en-y6.ex-y6|qsPea.en-y6|space|space	qsPea/half/None/y6/|qsPea/full/y6/None/|space/boundary/None/None/|zwnj/boundary/None/None/
ss04	E650:E650:0020:E650	cell	boundary-echo	qsPea.half.en-y6.ex-y6|qsPea.en-y6|space|qsPea	qsPea/half/None/y6/|qsPea/full/y6/None/|space/boundary/None/None/|qsPea/full/None/None/
ss04	E650:E650:0020:E652	cell	boundary-echo	qsPea.half.en-y6.ex-y6|qsPea.en-y6|space|qsTea	qsPea/half/None/y6/|qsPea/full/y6/None/|space/boundary/None/None/|qsTea/full/None/None/
ss04	E650:E650:0020:E653	cell	boundary-echo	qsPea.half.en-y6.ex-y6|qsPea.en-y6|space|qsDay	qsPea/half/None/y6/|qsPea/full/y6/None/|space/boundary/None/None/|qsDay/full/None/None/
ss04	E650:E650:0020:E668	cell	boundary-echo	qsPea.half.en-y6.ex-y6|qsPea.en-y6|space|qsRoe	qsPea/half/None/y6/|qsPea/full/y6/None/|space/boundary/None/None/|qsRoe/hapax/None/None/
ss04	E650:E650:00B7:0020	cell	boundary-echo	qsPea.half.en-y6.ex-y6|qsPea.en-y6|periodcentered|space	qsPea/half/None/y6/|qsPea/full/y6/None/|namer-dot/boundary/None/None/|space/boundary/None/None/
ss04	E650:E650:00B7:00B7	cell	dangling-anchor-dropped	qsPea.half.en-y6.ex-y6|qsPea.en-y6|periodcentered|periodcentered	qsPea/half/None/y6/|qsPea/full/y6/None/|namer-dot/boundary/None/None/|namer-dot/boundary/None/None/
ss04	E650:E650:00B7:200C	cell	boundary-echo	qsPea.half.en-y6.ex-y6|qsPea.en-y6|periodcentered|space	qsPea/half/None/y6/|qsPea/full/y6/None/|namer-dot/boundary/None/None/|zwnj/boundary/None/None/
ss04	E650:E650:00B7:E650	cell	dangling-anchor-dropped	qsPea.half.en-y6.ex-y6|qsPea.en-y6|periodcentered|qsPea	qsPea/half/None/y6/|qsPea/full/y6/None/|namer-dot/boundary/None/None/|qsPea/full/None/None/
ss04	E650:E650:00B7:E652	cell	dangling-anchor-dropped	qsPea.half.en-y6.ex-y6|qsPea.en-y6|periodcentered|qsTea	qsPea/half/None/y6/|qsPea/full/y6/None/|namer-dot/boundary/None/None/|qsTea/full/None/None/
ss04	E650:E650:00B7:E653	cell	dangling-anchor-dropped	qsPea.half.en-y6.ex-y6|qsPea.en-y6|periodcentered|qsDay	qsPea/half/None/y6/|qsPea/full/y6/None/|namer-dot/boundary/None/None/|qsDay/full/None/None/
ss04	E650:E650:00B7:E668	cell	dangling-anchor-dropped	qsPea.half.en-y6.ex-y6|qsPea.en-y6|periodcentered.lowered|qsRoe	qsPea/half/None/y6/|qsPea/full/y6/None/|namer-dot/boundary/None/None/|qsRoe/hapax/None/None/
ss04	E650:E650:200C:0020	cell	boundary-echo	qsPea.half.en-y6.ex-y6|qsPea.en-y6|space|space	qsPea/half/None/y6/|qsPea/full/y6/None/|zwnj/boundary/None/None/|space/boundary/None/None/
ss04	E650:E650:200C:00B7	cell	boundary-echo	qsPea.half.en-y6.ex-y6|qsPea.en-y6|space|periodcentered	qsPea/half/None/y6/|qsPea/full/y6/None/|zwnj/boundary/None/None/|namer-dot/boundary/None/None/
ss04	E650:E650:200C:200C	cell	boundary-echo	qsPea.half.en-y6.ex-y6|qsPea.en-y6|space|space	qsPea/half/None/y6/|qsPea/full/y6/None/|zwnj/boundary/None/None/|zwnj/boundary/None/None/
ss04	E650:E650:200C:E650	cell	boundary-echo	qsPea.half.en-y6.ex-y6|qsPea.en-y6|space|qsPea.noentry	qsPea/half/None/y6/|qsPea/full/y6/None/|zwnj/boundary/None/None/|qsPea/full/None/None/locked
ss04	E650:E650:200C:E652	cell	boundary-echo	qsPea.half.en-y6.ex-y6|qsPea.en-y6|space|qsTea.noentry	qsPea/half/None/y6/|qsPea/full/y6/None/|zwnj/boundary/None/None/|qsTea/full/None/None/locked
ss04	E650:E650:200C:E653	cell	boundary-echo	qsPea.half.en-y6.ex-y6|qsPea.en-y6|space|qsDay.noentry	qsPea/half/None/y6/|qsPea/full/y6/None/|zwnj/boundary/None/None/|qsDay/full/None/None/locked
ss04	E650:E650:200C:E668	cell	boundary-echo	qsPea.half.en-y6.ex-y6|qsPea.en-y6|space|qsRoe.noentry	qsPea/half/None/y6/|qsPea/full/y6/None/|zwnj/boundary/None/None/|qsRoe/hapax/None/None/locked
ss04	E650:E650:E650:0020	cell	boundary-echo	qsPea.half.en-y6.ex-y6|qsPea.half.en-y6.ex-y6|qsPea.en-y6|space	qsPea/half/None/y6/|qsPea/half/y6/y6/|qsPea/full/y6/None/|space/boundary/None/None/
ss04	E650:E650:E650:00B7	cell	dangling-anchor-dropped	qsPea.half.en-y6.ex-y6|qsPea.half.en-y6.ex-y6|qsPea.en-y6|periodcentered	qsPea/half/None/y6/|qsPea/half/y6/y6/|qsPea/full/y6/None/|namer-dot/boundary/None/None/
ss04	E650:E650:E650:200C	cell	boundary-echo	qsPea.half.en-y6.ex-y6|qsPea.half.en-y6.ex-y6|qsPea.en-y6|space	qsPea/half/None/y6/|qsPea/half/y6/y6/|qsPea/full/y6/None/|zwnj/boundary/None/None/
ss04	E650:E650:E650:E650	cell	dangling-anchor-dropped	qsPea.half.en-y6.ex-y6|qsPea.half.en-y6.ex-y6|qsPea.half.en-y6.ex-y6|qsPea.en-y6	qsPea/half/None/y6/|qsPea/half/y6/y6/|qsPea/half/y6/y6/|qsPea/full/y6/None/
ss04	E650:E650:E650:E652	cell	dangling-anchor-dropped	qsPea.half.en-y6.ex-y6|qsPea.half.en-y6.ex-y6|qsPea.en-y6.ex-y0|qsTea	qsPea/half/None/y6/|qsPea/half/y6/y6/|qsPea/full/y6/None/|qsTea/full/None/None/
ss04	E650:E650:E650:E653	cell	dangling-anchor-dropped	qsPea.half.en-y6.ex-y6|qsPea.half.en-y6.ex-y6|qsPea.en-y6.ex-y0|qsDay.half.en-y0.ex-y0	qsPea/half/None/y6/|qsPea/half/y6/y6/|qsPea/full/y6/baseline/|qsDay/half/baseline/None/
ss04	E650:E650:E650:E668	cell	dangling-anchor-dropped	qsPea.half.en-y6.ex-y6|qsPea.half.en-y6.ex-y6|qsPea.half.en-y6.ex-y5.ex-dips|qsRoe.en-y5.en-con-1	qsPea/half/None/y6/|qsPea/half/y6/y6/|qsPea/half/y6/x-height/|qsRoe/hapax/x-height/None/en-con-1
ss04	E650:E650:E652:0020	cell	boundary-echo	qsPea.half.en-y6.ex-y6|qsPea.en-y6.ex-y0|qsTea|space	qsPea/half/None/y6/|qsPea/full/y6/None/|qsTea/full/None/None/|space/boundary/None/None/
ss04	E650:E650:E652:00B7	cell	dangling-anchor-dropped	qsPea.half.en-y6.ex-y6|qsPea.en-y6.ex-y0|qsTea|periodcentered	qsPea/half/None/y6/|qsPea/full/y6/None/|qsTea/full/None/None/|namer-dot/boundary/None/None/
ss04	E650:E650:E652:200C	cell	boundary-echo	qsPea.half.en-y6.ex-y6|qsPea.en-y6.ex-y0|qsTea|space	qsPea/half/None/y6/|qsPea/full/y6/None/|qsTea/full/None/None/|zwnj/boundary/None/None/
ss04	E650:E650:E652:E650	cell	dangling-anchor-dropped	qsPea.half.en-y6.ex-y6|qsPea.en-y6.ex-y0|qsTea|qsPea	qsPea/half/None/y6/|qsPea/full/y6/None/|qsTea/full/None/None/|qsPea/full/None/None/
ss04	E650:E650:E652:E652	cell	dangling-anchor-dropped	qsPea.half.en-y6.ex-y6|qsPea.en-y6.ex-y0|qsTea|qsTea	qsPea/half/None/y6/|qsPea/full/y6/None/|qsTea/full/None/None/|qsTea/full/None/None/
ss04	E650:E650:E652:E653	cell	dangling-anchor-dropped	qsPea.half.en-y6.ex-y6|qsPea.en-y6.ex-y0|qsTea.ex-y0|qsDay.half.en-y0.ex-y0.en-ext-1	qsPea/half/None/y6/|qsPea/full/y6/None/|qsTea/full/None/baseline/|qsDay/half/baseline/None/en-ext-1
ss04	E650:E650:E652:E668	cell	dangling-anchor-dropped	qsPea.half.en-y6.ex-y6|qsPea.en-y6.ex-y0|qsTea.half.ex-y5|qsRoe.en-y5.en-con-1	qsPea/half/None/y6/|qsPea/full/y6/None/|qsTea/half/None/x-height/|qsRoe/hapax/x-height/None/en-con-1
ss04	E650:E650:E653:0020	cell	boundary-echo	qsPea.half.en-y6.ex-y6|qsPea.en-y6.ex-y0|qsDay.half.en-y0.ex-y0|space	qsPea/half/None/y6/|qsPea/full/y6/baseline/|qsDay/half/baseline/None/|space/boundary/None/None/
ss04	E650:E650:E653:00B7	cell	dangling-anchor-dropped	qsPea.half.en-y6.ex-y6|qsPea.en-y6.ex-y0|qsDay.half.en-y0.ex-y0|periodcentered	qsPea/half/None/y6/|qsPea/full/y6/baseline/|qsDay/half/baseline/None/|namer-dot/boundary/None/None/
ss04	E650:E650:E653:200C	cell	boundary-echo	qsPea.half.en-y6.ex-y6|qsPea.en-y6.ex-y0|qsDay.half.en-y0.ex-y0|space	qsPea/half/None/y6/|qsPea/full/y6/baseline/|qsDay/half/baseline/None/|zwnj/boundary/None/None/
ss04	E650:E650:E653:E650	cell	dangling-anchor-dropped	qsPea.half.en-y6.ex-y6|qsPea.en-y6.ex-y0|qsDay.half.en-y0.ex-y0|qsPea	qsPea/half/None/y6/|qsPea/full/y6/baseline/|qsDay/half/baseline/None/|qsPea/full/None/None/
ss04	E650:E650:E653:E652	cell	dangling-anchor-dropped	qsPea.half.en-y6.ex-y6|qsPea.en-y6.ex-y0|qsDay.half.en-y0.ex-y0|qsTea.en-y0	qsPea/half/None/y6/|qsPea/full/y6/baseline/|qsDay/half/baseline/baseline/|qsTea/full/baseline/None/
ss04	E650:E650:E653:E653	cell	dangling-anchor-dropped	qsPea.half.en-y6.ex-y6|qsPea.en-y6.ex-y0|qsDay.half.en-y0.ex-y0|qsDay.half.en-y0.ex-y0	qsPea/half/None/y6/|qsPea/full/y6/baseline/|qsDay/half/baseline/baseline/|qsDay/half/baseline/None/
ss04	E650:E650:E653:E668	cell	dangling-anchor-dropped	qsPea.half.en-y6.ex-y6|qsPea.en-y6.ex-y0|qsDay.half.en-y0.ex-y0|qsRoe	qsPea/half/None/y6/|qsPea/full/y6/baseline/|qsDay/half/baseline/baseline/|qsRoe/hapax/baseline/None/
ss04	E650:E650:E668:0020	cell	boundary-echo	qsPea.half.en-y6.ex-y6|qsPea.half.en-y6.ex-y5.ex-dips|qsRoe.en-y5.en-con-1|space	qsPea/half/None/y6/|qsPea/half/y6/x-height/|qsRoe/hapax/x-height/None/en-con-1|space/boundary/None/None/
ss04	E650:E650:E668:00B7	cell	dangling-anchor-dropped	qsPea.half.en-y6.ex-y6|qsPea.half.en-y6.ex-y5.ex-dips|qsRoe.en-y5.en-con-1|periodcentered	qsPea/half/None/y6/|qsPea/half/y6/x-height/|qsRoe/hapax/x-height/None/en-con-1|namer-dot/boundary/None/None/
ss04	E650:E650:E668:200C	cell	boundary-echo	qsPea.half.en-y6.ex-y6|qsPea.half.en-y6.ex-y5.ex-dips|qsRoe.en-y5.en-con-1|space	qsPea/half/None/y6/|qsPea/half/y6/x-height/|qsRoe/hapax/x-height/None/en-con-1|zwnj/boundary/None/None/
ss04	E650:E650:E668:E650	cell	dangling-anchor-dropped	qsPea.half.en-y6.ex-y6|qsPea.half.en-y6.ex-y5.ex-dips|qsRoe.en-y5.en-con-1|qsPea	qsPea/half/None/y6/|qsPea/half/y6/x-height/|qsRoe/hapax/x-height/None/en-con-1|qsPea/full/None/None/
ss04	E650:E650:E668:E652	cell	dangling-anchor-dropped	qsPea.half.en-y6.ex-y6|qsPea.half.en-y6.ex-y5.ex-dips|qsRoe.en-y5.en-con-1|qsTea	qsPea/half/None/y6/|qsPea/half/y6/x-height/|qsRoe/hapax/x-height/None/en-con-1|qsTea/full/None/None/
ss04	E650:E650:E668:E653	cell	dangling-anchor-dropped	qsPea.half.en-y6.ex-y6|qsPea.half.en-y6.ex-y5.ex-dips|qsRoe.en-y5.en-con-1|qsDay	qsPea/half/None/y6/|qsPea/half/y6/x-height/|qsRoe/hapax/x-height/None/en-con-1|qsDay/full/None/None/
ss04	E650:E650:E668:E668	cell,position	UNMATCHED	qsPea.half.en-y6.ex-y6|qsPea.half.en-y6.ex-y5.ex-dips|qsRoe.ex-y0|qsRoe	qsPea/half/None/y6/|qsPea/half/y6/x-height/|qsRoe/hapax/x-height/baseline/en-con-1|qsRoe/hapax/baseline/None/
ss04	E650:E652:E650:E650	cell	dangling-anchor-dropped	qsPea|qsTea|qsPea.half.en-y6.ex-y6|qsPea.en-y6	qsPea/full/None/None/|qsTea/full/None/None/|qsPea/half/None/y6/|qsPea/full/y6/None/
ss04	E650:E652:E650:E653	cell	dangling-anchor-dropped	qsPea|qsTea|qsPea|qsDay.half.en-y0.ex-y0	qsPea/full/None/None/|qsTea/full/None/None/|qsPea/full/None/baseline/|qsDay/half/baseline/None/
ss04	E650:E652:E652:E653	cell	dangling-anchor-dropped	qsPea|qsTea|qsTea.ex-y0|qsDay.half.en-y0.ex-y0.en-ext-1	qsPea/full/None/None/|qsTea/full/None/None/|qsTea/full/None/baseline/|qsDay/half/baseline/None/en-ext-1
ss04	E650:E652:E653:0020	cell	boundary-echo	qsPea|qsTea.ex-y0|qsDay.half.en-y0.ex-y0.en-ext-1|space	qsPea/full/None/None/|qsTea/full/None/baseline/|qsDay/half/baseline/None/en-ext-1|space/boundary/None/None/
ss04	E650:E652:E653:00B7	cell	dangling-anchor-dropped	qsPea|qsTea.ex-y0|qsDay.half.en-y0.ex-y0.en-ext-1|periodcentered	qsPea/full/None/None/|qsTea/full/None/baseline/|qsDay/half/baseline/None/en-ext-1|namer-dot/boundary/None/None/
ss04	E650:E652:E653:200C	cell	boundary-echo	qsPea|qsTea.ex-y0|qsDay.half.en-y0.ex-y0.en-ext-1|space	qsPea/full/None/None/|qsTea/full/None/baseline/|qsDay/half/baseline/None/en-ext-1|zwnj/boundary/None/None/
ss04	E650:E652:E653:E650	cell	dangling-anchor-dropped	qsPea|qsTea.ex-y0|qsDay.half.en-y0.ex-y0.en-ext-1|qsPea	qsPea/full/None/None/|qsTea/full/None/baseline/|qsDay/half/baseline/None/en-ext-1|qsPea/full/None/None/
ss04	E650:E652:E653:E653	cell	dangling-anchor-dropped	qsPea|qsTea.ex-y0|qsDay.half.en-y0.ex-y0.en-ext-1|qsDay.half.en-y0.ex-y0	qsPea/full/None/None/|qsTea/full/None/baseline/|qsDay/half/baseline/baseline/en-ext-1|qsDay/half/baseline/None/
ss04	E650:E652:E653:E668	cell	bare-name-live-join	qsPea|qsTea.ex-y0|qsDay.half.en-y0.ex-y0.en-ext-1|qsRoe	qsPea/full/None/None/|qsTea/full/None/baseline/|qsDay/half/baseline/baseline/en-ext-1|qsRoe/hapax/baseline/None/
ss04	E650:E652:E668:E668	cell,position	UNMATCHED	qsPea|qsTea.half.ex-y5|qsRoe.ex-y0|qsRoe	qsPea/full/None/None/|qsTea/half/None/x-height/|qsRoe/hapax/x-height/baseline/en-con-1|qsRoe/hapax/baseline/None/
ss04	E650:E653:0020:0020	cell	boundary-echo	qsPea|qsDay.half.en-y0.ex-y0|space|space	qsPea/full/None/baseline/|qsDay/half/baseline/None/|space/boundary/None/None/|space/boundary/None/None/
ss04	E650:E653:0020:00B7	cell	boundary-echo	qsPea|qsDay.half.en-y0.ex-y0|space|periodcentered	qsPea/full/None/baseline/|qsDay/half/baseline/None/|space/boundary/None/None/|namer-dot/boundary/None/None/
ss04	E650:E653:0020:200C	cell	boundary-echo	qsPea|qsDay.half.en-y0.ex-y0|space|space	qsPea/full/None/baseline/|qsDay/half/baseline/None/|space/boundary/None/None/|zwnj/boundary/None/None/
ss04	E650:E653:0020:E650	cell	boundary-echo	qsPea|qsDay.half.en-y0.ex-y0|space|qsPea	qsPea/full/None/baseline/|qsDay/half/baseline/None/|space/boundary/None/None/|qsPea/full/None/None/
ss04	E650:E653:0020:E652	cell	boundary-echo	qsPea|qsDay.half.en-y0.ex-y0|space|qsTea	qsPea/full/None/baseline/|qsDay/half/baseline/None/|space/boundary/None/None/|qsTea/full/None/None/
ss04	E650:E653:0020:E653	cell	boundary-echo	qsPea|qsDay.half.en-y0.ex-y0|space|qsDay	qsPea/full/None/baseline/|qsDay/half/baseline/None/|space/boundary/None/None/|qsDay/full/None/None/
ss04	E650:E653:0020:E668	cell	boundary-echo	qsPea|qsDay.half.en-y0.ex-y0|space|qsRoe	qsPea/full/None/baseline/|qsDay/half/baseline/None/|space/boundary/None/None/|qsRoe/hapax/None/None/
ss04	E650:E653:00B7:0020	cell	boundary-echo	qsPea|qsDay.half.en-y0.ex-y0|periodcentered|space	qsPea/full/None/baseline/|qsDay/half/baseline/None/|namer-dot/boundary/None/None/|space/boundary/None/None/
ss04	E650:E653:00B7:00B7	cell	dangling-anchor-dropped	qsPea|qsDay.half.en-y0.ex-y0|periodcentered|periodcentered	qsPea/full/None/baseline/|qsDay/half/baseline/None/|namer-dot/boundary/None/None/|namer-dot/boundary/None/None/
ss04	E650:E653:00B7:200C	cell	boundary-echo	qsPea|qsDay.half.en-y0.ex-y0|periodcentered|space	qsPea/full/None/baseline/|qsDay/half/baseline/None/|namer-dot/boundary/None/None/|zwnj/boundary/None/None/
ss04	E650:E653:00B7:E650	cell	dangling-anchor-dropped	qsPea|qsDay.half.en-y0.ex-y0|periodcentered|qsPea	qsPea/full/None/baseline/|qsDay/half/baseline/None/|namer-dot/boundary/None/None/|qsPea/full/None/None/
ss04	E650:E653:00B7:E652	cell	dangling-anchor-dropped	qsPea|qsDay.half.en-y0.ex-y0|periodcentered|qsTea	qsPea/full/None/baseline/|qsDay/half/baseline/None/|namer-dot/boundary/None/None/|qsTea/full/None/None/
ss04	E650:E653:00B7:E653	cell	dangling-anchor-dropped	qsPea|qsDay.half.en-y0.ex-y0|periodcentered|qsDay	qsPea/full/None/baseline/|qsDay/half/baseline/None/|namer-dot/boundary/None/None/|qsDay/full/None/None/
ss04	E650:E653:00B7:E668	cell	dangling-anchor-dropped	qsPea|qsDay.half.en-y0.ex-y0|periodcentered.lowered|qsRoe	qsPea/full/None/baseline/|qsDay/half/baseline/None/|namer-dot/boundary/None/None/|qsRoe/hapax/None/None/
ss04	E650:E653:200C:0020	cell	boundary-echo	qsPea|qsDay.half.en-y0.ex-y0|space|space	qsPea/full/None/baseline/|qsDay/half/baseline/None/|zwnj/boundary/None/None/|space/boundary/None/None/
ss04	E650:E653:200C:00B7	cell	boundary-echo	qsPea|qsDay.half.en-y0.ex-y0|space|periodcentered	qsPea/full/None/baseline/|qsDay/half/baseline/None/|zwnj/boundary/None/None/|namer-dot/boundary/None/None/
ss04	E650:E653:200C:200C	cell	boundary-echo	qsPea|qsDay.half.en-y0.ex-y0|space|space	qsPea/full/None/baseline/|qsDay/half/baseline/None/|zwnj/boundary/None/None/|zwnj/boundary/None/None/
ss04	E650:E653:200C:E650	cell	boundary-echo	qsPea|qsDay.half.en-y0.ex-y0|space|qsPea.noentry	qsPea/full/None/baseline/|qsDay/half/baseline/None/|zwnj/boundary/None/None/|qsPea/full/None/None/locked
ss04	E650:E653:200C:E652	cell	boundary-echo	qsPea|qsDay.half.en-y0.ex-y0|space|qsTea.noentry	qsPea/full/None/baseline/|qsDay/half/baseline/None/|zwnj/boundary/None/None/|qsTea/full/None/None/locked
ss04	E650:E653:200C:E653	cell	boundary-echo	qsPea|qsDay.half.en-y0.ex-y0|space|qsDay.noentry	qsPea/full/None/baseline/|qsDay/half/baseline/None/|zwnj/boundary/None/None/|qsDay/full/None/None/locked
ss04	E650:E653:200C:E668	cell	boundary-echo	qsPea|qsDay.half.en-y0.ex-y0|space|qsRoe.noentry	qsPea/full/None/baseline/|qsDay/half/baseline/None/|zwnj/boundary/None/None/|qsRoe/hapax/None/None/locked
ss04	E650:E653:E650:0020	cell	boundary-echo	qsPea|qsDay.half.en-y0.ex-y0|qsPea|space	qsPea/full/None/baseline/|qsDay/half/baseline/None/|qsPea/full/None/None/|space/boundary/None/None/
ss04	E650:E653:E650:00B7	cell	dangling-anchor-dropped	qsPea|qsDay.half.en-y0.ex-y0|qsPea|periodcentered	qsPea/full/None/baseline/|qsDay/half/baseline/None/|qsPea/full/None/None/|namer-dot/boundary/None/None/
ss04	E650:E653:E650:200C	cell	boundary-echo	qsPea|qsDay.half.en-y0.ex-y0|qsPea|space	qsPea/full/None/baseline/|qsDay/half/baseline/None/|qsPea/full/None/None/|zwnj/boundary/None/None/
ss04	E650:E653:E650:E650	cell	dangling-anchor-dropped	qsPea|qsDay.half.en-y0.ex-y0|qsPea.half.en-y6.ex-y6|qsPea.en-y6	qsPea/full/None/baseline/|qsDay/half/baseline/None/|qsPea/half/None/y6/|qsPea/full/y6/None/
ss04	E650:E653:E650:E652	cell	dangling-anchor-dropped	qsPea|qsDay.half.en-y0.ex-y0|qsPea|qsTea	qsPea/full/None/baseline/|qsDay/half/baseline/None/|qsPea/full/None/None/|qsTea/full/None/None/
ss04	E650:E653:E650:E653	cell	dangling-anchor-dropped	qsPea|qsDay.half.en-y0.ex-y0|qsPea|qsDay.half.en-y0.ex-y0	qsPea/full/None/baseline/|qsDay/half/baseline/None/|qsPea/full/None/baseline/|qsDay/half/baseline/None/
ss04	E650:E653:E650:E668	cell	dangling-anchor-dropped	qsPea|qsDay.half.en-y0.ex-y0|qsPea.half.ex-y5.ex-dips|qsRoe.en-y5.en-con-1	qsPea/full/None/baseline/|qsDay/half/baseline/None/|qsPea/half/None/x-height/|qsRoe/hapax/x-height/None/en-con-1
ss04	E650:E653:E652:0020	cell	boundary-echo	qsPea|qsDay.half.en-y0.ex-y0|qsTea.en-y0|space	qsPea/full/None/baseline/|qsDay/half/baseline/baseline/|qsTea/full/baseline/None/|space/boundary/None/None/
ss04	E650:E653:E652:00B7	cell	bare-name-live-join	qsPea|qsDay.half.en-y0.ex-y0|qsTea.en-y0|periodcentered	qsPea/full/None/baseline/|qsDay/half/baseline/baseline/|qsTea/full/baseline/None/|namer-dot/boundary/None/None/
ss04	E650:E653:E652:200C	cell	boundary-echo	qsPea|qsDay.half.en-y0.ex-y0|qsTea.en-y0|space	qsPea/full/None/baseline/|qsDay/half/baseline/baseline/|qsTea/full/baseline/None/|zwnj/boundary/None/None/
ss04	E650:E653:E652:E650	cell	bare-name-live-join	qsPea|qsDay.half.en-y0.ex-y0|qsTea.en-y0|qsPea	qsPea/full/None/baseline/|qsDay/half/baseline/baseline/|qsTea/full/baseline/None/|qsPea/full/None/None/
ss04	E650:E653:E652:E652	cell	bare-name-live-join	qsPea|qsDay.half.en-y0.ex-y0|qsTea.en-y0|qsTea	qsPea/full/None/baseline/|qsDay/half/baseline/baseline/|qsTea/full/baseline/None/|qsTea/full/None/None/
ss04	E650:E653:E652:E653	cell	dangling-anchor-dropped	qsPea|qsDay.half.en-y0.ex-y0|qsTea.ex-y0|qsDay.half.en-y0.ex-y0.en-ext-1	qsPea/full/None/baseline/|qsDay/half/baseline/None/|qsTea/full/None/baseline/|qsDay/half/baseline/None/en-ext-1
ss04	E650:E653:E652:E668	cell,seam	regrouping-floor-drift	qsPea|qsDay.half.en-y0.ex-y0|qsTea.half.ex-y5|qsRoe.en-y5.en-con-1	qsPea/full/None/baseline/|qsDay/half/baseline/baseline/|qsTea/full/baseline/None/|qsRoe/hapax/None/None/
ss04	E650:E653:E653:0020	cell	boundary-echo	qsPea|qsDay.half.en-y0.ex-y0|qsDay.half.en-y0.ex-y0|space	qsPea/full/None/baseline/|qsDay/half/baseline/baseline/|qsDay/half/baseline/None/|space/boundary/None/None/
ss04	E650:E653:E653:00B7	cell	dangling-anchor-dropped	qsPea|qsDay.half.en-y0.ex-y0|qsDay.half.en-y0.ex-y0|periodcentered	qsPea/full/None/baseline/|qsDay/half/baseline/baseline/|qsDay/half/baseline/None/|namer-dot/boundary/None/None/
ss04	E650:E653:E653:200C	cell	boundary-echo	qsPea|qsDay.half.en-y0.ex-y0|qsDay.half.en-y0.ex-y0|space	qsPea/full/None/baseline/|qsDay/half/baseline/baseline/|qsDay/half/baseline/None/|zwnj/boundary/None/None/
ss04	E650:E653:E653:E650	cell	dangling-anchor-dropped	qsPea|qsDay.half.en-y0.ex-y0|qsDay.half.en-y0.ex-y0|qsPea	qsPea/full/None/baseline/|qsDay/half/baseline/baseline/|qsDay/half/baseline/None/|qsPea/full/None/None/
ss04	E650:E653:E653:E652	cell	bare-name-live-join	qsPea|qsDay.half.en-y0.ex-y0|qsDay.half.en-y0.ex-y0|qsTea.en-y0	qsPea/full/None/baseline/|qsDay/half/baseline/baseline/|qsDay/half/baseline/baseline/|qsTea/full/baseline/None/
ss04	E650:E653:E653:E653	cell	dangling-anchor-dropped	qsPea|qsDay.half.en-y0.ex-y0|qsDay.half.en-y0.ex-y0|qsDay.half.en-y0.ex-y0	qsPea/full/None/baseline/|qsDay/half/baseline/baseline/|qsDay/half/baseline/baseline/|qsDay/half/baseline/None/
ss04	E650:E653:E653:E668	cell	bare-name-live-join	qsPea|qsDay.half.en-y0.ex-y0|qsDay.half.en-y0.ex-y0|qsRoe	qsPea/full/None/baseline/|qsDay/half/baseline/baseline/|qsDay/half/baseline/baseline/|qsRoe/hapax/baseline/None/
ss04	E650:E653:E668:0020	cell	boundary-echo	qsPea|qsDay.half.en-y0.ex-y0|qsRoe|space	qsPea/full/None/baseline/|qsDay/half/baseline/baseline/|qsRoe/hapax/baseline/None/|space/boundary/None/None/
ss04	E650:E653:E668:00B7	cell	bare-name-live-join	qsPea|qsDay.half.en-y0.ex-y0|qsRoe|periodcentered	qsPea/full/None/baseline/|qsDay/half/baseline/baseline/|qsRoe/hapax/baseline/None/|namer-dot/boundary/None/None/
ss04	E650:E653:E668:200C	cell	boundary-echo	qsPea|qsDay.half.en-y0.ex-y0|qsRoe|space	qsPea/full/None/baseline/|qsDay/half/baseline/baseline/|qsRoe/hapax/baseline/None/|zwnj/boundary/None/None/
ss04	E650:E653:E668:E650	cell	bare-name-live-join	qsPea|qsDay.half.en-y0.ex-y0|qsRoe|qsPea	qsPea/full/None/baseline/|qsDay/half/baseline/baseline/|qsRoe/hapax/baseline/None/|qsPea/full/None/None/
ss04	E650:E653:E668:E652	cell	bare-name-live-join	qsPea|qsDay.half.en-y0.ex-y0|qsRoe|qsTea	qsPea/full/None/baseline/|qsDay/half/baseline/baseline/|qsRoe/hapax/baseline/None/|qsTea/full/None/None/
ss04	E650:E653:E668:E653	cell	bare-name-live-join	qsPea|qsDay.half.en-y0.ex-y0|qsRoe|qsDay	qsPea/full/None/baseline/|qsDay/half/baseline/baseline/|qsRoe/hapax/baseline/None/|qsDay/full/None/None/
ss04	E650:E653:E668:E668	cell	bare-name-live-join	qsPea|qsDay.half.en-y0.ex-y0|qsRoe.en-y0.ex-y5|qsRoe	qsPea/full/None/baseline/|qsDay/half/baseline/baseline/|qsRoe/hapax/baseline/x-height/|qsRoe/hapax/x-height/None/
ss04	E650:E668:E650:E650	cell	dangling-anchor-dropped	qsPea.half.ex-y5.ex-dips|qsRoe.en-y5.en-con-1|qsPea.half.en-y6.ex-y6|qsPea.en-y6	qsPea/half/None/x-height/|qsRoe/hapax/x-height/None/en-con-1|qsPea/half/None/y6/|qsPea/full/y6/None/
ss04	E650:E668:E650:E653	cell	dangling-anchor-dropped	qsPea.half.ex-y5.ex-dips|qsRoe.en-y5.en-con-1|qsPea|qsDay.half.en-y0.ex-y0	qsPea/half/None/x-height/|qsRoe/hapax/x-height/None/en-con-1|qsPea/full/None/baseline/|qsDay/half/baseline/None/
ss04	E650:E668:E652:E653	cell	dangling-anchor-dropped	qsPea.half.ex-y5.ex-dips|qsRoe.en-y5.en-con-1|qsTea.ex-y0|qsDay.half.en-y0.ex-y0.en-ext-1	qsPea/half/None/x-height/|qsRoe/hapax/x-height/None/en-con-1|qsTea/full/None/baseline/|qsDay/half/baseline/None/en-ext-1
ss04	E650:E668:E653:E652	cell	bare-name-live-join	qsPea.half.ex-y5.ex-dips|qsRoe.en-y5.en-con-1|qsDay|qsTea.en-y0	qsPea/half/None/x-height/|qsRoe/hapax/x-height/None/en-con-1|qsDay/full/None/baseline/|qsTea/full/baseline/None/
ss04	E650:E668:E653:E653	cell	dangling-anchor-dropped	qsPea.half.ex-y5.ex-dips|qsRoe.en-y5.en-con-1|qsDay|qsDay.half.en-y0.ex-y0	qsPea/half/None/x-height/|qsRoe/hapax/x-height/None/en-con-1|qsDay/full/None/baseline/|qsDay/half/baseline/None/
ss04	E650:E668:E653:E668	cell	bare-name-live-join	qsPea.half.ex-y5.ex-dips|qsRoe.en-y5.en-con-1|qsDay|qsRoe	qsPea/half/None/x-height/|qsRoe/hapax/x-height/None/en-con-1|qsDay/full/None/baseline/|qsRoe/hapax/baseline/None/
ss04	E650:E668:E668:0020	cell	boundary-echo	qsPea.half.ex-y5.ex-dips|qsRoe.ex-y0|qsRoe|space	qsPea/half/None/x-height/|qsRoe/hapax/x-height/baseline/en-con-1|qsRoe/hapax/baseline/None/|space/boundary/None/None/
ss04	E650:E668:E668:00B7	cell,position	UNMATCHED	qsPea.half.ex-y5.ex-dips|qsRoe.ex-y0|qsRoe|periodcentered	qsPea/half/None/x-height/|qsRoe/hapax/x-height/baseline/en-con-1|qsRoe/hapax/baseline/None/|namer-dot/boundary/None/None/
ss04	E650:E668:E668:200C	cell	boundary-echo	qsPea.half.ex-y5.ex-dips|qsRoe.ex-y0|qsRoe|space	qsPea/half/None/x-height/|qsRoe/hapax/x-height/baseline/en-con-1|qsRoe/hapax/baseline/None/|zwnj/boundary/None/None/
ss04	E650:E668:E668:E650	cell,position	UNMATCHED	qsPea.half.ex-y5.ex-dips|qsRoe.ex-y0|qsRoe|qsPea	qsPea/half/None/x-height/|qsRoe/hapax/x-height/baseline/en-con-1|qsRoe/hapax/baseline/None/|qsPea/full/None/None/
ss04	E650:E668:E668:E652	cell,position	UNMATCHED	qsPea.half.ex-y5.ex-dips|qsRoe.ex-y0|qsRoe|qsTea	qsPea/half/None/x-height/|qsRoe/hapax/x-height/baseline/en-con-1|qsRoe/hapax/baseline/None/|qsTea/full/None/None/
ss04	E650:E668:E668:E653	cell,position	UNMATCHED	qsPea.half.ex-y5.ex-dips|qsRoe.ex-y0|qsRoe|qsDay	qsPea/half/None/x-height/|qsRoe/hapax/x-height/baseline/en-con-1|qsRoe/hapax/baseline/None/|qsDay/full/None/None/
ss04	E650:E668:E668:E668	cell,position	UNMATCHED	qsPea.half.ex-y5.ex-dips|qsRoe.ex-y0|qsRoe.en-y0.ex-y5|qsRoe	qsPea/half/None/x-height/|qsRoe/hapax/x-height/baseline/en-con-1|qsRoe/hapax/baseline/x-height/|qsRoe/hapax/x-height/None/
ss04	E652:0020:E650:E650	cell	boundary-echo	qsTea|space|qsPea.half.en-y6.ex-y6|qsPea.en-y6	qsTea/full/None/None/|space/boundary/None/None/|qsPea/half/None/y6/|qsPea/full/y6/None/
ss04	E652:0020:E650:E653	cell	boundary-echo	qsTea|space|qsPea|qsDay.half.en-y0.ex-y0	qsTea/full/None/None/|space/boundary/None/None/|qsPea/full/None/baseline/|qsDay/half/baseline/None/
ss04	E652:0020:E652:E653	cell	boundary-echo	qsTea|space|qsTea.ex-y0|qsDay.half.en-y0.ex-y0.en-ext-1	qsTea/full/None/None/|space/boundary/None/None/|qsTea/full/None/baseline/|qsDay/half/baseline/None/en-ext-1
ss04	E652:0020:E653:E652	cell	boundary-echo	qsTea|space|qsDay|qsTea.en-y0	qsTea/full/None/None/|space/boundary/None/None/|qsDay/full/None/baseline/|qsTea/full/baseline/None/
ss04	E652:0020:E653:E653	cell	boundary-echo	qsTea|space|qsDay|qsDay.half.en-y0.ex-y0	qsTea/full/None/None/|space/boundary/None/None/|qsDay/full/None/baseline/|qsDay/half/baseline/None/
ss04	E652:0020:E653:E668	cell	boundary-echo	qsTea|space|qsDay|qsRoe	qsTea/full/None/None/|space/boundary/None/None/|qsDay/full/None/baseline/|qsRoe/hapax/baseline/None/
ss04	E652:0020:E668:E668	cell	boundary-echo	qsTea|space|qsRoe.en-y0.ex-y5|qsRoe	qsTea/full/None/None/|space/boundary/None/None/|qsRoe/hapax/None/x-height/|qsRoe/hapax/x-height/None/
ss04	E652:00B7:E650:E650	cell	dangling-anchor-dropped	qsTea|periodcentered|qsPea.half.en-y6.ex-y6|qsPea.en-y6	qsTea/full/None/None/|namer-dot/boundary/None/None/|qsPea/half/None/y6/|qsPea/full/y6/None/
ss04	E652:00B7:E650:E653	cell	dangling-anchor-dropped	qsTea|periodcentered|qsPea|qsDay.half.en-y0.ex-y0	qsTea/full/None/None/|namer-dot/boundary/None/None/|qsPea/full/None/baseline/|qsDay/half/baseline/None/
ss04	E652:00B7:E652:E653	cell	dangling-anchor-dropped	qsTea|periodcentered|qsTea.ex-y0|qsDay.half.en-y0.ex-y0.en-ext-1	qsTea/full/None/None/|namer-dot/boundary/None/None/|qsTea/full/None/baseline/|qsDay/half/baseline/None/en-ext-1
ss04	E652:00B7:E653:E652	cell	bare-name-live-join	qsTea|periodcentered|qsDay|qsTea.en-y0	qsTea/full/None/None/|namer-dot/boundary/None/None/|qsDay/full/None/baseline/|qsTea/full/baseline/None/
ss04	E652:00B7:E653:E653	cell	dangling-anchor-dropped	qsTea|periodcentered|qsDay|qsDay.half.en-y0.ex-y0	qsTea/full/None/None/|namer-dot/boundary/None/None/|qsDay/full/None/baseline/|qsDay/half/baseline/None/
ss04	E652:00B7:E653:E668	cell	bare-name-live-join	qsTea|periodcentered|qsDay|qsRoe	qsTea/full/None/None/|namer-dot/boundary/None/None/|qsDay/full/None/baseline/|qsRoe/hapax/baseline/None/
ss04	E652:00B7:E668:E668	cell	dangling-anchor-dropped	qsTea|periodcentered.lowered|qsRoe.en-y0.ex-y5|qsRoe	qsTea/full/None/None/|namer-dot/boundary/None/None/|qsRoe/hapax/None/x-height/|qsRoe/hapax/x-height/None/
ss04	E652:200C:E650:E653	cell	boundary-echo	qsTea|space|qsPea.noentry|qsDay.half.en-y0.ex-y0	qsTea/full/None/None/|zwnj/boundary/None/None/|qsPea/full/None/baseline/locked|qsDay/half/baseline/None/
ss04	E652:200C:E650:E668	cell	boundary-echo	qsTea|space|qsPea.half.ex-y5.ex-dips|qsRoe.en-y5.en-con-1	qsTea/full/None/None/|zwnj/boundary/None/None/|qsPea/half/None/x-height/locked|qsRoe/hapax/x-height/None/en-con-1
ss04	E652:200C:E652:E652	cell	boundary-echo	qsTea|space|qsTea.ex-y0|qsTea	qsTea/full/None/None/|zwnj/boundary/None/None/|qsTea/full/None/None/locked|qsTea/full/None/None/
ss04	E652:200C:E652:E653	cell	boundary-echo	qsTea|space|qsTea.ex-y0|qsDay.half.en-y0.ex-y0.en-ext-1	qsTea/full/None/None/|zwnj/boundary/None/None/|qsTea/full/None/baseline/locked|qsDay/half/baseline/None/en-ext-1
ss04	E652:200C:E653:E652	cell	boundary-echo	qsTea|space|qsDay.noentry|qsTea.en-y0	qsTea/full/None/None/|zwnj/boundary/None/None/|qsDay/full/None/baseline/locked|qsTea/full/baseline/None/
ss04	E652:200C:E653:E653	cell	boundary-echo	qsTea|space|qsDay.noentry|qsDay.half.en-y0.ex-y0	qsTea/full/None/None/|zwnj/boundary/None/None/|qsDay/full/None/baseline/locked|qsDay/half/baseline/None/
ss04	E652:200C:E653:E668	cell	boundary-echo	qsTea|space|qsDay.noentry|qsRoe	qsTea/full/None/None/|zwnj/boundary/None/None/|qsDay/full/None/baseline/locked|qsRoe/hapax/baseline/None/
ss04	E652:200C:E668:E668	cell	boundary-echo	qsTea|space|qsRoe.en-y0.ex-y5.noentry|qsRoe	qsTea/full/None/None/|zwnj/boundary/None/None/|qsRoe/hapax/None/x-height/locked|qsRoe/hapax/x-height/None/
ss04	E652:E650:E650:0020	cell	boundary-echo	qsTea|qsPea.half.en-y6.ex-y6|qsPea.en-y6|space	qsTea/full/None/None/|qsPea/half/None/y6/|qsPea/full/y6/None/|space/boundary/None/None/
ss04	E652:E650:E650:00B7	cell	dangling-anchor-dropped	qsTea|qsPea.half.en-y6.ex-y6|qsPea.en-y6|periodcentered	qsTea/full/None/None/|qsPea/half/None/y6/|qsPea/full/y6/None/|namer-dot/boundary/None/None/
ss04	E652:E650:E650:200C	cell	boundary-echo	qsTea|qsPea.half.en-y6.ex-y6|qsPea.en-y6|space	qsTea/full/None/None/|qsPea/half/None/y6/|qsPea/full/y6/None/|zwnj/boundary/None/None/
ss04	E652:E650:E650:E650	cell	dangling-anchor-dropped	qsTea|qsPea.half.en-y6.ex-y6|qsPea.half.en-y6.ex-y6|qsPea.en-y6	qsTea/full/None/None/|qsPea/half/None/y6/|qsPea/half/y6/y6/|qsPea/full/y6/None/
ss04	E652:E650:E650:E652	cell	dangling-anchor-dropped	qsTea|qsPea.half.en-y6.ex-y6|qsPea.en-y6.ex-y0|qsTea	qsTea/full/None/None/|qsPea/half/None/y6/|qsPea/full/y6/None/|qsTea/full/None/None/
ss04	E652:E650:E650:E653	cell	dangling-anchor-dropped	qsTea|qsPea.half.en-y6.ex-y6|qsPea.en-y6.ex-y0|qsDay.half.en-y0.ex-y0	qsTea/full/None/None/|qsPea/half/None/y6/|qsPea/full/y6/baseline/|qsDay/half/baseline/None/
ss04	E652:E650:E650:E668	cell	dangling-anchor-dropped	qsTea|qsPea.half.en-y6.ex-y6|qsPea.half.en-y6.ex-y5.ex-dips|qsRoe.en-y5.en-con-1	qsTea/full/None/None/|qsPea/half/None/y6/|qsPea/half/y6/x-height/|qsRoe/hapax/x-height/None/en-con-1
ss04	E652:E650:E652:E653	cell	dangling-anchor-dropped	qsTea|qsPea|qsTea.ex-y0|qsDay.half.en-y0.ex-y0.en-ext-1	qsTea/full/None/None/|qsPea/full/None/None/|qsTea/full/None/baseline/|qsDay/half/baseline/None/en-ext-1
ss04	E652:E650:E653:0020	cell	boundary-echo	qsTea|qsPea|qsDay.half.en-y0.ex-y0|space	qsTea/full/None/None/|qsPea/full/None/baseline/|qsDay/half/baseline/None/|space/boundary/None/None/
ss04	E652:E650:E653:00B7	cell	dangling-anchor-dropped	qsTea|qsPea|qsDay.half.en-y0.ex-y0|periodcentered	qsTea/full/None/None/|qsPea/full/None/baseline/|qsDay/half/baseline/None/|namer-dot/boundary/None/None/
ss04	E652:E650:E653:200C	cell	boundary-echo	qsTea|qsPea|qsDay.half.en-y0.ex-y0|space	qsTea/full/None/None/|qsPea/full/None/baseline/|qsDay/half/baseline/None/|zwnj/boundary/None/None/
ss04	E652:E650:E653:E650	cell	dangling-anchor-dropped	qsTea|qsPea|qsDay.half.en-y0.ex-y0|qsPea	qsTea/full/None/None/|qsPea/full/None/baseline/|qsDay/half/baseline/None/|qsPea/full/None/None/
ss04	E652:E650:E653:E652	cell	bare-name-live-join	qsTea|qsPea|qsDay.half.en-y0.ex-y0|qsTea.en-y0	qsTea/full/None/None/|qsPea/full/None/baseline/|qsDay/half/baseline/baseline/|qsTea/full/baseline/None/
ss04	E652:E650:E653:E653	cell	dangling-anchor-dropped	qsTea|qsPea|qsDay.half.en-y0.ex-y0|qsDay.half.en-y0.ex-y0	qsTea/full/None/None/|qsPea/full/None/baseline/|qsDay/half/baseline/baseline/|qsDay/half/baseline/None/
ss04	E652:E650:E653:E668	cell	bare-name-live-join	qsTea|qsPea|qsDay.half.en-y0.ex-y0|qsRoe	qsTea/full/None/None/|qsPea/full/None/baseline/|qsDay/half/baseline/baseline/|qsRoe/hapax/baseline/None/
ss04	E652:E650:E668:E668	cell,position	UNMATCHED	qsTea|qsPea.half.ex-y5.ex-dips|qsRoe.ex-y0|qsRoe	qsTea/full/None/None/|qsPea/half/None/x-height/|qsRoe/hapax/x-height/baseline/en-con-1|qsRoe/hapax/baseline/None/
ss04	E652:E652:E650:E650	cell	dangling-anchor-dropped	qsTea|qsTea|qsPea.half.en-y6.ex-y6|qsPea.en-y6	qsTea/full/None/None/|qsTea/full/None/None/|qsPea/half/None/y6/|qsPea/full/y6/None/
ss04	E652:E652:E650:E653	cell	dangling-anchor-dropped	qsTea|qsTea|qsPea|qsDay.half.en-y0.ex-y0	qsTea/full/None/None/|qsTea/full/None/None/|qsPea/full/None/baseline/|qsDay/half/baseline/None/
ss04	E652:E652:E652:E653	cell	dangling-anchor-dropped	qsTea|qsTea|qsTea.ex-y0|qsDay.half.en-y0.ex-y0.en-ext-1	qsTea/full/None/None/|qsTea/full/None/None/|qsTea/full/None/baseline/|qsDay/half/baseline/None/en-ext-1
ss04	E652:E652:E653:0020	cell	boundary-echo	qsTea|qsTea.ex-y0|qsDay.half.en-y0.ex-y0.en-ext-1|space	qsTea/full/None/None/|qsTea/full/None/baseline/|qsDay/half/baseline/None/en-ext-1|space/boundary/None/None/
ss04	E652:E652:E653:00B7	cell	dangling-anchor-dropped	qsTea|qsTea.ex-y0|qsDay.half.en-y0.ex-y0.en-ext-1|periodcentered	qsTea/full/None/None/|qsTea/full/None/baseline/|qsDay/half/baseline/None/en-ext-1|namer-dot/boundary/None/None/
ss04	E652:E652:E653:200C	cell	boundary-echo	qsTea|qsTea.ex-y0|qsDay.half.en-y0.ex-y0.en-ext-1|space	qsTea/full/None/None/|qsTea/full/None/baseline/|qsDay/half/baseline/None/en-ext-1|zwnj/boundary/None/None/
ss04	E652:E652:E653:E650	cell	dangling-anchor-dropped	qsTea|qsTea.ex-y0|qsDay.half.en-y0.ex-y0.en-ext-1|qsPea	qsTea/full/None/None/|qsTea/full/None/baseline/|qsDay/half/baseline/None/en-ext-1|qsPea/full/None/None/
ss04	E652:E652:E653:E653	cell	dangling-anchor-dropped	qsTea|qsTea.ex-y0|qsDay.half.en-y0.ex-y0.en-ext-1|qsDay.half.en-y0.ex-y0	qsTea/full/None/None/|qsTea/full/None/baseline/|qsDay/half/baseline/baseline/en-ext-1|qsDay/half/baseline/None/
ss04	E652:E652:E653:E668	cell	bare-name-live-join	qsTea|qsTea.ex-y0|qsDay.half.en-y0.ex-y0.en-ext-1|qsRoe	qsTea/full/None/None/|qsTea/full/None/baseline/|qsDay/half/baseline/baseline/en-ext-1|qsRoe/hapax/baseline/None/
ss04	E652:E652:E668:E668	cell,position	UNMATCHED	qsTea|qsTea.half.ex-y5|qsRoe.ex-y0|qsRoe	qsTea/full/None/None/|qsTea/half/None/x-height/|qsRoe/hapax/x-height/baseline/en-con-1|qsRoe/hapax/baseline/None/
ss04	E652:E653:0020:0020	cell	boundary-echo	qsTea.ex-y0|qsDay.half.en-y0.ex-y0.en-ext-1|space|space	qsTea/full/None/baseline/|qsDay/half/baseline/None/en-ext-1|space/boundary/None/None/|space/boundary/None/None/
ss04	E652:E653:0020:00B7	cell	boundary-echo	qsTea.ex-y0|qsDay.half.en-y0.ex-y0.en-ext-1|space|periodcentered	qsTea/full/None/baseline/|qsDay/half/baseline/None/en-ext-1|space/boundary/None/None/|namer-dot/boundary/None/None/
ss04	E652:E653:0020:200C	cell	boundary-echo	qsTea.ex-y0|qsDay.half.en-y0.ex-y0.en-ext-1|space|space	qsTea/full/None/baseline/|qsDay/half/baseline/None/en-ext-1|space/boundary/None/None/|zwnj/boundary/None/None/
ss04	E652:E653:0020:E650	cell	boundary-echo	qsTea.ex-y0|qsDay.half.en-y0.ex-y0.en-ext-1|space|qsPea	qsTea/full/None/baseline/|qsDay/half/baseline/None/en-ext-1|space/boundary/None/None/|qsPea/full/None/None/
ss04	E652:E653:0020:E652	cell	boundary-echo	qsTea.ex-y0|qsDay.half.en-y0.ex-y0.en-ext-1|space|qsTea	qsTea/full/None/baseline/|qsDay/half/baseline/None/en-ext-1|space/boundary/None/None/|qsTea/full/None/None/
ss04	E652:E653:0020:E653	cell	boundary-echo	qsTea.ex-y0|qsDay.half.en-y0.ex-y0.en-ext-1|space|qsDay	qsTea/full/None/baseline/|qsDay/half/baseline/None/en-ext-1|space/boundary/None/None/|qsDay/full/None/None/
ss04	E652:E653:0020:E668	cell	boundary-echo	qsTea.ex-y0|qsDay.half.en-y0.ex-y0.en-ext-1|space|qsRoe	qsTea/full/None/baseline/|qsDay/half/baseline/None/en-ext-1|space/boundary/None/None/|qsRoe/hapax/None/None/
ss04	E652:E653:00B7:0020	cell	boundary-echo	qsTea.ex-y0|qsDay.half.en-y0.ex-y0.en-ext-1|periodcentered|space	qsTea/full/None/baseline/|qsDay/half/baseline/None/en-ext-1|namer-dot/boundary/None/None/|space/boundary/None/None/
ss04	E652:E653:00B7:00B7	cell	dangling-anchor-dropped	qsTea.ex-y0|qsDay.half.en-y0.ex-y0.en-ext-1|periodcentered|periodcentered	qsTea/full/None/baseline/|qsDay/half/baseline/None/en-ext-1|namer-dot/boundary/None/None/|namer-dot/boundary/None/None/
ss04	E652:E653:00B7:200C	cell	boundary-echo	qsTea.ex-y0|qsDay.half.en-y0.ex-y0.en-ext-1|periodcentered|space	qsTea/full/None/baseline/|qsDay/half/baseline/None/en-ext-1|namer-dot/boundary/None/None/|zwnj/boundary/None/None/
ss04	E652:E653:00B7:E650	cell	dangling-anchor-dropped	qsTea.ex-y0|qsDay.half.en-y0.ex-y0.en-ext-1|periodcentered|qsPea	qsTea/full/None/baseline/|qsDay/half/baseline/None/en-ext-1|namer-dot/boundary/None/None/|qsPea/full/None/None/
ss04	E652:E653:00B7:E652	cell	dangling-anchor-dropped	qsTea.ex-y0|qsDay.half.en-y0.ex-y0.en-ext-1|periodcentered|qsTea	qsTea/full/None/baseline/|qsDay/half/baseline/None/en-ext-1|namer-dot/boundary/None/None/|qsTea/full/None/None/
ss04	E652:E653:00B7:E653	cell	dangling-anchor-dropped	qsTea.ex-y0|qsDay.half.en-y0.ex-y0.en-ext-1|periodcentered|qsDay	qsTea/full/None/baseline/|qsDay/half/baseline/None/en-ext-1|namer-dot/boundary/None/None/|qsDay/full/None/None/
ss04	E652:E653:00B7:E668	cell	dangling-anchor-dropped	qsTea.ex-y0|qsDay.half.en-y0.ex-y0.en-ext-1|periodcentered.lowered|qsRoe	qsTea/full/None/baseline/|qsDay/half/baseline/None/en-ext-1|namer-dot/boundary/None/None/|qsRoe/hapax/None/None/
ss04	E652:E653:200C:0020	cell	boundary-echo	qsTea.ex-y0|qsDay.half.en-y0.ex-y0.en-ext-1|space|space	qsTea/full/None/baseline/|qsDay/half/baseline/None/en-ext-1|zwnj/boundary/None/None/|space/boundary/None/None/
ss04	E652:E653:200C:00B7	cell	boundary-echo	qsTea.ex-y0|qsDay.half.en-y0.ex-y0.en-ext-1|space|periodcentered	qsTea/full/None/baseline/|qsDay/half/baseline/None/en-ext-1|zwnj/boundary/None/None/|namer-dot/boundary/None/None/
ss04	E652:E653:200C:200C	cell	boundary-echo	qsTea.ex-y0|qsDay.half.en-y0.ex-y0.en-ext-1|space|space	qsTea/full/None/baseline/|qsDay/half/baseline/None/en-ext-1|zwnj/boundary/None/None/|zwnj/boundary/None/None/
ss04	E652:E653:200C:E650	cell	boundary-echo	qsTea.ex-y0|qsDay.half.en-y0.ex-y0.en-ext-1|space|qsPea.noentry	qsTea/full/None/baseline/|qsDay/half/baseline/None/en-ext-1|zwnj/boundary/None/None/|qsPea/full/None/None/locked
ss04	E652:E653:200C:E652	cell	boundary-echo	qsTea.ex-y0|qsDay.half.en-y0.ex-y0.en-ext-1|space|qsTea.noentry	qsTea/full/None/baseline/|qsDay/half/baseline/None/en-ext-1|zwnj/boundary/None/None/|qsTea/full/None/None/locked
ss04	E652:E653:200C:E653	cell	boundary-echo	qsTea.ex-y0|qsDay.half.en-y0.ex-y0.en-ext-1|space|qsDay.noentry	qsTea/full/None/baseline/|qsDay/half/baseline/None/en-ext-1|zwnj/boundary/None/None/|qsDay/full/None/None/locked
ss04	E652:E653:200C:E668	cell	boundary-echo	qsTea.ex-y0|qsDay.half.en-y0.ex-y0.en-ext-1|space|qsRoe.noentry	qsTea/full/None/baseline/|qsDay/half/baseline/None/en-ext-1|zwnj/boundary/None/None/|qsRoe/hapax/None/None/locked
ss04	E652:E653:E650:0020	cell	boundary-echo	qsTea.ex-y0|qsDay.half.en-y0.ex-y0.en-ext-1|qsPea|space	qsTea/full/None/baseline/|qsDay/half/baseline/None/en-ext-1|qsPea/full/None/None/|space/boundary/None/None/
ss04	E652:E653:E650:00B7	cell	dangling-anchor-dropped	qsTea.ex-y0|qsDay.half.en-y0.ex-y0.en-ext-1|qsPea|periodcentered	qsTea/full/None/baseline/|qsDay/half/baseline/None/en-ext-1|qsPea/full/None/None/|namer-dot/boundary/None/None/
ss04	E652:E653:E650:200C	cell	boundary-echo	qsTea.ex-y0|qsDay.half.en-y0.ex-y0.en-ext-1|qsPea|space	qsTea/full/None/baseline/|qsDay/half/baseline/None/en-ext-1|qsPea/full/None/None/|zwnj/boundary/None/None/
ss04	E652:E653:E650:E650	cell	dangling-anchor-dropped	qsTea.ex-y0|qsDay.half.en-y0.ex-y0.en-ext-1|qsPea.half.en-y6.ex-y6|qsPea.en-y6	qsTea/full/None/baseline/|qsDay/half/baseline/None/en-ext-1|qsPea/half/None/y6/|qsPea/full/y6/None/
ss04	E652:E653:E650:E652	cell	dangling-anchor-dropped	qsTea.ex-y0|qsDay.half.en-y0.ex-y0.en-ext-1|qsPea|qsTea	qsTea/full/None/baseline/|qsDay/half/baseline/None/en-ext-1|qsPea/full/None/None/|qsTea/full/None/None/
ss04	E652:E653:E650:E653	cell	dangling-anchor-dropped	qsTea.ex-y0|qsDay.half.en-y0.ex-y0.en-ext-1|qsPea|qsDay.half.en-y0.ex-y0	qsTea/full/None/baseline/|qsDay/half/baseline/None/en-ext-1|qsPea/full/None/baseline/|qsDay/half/baseline/None/
ss04	E652:E653:E650:E668	cell	dangling-anchor-dropped	qsTea.ex-y0|qsDay.half.en-y0.ex-y0.en-ext-1|qsPea.half.ex-y5.ex-dips|qsRoe.en-y5.en-con-1	qsTea/full/None/baseline/|qsDay/half/baseline/None/en-ext-1|qsPea/half/None/x-height/|qsRoe/hapax/x-height/None/en-con-1
ss04	E652:E653:E652:E653	cell	dangling-anchor-dropped	qsTea.ex-y0|qsDay.half.en-y0.ex-y0.en-ext-1|qsTea.ex-y0|qsDay.half.en-y0.ex-y0.en-ext-1	qsTea/full/None/baseline/|qsDay/half/baseline/None/en-ext-1|qsTea/full/None/baseline/|qsDay/half/baseline/None/en-ext-1
ss04	E652:E653:E652:E668	cell,seam	regrouping-floor-drift	qsTea.ex-y0|qsDay.half.en-y0.ex-y0.en-ext-1|qsTea.half.ex-y5|qsRoe.en-y5.en-con-1	qsTea/full/None/baseline/|qsDay/half/baseline/baseline/en-ext-1|qsTea/full/baseline/None/|qsRoe/hapax/None/None/
ss04	E652:E653:E653:0020	cell	boundary-echo	qsTea.ex-y0|qsDay.half.en-y0.ex-y0.en-ext-1|qsDay.half.en-y0.ex-y0|space	qsTea/full/None/baseline/|qsDay/half/baseline/baseline/en-ext-1|qsDay/half/baseline/None/|space/boundary/None/None/
ss04	E652:E653:E653:00B7	cell	dangling-anchor-dropped	qsTea.ex-y0|qsDay.half.en-y0.ex-y0.en-ext-1|qsDay.half.en-y0.ex-y0|periodcentered	qsTea/full/None/baseline/|qsDay/half/baseline/baseline/en-ext-1|qsDay/half/baseline/None/|namer-dot/boundary/None/None/
ss04	E652:E653:E653:200C	cell	boundary-echo	qsTea.ex-y0|qsDay.half.en-y0.ex-y0.en-ext-1|qsDay.half.en-y0.ex-y0|space	qsTea/full/None/baseline/|qsDay/half/baseline/baseline/en-ext-1|qsDay/half/baseline/None/|zwnj/boundary/None/None/
ss04	E652:E653:E653:E650	cell	dangling-anchor-dropped	qsTea.ex-y0|qsDay.half.en-y0.ex-y0.en-ext-1|qsDay.half.en-y0.ex-y0|qsPea	qsTea/full/None/baseline/|qsDay/half/baseline/baseline/en-ext-1|qsDay/half/baseline/None/|qsPea/full/None/None/
ss04	E652:E653:E653:E653	cell	dangling-anchor-dropped	qsTea.ex-y0|qsDay.half.en-y0.ex-y0.en-ext-1|qsDay.half.en-y0.ex-y0|qsDay.half.en-y0.ex-y0	qsTea/full/None/baseline/|qsDay/half/baseline/baseline/en-ext-1|qsDay/half/baseline/baseline/|qsDay/half/baseline/None/
ss04	E652:E653:E653:E668	cell	bare-name-live-join	qsTea.ex-y0|qsDay.half.en-y0.ex-y0.en-ext-1|qsDay.half.en-y0.ex-y0|qsRoe	qsTea/full/None/baseline/|qsDay/half/baseline/baseline/en-ext-1|qsDay/half/baseline/baseline/|qsRoe/hapax/baseline/None/
ss04	E652:E653:E668:0020	cell	boundary-echo	qsTea.ex-y0|qsDay.half.en-y0.ex-y0.en-ext-1|qsRoe|space	qsTea/full/None/baseline/|qsDay/half/baseline/baseline/en-ext-1|qsRoe/hapax/baseline/None/|space/boundary/None/None/
ss04	E652:E653:E668:00B7	cell	bare-name-live-join	qsTea.ex-y0|qsDay.half.en-y0.ex-y0.en-ext-1|qsRoe|periodcentered	qsTea/full/None/baseline/|qsDay/half/baseline/baseline/en-ext-1|qsRoe/hapax/baseline/None/|namer-dot/boundary/None/None/
ss04	E652:E653:E668:200C	cell	boundary-echo	qsTea.ex-y0|qsDay.half.en-y0.ex-y0.en-ext-1|qsRoe|space	qsTea/full/None/baseline/|qsDay/half/baseline/baseline/en-ext-1|qsRoe/hapax/baseline/None/|zwnj/boundary/None/None/
ss04	E652:E653:E668:E650	cell	bare-name-live-join	qsTea.ex-y0|qsDay.half.en-y0.ex-y0.en-ext-1|qsRoe|qsPea	qsTea/full/None/baseline/|qsDay/half/baseline/baseline/en-ext-1|qsRoe/hapax/baseline/None/|qsPea/full/None/None/
ss04	E652:E653:E668:E652	cell	bare-name-live-join	qsTea.ex-y0|qsDay.half.en-y0.ex-y0.en-ext-1|qsRoe|qsTea	qsTea/full/None/baseline/|qsDay/half/baseline/baseline/en-ext-1|qsRoe/hapax/baseline/None/|qsTea/full/None/None/
ss04	E652:E653:E668:E653	cell	bare-name-live-join	qsTea.ex-y0|qsDay.half.en-y0.ex-y0.en-ext-1|qsRoe|qsDay	qsTea/full/None/baseline/|qsDay/half/baseline/baseline/en-ext-1|qsRoe/hapax/baseline/None/|qsDay/full/None/None/
ss04	E652:E653:E668:E668	cell	bare-name-live-join	qsTea.ex-y0|qsDay.half.en-y0.ex-y0.en-ext-1|qsRoe.en-y0.ex-y5|qsRoe	qsTea/full/None/baseline/|qsDay/half/baseline/baseline/en-ext-1|qsRoe/hapax/baseline/x-height/|qsRoe/hapax/x-height/None/
ss04	E652:E653:E67A:E652	cell	dangling-anchor-dropped	qsTea.ex-y0|qsDay_qsUtter.half.en-y0.ex-y5.en-ext-1|qsTea	qsTea/full/None/baseline/|qsDay_qsUtter/half/baseline/None/en-ext-1|qsTea/full/None/None/
ss04	E652:E668:E650:E650	cell	dangling-anchor-dropped	qsTea.half.ex-y5|qsRoe.en-y5.en-con-1|qsPea.half.en-y6.ex-y6|qsPea.en-y6	qsTea/half/None/x-height/|qsRoe/hapax/x-height/None/en-con-1|qsPea/half/None/y6/|qsPea/full/y6/None/
ss04	E652:E668:E650:E653	cell	dangling-anchor-dropped	qsTea.half.ex-y5|qsRoe.en-y5.en-con-1|qsPea|qsDay.half.en-y0.ex-y0	qsTea/half/None/x-height/|qsRoe/hapax/x-height/None/en-con-1|qsPea/full/None/baseline/|qsDay/half/baseline/None/
ss04	E652:E668:E652:E653	cell	dangling-anchor-dropped	qsTea.half.ex-y5|qsRoe.en-y5.en-con-1|qsTea.ex-y0|qsDay.half.en-y0.ex-y0.en-ext-1	qsTea/half/None/x-height/|qsRoe/hapax/x-height/None/en-con-1|qsTea/full/None/baseline/|qsDay/half/baseline/None/en-ext-1
ss04	E652:E668:E653:E652	cell	bare-name-live-join	qsTea.half.ex-y5|qsRoe.en-y5.en-con-1|qsDay|qsTea.en-y0	qsTea/half/None/x-height/|qsRoe/hapax/x-height/None/en-con-1|qsDay/full/None/baseline/|qsTea/full/baseline/None/
ss04	E652:E668:E653:E653	cell	dangling-anchor-dropped	qsTea.half.ex-y5|qsRoe.en-y5.en-con-1|qsDay|qsDay.half.en-y0.ex-y0	qsTea/half/None/x-height/|qsRoe/hapax/x-height/None/en-con-1|qsDay/full/None/baseline/|qsDay/half/baseline/None/
ss04	E652:E668:E653:E668	cell	bare-name-live-join	qsTea.half.ex-y5|qsRoe.en-y5.en-con-1|qsDay|qsRoe	qsTea/half/None/x-height/|qsRoe/hapax/x-height/None/en-con-1|qsDay/full/None/baseline/|qsRoe/hapax/baseline/None/
ss04	E652:E668:E668:0020	cell	boundary-echo	qsTea.half.ex-y5|qsRoe.ex-y0|qsRoe|space	qsTea/half/None/x-height/|qsRoe/hapax/x-height/baseline/en-con-1|qsRoe/hapax/baseline/None/|space/boundary/None/None/
ss04	E652:E668:E668:00B7	cell,position	UNMATCHED	qsTea.half.ex-y5|qsRoe.ex-y0|qsRoe|periodcentered	qsTea/half/None/x-height/|qsRoe/hapax/x-height/baseline/en-con-1|qsRoe/hapax/baseline/None/|namer-dot/boundary/None/None/
ss04	E652:E668:E668:200C	cell	boundary-echo	qsTea.half.ex-y5|qsRoe.ex-y0|qsRoe|space	qsTea/half/None/x-height/|qsRoe/hapax/x-height/baseline/en-con-1|qsRoe/hapax/baseline/None/|zwnj/boundary/None/None/
ss04	E652:E668:E668:E650	cell,position	UNMATCHED	qsTea.half.ex-y5|qsRoe.ex-y0|qsRoe|qsPea	qsTea/half/None/x-height/|qsRoe/hapax/x-height/baseline/en-con-1|qsRoe/hapax/baseline/None/|qsPea/full/None/None/
ss04	E652:E668:E668:E652	cell,position	UNMATCHED	qsTea.half.ex-y5|qsRoe.ex-y0|qsRoe|qsTea	qsTea/half/None/x-height/|qsRoe/hapax/x-height/baseline/en-con-1|qsRoe/hapax/baseline/None/|qsTea/full/None/None/
ss04	E652:E668:E668:E653	cell,position	UNMATCHED	qsTea.half.ex-y5|qsRoe.ex-y0|qsRoe|qsDay	qsTea/half/None/x-height/|qsRoe/hapax/x-height/baseline/en-con-1|qsRoe/hapax/baseline/None/|qsDay/full/None/None/
ss04	E652:E668:E668:E668	cell,position	UNMATCHED	qsTea.half.ex-y5|qsRoe.ex-y0|qsRoe.en-y0.ex-y5|qsRoe	qsTea/half/None/x-height/|qsRoe/hapax/x-height/baseline/en-con-1|qsRoe/hapax/baseline/x-height/|qsRoe/hapax/x-height/None/
ss04	E653:0020:E650:E650	cell	boundary-echo	qsDay|space|qsPea.half.en-y6.ex-y6|qsPea.en-y6	qsDay/full/None/None/|space/boundary/None/None/|qsPea/half/None/y6/|qsPea/full/y6/None/
ss04	E653:0020:E650:E653	cell	boundary-echo	qsDay|space|qsPea|qsDay.half.en-y0.ex-y0	qsDay/full/None/None/|space/boundary/None/None/|qsPea/full/None/baseline/|qsDay/half/baseline/None/
ss04	E653:0020:E652:E653	cell	boundary-echo	qsDay|space|qsTea.ex-y0|qsDay.half.en-y0.ex-y0.en-ext-1	qsDay/full/None/None/|space/boundary/None/None/|qsTea/full/None/baseline/|qsDay/half/baseline/None/en-ext-1
ss04	E653:0020:E653:E652	cell	boundary-echo	qsDay|space|qsDay|qsTea.en-y0	qsDay/full/None/None/|space/boundary/None/None/|qsDay/full/None/baseline/|qsTea/full/baseline/None/
ss04	E653:0020:E653:E653	cell	boundary-echo	qsDay|space|qsDay|qsDay.half.en-y0.ex-y0	qsDay/full/None/None/|space/boundary/None/None/|qsDay/full/None/baseline/|qsDay/half/baseline/None/
ss04	E653:0020:E653:E668	cell	boundary-echo	qsDay|space|qsDay|qsRoe	qsDay/full/None/None/|space/boundary/None/None/|qsDay/full/None/baseline/|qsRoe/hapax/baseline/None/
ss04	E653:0020:E668:E668	cell	boundary-echo	qsDay|space|qsRoe.en-y0.ex-y5|qsRoe	qsDay/full/None/None/|space/boundary/None/None/|qsRoe/hapax/None/x-height/|qsRoe/hapax/x-height/None/
ss04	E653:00B7:E650:E650	cell	dangling-anchor-dropped	qsDay|periodcentered|qsPea.half.en-y6.ex-y6|qsPea.en-y6	qsDay/full/None/None/|namer-dot/boundary/None/None/|qsPea/half/None/y6/|qsPea/full/y6/None/
ss04	E653:00B7:E650:E653	cell	dangling-anchor-dropped	qsDay|periodcentered|qsPea|qsDay.half.en-y0.ex-y0	qsDay/full/None/None/|namer-dot/boundary/None/None/|qsPea/full/None/baseline/|qsDay/half/baseline/None/
ss04	E653:00B7:E652:E653	cell	dangling-anchor-dropped	qsDay|periodcentered|qsTea.ex-y0|qsDay.half.en-y0.ex-y0.en-ext-1	qsDay/full/None/None/|namer-dot/boundary/None/None/|qsTea/full/None/baseline/|qsDay/half/baseline/None/en-ext-1
ss04	E653:00B7:E653:E652	cell	bare-name-live-join	qsDay|periodcentered|qsDay|qsTea.en-y0	qsDay/full/None/None/|namer-dot/boundary/None/None/|qsDay/full/None/baseline/|qsTea/full/baseline/None/
ss04	E653:00B7:E653:E653	cell	dangling-anchor-dropped	qsDay|periodcentered|qsDay|qsDay.half.en-y0.ex-y0	qsDay/full/None/None/|namer-dot/boundary/None/None/|qsDay/full/None/baseline/|qsDay/half/baseline/None/
ss04	E653:00B7:E653:E668	cell	bare-name-live-join	qsDay|periodcentered|qsDay|qsRoe	qsDay/full/None/None/|namer-dot/boundary/None/None/|qsDay/full/None/baseline/|qsRoe/hapax/baseline/None/
ss04	E653:00B7:E668:E668	cell	dangling-anchor-dropped	qsDay|periodcentered.lowered|qsRoe.en-y0.ex-y5|qsRoe	qsDay/full/None/None/|namer-dot/boundary/None/None/|qsRoe/hapax/None/x-height/|qsRoe/hapax/x-height/None/
ss04	E653:200C:E650:E653	cell	boundary-echo	qsDay|space|qsPea.noentry|qsDay.half.en-y0.ex-y0	qsDay/full/None/None/|zwnj/boundary/None/None/|qsPea/full/None/baseline/locked|qsDay/half/baseline/None/
ss04	E653:200C:E650:E668	cell	boundary-echo	qsDay|space|qsPea.half.ex-y5.ex-dips|qsRoe.en-y5.en-con-1	qsDay/full/None/None/|zwnj/boundary/None/None/|qsPea/half/None/x-height/locked|qsRoe/hapax/x-height/None/en-con-1
ss04	E653:200C:E652:E652	cell	boundary-echo	qsDay|space|qsTea.ex-y0|qsTea	qsDay/full/None/None/|zwnj/boundary/None/None/|qsTea/full/None/None/locked|qsTea/full/None/None/
ss04	E653:200C:E652:E653	cell	boundary-echo	qsDay|space|qsTea.ex-y0|qsDay.half.en-y0.ex-y0.en-ext-1	qsDay/full/None/None/|zwnj/boundary/None/None/|qsTea/full/None/baseline/locked|qsDay/half/baseline/None/en-ext-1
ss04	E653:200C:E653:E652	cell	boundary-echo	qsDay|space|qsDay.noentry|qsTea.en-y0	qsDay/full/None/None/|zwnj/boundary/None/None/|qsDay/full/None/baseline/locked|qsTea/full/baseline/None/
ss04	E653:200C:E653:E653	cell	boundary-echo	qsDay|space|qsDay.noentry|qsDay.half.en-y0.ex-y0	qsDay/full/None/None/|zwnj/boundary/None/None/|qsDay/full/None/baseline/locked|qsDay/half/baseline/None/
ss04	E653:200C:E653:E668	cell	boundary-echo	qsDay|space|qsDay.noentry|qsRoe	qsDay/full/None/None/|zwnj/boundary/None/None/|qsDay/full/None/baseline/locked|qsRoe/hapax/baseline/None/
ss04	E653:200C:E668:E668	cell	boundary-echo	qsDay|space|qsRoe.en-y0.ex-y5.noentry|qsRoe	qsDay/full/None/None/|zwnj/boundary/None/None/|qsRoe/hapax/None/x-height/locked|qsRoe/hapax/x-height/None/
ss04	E653:E650:E650:0020	cell	boundary-echo	qsDay|qsPea.half.en-y6.ex-y6|qsPea.en-y6|space	qsDay/full/None/None/|qsPea/half/None/y6/|qsPea/full/y6/None/|space/boundary/None/None/
ss04	E653:E650:E650:00B7	cell	dangling-anchor-dropped	qsDay|qsPea.half.en-y6.ex-y6|qsPea.en-y6|periodcentered	qsDay/full/None/None/|qsPea/half/None/y6/|qsPea/full/y6/None/|namer-dot/boundary/None/None/
ss04	E653:E650:E650:200C	cell	boundary-echo	qsDay|qsPea.half.en-y6.ex-y6|qsPea.en-y6|space	qsDay/full/None/None/|qsPea/half/None/y6/|qsPea/full/y6/None/|zwnj/boundary/None/None/
ss04	E653:E650:E650:E650	cell	dangling-anchor-dropped	qsDay|qsPea.half.en-y6.ex-y6|qsPea.half.en-y6.ex-y6|qsPea.en-y6	qsDay/full/None/None/|qsPea/half/None/y6/|qsPea/half/y6/y6/|qsPea/full/y6/None/
ss04	E653:E650:E650:E652	cell	dangling-anchor-dropped	qsDay|qsPea.half.en-y6.ex-y6|qsPea.en-y6.ex-y0|qsTea	qsDay/full/None/None/|qsPea/half/None/y6/|qsPea/full/y6/None/|qsTea/full/None/None/
ss04	E653:E650:E650:E653	cell	dangling-anchor-dropped	qsDay|qsPea.half.en-y6.ex-y6|qsPea.en-y6.ex-y0|qsDay.half.en-y0.ex-y0	qsDay/full/None/None/|qsPea/half/None/y6/|qsPea/full/y6/baseline/|qsDay/half/baseline/None/
ss04	E653:E650:E650:E668	cell	dangling-anchor-dropped	qsDay|qsPea.half.en-y6.ex-y6|qsPea.half.en-y6.ex-y5.ex-dips|qsRoe.en-y5.en-con-1	qsDay/full/None/None/|qsPea/half/None/y6/|qsPea/half/y6/x-height/|qsRoe/hapax/x-height/None/en-con-1
ss04	E653:E650:E652:E653	cell	dangling-anchor-dropped	qsDay|qsPea|qsTea.ex-y0|qsDay.half.en-y0.ex-y0.en-ext-1	qsDay/full/None/None/|qsPea/full/None/None/|qsTea/full/None/baseline/|qsDay/half/baseline/None/en-ext-1
ss04	E653:E650:E653:0020	cell	boundary-echo	qsDay|qsPea|qsDay.half.en-y0.ex-y0|space	qsDay/full/None/None/|qsPea/full/None/baseline/|qsDay/half/baseline/None/|space/boundary/None/None/
ss04	E653:E650:E653:00B7	cell	dangling-anchor-dropped	qsDay|qsPea|qsDay.half.en-y0.ex-y0|periodcentered	qsDay/full/None/None/|qsPea/full/None/baseline/|qsDay/half/baseline/None/|namer-dot/boundary/None/None/
ss04	E653:E650:E653:200C	cell	boundary-echo	qsDay|qsPea|qsDay.half.en-y0.ex-y0|space	qsDay/full/None/None/|qsPea/full/None/baseline/|qsDay/half/baseline/None/|zwnj/boundary/None/None/
ss04	E653:E650:E653:E650	cell	dangling-anchor-dropped	qsDay|qsPea|qsDay.half.en-y0.ex-y0|qsPea	qsDay/full/None/None/|qsPea/full/None/baseline/|qsDay/half/baseline/None/|qsPea/full/None/None/
ss04	E653:E650:E653:E652	cell	bare-name-live-join	qsDay|qsPea|qsDay.half.en-y0.ex-y0|qsTea.en-y0	qsDay/full/None/None/|qsPea/full/None/baseline/|qsDay/half/baseline/baseline/|qsTea/full/baseline/None/
ss04	E653:E650:E653:E653	cell	dangling-anchor-dropped	qsDay|qsPea|qsDay.half.en-y0.ex-y0|qsDay.half.en-y0.ex-y0	qsDay/full/None/None/|qsPea/full/None/baseline/|qsDay/half/baseline/baseline/|qsDay/half/baseline/None/
ss04	E653:E650:E653:E668	cell	bare-name-live-join	qsDay|qsPea|qsDay.half.en-y0.ex-y0|qsRoe	qsDay/full/None/None/|qsPea/full/None/baseline/|qsDay/half/baseline/baseline/|qsRoe/hapax/baseline/None/
ss04	E653:E650:E668:E668	cell,position	bare-name-live-join	qsDay|qsPea.half.ex-y5.ex-dips|qsRoe.ex-y0|qsRoe	qsDay/full/None/None/|qsPea/half/None/x-height/|qsRoe/hapax/x-height/baseline/en-con-1|qsRoe/hapax/baseline/None/
ss04	E653:E652:0020:0020	cell	boundary-echo	qsDay|qsTea.en-y0|space|space	qsDay/full/None/baseline/|qsTea/full/baseline/None/|space/boundary/None/None/|space/boundary/None/None/
ss04	E653:E652:0020:00B7	cell	boundary-echo	qsDay|qsTea.en-y0|space|periodcentered	qsDay/full/None/baseline/|qsTea/full/baseline/None/|space/boundary/None/None/|namer-dot/boundary/None/None/
ss04	E653:E652:0020:200C	cell	boundary-echo	qsDay|qsTea.en-y0|space|space	qsDay/full/None/baseline/|qsTea/full/baseline/None/|space/boundary/None/None/|zwnj/boundary/None/None/
ss04	E653:E652:0020:E650	cell	boundary-echo	qsDay|qsTea.en-y0|space|qsPea	qsDay/full/None/baseline/|qsTea/full/baseline/None/|space/boundary/None/None/|qsPea/full/None/None/
ss04	E653:E652:0020:E652	cell	boundary-echo	qsDay|qsTea.en-y0|space|qsTea	qsDay/full/None/baseline/|qsTea/full/baseline/None/|space/boundary/None/None/|qsTea/full/None/None/
ss04	E653:E652:0020:E653	cell	boundary-echo	qsDay|qsTea.en-y0|space|qsDay	qsDay/full/None/baseline/|qsTea/full/baseline/None/|space/boundary/None/None/|qsDay/full/None/None/
ss04	E653:E652:0020:E668	cell	boundary-echo	qsDay|qsTea.en-y0|space|qsRoe	qsDay/full/None/baseline/|qsTea/full/baseline/None/|space/boundary/None/None/|qsRoe/hapax/None/None/
ss04	E653:E652:00B7:0020	cell	boundary-echo	qsDay|qsTea.en-y0|periodcentered|space	qsDay/full/None/baseline/|qsTea/full/baseline/None/|namer-dot/boundary/None/None/|space/boundary/None/None/
ss04	E653:E652:00B7:00B7	cell	bare-name-live-join	qsDay|qsTea.en-y0|periodcentered|periodcentered	qsDay/full/None/baseline/|qsTea/full/baseline/None/|namer-dot/boundary/None/None/|namer-dot/boundary/None/None/
ss04	E653:E652:00B7:200C	cell	boundary-echo	qsDay|qsTea.en-y0|periodcentered|space	qsDay/full/None/baseline/|qsTea/full/baseline/None/|namer-dot/boundary/None/None/|zwnj/boundary/None/None/
ss04	E653:E652:00B7:E650	cell	bare-name-live-join	qsDay|qsTea.en-y0|periodcentered|qsPea	qsDay/full/None/baseline/|qsTea/full/baseline/None/|namer-dot/boundary/None/None/|qsPea/full/None/None/
ss04	E653:E652:00B7:E652	cell	bare-name-live-join	qsDay|qsTea.en-y0|periodcentered|qsTea	qsDay/full/None/baseline/|qsTea/full/baseline/None/|namer-dot/boundary/None/None/|qsTea/full/None/None/
ss04	E653:E652:00B7:E653	cell	bare-name-live-join	qsDay|qsTea.en-y0|periodcentered|qsDay	qsDay/full/None/baseline/|qsTea/full/baseline/None/|namer-dot/boundary/None/None/|qsDay/full/None/None/
ss04	E653:E652:00B7:E668	cell	bare-name-live-join	qsDay|qsTea.en-y0|periodcentered.lowered|qsRoe	qsDay/full/None/baseline/|qsTea/full/baseline/None/|namer-dot/boundary/None/None/|qsRoe/hapax/None/None/
ss04	E653:E652:200C:0020	cell	boundary-echo	qsDay|qsTea.en-y0|space|space	qsDay/full/None/baseline/|qsTea/full/baseline/None/|zwnj/boundary/None/None/|space/boundary/None/None/
ss04	E653:E652:200C:00B7	cell	boundary-echo	qsDay|qsTea.en-y0|space|periodcentered	qsDay/full/None/baseline/|qsTea/full/baseline/None/|zwnj/boundary/None/None/|namer-dot/boundary/None/None/
ss04	E653:E652:200C:200C	cell	boundary-echo	qsDay|qsTea.en-y0|space|space	qsDay/full/None/baseline/|qsTea/full/baseline/None/|zwnj/boundary/None/None/|zwnj/boundary/None/None/
ss04	E653:E652:200C:E650	cell	boundary-echo	qsDay|qsTea.en-y0|space|qsPea.noentry	qsDay/full/None/baseline/|qsTea/full/baseline/None/|zwnj/boundary/None/None/|qsPea/full/None/None/locked
ss04	E653:E652:200C:E652	cell	boundary-echo	qsDay|qsTea.en-y0|space|qsTea.noentry	qsDay/full/None/baseline/|qsTea/full/baseline/None/|zwnj/boundary/None/None/|qsTea/full/None/None/locked
ss04	E653:E652:200C:E653	cell	boundary-echo	qsDay|qsTea.en-y0|space|qsDay.noentry	qsDay/full/None/baseline/|qsTea/full/baseline/None/|zwnj/boundary/None/None/|qsDay/full/None/None/locked
ss04	E653:E652:200C:E668	cell	boundary-echo	qsDay|qsTea.en-y0|space|qsRoe.noentry	qsDay/full/None/baseline/|qsTea/full/baseline/None/|zwnj/boundary/None/None/|qsRoe/hapax/None/None/locked
ss04	E653:E652:E650:0020	cell	boundary-echo	qsDay|qsTea.en-y0|qsPea|space	qsDay/full/None/baseline/|qsTea/full/baseline/None/|qsPea/full/None/None/|space/boundary/None/None/
ss04	E653:E652:E650:00B7	cell	bare-name-live-join	qsDay|qsTea.en-y0|qsPea|periodcentered	qsDay/full/None/baseline/|qsTea/full/baseline/None/|qsPea/full/None/None/|namer-dot/boundary/None/None/
ss04	E653:E652:E650:200C	cell	boundary-echo	qsDay|qsTea.en-y0|qsPea|space	qsDay/full/None/baseline/|qsTea/full/baseline/None/|qsPea/full/None/None/|zwnj/boundary/None/None/
ss04	E653:E652:E650:E650	cell	dangling-anchor-dropped	qsDay|qsTea.en-y0|qsPea.half.en-y6.ex-y6|qsPea.en-y6	qsDay/full/None/baseline/|qsTea/full/baseline/None/|qsPea/half/None/y6/|qsPea/full/y6/None/
ss04	E653:E652:E650:E652	cell	bare-name-live-join	qsDay|qsTea.en-y0|qsPea|qsTea	qsDay/full/None/baseline/|qsTea/full/baseline/None/|qsPea/full/None/None/|qsTea/full/None/None/
ss04	E653:E652:E650:E653	cell	dangling-anchor-dropped	qsDay|qsTea.en-y0|qsPea|qsDay.half.en-y0.ex-y0	qsDay/full/None/baseline/|qsTea/full/baseline/None/|qsPea/full/None/baseline/|qsDay/half/baseline/None/
ss04	E653:E652:E650:E668	cell	bare-name-live-join	qsDay|qsTea.en-y0|qsPea.half.ex-y5.ex-dips|qsRoe.en-y5.en-con-1	qsDay/full/None/baseline/|qsTea/full/baseline/None/|qsPea/half/None/x-height/|qsRoe/hapax/x-height/None/en-con-1
ss04	E653:E652:E652:0020	cell	boundary-echo	qsDay|qsTea.en-y0|qsTea|space	qsDay/full/None/baseline/|qsTea/full/baseline/None/|qsTea/full/None/None/|space/boundary/None/None/
ss04	E653:E652:E652:00B7	cell	bare-name-live-join	qsDay|qsTea.en-y0|qsTea|periodcentered	qsDay/full/None/baseline/|qsTea/full/baseline/None/|qsTea/full/None/None/|namer-dot/boundary/None/None/
ss04	E653:E652:E652:200C	cell	boundary-echo	qsDay|qsTea.en-y0|qsTea|space	qsDay/full/None/baseline/|qsTea/full/baseline/None/|qsTea/full/None/None/|zwnj/boundary/None/None/
ss04	E653:E652:E652:E650	cell	bare-name-live-join	qsDay|qsTea.en-y0|qsTea|qsPea	qsDay/full/None/baseline/|qsTea/full/baseline/None/|qsTea/full/None/None/|qsPea/full/None/None/
ss04	E653:E652:E652:E652	cell	bare-name-live-join	qsDay|qsTea.en-y0|qsTea|qsTea	qsDay/full/None/baseline/|qsTea/full/baseline/None/|qsTea/full/None/None/|qsTea/full/None/None/
ss04	E653:E652:E652:E653	cell	dangling-anchor-dropped	qsDay|qsTea.en-y0|qsTea.ex-y0|qsDay.half.en-y0.ex-y0.en-ext-1	qsDay/full/None/baseline/|qsTea/full/baseline/None/|qsTea/full/None/baseline/|qsDay/half/baseline/None/en-ext-1
ss04	E653:E652:E652:E668	cell	bare-name-live-join	qsDay|qsTea.en-y0|qsTea.half.ex-y5|qsRoe.en-y5.en-con-1	qsDay/full/None/baseline/|qsTea/full/baseline/None/|qsTea/half/None/x-height/|qsRoe/hapax/x-height/None/en-con-1
ss04	E653:E652:E653:0020	cell	boundary-echo	qsDay|qsTea.ex-y0|qsDay.half.en-y0.ex-y0.en-ext-1|space	qsDay/full/None/None/|qsTea/full/None/baseline/|qsDay/half/baseline/None/en-ext-1|space/boundary/None/None/
ss04	E653:E652:E653:00B7	cell	dangling-anchor-dropped	qsDay|qsTea.ex-y0|qsDay.half.en-y0.ex-y0.en-ext-1|periodcentered	qsDay/full/None/None/|qsTea/full/None/baseline/|qsDay/half/baseline/None/en-ext-1|namer-dot/boundary/None/None/
ss04	E653:E652:E653:200C	cell	boundary-echo	qsDay|qsTea.ex-y0|qsDay.half.en-y0.ex-y0.en-ext-1|space	qsDay/full/None/None/|qsTea/full/None/baseline/|qsDay/half/baseline/None/en-ext-1|zwnj/boundary/None/None/
ss04	E653:E652:E653:E650	cell	dangling-anchor-dropped	qsDay|qsTea.ex-y0|qsDay.half.en-y0.ex-y0.en-ext-1|qsPea	qsDay/full/None/None/|qsTea/full/None/baseline/|qsDay/half/baseline/None/en-ext-1|qsPea/full/None/None/
ss04	E653:E652:E653:E653	cell	dangling-anchor-dropped	qsDay|qsTea.ex-y0|qsDay.half.en-y0.ex-y0.en-ext-1|qsDay.half.en-y0.ex-y0	qsDay/full/None/None/|qsTea/full/None/baseline/|qsDay/half/baseline/baseline/en-ext-1|qsDay/half/baseline/None/
ss04	E653:E652:E653:E668	cell	bare-name-live-join	qsDay|qsTea.ex-y0|qsDay.half.en-y0.ex-y0.en-ext-1|qsRoe	qsDay/full/None/None/|qsTea/full/None/baseline/|qsDay/half/baseline/baseline/en-ext-1|qsRoe/hapax/baseline/None/
ss04	E653:E652:E668:0020	cell,seam	boundary-echo	qsDay|qsTea.half.ex-y5|qsRoe.en-y5.en-con-1|space	qsDay/full/None/baseline/|qsTea/full/baseline/None/|qsRoe/hapax/None/None/|space/boundary/None/None/
ss04	E653:E652:E668:00B7	cell,seam	regrouping-floor-drift	qsDay|qsTea.half.ex-y5|qsRoe.en-y5.en-con-1|periodcentered	qsDay/full/None/baseline/|qsTea/full/baseline/None/|qsRoe/hapax/None/None/|namer-dot/boundary/None/None/
ss04	E653:E652:E668:200C	cell,seam	boundary-echo	qsDay|qsTea.half.ex-y5|qsRoe.en-y5.en-con-1|space	qsDay/full/None/baseline/|qsTea/full/baseline/None/|qsRoe/hapax/None/None/|zwnj/boundary/None/None/
ss04	E653:E652:E668:E650	cell,seam	regrouping-floor-drift	qsDay|qsTea.half.ex-y5|qsRoe.en-y5.en-con-1|qsPea	qsDay/full/None/baseline/|qsTea/full/baseline/None/|qsRoe/hapax/None/None/|qsPea/full/None/None/
ss04	E653:E652:E668:E652	cell,seam	regrouping-floor-drift	qsDay|qsTea.half.ex-y5|qsRoe.en-y5.en-con-1|qsTea	qsDay/full/None/baseline/|qsTea/full/baseline/None/|qsRoe/hapax/None/None/|qsTea/full/None/None/
ss04	E653:E652:E668:E653	cell,seam	regrouping-floor-drift	qsDay|qsTea.half.ex-y5|qsRoe.en-y5.en-con-1|qsDay	qsDay/full/None/baseline/|qsTea/full/baseline/None/|qsRoe/hapax/None/None/|qsDay/full/None/None/
ss04	E653:E652:E668:E668	cell,seam	UNMATCHED	qsDay|qsTea.half.ex-y5|qsRoe.ex-y0|qsRoe	qsDay/full/None/baseline/|qsTea/full/baseline/None/|qsRoe/hapax/None/x-height/|qsRoe/hapax/x-height/None/
ss04	E653:E653:0020:0020	cell	boundary-echo	qsDay|qsDay.half.en-y0.ex-y0|space|space	qsDay/full/None/baseline/|qsDay/half/baseline/None/|space/boundary/None/None/|space/boundary/None/None/
ss04	E653:E653:0020:00B7	cell	boundary-echo	qsDay|qsDay.half.en-y0.ex-y0|space|periodcentered	qsDay/full/None/baseline/|qsDay/half/baseline/None/|space/boundary/None/None/|namer-dot/boundary/None/None/
ss04	E653:E653:0020:200C	cell	boundary-echo	qsDay|qsDay.half.en-y0.ex-y0|space|space	qsDay/full/None/baseline/|qsDay/half/baseline/None/|space/boundary/None/None/|zwnj/boundary/None/None/
ss04	E653:E653:0020:E650	cell	boundary-echo	qsDay|qsDay.half.en-y0.ex-y0|space|qsPea	qsDay/full/None/baseline/|qsDay/half/baseline/None/|space/boundary/None/None/|qsPea/full/None/None/
ss04	E653:E653:0020:E652	cell	boundary-echo	qsDay|qsDay.half.en-y0.ex-y0|space|qsTea	qsDay/full/None/baseline/|qsDay/half/baseline/None/|space/boundary/None/None/|qsTea/full/None/None/
ss04	E653:E653:0020:E653	cell	boundary-echo	qsDay|qsDay.half.en-y0.ex-y0|space|qsDay	qsDay/full/None/baseline/|qsDay/half/baseline/None/|space/boundary/None/None/|qsDay/full/None/None/
ss04	E653:E653:0020:E668	cell	boundary-echo	qsDay|qsDay.half.en-y0.ex-y0|space|qsRoe	qsDay/full/None/baseline/|qsDay/half/baseline/None/|space/boundary/None/None/|qsRoe/hapax/None/None/
ss04	E653:E653:00B7:0020	cell	boundary-echo	qsDay|qsDay.half.en-y0.ex-y0|periodcentered|space	qsDay/full/None/baseline/|qsDay/half/baseline/None/|namer-dot/boundary/None/None/|space/boundary/None/None/
ss04	E653:E653:00B7:00B7	cell	dangling-anchor-dropped	qsDay|qsDay.half.en-y0.ex-y0|periodcentered|periodcentered	qsDay/full/None/baseline/|qsDay/half/baseline/None/|namer-dot/boundary/None/None/|namer-dot/boundary/None/None/
ss04	E653:E653:00B7:200C	cell	boundary-echo	qsDay|qsDay.half.en-y0.ex-y0|periodcentered|space	qsDay/full/None/baseline/|qsDay/half/baseline/None/|namer-dot/boundary/None/None/|zwnj/boundary/None/None/
ss04	E653:E653:00B7:E650	cell	dangling-anchor-dropped	qsDay|qsDay.half.en-y0.ex-y0|periodcentered|qsPea	qsDay/full/None/baseline/|qsDay/half/baseline/None/|namer-dot/boundary/None/None/|qsPea/full/None/None/
ss04	E653:E653:00B7:E652	cell	dangling-anchor-dropped	qsDay|qsDay.half.en-y0.ex-y0|periodcentered|qsTea	qsDay/full/None/baseline/|qsDay/half/baseline/None/|namer-dot/boundary/None/None/|qsTea/full/None/None/
ss04	E653:E653:00B7:E653	cell	dangling-anchor-dropped	qsDay|qsDay.half.en-y0.ex-y0|periodcentered|qsDay	qsDay/full/None/baseline/|qsDay/half/baseline/None/|namer-dot/boundary/None/None/|qsDay/full/None/None/
ss04	E653:E653:00B7:E668	cell	dangling-anchor-dropped	qsDay|qsDay.half.en-y0.ex-y0|periodcentered.lowered|qsRoe	qsDay/full/None/baseline/|qsDay/half/baseline/None/|namer-dot/boundary/None/None/|qsRoe/hapax/None/None/
ss04	E653:E653:200C:0020	cell	boundary-echo	qsDay|qsDay.half.en-y0.ex-y0|space|space	qsDay/full/None/baseline/|qsDay/half/baseline/None/|zwnj/boundary/None/None/|space/boundary/None/None/
ss04	E653:E653:200C:00B7	cell	boundary-echo	qsDay|qsDay.half.en-y0.ex-y0|space|periodcentered	qsDay/full/None/baseline/|qsDay/half/baseline/None/|zwnj/boundary/None/None/|namer-dot/boundary/None/None/
ss04	E653:E653:200C:200C	cell	boundary-echo	qsDay|qsDay.half.en-y0.ex-y0|space|space	qsDay/full/None/baseline/|qsDay/half/baseline/None/|zwnj/boundary/None/None/|zwnj/boundary/None/None/
ss04	E653:E653:200C:E650	cell	boundary-echo	qsDay|qsDay.half.en-y0.ex-y0|space|qsPea.noentry	qsDay/full/None/baseline/|qsDay/half/baseline/None/|zwnj/boundary/None/None/|qsPea/full/None/None/locked
ss04	E653:E653:200C:E652	cell	boundary-echo	qsDay|qsDay.half.en-y0.ex-y0|space|qsTea.noentry	qsDay/full/None/baseline/|qsDay/half/baseline/None/|zwnj/boundary/None/None/|qsTea/full/None/None/locked
ss04	E653:E653:200C:E653	cell	boundary-echo	qsDay|qsDay.half.en-y0.ex-y0|space|qsDay.noentry	qsDay/full/None/baseline/|qsDay/half/baseline/None/|zwnj/boundary/None/None/|qsDay/full/None/None/locked
ss04	E653:E653:200C:E668	cell	boundary-echo	qsDay|qsDay.half.en-y0.ex-y0|space|qsRoe.noentry	qsDay/full/None/baseline/|qsDay/half/baseline/None/|zwnj/boundary/None/None/|qsRoe/hapax/None/None/locked
ss04	E653:E653:E650:0020	cell	boundary-echo	qsDay|qsDay.half.en-y0.ex-y0|qsPea|space	qsDay/full/None/baseline/|qsDay/half/baseline/None/|qsPea/full/None/None/|space/boundary/None/None/
ss04	E653:E653:E650:00B7	cell	dangling-anchor-dropped	qsDay|qsDay.half.en-y0.ex-y0|qsPea|periodcentered	qsDay/full/None/baseline/|qsDay/half/baseline/None/|qsPea/full/None/None/|namer-dot/boundary/None/None/
ss04	E653:E653:E650:200C	cell	boundary-echo	qsDay|qsDay.half.en-y0.ex-y0|qsPea|space	qsDay/full/None/baseline/|qsDay/half/baseline/None/|qsPea/full/None/None/|zwnj/boundary/None/None/
ss04	E653:E653:E650:E650	cell	dangling-anchor-dropped	qsDay|qsDay.half.en-y0.ex-y0|qsPea.half.en-y6.ex-y6|qsPea.en-y6	qsDay/full/None/baseline/|qsDay/half/baseline/None/|qsPea/half/None/y6/|qsPea/full/y6/None/
ss04	E653:E653:E650:E652	cell	dangling-anchor-dropped	qsDay|qsDay.half.en-y0.ex-y0|qsPea|qsTea	qsDay/full/None/baseline/|qsDay/half/baseline/None/|qsPea/full/None/None/|qsTea/full/None/None/
ss04	E653:E653:E650:E653	cell	dangling-anchor-dropped	qsDay|qsDay.half.en-y0.ex-y0|qsPea|qsDay.half.en-y0.ex-y0	qsDay/full/None/baseline/|qsDay/half/baseline/None/|qsPea/full/None/baseline/|qsDay/half/baseline/None/
ss04	E653:E653:E650:E668	cell	dangling-anchor-dropped	qsDay|qsDay.half.en-y0.ex-y0|qsPea.half.ex-y5.ex-dips|qsRoe.en-y5.en-con-1	qsDay/full/None/baseline/|qsDay/half/baseline/None/|qsPea/half/None/x-height/|qsRoe/hapax/x-height/None/en-con-1
ss04	E653:E653:E652:0020	cell	boundary-echo	qsDay|qsDay.half.en-y0.ex-y0|qsTea.en-y0|space	qsDay/full/None/baseline/|qsDay/half/baseline/baseline/|qsTea/full/baseline/None/|space/boundary/None/None/
ss04	E653:E653:E652:00B7	cell	bare-name-live-join	qsDay|qsDay.half.en-y0.ex-y0|qsTea.en-y0|periodcentered	qsDay/full/None/baseline/|qsDay/half/baseline/baseline/|qsTea/full/baseline/None/|namer-dot/boundary/None/None/
ss04	E653:E653:E652:200C	cell	boundary-echo	qsDay|qsDay.half.en-y0.ex-y0|qsTea.en-y0|space	qsDay/full/None/baseline/|qsDay/half/baseline/baseline/|qsTea/full/baseline/None/|zwnj/boundary/None/None/
ss04	E653:E653:E652:E650	cell	bare-name-live-join	qsDay|qsDay.half.en-y0.ex-y0|qsTea.en-y0|qsPea	qsDay/full/None/baseline/|qsDay/half/baseline/baseline/|qsTea/full/baseline/None/|qsPea/full/None/None/
ss04	E653:E653:E652:E652	cell	bare-name-live-join	qsDay|qsDay.half.en-y0.ex-y0|qsTea.en-y0|qsTea	qsDay/full/None/baseline/|qsDay/half/baseline/baseline/|qsTea/full/baseline/None/|qsTea/full/None/None/
ss04	E653:E653:E652:E653	cell	dangling-anchor-dropped	qsDay|qsDay.half.en-y0.ex-y0|qsTea.ex-y0|qsDay.half.en-y0.ex-y0.en-ext-1	qsDay/full/None/baseline/|qsDay/half/baseline/None/|qsTea/full/None/baseline/|qsDay/half/baseline/None/en-ext-1
ss04	E653:E653:E652:E668	cell,seam	regrouping-floor-drift	qsDay|qsDay.half.en-y0.ex-y0|qsTea.half.ex-y5|qsRoe.en-y5.en-con-1	qsDay/full/None/baseline/|qsDay/half/baseline/baseline/|qsTea/full/baseline/None/|qsRoe/hapax/None/None/
ss04	E653:E653:E653:0020	cell	boundary-echo	qsDay|qsDay.half.en-y0.ex-y0|qsDay.half.en-y0.ex-y0|space	qsDay/full/None/baseline/|qsDay/half/baseline/baseline/|qsDay/half/baseline/None/|space/boundary/None/None/
ss04	E653:E653:E653:00B7	cell	dangling-anchor-dropped	qsDay|qsDay.half.en-y0.ex-y0|qsDay.half.en-y0.ex-y0|periodcentered	qsDay/full/None/baseline/|qsDay/half/baseline/baseline/|qsDay/half/baseline/None/|namer-dot/boundary/None/None/
ss04	E653:E653:E653:200C	cell	boundary-echo	qsDay|qsDay.half.en-y0.ex-y0|qsDay.half.en-y0.ex-y0|space	qsDay/full/None/baseline/|qsDay/half/baseline/baseline/|qsDay/half/baseline/None/|zwnj/boundary/None/None/
ss04	E653:E653:E653:E650	cell	dangling-anchor-dropped	qsDay|qsDay.half.en-y0.ex-y0|qsDay.half.en-y0.ex-y0|qsPea	qsDay/full/None/baseline/|qsDay/half/baseline/baseline/|qsDay/half/baseline/None/|qsPea/full/None/None/
ss04	E653:E653:E653:E652	cell	bare-name-live-join	qsDay|qsDay.half.en-y0.ex-y0|qsDay.half.en-y0.ex-y0|qsTea.en-y0	qsDay/full/None/baseline/|qsDay/half/baseline/baseline/|qsDay/half/baseline/baseline/|qsTea/full/baseline/None/
ss04	E653:E653:E653:E653	cell	dangling-anchor-dropped	qsDay|qsDay.half.en-y0.ex-y0|qsDay.half.en-y0.ex-y0|qsDay.half.en-y0.ex-y0	qsDay/full/None/baseline/|qsDay/half/baseline/baseline/|qsDay/half/baseline/baseline/|qsDay/half/baseline/None/
ss04	E653:E653:E653:E668	cell	bare-name-live-join	qsDay|qsDay.half.en-y0.ex-y0|qsDay.half.en-y0.ex-y0|qsRoe	qsDay/full/None/baseline/|qsDay/half/baseline/baseline/|qsDay/half/baseline/baseline/|qsRoe/hapax/baseline/None/
ss04	E653:E653:E668:0020	cell	boundary-echo	qsDay|qsDay.half.en-y0.ex-y0|qsRoe|space	qsDay/full/None/baseline/|qsDay/half/baseline/baseline/|qsRoe/hapax/baseline/None/|space/boundary/None/None/
ss04	E653:E653:E668:00B7	cell	bare-name-live-join	qsDay|qsDay.half.en-y0.ex-y0|qsRoe|periodcentered	qsDay/full/None/baseline/|qsDay/half/baseline/baseline/|qsRoe/hapax/baseline/None/|namer-dot/boundary/None/None/
ss04	E653:E653:E668:200C	cell	boundary-echo	qsDay|qsDay.half.en-y0.ex-y0|qsRoe|space	qsDay/full/None/baseline/|qsDay/half/baseline/baseline/|qsRoe/hapax/baseline/None/|zwnj/boundary/None/None/
ss04	E653:E653:E668:E650	cell	bare-name-live-join	qsDay|qsDay.half.en-y0.ex-y0|qsRoe|qsPea	qsDay/full/None/baseline/|qsDay/half/baseline/baseline/|qsRoe/hapax/baseline/None/|qsPea/full/None/None/
ss04	E653:E653:E668:E652	cell	bare-name-live-join	qsDay|qsDay.half.en-y0.ex-y0|qsRoe|qsTea	qsDay/full/None/baseline/|qsDay/half/baseline/baseline/|qsRoe/hapax/baseline/None/|qsTea/full/None/None/
ss04	E653:E653:E668:E653	cell	bare-name-live-join	qsDay|qsDay.half.en-y0.ex-y0|qsRoe|qsDay	qsDay/full/None/baseline/|qsDay/half/baseline/baseline/|qsRoe/hapax/baseline/None/|qsDay/full/None/None/
ss04	E653:E653:E668:E668	cell	bare-name-live-join	qsDay|qsDay.half.en-y0.ex-y0|qsRoe.en-y0.ex-y5|qsRoe	qsDay/full/None/baseline/|qsDay/half/baseline/baseline/|qsRoe/hapax/baseline/x-height/|qsRoe/hapax/x-height/None/
ss04	E653:E668:0020:0020	cell	boundary-echo	qsDay|qsRoe|space|space	qsDay/full/None/baseline/|qsRoe/hapax/baseline/None/|space/boundary/None/None/|space/boundary/None/None/
ss04	E653:E668:0020:00B7	cell	boundary-echo	qsDay|qsRoe|space|periodcentered	qsDay/full/None/baseline/|qsRoe/hapax/baseline/None/|space/boundary/None/None/|namer-dot/boundary/None/None/
ss04	E653:E668:0020:200C	cell	boundary-echo	qsDay|qsRoe|space|space	qsDay/full/None/baseline/|qsRoe/hapax/baseline/None/|space/boundary/None/None/|zwnj/boundary/None/None/
ss04	E653:E668:0020:E650	cell	boundary-echo	qsDay|qsRoe|space|qsPea	qsDay/full/None/baseline/|qsRoe/hapax/baseline/None/|space/boundary/None/None/|qsPea/full/None/None/
ss04	E653:E668:0020:E652	cell	boundary-echo	qsDay|qsRoe|space|qsTea	qsDay/full/None/baseline/|qsRoe/hapax/baseline/None/|space/boundary/None/None/|qsTea/full/None/None/
ss04	E653:E668:0020:E653	cell	boundary-echo	qsDay|qsRoe|space|qsDay	qsDay/full/None/baseline/|qsRoe/hapax/baseline/None/|space/boundary/None/None/|qsDay/full/None/None/
ss04	E653:E668:0020:E668	cell	boundary-echo	qsDay|qsRoe|space|qsRoe	qsDay/full/None/baseline/|qsRoe/hapax/baseline/None/|space/boundary/None/None/|qsRoe/hapax/None/None/
ss04	E653:E668:00B7:0020	cell	boundary-echo	qsDay|qsRoe|periodcentered|space	qsDay/full/None/baseline/|qsRoe/hapax/baseline/None/|namer-dot/boundary/None/None/|space/boundary/None/None/
ss04	E653:E668:00B7:00B7	cell	bare-name-live-join	qsDay|qsRoe|periodcentered|periodcentered	qsDay/full/None/baseline/|qsRoe/hapax/baseline/None/|namer-dot/boundary/None/None/|namer-dot/boundary/None/None/
ss04	E653:E668:00B7:200C	cell	boundary-echo	qsDay|qsRoe|periodcentered|space	qsDay/full/None/baseline/|qsRoe/hapax/baseline/None/|namer-dot/boundary/None/None/|zwnj/boundary/None/None/
ss04	E653:E668:00B7:E650	cell	bare-name-live-join	qsDay|qsRoe|periodcentered|qsPea	qsDay/full/None/baseline/|qsRoe/hapax/baseline/None/|namer-dot/boundary/None/None/|qsPea/full/None/None/
ss04	E653:E668:00B7:E652	cell	bare-name-live-join	qsDay|qsRoe|periodcentered|qsTea	qsDay/full/None/baseline/|qsRoe/hapax/baseline/None/|namer-dot/boundary/None/None/|qsTea/full/None/None/
ss04	E653:E668:00B7:E653	cell	bare-name-live-join	qsDay|qsRoe|periodcentered|qsDay	qsDay/full/None/baseline/|qsRoe/hapax/baseline/None/|namer-dot/boundary/None/None/|qsDay/full/None/None/
ss04	E653:E668:00B7:E668	cell	bare-name-live-join	qsDay|qsRoe|periodcentered.lowered|qsRoe	qsDay/full/None/baseline/|qsRoe/hapax/baseline/None/|namer-dot/boundary/None/None/|qsRoe/hapax/None/None/
ss04	E653:E668:200C:0020	cell	boundary-echo	qsDay|qsRoe|space|space	qsDay/full/None/baseline/|qsRoe/hapax/baseline/None/|zwnj/boundary/None/None/|space/boundary/None/None/
ss04	E653:E668:200C:00B7	cell	boundary-echo	qsDay|qsRoe|space|periodcentered	qsDay/full/None/baseline/|qsRoe/hapax/baseline/None/|zwnj/boundary/None/None/|namer-dot/boundary/None/None/
ss04	E653:E668:200C:200C	cell	boundary-echo	qsDay|qsRoe|space|space	qsDay/full/None/baseline/|qsRoe/hapax/baseline/None/|zwnj/boundary/None/None/|zwnj/boundary/None/None/
ss04	E653:E668:200C:E650	cell	boundary-echo	qsDay|qsRoe|space|qsPea.noentry	qsDay/full/None/baseline/|qsRoe/hapax/baseline/None/|zwnj/boundary/None/None/|qsPea/full/None/None/locked
ss04	E653:E668:200C:E652	cell	boundary-echo	qsDay|qsRoe|space|qsTea.noentry	qsDay/full/None/baseline/|qsRoe/hapax/baseline/None/|zwnj/boundary/None/None/|qsTea/full/None/None/locked
ss04	E653:E668:200C:E653	cell	boundary-echo	qsDay|qsRoe|space|qsDay.noentry	qsDay/full/None/baseline/|qsRoe/hapax/baseline/None/|zwnj/boundary/None/None/|qsDay/full/None/None/locked
ss04	E653:E668:200C:E668	cell	boundary-echo	qsDay|qsRoe|space|qsRoe.noentry	qsDay/full/None/baseline/|qsRoe/hapax/baseline/None/|zwnj/boundary/None/None/|qsRoe/hapax/None/None/locked
ss04	E653:E668:E650:0020	cell	boundary-echo	qsDay|qsRoe|qsPea|space	qsDay/full/None/baseline/|qsRoe/hapax/baseline/None/|qsPea/full/None/None/|space/boundary/None/None/
ss04	E653:E668:E650:00B7	cell	bare-name-live-join	qsDay|qsRoe|qsPea|periodcentered	qsDay/full/None/baseline/|qsRoe/hapax/baseline/None/|qsPea/full/None/None/|namer-dot/boundary/None/None/
ss04	E653:E668:E650:200C	cell	boundary-echo	qsDay|qsRoe|qsPea|space	qsDay/full/None/baseline/|qsRoe/hapax/baseline/None/|qsPea/full/None/None/|zwnj/boundary/None/None/
ss04	E653:E668:E650:E650	cell	dangling-anchor-dropped	qsDay|qsRoe|qsPea.half.en-y6.ex-y6|qsPea.en-y6	qsDay/full/None/baseline/|qsRoe/hapax/baseline/None/|qsPea/half/None/y6/|qsPea/full/y6/None/
ss04	E653:E668:E650:E652	cell	bare-name-live-join	qsDay|qsRoe|qsPea|qsTea	qsDay/full/None/baseline/|qsRoe/hapax/baseline/None/|qsPea/full/None/None/|qsTea/full/None/None/
ss04	E653:E668:E650:E653	cell	dangling-anchor-dropped	qsDay|qsRoe|qsPea|qsDay.half.en-y0.ex-y0	qsDay/full/None/baseline/|qsRoe/hapax/baseline/None/|qsPea/full/None/baseline/|qsDay/half/baseline/None/
ss04	E653:E668:E650:E668	cell	bare-name-live-join	qsDay|qsRoe|qsPea.half.ex-y5.ex-dips|qsRoe.en-y5.en-con-1	qsDay/full/None/baseline/|qsRoe/hapax/baseline/None/|qsPea/half/None/x-height/|qsRoe/hapax/x-height/None/en-con-1
ss04	E653:E668:E652:0020	cell	boundary-echo	qsDay|qsRoe|qsTea|space	qsDay/full/None/baseline/|qsRoe/hapax/baseline/None/|qsTea/full/None/None/|space/boundary/None/None/
ss04	E653:E668:E652:00B7	cell	bare-name-live-join	qsDay|qsRoe|qsTea|periodcentered	qsDay/full/None/baseline/|qsRoe/hapax/baseline/None/|qsTea/full/None/None/|namer-dot/boundary/None/None/
ss04	E653:E668:E652:200C	cell	boundary-echo	qsDay|qsRoe|qsTea|space	qsDay/full/None/baseline/|qsRoe/hapax/baseline/None/|qsTea/full/None/None/|zwnj/boundary/None/None/
ss04	E653:E668:E652:E650	cell	bare-name-live-join	qsDay|qsRoe|qsTea|qsPea	qsDay/full/None/baseline/|qsRoe/hapax/baseline/None/|qsTea/full/None/None/|qsPea/full/None/None/
ss04	E653:E668:E652:E652	cell	bare-name-live-join	qsDay|qsRoe|qsTea|qsTea	qsDay/full/None/baseline/|qsRoe/hapax/baseline/None/|qsTea/full/None/None/|qsTea/full/None/None/
ss04	E653:E668:E652:E653	cell	dangling-anchor-dropped	qsDay|qsRoe|qsTea.ex-y0|qsDay.half.en-y0.ex-y0.en-ext-1	qsDay/full/None/baseline/|qsRoe/hapax/baseline/None/|qsTea/full/None/baseline/|qsDay/half/baseline/None/en-ext-1
ss04	E653:E668:E652:E668	cell	bare-name-live-join	qsDay|qsRoe|qsTea.half.ex-y5|qsRoe.en-y5.en-con-1	qsDay/full/None/baseline/|qsRoe/hapax/baseline/None/|qsTea/half/None/x-height/|qsRoe/hapax/x-height/None/en-con-1
ss04	E653:E668:E653:0020	cell	boundary-echo	qsDay|qsRoe|qsDay|space	qsDay/full/None/baseline/|qsRoe/hapax/baseline/None/|qsDay/full/None/None/|space/boundary/None/None/
ss04	E653:E668:E653:00B7	cell	bare-name-live-join	qsDay|qsRoe|qsDay|periodcentered	qsDay/full/None/baseline/|qsRoe/hapax/baseline/None/|qsDay/full/None/None/|namer-dot/boundary/None/None/
ss04	E653:E668:E653:200C	cell	boundary-echo	qsDay|qsRoe|qsDay|space	qsDay/full/None/baseline/|qsRoe/hapax/baseline/None/|qsDay/full/None/None/|zwnj/boundary/None/None/
ss04	E653:E668:E653:E650	cell	bare-name-live-join	qsDay|qsRoe|qsDay|qsPea	qsDay/full/None/baseline/|qsRoe/hapax/baseline/None/|qsDay/full/None/None/|qsPea/full/None/None/
ss04	E653:E668:E653:E652	cell	bare-name-live-join	qsDay|qsRoe|qsDay|qsTea.en-y0	qsDay/full/None/baseline/|qsRoe/hapax/baseline/None/|qsDay/full/None/baseline/|qsTea/full/baseline/None/
ss04	E653:E668:E653:E653	cell	dangling-anchor-dropped	qsDay|qsRoe|qsDay|qsDay.half.en-y0.ex-y0	qsDay/full/None/baseline/|qsRoe/hapax/baseline/None/|qsDay/full/None/baseline/|qsDay/half/baseline/None/
ss04	E653:E668:E653:E668	cell	bare-name-live-join	qsDay|qsRoe|qsDay|qsRoe	qsDay/full/None/baseline/|qsRoe/hapax/baseline/None/|qsDay/full/None/baseline/|qsRoe/hapax/baseline/None/
ss04	E653:E668:E668:0020	cell	boundary-echo	qsDay|qsRoe.en-y0.ex-y5|qsRoe|space	qsDay/full/None/baseline/|qsRoe/hapax/baseline/x-height/|qsRoe/hapax/x-height/None/|space/boundary/None/None/
ss04	E653:E668:E668:00B7	cell	bare-name-live-join	qsDay|qsRoe.en-y0.ex-y5|qsRoe|periodcentered	qsDay/full/None/baseline/|qsRoe/hapax/baseline/x-height/|qsRoe/hapax/x-height/None/|namer-dot/boundary/None/None/
ss04	E653:E668:E668:200C	cell	boundary-echo	qsDay|qsRoe.en-y0.ex-y5|qsRoe|space	qsDay/full/None/baseline/|qsRoe/hapax/baseline/x-height/|qsRoe/hapax/x-height/None/|zwnj/boundary/None/None/
ss04	E653:E668:E668:E650	cell	bare-name-live-join	qsDay|qsRoe.en-y0.ex-y5|qsRoe|qsPea	qsDay/full/None/baseline/|qsRoe/hapax/baseline/x-height/|qsRoe/hapax/x-height/None/|qsPea/full/None/None/
ss04	E653:E668:E668:E652	cell	bare-name-live-join	qsDay|qsRoe.en-y0.ex-y5|qsRoe|qsTea	qsDay/full/None/baseline/|qsRoe/hapax/baseline/x-height/|qsRoe/hapax/x-height/None/|qsTea/full/None/None/
ss04	E653:E668:E668:E653	cell	bare-name-live-join	qsDay|qsRoe.en-y0.ex-y5|qsRoe|qsDay	qsDay/full/None/baseline/|qsRoe/hapax/baseline/x-height/|qsRoe/hapax/x-height/None/|qsDay/full/None/None/
ss04	E653:E668:E668:E668	cell	bare-name-live-join	qsDay|qsRoe.en-y0.ex-y5|qsRoe.ex-y0|qsRoe	qsDay/full/None/baseline/|qsRoe/hapax/baseline/x-height/|qsRoe/hapax/x-height/baseline/|qsRoe/hapax/baseline/None/
ss04	E665:E670:E652:E679	cell,seam	pre-ligature-cleanup-regularized	qsMay|qsIt|qsTea_qsOy	qsMay/loop/None/x-height/ex-ext-1|qsIt/hapax/x-height/None/|qsTea_qsOy/hapax/None/None/
ss04	E668:0020:E650:E650	cell	boundary-echo	qsRoe|space|qsPea.half.en-y6.ex-y6|qsPea.en-y6	qsRoe/hapax/None/None/|space/boundary/None/None/|qsPea/half/None/y6/|qsPea/full/y6/None/
ss04	E668:0020:E650:E653	cell	boundary-echo	qsRoe|space|qsPea|qsDay.half.en-y0.ex-y0	qsRoe/hapax/None/None/|space/boundary/None/None/|qsPea/full/None/baseline/|qsDay/half/baseline/None/
ss04	E668:0020:E652:E653	cell	boundary-echo	qsRoe|space|qsTea.ex-y0|qsDay.half.en-y0.ex-y0.en-ext-1	qsRoe/hapax/None/None/|space/boundary/None/None/|qsTea/full/None/baseline/|qsDay/half/baseline/None/en-ext-1
ss04	E668:0020:E653:E652	cell	boundary-echo	qsRoe|space|qsDay|qsTea.en-y0	qsRoe/hapax/None/None/|space/boundary/None/None/|qsDay/full/None/baseline/|qsTea/full/baseline/None/
ss04	E668:0020:E653:E653	cell	boundary-echo	qsRoe|space|qsDay|qsDay.half.en-y0.ex-y0	qsRoe/hapax/None/None/|space/boundary/None/None/|qsDay/full/None/baseline/|qsDay/half/baseline/None/
ss04	E668:0020:E653:E668	cell	boundary-echo	qsRoe|space|qsDay|qsRoe	qsRoe/hapax/None/None/|space/boundary/None/None/|qsDay/full/None/baseline/|qsRoe/hapax/baseline/None/
ss04	E668:0020:E668:E668	cell	boundary-echo	qsRoe|space|qsRoe.en-y0.ex-y5|qsRoe	qsRoe/hapax/None/None/|space/boundary/None/None/|qsRoe/hapax/None/x-height/|qsRoe/hapax/x-height/None/
ss04	E668:00B7:E650:E650	cell	dangling-anchor-dropped	qsRoe|periodcentered|qsPea.half.en-y6.ex-y6|qsPea.en-y6	qsRoe/hapax/None/None/|namer-dot/boundary/None/None/|qsPea/half/None/y6/|qsPea/full/y6/None/
ss04	E668:00B7:E650:E653	cell	dangling-anchor-dropped	qsRoe|periodcentered|qsPea|qsDay.half.en-y0.ex-y0	qsRoe/hapax/None/None/|namer-dot/boundary/None/None/|qsPea/full/None/baseline/|qsDay/half/baseline/None/
ss04	E668:00B7:E652:E653	cell	dangling-anchor-dropped	qsRoe|periodcentered|qsTea.ex-y0|qsDay.half.en-y0.ex-y0.en-ext-1	qsRoe/hapax/None/None/|namer-dot/boundary/None/None/|qsTea/full/None/baseline/|qsDay/half/baseline/None/en-ext-1
ss04	E668:00B7:E653:E652	cell	bare-name-live-join	qsRoe|periodcentered|qsDay|qsTea.en-y0	qsRoe/hapax/None/None/|namer-dot/boundary/None/None/|qsDay/full/None/baseline/|qsTea/full/baseline/None/
ss04	E668:00B7:E653:E653	cell	dangling-anchor-dropped	qsRoe|periodcentered|qsDay|qsDay.half.en-y0.ex-y0	qsRoe/hapax/None/None/|namer-dot/boundary/None/None/|qsDay/full/None/baseline/|qsDay/half/baseline/None/
ss04	E668:00B7:E653:E668	cell	bare-name-live-join	qsRoe|periodcentered|qsDay|qsRoe	qsRoe/hapax/None/None/|namer-dot/boundary/None/None/|qsDay/full/None/baseline/|qsRoe/hapax/baseline/None/
ss04	E668:00B7:E668:E668	cell	dangling-anchor-dropped	qsRoe|periodcentered.lowered|qsRoe.en-y0.ex-y5|qsRoe	qsRoe/hapax/None/None/|namer-dot/boundary/None/None/|qsRoe/hapax/None/x-height/|qsRoe/hapax/x-height/None/
ss04	E668:200C:E650:E653	cell	boundary-echo	qsRoe|space|qsPea.noentry|qsDay.half.en-y0.ex-y0	qsRoe/hapax/None/None/|zwnj/boundary/None/None/|qsPea/full/None/baseline/locked|qsDay/half/baseline/None/
ss04	E668:200C:E650:E668	cell	boundary-echo	qsRoe|space|qsPea.half.ex-y5.ex-dips|qsRoe.en-y5.en-con-1	qsRoe/hapax/None/None/|zwnj/boundary/None/None/|qsPea/half/None/x-height/locked|qsRoe/hapax/x-height/None/en-con-1
ss04	E668:200C:E652:E652	cell	boundary-echo	qsRoe|space|qsTea.ex-y0|qsTea	qsRoe/hapax/None/None/|zwnj/boundary/None/None/|qsTea/full/None/None/locked|qsTea/full/None/None/
ss04	E668:200C:E652:E653	cell	boundary-echo	qsRoe|space|qsTea.ex-y0|qsDay.half.en-y0.ex-y0.en-ext-1	qsRoe/hapax/None/None/|zwnj/boundary/None/None/|qsTea/full/None/baseline/locked|qsDay/half/baseline/None/en-ext-1
ss04	E668:200C:E653:E652	cell	boundary-echo	qsRoe|space|qsDay.noentry|qsTea.en-y0	qsRoe/hapax/None/None/|zwnj/boundary/None/None/|qsDay/full/None/baseline/locked|qsTea/full/baseline/None/
ss04	E668:200C:E653:E653	cell	boundary-echo	qsRoe|space|qsDay.noentry|qsDay.half.en-y0.ex-y0	qsRoe/hapax/None/None/|zwnj/boundary/None/None/|qsDay/full/None/baseline/locked|qsDay/half/baseline/None/
ss04	E668:200C:E653:E668	cell	boundary-echo	qsRoe|space|qsDay.noentry|qsRoe	qsRoe/hapax/None/None/|zwnj/boundary/None/None/|qsDay/full/None/baseline/locked|qsRoe/hapax/baseline/None/
ss04	E668:200C:E668:E668	cell	boundary-echo	qsRoe|space|qsRoe.en-y0.ex-y5.noentry|qsRoe	qsRoe/hapax/None/None/|zwnj/boundary/None/None/|qsRoe/hapax/None/x-height/locked|qsRoe/hapax/x-height/None/
ss04	E668:E650:E650:0020	cell	boundary-echo	qsRoe|qsPea.half.en-y6.ex-y6|qsPea.en-y6|space	qsRoe/hapax/None/None/|qsPea/half/None/y6/|qsPea/full/y6/None/|space/boundary/None/None/
ss04	E668:E650:E650:00B7	cell	dangling-anchor-dropped	qsRoe|qsPea.half.en-y6.ex-y6|qsPea.en-y6|periodcentered	qsRoe/hapax/None/None/|qsPea/half/None/y6/|qsPea/full/y6/None/|namer-dot/boundary/None/None/
ss04	E668:E650:E650:200C	cell	boundary-echo	qsRoe|qsPea.half.en-y6.ex-y6|qsPea.en-y6|space	qsRoe/hapax/None/None/|qsPea/half/None/y6/|qsPea/full/y6/None/|zwnj/boundary/None/None/
ss04	E668:E650:E650:E650	cell	dangling-anchor-dropped	qsRoe|qsPea.half.en-y6.ex-y6|qsPea.half.en-y6.ex-y6|qsPea.en-y6	qsRoe/hapax/None/None/|qsPea/half/None/y6/|qsPea/half/y6/y6/|qsPea/full/y6/None/
ss04	E668:E650:E650:E652	cell	dangling-anchor-dropped	qsRoe|qsPea.half.en-y6.ex-y6|qsPea.en-y6.ex-y0|qsTea	qsRoe/hapax/None/None/|qsPea/half/None/y6/|qsPea/full/y6/None/|qsTea/full/None/None/
ss04	E668:E650:E650:E653	cell	dangling-anchor-dropped	qsRoe|qsPea.half.en-y6.ex-y6|qsPea.en-y6.ex-y0|qsDay.half.en-y0.ex-y0	qsRoe/hapax/None/None/|qsPea/half/None/y6/|qsPea/full/y6/baseline/|qsDay/half/baseline/None/
ss04	E668:E650:E650:E668	cell	dangling-anchor-dropped	qsRoe|qsPea.half.en-y6.ex-y6|qsPea.half.en-y6.ex-y5.ex-dips|qsRoe.en-y5.en-con-1	qsRoe/hapax/None/None/|qsPea/half/None/y6/|qsPea/half/y6/x-height/|qsRoe/hapax/x-height/None/en-con-1
ss04	E668:E650:E652:E653	cell	dangling-anchor-dropped	qsRoe|qsPea|qsTea.ex-y0|qsDay.half.en-y0.ex-y0.en-ext-1	qsRoe/hapax/None/None/|qsPea/full/None/None/|qsTea/full/None/baseline/|qsDay/half/baseline/None/en-ext-1
ss04	E668:E650:E653:0020	cell	boundary-echo	qsRoe|qsPea|qsDay.half.en-y0.ex-y0|space	qsRoe/hapax/None/None/|qsPea/full/None/baseline/|qsDay/half/baseline/None/|space/boundary/None/None/
ss04	E668:E650:E653:00B7	cell	dangling-anchor-dropped	qsRoe|qsPea|qsDay.half.en-y0.ex-y0|periodcentered	qsRoe/hapax/None/None/|qsPea/full/None/baseline/|qsDay/half/baseline/None/|namer-dot/boundary/None/None/
ss04	E668:E650:E653:200C	cell	boundary-echo	qsRoe|qsPea|qsDay.half.en-y0.ex-y0|space	qsRoe/hapax/None/None/|qsPea/full/None/baseline/|qsDay/half/baseline/None/|zwnj/boundary/None/None/
ss04	E668:E650:E653:E650	cell	dangling-anchor-dropped	qsRoe|qsPea|qsDay.half.en-y0.ex-y0|qsPea	qsRoe/hapax/None/None/|qsPea/full/None/baseline/|qsDay/half/baseline/None/|qsPea/full/None/None/
ss04	E668:E650:E653:E652	cell	bare-name-live-join	qsRoe|qsPea|qsDay.half.en-y0.ex-y0|qsTea.en-y0	qsRoe/hapax/None/None/|qsPea/full/None/baseline/|qsDay/half/baseline/baseline/|qsTea/full/baseline/None/
ss04	E668:E650:E653:E653	cell	dangling-anchor-dropped	qsRoe|qsPea|qsDay.half.en-y0.ex-y0|qsDay.half.en-y0.ex-y0	qsRoe/hapax/None/None/|qsPea/full/None/baseline/|qsDay/half/baseline/baseline/|qsDay/half/baseline/None/
ss04	E668:E650:E653:E668	cell	bare-name-live-join	qsRoe|qsPea|qsDay.half.en-y0.ex-y0|qsRoe	qsRoe/hapax/None/None/|qsPea/full/None/baseline/|qsDay/half/baseline/baseline/|qsRoe/hapax/baseline/None/
ss04	E668:E650:E668:E668	cell,position	bare-name-live-join	qsRoe|qsPea.half.ex-y5.ex-dips|qsRoe.ex-y0|qsRoe	qsRoe/hapax/None/None/|qsPea/half/None/x-height/|qsRoe/hapax/x-height/baseline/en-con-1|qsRoe/hapax/baseline/None/
ss04	E668:E652:E650:E650	cell	dangling-anchor-dropped	qsRoe|qsTea|qsPea.half.en-y6.ex-y6|qsPea.en-y6	qsRoe/hapax/None/None/|qsTea/full/None/None/|qsPea/half/None/y6/|qsPea/full/y6/None/
ss04	E668:E652:E650:E653	cell	dangling-anchor-dropped	qsRoe|qsTea|qsPea|qsDay.half.en-y0.ex-y0	qsRoe/hapax/None/None/|qsTea/full/None/None/|qsPea/full/None/baseline/|qsDay/half/baseline/None/
ss04	E668:E652:E652:E653	cell	dangling-anchor-dropped	qsRoe|qsTea|qsTea.ex-y0|qsDay.half.en-y0.ex-y0.en-ext-1	qsRoe/hapax/None/None/|qsTea/full/None/None/|qsTea/full/None/baseline/|qsDay/half/baseline/None/en-ext-1
ss04	E668:E652:E653:0020	cell	boundary-echo	qsRoe|qsTea.ex-y0|qsDay.half.en-y0.ex-y0.en-ext-1|space	qsRoe/hapax/None/None/|qsTea/full/None/baseline/|qsDay/half/baseline/None/en-ext-1|space/boundary/None/None/
ss04	E668:E652:E653:00B7	cell	dangling-anchor-dropped	qsRoe|qsTea.ex-y0|qsDay.half.en-y0.ex-y0.en-ext-1|periodcentered	qsRoe/hapax/None/None/|qsTea/full/None/baseline/|qsDay/half/baseline/None/en-ext-1|namer-dot/boundary/None/None/
ss04	E668:E652:E653:200C	cell	boundary-echo	qsRoe|qsTea.ex-y0|qsDay.half.en-y0.ex-y0.en-ext-1|space	qsRoe/hapax/None/None/|qsTea/full/None/baseline/|qsDay/half/baseline/None/en-ext-1|zwnj/boundary/None/None/
ss04	E668:E652:E653:E650	cell	dangling-anchor-dropped	qsRoe|qsTea.ex-y0|qsDay.half.en-y0.ex-y0.en-ext-1|qsPea	qsRoe/hapax/None/None/|qsTea/full/None/baseline/|qsDay/half/baseline/None/en-ext-1|qsPea/full/None/None/
ss04	E668:E652:E653:E653	cell	dangling-anchor-dropped	qsRoe|qsTea.ex-y0|qsDay.half.en-y0.ex-y0.en-ext-1|qsDay.half.en-y0.ex-y0	qsRoe/hapax/None/None/|qsTea/full/None/baseline/|qsDay/half/baseline/baseline/en-ext-1|qsDay/half/baseline/None/
ss04	E668:E652:E653:E668	cell	bare-name-live-join	qsRoe|qsTea.ex-y0|qsDay.half.en-y0.ex-y0.en-ext-1|qsRoe	qsRoe/hapax/None/None/|qsTea/full/None/baseline/|qsDay/half/baseline/baseline/en-ext-1|qsRoe/hapax/baseline/None/
ss04	E668:E652:E668:E668	cell,position	UNMATCHED	qsRoe|qsTea.half.ex-y5|qsRoe.ex-y0|qsRoe	qsRoe/hapax/None/None/|qsTea/half/None/x-height/|qsRoe/hapax/x-height/baseline/en-con-1|qsRoe/hapax/baseline/None/
ss04	E668:E653:E650:E650	cell	dangling-anchor-dropped	qsRoe|qsDay|qsPea.half.en-y6.ex-y6|qsPea.en-y6	qsRoe/hapax/None/None/|qsDay/full/None/None/|qsPea/half/None/y6/|qsPea/full/y6/None/
ss04	E668:E653:E650:E653	cell	dangling-anchor-dropped	qsRoe|qsDay|qsPea|qsDay.half.en-y0.ex-y0	qsRoe/hapax/None/None/|qsDay/full/None/None/|qsPea/full/None/baseline/|qsDay/half/baseline/None/
ss04	E668:E653:E652:0020	cell	boundary-echo	qsRoe|qsDay|qsTea.en-y0|space	qsRoe/hapax/None/None/|qsDay/full/None/baseline/|qsTea/full/baseline/None/|space/boundary/None/None/
ss04	E668:E653:E652:00B7	cell	bare-name-live-join	qsRoe|qsDay|qsTea.en-y0|periodcentered	qsRoe/hapax/None/None/|qsDay/full/None/baseline/|qsTea/full/baseline/None/|namer-dot/boundary/None/None/
ss04	E668:E653:E652:200C	cell	boundary-echo	qsRoe|qsDay|qsTea.en-y0|space	qsRoe/hapax/None/None/|qsDay/full/None/baseline/|qsTea/full/baseline/None/|zwnj/boundary/None/None/
ss04	E668:E653:E652:E650	cell	bare-name-live-join	qsRoe|qsDay|qsTea.en-y0|qsPea	qsRoe/hapax/None/None/|qsDay/full/None/baseline/|qsTea/full/baseline/None/|qsPea/full/None/None/
ss04	E668:E653:E652:E652	cell	bare-name-live-join	qsRoe|qsDay|qsTea.en-y0|qsTea	qsRoe/hapax/None/None/|qsDay/full/None/baseline/|qsTea/full/baseline/None/|qsTea/full/None/None/
ss04	E668:E653:E652:E653	cell	dangling-anchor-dropped	qsRoe|qsDay|qsTea.ex-y0|qsDay.half.en-y0.ex-y0.en-ext-1	qsRoe/hapax/None/None/|qsDay/full/None/None/|qsTea/full/None/baseline/|qsDay/half/baseline/None/en-ext-1
ss04	E668:E653:E652:E668	cell,seam	regrouping-floor-drift	qsRoe|qsDay|qsTea.half.ex-y5|qsRoe.en-y5.en-con-1	qsRoe/hapax/None/None/|qsDay/full/None/baseline/|qsTea/full/baseline/None/|qsRoe/hapax/None/None/
ss04	E668:E653:E653:0020	cell	boundary-echo	qsRoe|qsDay|qsDay.half.en-y0.ex-y0|space	qsRoe/hapax/None/None/|qsDay/full/None/baseline/|qsDay/half/baseline/None/|space/boundary/None/None/
ss04	E668:E653:E653:00B7	cell	dangling-anchor-dropped	qsRoe|qsDay|qsDay.half.en-y0.ex-y0|periodcentered	qsRoe/hapax/None/None/|qsDay/full/None/baseline/|qsDay/half/baseline/None/|namer-dot/boundary/None/None/
ss04	E668:E653:E653:200C	cell	boundary-echo	qsRoe|qsDay|qsDay.half.en-y0.ex-y0|space	qsRoe/hapax/None/None/|qsDay/full/None/baseline/|qsDay/half/baseline/None/|zwnj/boundary/None/None/
ss04	E668:E653:E653:E650	cell	dangling-anchor-dropped	qsRoe|qsDay|qsDay.half.en-y0.ex-y0|qsPea	qsRoe/hapax/None/None/|qsDay/full/None/baseline/|qsDay/half/baseline/None/|qsPea/full/None/None/
ss04	E668:E653:E653:E652	cell	bare-name-live-join	qsRoe|qsDay|qsDay.half.en-y0.ex-y0|qsTea.en-y0	qsRoe/hapax/None/None/|qsDay/full/None/baseline/|qsDay/half/baseline/baseline/|qsTea/full/baseline/None/
ss04	E668:E653:E653:E653	cell	dangling-anchor-dropped	qsRoe|qsDay|qsDay.half.en-y0.ex-y0|qsDay.half.en-y0.ex-y0	qsRoe/hapax/None/None/|qsDay/full/None/baseline/|qsDay/half/baseline/baseline/|qsDay/half/baseline/None/
ss04	E668:E653:E653:E668	cell	bare-name-live-join	qsRoe|qsDay|qsDay.half.en-y0.ex-y0|qsRoe	qsRoe/hapax/None/None/|qsDay/full/None/baseline/|qsDay/half/baseline/baseline/|qsRoe/hapax/baseline/None/
ss04	E668:E653:E668:0020	cell	boundary-echo	qsRoe|qsDay|qsRoe|space	qsRoe/hapax/None/None/|qsDay/full/None/baseline/|qsRoe/hapax/baseline/None/|space/boundary/None/None/
ss04	E668:E653:E668:00B7	cell	bare-name-live-join	qsRoe|qsDay|qsRoe|periodcentered	qsRoe/hapax/None/None/|qsDay/full/None/baseline/|qsRoe/hapax/baseline/None/|namer-dot/boundary/None/None/
ss04	E668:E653:E668:200C	cell	boundary-echo	qsRoe|qsDay|qsRoe|space	qsRoe/hapax/None/None/|qsDay/full/None/baseline/|qsRoe/hapax/baseline/None/|zwnj/boundary/None/None/
ss04	E668:E653:E668:E650	cell	bare-name-live-join	qsRoe|qsDay|qsRoe|qsPea	qsRoe/hapax/None/None/|qsDay/full/None/baseline/|qsRoe/hapax/baseline/None/|qsPea/full/None/None/
ss04	E668:E653:E668:E652	cell	bare-name-live-join	qsRoe|qsDay|qsRoe|qsTea	qsRoe/hapax/None/None/|qsDay/full/None/baseline/|qsRoe/hapax/baseline/None/|qsTea/full/None/None/
ss04	E668:E653:E668:E653	cell	bare-name-live-join	qsRoe|qsDay|qsRoe|qsDay	qsRoe/hapax/None/None/|qsDay/full/None/baseline/|qsRoe/hapax/baseline/None/|qsDay/full/None/None/
ss04	E668:E653:E668:E668	cell	bare-name-live-join	qsRoe|qsDay|qsRoe.en-y0.ex-y5|qsRoe	qsRoe/hapax/None/None/|qsDay/full/None/baseline/|qsRoe/hapax/baseline/x-height/|qsRoe/hapax/x-height/None/
ss04	E668:E668:0020:0020	cell	boundary-echo	qsRoe.en-y0.ex-y5|qsRoe|space|space	qsRoe/hapax/None/x-height/|qsRoe/hapax/x-height/None/|space/boundary/None/None/|space/boundary/None/None/
ss04	E668:E668:0020:00B7	cell	boundary-echo	qsRoe.en-y0.ex-y5|qsRoe|space|periodcentered	qsRoe/hapax/None/x-height/|qsRoe/hapax/x-height/None/|space/boundary/None/None/|namer-dot/boundary/None/None/
ss04	E668:E668:0020:200C	cell	boundary-echo	qsRoe.en-y0.ex-y5|qsRoe|space|space	qsRoe/hapax/None/x-height/|qsRoe/hapax/x-height/None/|space/boundary/None/None/|zwnj/boundary/None/None/
ss04	E668:E668:0020:E650	cell	boundary-echo	qsRoe.en-y0.ex-y5|qsRoe|space|qsPea	qsRoe/hapax/None/x-height/|qsRoe/hapax/x-height/None/|space/boundary/None/None/|qsPea/full/None/None/
ss04	E668:E668:0020:E652	cell	boundary-echo	qsRoe.en-y0.ex-y5|qsRoe|space|qsTea	qsRoe/hapax/None/x-height/|qsRoe/hapax/x-height/None/|space/boundary/None/None/|qsTea/full/None/None/
ss04	E668:E668:0020:E653	cell	boundary-echo	qsRoe.en-y0.ex-y5|qsRoe|space|qsDay	qsRoe/hapax/None/x-height/|qsRoe/hapax/x-height/None/|space/boundary/None/None/|qsDay/full/None/None/
ss04	E668:E668:0020:E668	cell	boundary-echo	qsRoe.en-y0.ex-y5|qsRoe|space|qsRoe	qsRoe/hapax/None/x-height/|qsRoe/hapax/x-height/None/|space/boundary/None/None/|qsRoe/hapax/None/None/
ss04	E668:E668:00B7:0020	cell	boundary-echo	qsRoe.en-y0.ex-y5|qsRoe|periodcentered|space	qsRoe/hapax/None/x-height/|qsRoe/hapax/x-height/None/|namer-dot/boundary/None/None/|space/boundary/None/None/
ss04	E668:E668:00B7:00B7	cell	dangling-anchor-dropped	qsRoe.en-y0.ex-y5|qsRoe|periodcentered|periodcentered	qsRoe/hapax/None/x-height/|qsRoe/hapax/x-height/None/|namer-dot/boundary/None/None/|namer-dot/boundary/None/None/
ss04	E668:E668:00B7:200C	cell	boundary-echo	qsRoe.en-y0.ex-y5|qsRoe|periodcentered|space	qsRoe/hapax/None/x-height/|qsRoe/hapax/x-height/None/|namer-dot/boundary/None/None/|zwnj/boundary/None/None/
ss04	E668:E668:00B7:E650	cell	dangling-anchor-dropped	qsRoe.en-y0.ex-y5|qsRoe|periodcentered|qsPea	qsRoe/hapax/None/x-height/|qsRoe/hapax/x-height/None/|namer-dot/boundary/None/None/|qsPea/full/None/None/
ss04	E668:E668:00B7:E652	cell	dangling-anchor-dropped	qsRoe.en-y0.ex-y5|qsRoe|periodcentered|qsTea	qsRoe/hapax/None/x-height/|qsRoe/hapax/x-height/None/|namer-dot/boundary/None/None/|qsTea/full/None/None/
ss04	E668:E668:00B7:E653	cell	dangling-anchor-dropped	qsRoe.en-y0.ex-y5|qsRoe|periodcentered|qsDay	qsRoe/hapax/None/x-height/|qsRoe/hapax/x-height/None/|namer-dot/boundary/None/None/|qsDay/full/None/None/
ss04	E668:E668:00B7:E668	cell	dangling-anchor-dropped	qsRoe.en-y0.ex-y5|qsRoe|periodcentered.lowered|qsRoe	qsRoe/hapax/None/x-height/|qsRoe/hapax/x-height/None/|namer-dot/boundary/None/None/|qsRoe/hapax/None/None/
ss04	E668:E668:200C:0020	cell	boundary-echo	qsRoe.en-y0.ex-y5|qsRoe|space|space	qsRoe/hapax/None/x-height/|qsRoe/hapax/x-height/None/|zwnj/boundary/None/None/|space/boundary/None/None/
ss04	E668:E668:200C:00B7	cell	boundary-echo	qsRoe.en-y0.ex-y5|qsRoe|space|periodcentered	qsRoe/hapax/None/x-height/|qsRoe/hapax/x-height/None/|zwnj/boundary/None/None/|namer-dot/boundary/None/None/
ss04	E668:E668:200C:200C	cell	boundary-echo	qsRoe.en-y0.ex-y5|qsRoe|space|space	qsRoe/hapax/None/x-height/|qsRoe/hapax/x-height/None/|zwnj/boundary/None/None/|zwnj/boundary/None/None/
ss04	E668:E668:200C:E650	cell	boundary-echo	qsRoe.en-y0.ex-y5|qsRoe|space|qsPea.noentry	qsRoe/hapax/None/x-height/|qsRoe/hapax/x-height/None/|zwnj/boundary/None/None/|qsPea/full/None/None/locked
ss04	E668:E668:200C:E652	cell	boundary-echo	qsRoe.en-y0.ex-y5|qsRoe|space|qsTea.noentry	qsRoe/hapax/None/x-height/|qsRoe/hapax/x-height/None/|zwnj/boundary/None/None/|qsTea/full/None/None/locked
ss04	E668:E668:200C:E653	cell	boundary-echo	qsRoe.en-y0.ex-y5|qsRoe|space|qsDay.noentry	qsRoe/hapax/None/x-height/|qsRoe/hapax/x-height/None/|zwnj/boundary/None/None/|qsDay/full/None/None/locked
ss04	E668:E668:200C:E668	cell	boundary-echo	qsRoe.en-y0.ex-y5|qsRoe|space|qsRoe.noentry	qsRoe/hapax/None/x-height/|qsRoe/hapax/x-height/None/|zwnj/boundary/None/None/|qsRoe/hapax/None/None/locked
ss04	E668:E668:E650:0020	cell	boundary-echo	qsRoe.en-y0.ex-y5|qsRoe|qsPea|space	qsRoe/hapax/None/x-height/|qsRoe/hapax/x-height/None/|qsPea/full/None/None/|space/boundary/None/None/
ss04	E668:E668:E650:00B7	cell	dangling-anchor-dropped	qsRoe.en-y0.ex-y5|qsRoe|qsPea|periodcentered	qsRoe/hapax/None/x-height/|qsRoe/hapax/x-height/None/|qsPea/full/None/None/|namer-dot/boundary/None/None/
ss04	E668:E668:E650:200C	cell	boundary-echo	qsRoe.en-y0.ex-y5|qsRoe|qsPea|space	qsRoe/hapax/None/x-height/|qsRoe/hapax/x-height/None/|qsPea/full/None/None/|zwnj/boundary/None/None/
ss04	E668:E668:E650:E650	cell	dangling-anchor-dropped	qsRoe.en-y0.ex-y5|qsRoe|qsPea.half.en-y6.ex-y6|qsPea.en-y6	qsRoe/hapax/None/x-height/|qsRoe/hapax/x-height/None/|qsPea/half/None/y6/|qsPea/full/y6/None/
ss04	E668:E668:E650:E652	cell	dangling-anchor-dropped	qsRoe.en-y0.ex-y5|qsRoe|qsPea|qsTea	qsRoe/hapax/None/x-height/|qsRoe/hapax/x-height/None/|qsPea/full/None/None/|qsTea/full/None/None/
ss04	E668:E668:E650:E653	cell	dangling-anchor-dropped	qsRoe.en-y0.ex-y5|qsRoe|qsPea|qsDay.half.en-y0.ex-y0	qsRoe/hapax/None/x-height/|qsRoe/hapax/x-height/None/|qsPea/full/None/baseline/|qsDay/half/baseline/None/
ss04	E668:E668:E650:E668	cell	dangling-anchor-dropped	qsRoe.en-y0.ex-y5|qsRoe|qsPea.half.ex-y5.ex-dips|qsRoe.en-y5.en-con-1	qsRoe/hapax/None/x-height/|qsRoe/hapax/x-height/None/|qsPea/half/None/x-height/|qsRoe/hapax/x-height/None/en-con-1
ss04	E668:E668:E652:0020	cell	boundary-echo	qsRoe.en-y0.ex-y5|qsRoe|qsTea|space	qsRoe/hapax/None/x-height/|qsRoe/hapax/x-height/None/|qsTea/full/None/None/|space/boundary/None/None/
ss04	E668:E668:E652:00B7	cell	dangling-anchor-dropped	qsRoe.en-y0.ex-y5|qsRoe|qsTea|periodcentered	qsRoe/hapax/None/x-height/|qsRoe/hapax/x-height/None/|qsTea/full/None/None/|namer-dot/boundary/None/None/
ss04	E668:E668:E652:200C	cell	boundary-echo	qsRoe.en-y0.ex-y5|qsRoe|qsTea|space	qsRoe/hapax/None/x-height/|qsRoe/hapax/x-height/None/|qsTea/full/None/None/|zwnj/boundary/None/None/
ss04	E668:E668:E652:E650	cell	dangling-anchor-dropped	qsRoe.en-y0.ex-y5|qsRoe|qsTea|qsPea	qsRoe/hapax/None/x-height/|qsRoe/hapax/x-height/None/|qsTea/full/None/None/|qsPea/full/None/None/
ss04	E668:E668:E652:E652	cell	dangling-anchor-dropped	qsRoe.en-y0.ex-y5|qsRoe|qsTea|qsTea	qsRoe/hapax/None/x-height/|qsRoe/hapax/x-height/None/|qsTea/full/None/None/|qsTea/full/None/None/
ss04	E668:E668:E652:E653	cell	dangling-anchor-dropped	qsRoe.en-y0.ex-y5|qsRoe|qsTea.ex-y0|qsDay.half.en-y0.ex-y0.en-ext-1	qsRoe/hapax/None/x-height/|qsRoe/hapax/x-height/None/|qsTea/full/None/baseline/|qsDay/half/baseline/None/en-ext-1
ss04	E668:E668:E652:E668	cell	dangling-anchor-dropped	qsRoe.en-y0.ex-y5|qsRoe|qsTea.half.ex-y5|qsRoe.en-y5.en-con-1	qsRoe/hapax/None/x-height/|qsRoe/hapax/x-height/None/|qsTea/half/None/x-height/|qsRoe/hapax/x-height/None/en-con-1
ss04	E668:E668:E653:0020	cell	boundary-echo	qsRoe.en-y0.ex-y5|qsRoe|qsDay|space	qsRoe/hapax/None/x-height/|qsRoe/hapax/x-height/None/|qsDay/full/None/None/|space/boundary/None/None/
ss04	E668:E668:E653:00B7	cell	dangling-anchor-dropped	qsRoe.en-y0.ex-y5|qsRoe|qsDay|periodcentered	qsRoe/hapax/None/x-height/|qsRoe/hapax/x-height/None/|qsDay/full/None/None/|namer-dot/boundary/None/None/
ss04	E668:E668:E653:200C	cell	boundary-echo	qsRoe.en-y0.ex-y5|qsRoe|qsDay|space	qsRoe/hapax/None/x-height/|qsRoe/hapax/x-height/None/|qsDay/full/None/None/|zwnj/boundary/None/None/
ss04	E668:E668:E653:E650	cell	dangling-anchor-dropped	qsRoe.en-y0.ex-y5|qsRoe|qsDay|qsPea	qsRoe/hapax/None/x-height/|qsRoe/hapax/x-height/None/|qsDay/full/None/None/|qsPea/full/None/None/
ss04	E668:E668:E653:E652	cell	dangling-anchor-dropped	qsRoe.en-y0.ex-y5|qsRoe|qsDay|qsTea.en-y0	qsRoe/hapax/None/x-height/|qsRoe/hapax/x-height/None/|qsDay/full/None/baseline/|qsTea/full/baseline/None/
ss04	E668:E668:E653:E653	cell	dangling-anchor-dropped	qsRoe.en-y0.ex-y5|qsRoe|qsDay|qsDay.half.en-y0.ex-y0	qsRoe/hapax/None/x-height/|qsRoe/hapax/x-height/None/|qsDay/full/None/baseline/|qsDay/half/baseline/None/
ss04	E668:E668:E653:E668	cell	dangling-anchor-dropped	qsRoe.en-y0.ex-y5|qsRoe|qsDay|qsRoe	qsRoe/hapax/None/x-height/|qsRoe/hapax/x-height/None/|qsDay/full/None/baseline/|qsRoe/hapax/baseline/None/
ss04	E668:E668:E668:0020	cell	boundary-echo	qsRoe.en-y0.ex-y5|qsRoe.ex-y0|qsRoe|space	qsRoe/hapax/None/x-height/|qsRoe/hapax/x-height/baseline/|qsRoe/hapax/baseline/None/|space/boundary/None/None/
ss04	E668:E668:E668:00B7	cell	dangling-anchor-dropped	qsRoe.en-y0.ex-y5|qsRoe.ex-y0|qsRoe|periodcentered	qsRoe/hapax/None/x-height/|qsRoe/hapax/x-height/baseline/|qsRoe/hapax/baseline/None/|namer-dot/boundary/None/None/
ss04	E668:E668:E668:200C	cell	boundary-echo	qsRoe.en-y0.ex-y5|qsRoe.ex-y0|qsRoe|space	qsRoe/hapax/None/x-height/|qsRoe/hapax/x-height/baseline/|qsRoe/hapax/baseline/None/|zwnj/boundary/None/None/
ss04	E668:E668:E668:E650	cell	dangling-anchor-dropped	qsRoe.en-y0.ex-y5|qsRoe.ex-y0|qsRoe|qsPea	qsRoe/hapax/None/x-height/|qsRoe/hapax/x-height/baseline/|qsRoe/hapax/baseline/None/|qsPea/full/None/None/
ss04	E668:E668:E668:E652	cell	dangling-anchor-dropped	qsRoe.en-y0.ex-y5|qsRoe.ex-y0|qsRoe|qsTea	qsRoe/hapax/None/x-height/|qsRoe/hapax/x-height/baseline/|qsRoe/hapax/baseline/None/|qsTea/full/None/None/
ss04	E668:E668:E668:E653	cell	dangling-anchor-dropped	qsRoe.en-y0.ex-y5|qsRoe.ex-y0|qsRoe|qsDay	qsRoe/hapax/None/x-height/|qsRoe/hapax/x-height/baseline/|qsRoe/hapax/baseline/None/|qsDay/full/None/None/
ss04	E668:E668:E668:E668	cell	dangling-anchor-dropped	qsRoe.en-y0.ex-y5|qsRoe.ex-y0|qsRoe.en-y0.ex-y5|qsRoe	qsRoe/hapax/None/x-height/|qsRoe/hapax/x-height/baseline/|qsRoe/hapax/baseline/x-height/|qsRoe/hapax/x-height/None/
ss04	E670:E67A:E670:E665	cell	same-seam-extension-non-summing	qsIt.en-y0.ex-y0.before-utter|qsUtter|qsIt.en-y5.ex-y0.ex-ext-1|qsMay.en-y0.ex-y5.en-ext-1	qsIt/hapax/None/baseline/|qsUtter/mono/baseline/x-height/|qsIt/hapax/x-height/baseline/|qsMay/loop/baseline/None/
ss05	E650:E650	cell	dangling-anchor-dropped	qsPea.half.en-y6.ex-y6|qsPea.en-y6	qsPea/half/None/y6/|qsPea/full/y6/None/
ss05	E650:E653	cell	dangling-anchor-dropped	qsPea|qsDay.half.en-y0.ex-y0	qsPea/full/None/baseline/|qsDay/half/baseline/None/
ss05	E652:E653	cell	dangling-anchor-dropped	qsTea.ex-y0|qsDay.half.en-y0.ex-y0.en-ext-1	qsTea/full/None/baseline/|qsDay/half/baseline/None/en-ext-1
ss05	E652:E670	cell	dangling-anchor-dropped	qsTea.half.ex-y5|qsIt.en-y5.ex-y0	qsTea/half/None/x-height/|qsIt/hapax/x-height/None/
ss05	E653:E652	cell	bare-name-live-join	qsDay|qsTea.en-y0	qsDay/full/None/baseline/|qsTea/full/baseline/None/
ss05	E653:E653	cell	dangling-anchor-dropped	qsDay|qsDay.half.en-y0.ex-y0	qsDay/full/None/baseline/|qsDay/half/baseline/None/
ss05	E653:E668	cell	bare-name-live-join	qsDay|qsRoe	qsDay/full/None/baseline/|qsRoe/hapax/baseline/None/
ss05	E658:E666	cell	bare-name-live-join	qsFee.ex-y5.before-utter.ex-ext-1|qsNo	qsFee/loop/None/x-height/ex-ext-1|qsNo/loop/x-height/None/
ss05	E668:E668	cell	dangling-anchor-dropped	qsRoe.en-y0.ex-y5|qsRoe	qsRoe/hapax/None/x-height/|qsRoe/hapax/x-height/None/
ss05	E670:E670	cell	dangling-anchor-dropped	qsIt.ex-y5|qsIt	qsIt/hapax/None/None/|qsIt/hapax/None/None/
ss05	0020:E650:E650	cell	boundary-echo	space|qsPea.half.en-y6.ex-y6|qsPea.en-y6	space/boundary/None/None/|qsPea/half/None/y6/|qsPea/full/y6/None/
ss05	0020:E650:E653	cell	boundary-echo	space|qsPea|qsDay.half.en-y0.ex-y0	space/boundary/None/None/|qsPea/full/None/baseline/|qsDay/half/baseline/None/
ss05	0020:E652:E653	cell	boundary-echo	space|qsTea.ex-y0|qsDay.half.en-y0.ex-y0.en-ext-1	space/boundary/None/None/|qsTea/full/None/baseline/|qsDay/half/baseline/None/en-ext-1
ss05	0020:E653:E652	cell	boundary-echo	space|qsDay|qsTea.en-y0	space/boundary/None/None/|qsDay/full/None/baseline/|qsTea/full/baseline/None/
ss05	0020:E653:E653	cell	boundary-echo	space|qsDay|qsDay.half.en-y0.ex-y0	space/boundary/None/None/|qsDay/full/None/baseline/|qsDay/half/baseline/None/
ss05	0020:E653:E668	cell	boundary-echo	space|qsDay|qsRoe	space/boundary/None/None/|qsDay/full/None/baseline/|qsRoe/hapax/baseline/None/
ss05	0020:E668:E668	cell	boundary-echo	space|qsRoe.en-y0.ex-y5|qsRoe	space/boundary/None/None/|qsRoe/hapax/None/x-height/|qsRoe/hapax/x-height/None/
ss05	00B7:E650:E650	cell	dangling-anchor-dropped	periodcentered|qsPea.half.en-y6.ex-y6|qsPea.en-y6	namer-dot/boundary/None/None/|qsPea/half/None/y6/|qsPea/full/y6/None/
ss05	00B7:E650:E653	cell	dangling-anchor-dropped	periodcentered|qsPea|qsDay.half.en-y0.ex-y0	namer-dot/boundary/None/None/|qsPea/full/None/baseline/|qsDay/half/baseline/None/
ss05	00B7:E652:E653	cell	dangling-anchor-dropped	periodcentered|qsTea.ex-y0|qsDay.half.en-y0.ex-y0.en-ext-1	namer-dot/boundary/None/None/|qsTea/full/None/baseline/|qsDay/half/baseline/None/en-ext-1
ss05	00B7:E653:E652	cell	bare-name-live-join	periodcentered|qsDay|qsTea.en-y0	namer-dot/boundary/None/None/|qsDay/full/None/baseline/|qsTea/full/baseline/None/
ss05	00B7:E653:E653	cell	dangling-anchor-dropped	periodcentered|qsDay|qsDay.half.en-y0.ex-y0	namer-dot/boundary/None/None/|qsDay/full/None/baseline/|qsDay/half/baseline/None/
ss05	00B7:E653:E668	cell	bare-name-live-join	periodcentered|qsDay|qsRoe	namer-dot/boundary/None/None/|qsDay/full/None/baseline/|qsRoe/hapax/baseline/None/
ss05	00B7:E668:E668	cell	dangling-anchor-dropped	periodcentered.lowered|qsRoe.en-y0.ex-y5|qsRoe	namer-dot/boundary/None/None/|qsRoe/hapax/None/x-height/|qsRoe/hapax/x-height/None/
ss05	200C:E650:E653	cell	boundary-echo	space|qsPea.noentry|qsDay.half.en-y0.ex-y0	zwnj/boundary/None/None/|qsPea/full/None/baseline/locked|qsDay/half/baseline/None/
ss05	200C:E650:E668	cell	boundary-echo	space|qsPea.half.ex-y5.ex-dips|qsRoe.en-y5.en-con-1	zwnj/boundary/None/None/|qsPea/half/None/x-height/locked|qsRoe/hapax/x-height/None/en-con-1
ss05	200C:E652:E652	cell	boundary-echo	space|qsTea.ex-y0|qsTea	zwnj/boundary/None/None/|qsTea/full/None/None/locked|qsTea/full/None/None/
ss05	200C:E652:E653	cell	boundary-echo	space|qsTea.ex-y0|qsDay.half.en-y0.ex-y0.en-ext-1	zwnj/boundary/None/None/|qsTea/full/None/baseline/locked|qsDay/half/baseline/None/en-ext-1
ss05	200C:E652:E679	ligation	boundary-echo	space|qsTea.noentry|qsOy	zwnj/boundary/None/None/|qsTea_qsOy/hapax/None/None/
ss05	200C:E653:E652	cell	boundary-echo	space|qsDay.noentry|qsTea.en-y0	zwnj/boundary/None/None/|qsDay/full/None/baseline/locked|qsTea/full/baseline/None/
ss05	200C:E653:E653	cell	boundary-echo	space|qsDay.noentry|qsDay.half.en-y0.ex-y0	zwnj/boundary/None/None/|qsDay/full/None/baseline/locked|qsDay/half/baseline/None/
ss05	200C:E653:E668	cell	boundary-echo	space|qsDay.noentry|qsRoe	zwnj/boundary/None/None/|qsDay/full/None/baseline/locked|qsRoe/hapax/baseline/None/
ss05	200C:E668:E668	cell	boundary-echo	space|qsRoe.en-y0.ex-y5.noentry|qsRoe	zwnj/boundary/None/None/|qsRoe/hapax/None/x-height/locked|qsRoe/hapax/x-height/None/
ss05	E650:E650:0020	cell	boundary-echo	qsPea.half.en-y6.ex-y6|qsPea.en-y6|space	qsPea/half/None/y6/|qsPea/full/y6/None/|space/boundary/None/None/
ss05	E650:E650:00B7	cell	dangling-anchor-dropped	qsPea.half.en-y6.ex-y6|qsPea.en-y6|periodcentered	qsPea/half/None/y6/|qsPea/full/y6/None/|namer-dot/boundary/None/None/
ss05	E650:E650:200C	cell	boundary-echo	qsPea.half.en-y6.ex-y6|qsPea.en-y6|space	qsPea/half/None/y6/|qsPea/full/y6/None/|zwnj/boundary/None/None/
ss05	E650:E650:E650	cell	dangling-anchor-dropped	qsPea.half.en-y6.ex-y6|qsPea.half.en-y6.ex-y6|qsPea.en-y6	qsPea/half/None/y6/|qsPea/half/y6/y6/|qsPea/full/y6/None/
ss05	E650:E650:E652	cell	dangling-anchor-dropped	qsPea.half.en-y6.ex-y6|qsPea.en-y6.ex-y0|qsTea	qsPea/half/None/y6/|qsPea/full/y6/None/|qsTea/full/None/None/
ss05	E650:E650:E653	cell	dangling-anchor-dropped	qsPea.half.en-y6.ex-y6|qsPea.en-y6.ex-y0|qsDay.half.en-y0.ex-y0	qsPea/half/None/y6/|qsPea/full/y6/baseline/|qsDay/half/baseline/None/
ss05	E650:E650:E668	cell	dangling-anchor-dropped	qsPea.half.en-y6.ex-y6|qsPea.half.en-y6.ex-y5.ex-dips|qsRoe.en-y5.en-con-1	qsPea/half/None/y6/|qsPea/half/y6/x-height/|qsRoe/hapax/x-height/None/en-con-1
ss05	E650:E650:E67A	cell,seam	pea-chain-regularized	qsPea.half.en-y6.ex-y6|qsPea.en-y6|qsUtter	qsPea/half/None/y6/|qsPea/full/y6/baseline/|qsUtter/mono/baseline/None/
ss05	E650:E652:E653	cell	dangling-anchor-dropped	qsPea|qsTea.ex-y0|qsDay.half.en-y0.ex-y0.en-ext-1	qsPea/full/None/None/|qsTea/full/None/baseline/|qsDay/half/baseline/None/en-ext-1
ss05	E650:E653:0020	cell	boundary-echo	qsPea|qsDay.half.en-y0.ex-y0|space	qsPea/full/None/baseline/|qsDay/half/baseline/None/|space/boundary/None/None/
ss05	E650:E653:00B7	cell	dangling-anchor-dropped	qsPea|qsDay.half.en-y0.ex-y0|periodcentered	qsPea/full/None/baseline/|qsDay/half/baseline/None/|namer-dot/boundary/None/None/
ss05	E650:E653:200C	cell	boundary-echo	qsPea|qsDay.half.en-y0.ex-y0|space	qsPea/full/None/baseline/|qsDay/half/baseline/None/|zwnj/boundary/None/None/
ss05	E650:E653:E650	cell	dangling-anchor-dropped	qsPea|qsDay.half.en-y0.ex-y0|qsPea	qsPea/full/None/baseline/|qsDay/half/baseline/None/|qsPea/full/None/None/
ss05	E650:E653:E652	cell	bare-name-live-join	qsPea|qsDay.half.en-y0.ex-y0|qsTea.en-y0	qsPea/full/None/baseline/|qsDay/half/baseline/baseline/|qsTea/full/baseline/None/
ss05	E650:E653:E653	cell	dangling-anchor-dropped	qsPea|qsDay.half.en-y0.ex-y0|qsDay.half.en-y0.ex-y0	qsPea/full/None/baseline/|qsDay/half/baseline/baseline/|qsDay/half/baseline/None/
ss05	E650:E653:E668	cell	bare-name-live-join	qsPea|qsDay.half.en-y0.ex-y0|qsRoe	qsPea/full/None/baseline/|qsDay/half/baseline/baseline/|qsRoe/hapax/baseline/None/
ss05	E650:E668:E668	cell,position	UNMATCHED	qsPea.half.ex-y5.ex-dips|qsRoe.ex-y0|qsRoe	qsPea/half/None/x-height/|qsRoe/hapax/x-height/baseline/en-con-1|qsRoe/hapax/baseline/None/
ss05	E650:E670:E65D	cell,seam	regrouping-floor-drift	qsPea.half.ex-y5.ex-dips|qsIt.en-y5.ex-y0|qsJai	qsPea/full/None/None/|qsIt/hapax/None/x-height/ex-ext-1|qsJai/hapax/x-height/None/
ss05	E652:E650:E650	cell	dangling-anchor-dropped	qsTea|qsPea.half.en-y6.ex-y6|qsPea.en-y6	qsTea/full/None/None/|qsPea/half/None/y6/|qsPea/full/y6/None/
ss05	E652:E650:E653	cell	dangling-anchor-dropped	qsTea|qsPea|qsDay.half.en-y0.ex-y0	qsTea/full/None/None/|qsPea/full/None/baseline/|qsDay/half/baseline/None/
ss05	E652:E652:E653	cell	dangling-anchor-dropped	qsTea|qsTea.ex-y0|qsDay.half.en-y0.ex-y0.en-ext-1	qsTea/full/None/None/|qsTea/full/None/baseline/|qsDay/half/baseline/None/en-ext-1
ss05	E652:E653:0020	cell	boundary-echo	qsTea.ex-y0|qsDay.half.en-y0.ex-y0.en-ext-1|space	qsTea/full/None/baseline/|qsDay/half/baseline/None/en-ext-1|space/boundary/None/None/
ss05	E652:E653:00B7	cell	dangling-anchor-dropped	qsTea.ex-y0|qsDay.half.en-y0.ex-y0.en-ext-1|periodcentered	qsTea/full/None/baseline/|qsDay/half/baseline/None/en-ext-1|namer-dot/boundary/None/None/
ss05	E652:E653:200C	cell	boundary-echo	qsTea.ex-y0|qsDay.half.en-y0.ex-y0.en-ext-1|space	qsTea/full/None/baseline/|qsDay/half/baseline/None/en-ext-1|zwnj/boundary/None/None/
ss05	E652:E653:E650	cell	dangling-anchor-dropped	qsTea.ex-y0|qsDay.half.en-y0.ex-y0.en-ext-1|qsPea	qsTea/full/None/baseline/|qsDay/half/baseline/None/en-ext-1|qsPea/full/None/None/
ss05	E652:E653:E653	cell	dangling-anchor-dropped	qsTea.ex-y0|qsDay.half.en-y0.ex-y0.en-ext-1|qsDay.half.en-y0.ex-y0	qsTea/full/None/baseline/|qsDay/half/baseline/baseline/en-ext-1|qsDay/half/baseline/None/
ss05	E652:E653:E668	cell	bare-name-live-join	qsTea.ex-y0|qsDay.half.en-y0.ex-y0.en-ext-1|qsRoe	qsTea/full/None/baseline/|qsDay/half/baseline/baseline/en-ext-1|qsRoe/hapax/baseline/None/
ss05	E652:E668:E668	cell,position	UNMATCHED	qsTea.half.ex-y5|qsRoe.ex-y0|qsRoe	qsTea/half/None/x-height/|qsRoe/hapax/x-height/baseline/en-con-1|qsRoe/hapax/baseline/None/
ss05	E653:E650:E650	cell	dangling-anchor-dropped	qsDay|qsPea.half.en-y6.ex-y6|qsPea.en-y6	qsDay/full/None/None/|qsPea/half/None/y6/|qsPea/full/y6/None/
ss05	E653:E650:E653	cell	dangling-anchor-dropped	qsDay|qsPea|qsDay.half.en-y0.ex-y0	qsDay/full/None/None/|qsPea/full/None/baseline/|qsDay/half/baseline/None/
ss05	E653:E652:0020	cell	boundary-echo	qsDay|qsTea.en-y0|space	qsDay/full/None/baseline/|qsTea/full/baseline/None/|space/boundary/None/None/
ss05	E653:E652:00B7	cell	bare-name-live-join	qsDay|qsTea.en-y0|periodcentered	qsDay/full/None/baseline/|qsTea/full/baseline/None/|namer-dot/boundary/None/None/
ss05	E653:E652:200C	cell	boundary-echo	qsDay|qsTea.en-y0|space	qsDay/full/None/baseline/|qsTea/full/baseline/None/|zwnj/boundary/None/None/
ss05	E653:E652:E650	cell	bare-name-live-join	qsDay|qsTea.en-y0|qsPea	qsDay/full/None/baseline/|qsTea/full/baseline/None/|qsPea/full/None/None/
ss05	E653:E652:E652	cell	bare-name-live-join	qsDay|qsTea.en-y0|qsTea	qsDay/full/None/baseline/|qsTea/full/baseline/None/|qsTea/full/None/None/
ss05	E653:E652:E653	cell	dangling-anchor-dropped	qsDay|qsTea.ex-y0|qsDay.half.en-y0.ex-y0.en-ext-1	qsDay/full/None/None/|qsTea/full/None/baseline/|qsDay/half/baseline/None/en-ext-1
ss05	E653:E652:E668	cell,seam	regrouping-floor-drift	qsDay|qsTea.half.ex-y5|qsRoe.en-y5.en-con-1	qsDay/full/None/baseline/|qsTea/full/baseline/None/|qsRoe/hapax/None/None/
ss05	E653:E653:0020	cell	boundary-echo	qsDay|qsDay.half.en-y0.ex-y0|space	qsDay/full/None/baseline/|qsDay/half/baseline/None/|space/boundary/None/None/
ss05	E653:E653:00B7	cell	dangling-anchor-dropped	qsDay|qsDay.half.en-y0.ex-y0|periodcentered	qsDay/full/None/baseline/|qsDay/half/baseline/None/|namer-dot/boundary/None/None/
ss05	E653:E653:200C	cell	boundary-echo	qsDay|qsDay.half.en-y0.ex-y0|space	qsDay/full/None/baseline/|qsDay/half/baseline/None/|zwnj/boundary/None/None/
ss05	E653:E653:E650	cell	dangling-anchor-dropped	qsDay|qsDay.half.en-y0.ex-y0|qsPea	qsDay/full/None/baseline/|qsDay/half/baseline/None/|qsPea/full/None/None/
ss05	E653:E653:E652	cell	bare-name-live-join	qsDay|qsDay.half.en-y0.ex-y0|qsTea.en-y0	qsDay/full/None/baseline/|qsDay/half/baseline/baseline/|qsTea/full/baseline/None/
ss05	E653:E653:E653	cell	dangling-anchor-dropped	qsDay|qsDay.half.en-y0.ex-y0|qsDay.half.en-y0.ex-y0	qsDay/full/None/baseline/|qsDay/half/baseline/baseline/|qsDay/half/baseline/None/
ss05	E653:E653:E668	cell	bare-name-live-join	qsDay|qsDay.half.en-y0.ex-y0|qsRoe	qsDay/full/None/baseline/|qsDay/half/baseline/baseline/|qsRoe/hapax/baseline/None/
ss05	E653:E668:0020	cell	boundary-echo	qsDay|qsRoe|space	qsDay/full/None/baseline/|qsRoe/hapax/baseline/None/|space/boundary/None/None/
ss05	E653:E668:00B7	cell	bare-name-live-join	qsDay|qsRoe|periodcentered	qsDay/full/None/baseline/|qsRoe/hapax/baseline/None/|namer-dot/boundary/None/None/
ss05	E653:E668:200C	cell	boundary-echo	qsDay|qsRoe|space	qsDay/full/None/baseline/|qsRoe/hapax/baseline/None/|zwnj/boundary/None/None/
ss05	E653:E668:E650	cell	bare-name-live-join	qsDay|qsRoe|qsPea	qsDay/full/None/baseline/|qsRoe/hapax/baseline/None/|qsPea/full/None/None/
ss05	E653:E668:E652	cell	bare-name-live-join	qsDay|qsRoe|qsTea	qsDay/full/None/baseline/|qsRoe/hapax/baseline/None/|qsTea/full/None/None/
ss05	E653:E668:E653	cell	bare-name-live-join	qsDay|qsRoe|qsDay	qsDay/full/None/baseline/|qsRoe/hapax/baseline/None/|qsDay/full/None/None/
ss05	E653:E668:E668	cell	bare-name-live-join	qsDay|qsRoe.en-y0.ex-y5|qsRoe	qsDay/full/None/baseline/|qsRoe/hapax/baseline/x-height/|qsRoe/hapax/x-height/None/
ss05	E665:E666:E666	cell	bare-name-live-join	qsMay|qsNo|qsNo	qsMay/loop/None/x-height/|qsNo/loop/x-height/x-height/|qsNo/loop/x-height/None/
ss05	E668:E650:E650	cell	dangling-anchor-dropped	qsRoe|qsPea.half.en-y6.ex-y6|qsPea.en-y6	qsRoe/hapax/None/None/|qsPea/half/None/y6/|qsPea/full/y6/None/
ss05	E668:E650:E653	cell	dangling-anchor-dropped	qsRoe|qsPea|qsDay.half.en-y0.ex-y0	qsRoe/hapax/None/None/|qsPea/full/None/baseline/|qsDay/half/baseline/None/
ss05	E668:E652:E653	cell	dangling-anchor-dropped	qsRoe|qsTea.ex-y0|qsDay.half.en-y0.ex-y0.en-ext-1	qsRoe/hapax/None/None/|qsTea/full/None/baseline/|qsDay/half/baseline/None/en-ext-1
ss05	E668:E653:E652	cell	bare-name-live-join	qsRoe|qsDay|qsTea.en-y0	qsRoe/hapax/None/None/|qsDay/full/None/baseline/|qsTea/full/baseline/None/
ss05	E668:E653:E653	cell	dangling-anchor-dropped	qsRoe|qsDay|qsDay.half.en-y0.ex-y0	qsRoe/hapax/None/None/|qsDay/full/None/baseline/|qsDay/half/baseline/None/
ss05	E668:E653:E668	cell	bare-name-live-join	qsRoe|qsDay|qsRoe	qsRoe/hapax/None/None/|qsDay/full/None/baseline/|qsRoe/hapax/baseline/None/
ss05	E668:E668:0020	cell	boundary-echo	qsRoe.en-y0.ex-y5|qsRoe|space	qsRoe/hapax/None/x-height/|qsRoe/hapax/x-height/None/|space/boundary/None/None/
ss05	E668:E668:00B7	cell	dangling-anchor-dropped	qsRoe.en-y0.ex-y5|qsRoe|periodcentered	qsRoe/hapax/None/x-height/|qsRoe/hapax/x-height/None/|namer-dot/boundary/None/None/
ss05	E668:E668:200C	cell	boundary-echo	qsRoe.en-y0.ex-y5|qsRoe|space	qsRoe/hapax/None/x-height/|qsRoe/hapax/x-height/None/|zwnj/boundary/None/None/
ss05	E668:E668:E650	cell	dangling-anchor-dropped	qsRoe.en-y0.ex-y5|qsRoe|qsPea	qsRoe/hapax/None/x-height/|qsRoe/hapax/x-height/None/|qsPea/full/None/None/
ss05	E668:E668:E652	cell	dangling-anchor-dropped	qsRoe.en-y0.ex-y5|qsRoe|qsTea	qsRoe/hapax/None/x-height/|qsRoe/hapax/x-height/None/|qsTea/full/None/None/
ss05	E668:E668:E653	cell	dangling-anchor-dropped	qsRoe.en-y0.ex-y5|qsRoe|qsDay	qsRoe/hapax/None/x-height/|qsRoe/hapax/x-height/None/|qsDay/full/None/None/
ss05	E668:E668:E668	cell	dangling-anchor-dropped	qsRoe.en-y0.ex-y5|qsRoe.ex-y0|qsRoe	qsRoe/hapax/None/x-height/|qsRoe/hapax/x-height/baseline/|qsRoe/hapax/baseline/None/
ss05	0020:0020:E650:E650	cell	boundary-echo	space|space|qsPea.half.en-y6.ex-y6|qsPea.en-y6	space/boundary/None/None/|space/boundary/None/None/|qsPea/half/None/y6/|qsPea/full/y6/None/
ss05	0020:0020:E650:E653	cell	boundary-echo	space|space|qsPea|qsDay.half.en-y0.ex-y0	space/boundary/None/None/|space/boundary/None/None/|qsPea/full/None/baseline/|qsDay/half/baseline/None/
ss05	0020:0020:E652:E653	cell	boundary-echo	space|space|qsTea.ex-y0|qsDay.half.en-y0.ex-y0.en-ext-1	space/boundary/None/None/|space/boundary/None/None/|qsTea/full/None/baseline/|qsDay/half/baseline/None/en-ext-1
ss05	0020:0020:E653:E652	cell	boundary-echo	space|space|qsDay|qsTea.en-y0	space/boundary/None/None/|space/boundary/None/None/|qsDay/full/None/baseline/|qsTea/full/baseline/None/
ss05	0020:0020:E653:E653	cell	boundary-echo	space|space|qsDay|qsDay.half.en-y0.ex-y0	space/boundary/None/None/|space/boundary/None/None/|qsDay/full/None/baseline/|qsDay/half/baseline/None/
ss05	0020:0020:E653:E668	cell	boundary-echo	space|space|qsDay|qsRoe	space/boundary/None/None/|space/boundary/None/None/|qsDay/full/None/baseline/|qsRoe/hapax/baseline/None/
ss05	0020:0020:E668:E668	cell	boundary-echo	space|space|qsRoe.en-y0.ex-y5|qsRoe	space/boundary/None/None/|space/boundary/None/None/|qsRoe/hapax/None/x-height/|qsRoe/hapax/x-height/None/
ss05	0020:00B7:E650:E650	cell	boundary-echo	space|periodcentered|qsPea.half.en-y6.ex-y6|qsPea.en-y6	space/boundary/None/None/|namer-dot/boundary/None/None/|qsPea/half/None/y6/|qsPea/full/y6/None/
ss05	0020:00B7:E650:E653	cell	boundary-echo	space|periodcentered|qsPea|qsDay.half.en-y0.ex-y0	space/boundary/None/None/|namer-dot/boundary/None/None/|qsPea/full/None/baseline/|qsDay/half/baseline/None/
ss05	0020:00B7:E652:E653	cell	boundary-echo	space|periodcentered|qsTea.ex-y0|qsDay.half.en-y0.ex-y0.en-ext-1	space/boundary/None/None/|namer-dot/boundary/None/None/|qsTea/full/None/baseline/|qsDay/half/baseline/None/en-ext-1
ss05	0020:00B7:E653:E652	cell	boundary-echo	space|periodcentered|qsDay|qsTea.en-y0	space/boundary/None/None/|namer-dot/boundary/None/None/|qsDay/full/None/baseline/|qsTea/full/baseline/None/
ss05	0020:00B7:E653:E653	cell	boundary-echo	space|periodcentered|qsDay|qsDay.half.en-y0.ex-y0	space/boundary/None/None/|namer-dot/boundary/None/None/|qsDay/full/None/baseline/|qsDay/half/baseline/None/
ss05	0020:00B7:E653:E668	cell	boundary-echo	space|periodcentered|qsDay|qsRoe	space/boundary/None/None/|namer-dot/boundary/None/None/|qsDay/full/None/baseline/|qsRoe/hapax/baseline/None/
ss05	0020:00B7:E668:E668	cell	boundary-echo	space|periodcentered.lowered|qsRoe.en-y0.ex-y5|qsRoe	space/boundary/None/None/|namer-dot/boundary/None/None/|qsRoe/hapax/None/x-height/|qsRoe/hapax/x-height/None/
ss05	0020:200C:E650:E653	cell	boundary-echo	space|space|qsPea.noentry|qsDay.half.en-y0.ex-y0	space/boundary/None/None/|zwnj/boundary/None/None/|qsPea/full/None/baseline/locked|qsDay/half/baseline/None/
ss05	0020:200C:E650:E668	cell	boundary-echo	space|space|qsPea.half.ex-y5.ex-dips|qsRoe.en-y5.en-con-1	space/boundary/None/None/|zwnj/boundary/None/None/|qsPea/half/None/x-height/locked|qsRoe/hapax/x-height/None/en-con-1
ss05	0020:200C:E652:E652	cell	boundary-echo	space|space|qsTea.ex-y0|qsTea	space/boundary/None/None/|zwnj/boundary/None/None/|qsTea/full/None/None/locked|qsTea/full/None/None/
ss05	0020:200C:E652:E653	cell	boundary-echo	space|space|qsTea.ex-y0|qsDay.half.en-y0.ex-y0.en-ext-1	space/boundary/None/None/|zwnj/boundary/None/None/|qsTea/full/None/baseline/locked|qsDay/half/baseline/None/en-ext-1
ss05	0020:200C:E653:E652	cell	boundary-echo	space|space|qsDay.noentry|qsTea.en-y0	space/boundary/None/None/|zwnj/boundary/None/None/|qsDay/full/None/baseline/locked|qsTea/full/baseline/None/
ss05	0020:200C:E653:E653	cell	boundary-echo	space|space|qsDay.noentry|qsDay.half.en-y0.ex-y0	space/boundary/None/None/|zwnj/boundary/None/None/|qsDay/full/None/baseline/locked|qsDay/half/baseline/None/
ss05	0020:200C:E653:E668	cell	boundary-echo	space|space|qsDay.noentry|qsRoe	space/boundary/None/None/|zwnj/boundary/None/None/|qsDay/full/None/baseline/locked|qsRoe/hapax/baseline/None/
ss05	0020:200C:E668:E668	cell	boundary-echo	space|space|qsRoe.en-y0.ex-y5.noentry|qsRoe	space/boundary/None/None/|zwnj/boundary/None/None/|qsRoe/hapax/None/x-height/locked|qsRoe/hapax/x-height/None/
ss05	0020:E650:E650:0020	cell	boundary-echo	space|qsPea.half.en-y6.ex-y6|qsPea.en-y6|space	space/boundary/None/None/|qsPea/half/None/y6/|qsPea/full/y6/None/|space/boundary/None/None/
ss05	0020:E650:E650:00B7	cell	boundary-echo	space|qsPea.half.en-y6.ex-y6|qsPea.en-y6|periodcentered	space/boundary/None/None/|qsPea/half/None/y6/|qsPea/full/y6/None/|namer-dot/boundary/None/None/
ss05	0020:E650:E650:200C	cell	boundary-echo	space|qsPea.half.en-y6.ex-y6|qsPea.en-y6|space	space/boundary/None/None/|qsPea/half/None/y6/|qsPea/full/y6/None/|zwnj/boundary/None/None/
ss05	0020:E650:E650:E650	cell	boundary-echo	space|qsPea.half.en-y6.ex-y6|qsPea.half.en-y6.ex-y6|qsPea.en-y6	space/boundary/None/None/|qsPea/half/None/y6/|qsPea/half/y6/y6/|qsPea/full/y6/None/
ss05	0020:E650:E650:E652	cell	boundary-echo	space|qsPea.half.en-y6.ex-y6|qsPea.en-y6.ex-y0|qsTea	space/boundary/None/None/|qsPea/half/None/y6/|qsPea/full/y6/None/|qsTea/full/None/None/
ss05	0020:E650:E650:E653	cell	boundary-echo	space|qsPea.half.en-y6.ex-y6|qsPea.en-y6.ex-y0|qsDay.half.en-y0.ex-y0	space/boundary/None/None/|qsPea/half/None/y6/|qsPea/full/y6/baseline/|qsDay/half/baseline/None/
ss05	0020:E650:E650:E668	cell	boundary-echo	space|qsPea.half.en-y6.ex-y6|qsPea.half.en-y6.ex-y5.ex-dips|qsRoe.en-y5.en-con-1	space/boundary/None/None/|qsPea/half/None/y6/|qsPea/half/y6/x-height/|qsRoe/hapax/x-height/None/en-con-1
ss05	0020:E650:E652:E653	cell	boundary-echo	space|qsPea|qsTea.ex-y0|qsDay.half.en-y0.ex-y0.en-ext-1	space/boundary/None/None/|qsPea/full/None/None/|qsTea/full/None/baseline/|qsDay/half/baseline/None/en-ext-1
ss05	0020:E650:E653:0020	cell	boundary-echo	space|qsPea|qsDay.half.en-y0.ex-y0|space	space/boundary/None/None/|qsPea/full/None/baseline/|qsDay/half/baseline/None/|space/boundary/None/None/
ss05	0020:E650:E653:00B7	cell	boundary-echo	space|qsPea|qsDay.half.en-y0.ex-y0|periodcentered	space/boundary/None/None/|qsPea/full/None/baseline/|qsDay/half/baseline/None/|namer-dot/boundary/None/None/
ss05	0020:E650:E653:200C	cell	boundary-echo	space|qsPea|qsDay.half.en-y0.ex-y0|space	space/boundary/None/None/|qsPea/full/None/baseline/|qsDay/half/baseline/None/|zwnj/boundary/None/None/
ss05	0020:E650:E653:E650	cell	boundary-echo	space|qsPea|qsDay.half.en-y0.ex-y0|qsPea	space/boundary/None/None/|qsPea/full/None/baseline/|qsDay/half/baseline/None/|qsPea/full/None/None/
ss05	0020:E650:E653:E652	cell	boundary-echo	space|qsPea|qsDay.half.en-y0.ex-y0|qsTea.en-y0	space/boundary/None/None/|qsPea/full/None/baseline/|qsDay/half/baseline/baseline/|qsTea/full/baseline/None/
ss05	0020:E650:E653:E653	cell	boundary-echo	space|qsPea|qsDay.half.en-y0.ex-y0|qsDay.half.en-y0.ex-y0	space/boundary/None/None/|qsPea/full/None/baseline/|qsDay/half/baseline/baseline/|qsDay/half/baseline/None/
ss05	0020:E650:E653:E668	cell	boundary-echo	space|qsPea|qsDay.half.en-y0.ex-y0|qsRoe	space/boundary/None/None/|qsPea/full/None/baseline/|qsDay/half/baseline/baseline/|qsRoe/hapax/baseline/None/
ss05	0020:E650:E668:E668	cell	boundary-echo	space|qsPea.half.ex-y5.ex-dips|qsRoe.ex-y0|qsRoe	space/boundary/None/None/|qsPea/half/None/x-height/|qsRoe/hapax/x-height/baseline/en-con-1|qsRoe/hapax/baseline/None/
ss05	0020:E652:E650:E650	cell	boundary-echo	space|qsTea|qsPea.half.en-y6.ex-y6|qsPea.en-y6	space/boundary/None/None/|qsTea/full/None/None/|qsPea/half/None/y6/|qsPea/full/y6/None/
ss05	0020:E652:E650:E653	cell	boundary-echo	space|qsTea|qsPea|qsDay.half.en-y0.ex-y0	space/boundary/None/None/|qsTea/full/None/None/|qsPea/full/None/baseline/|qsDay/half/baseline/None/
ss05	0020:E652:E652:E653	cell	boundary-echo	space|qsTea|qsTea.ex-y0|qsDay.half.en-y0.ex-y0.en-ext-1	space/boundary/None/None/|qsTea/full/None/None/|qsTea/full/None/baseline/|qsDay/half/baseline/None/en-ext-1
ss05	0020:E652:E653:0020	cell	boundary-echo	space|qsTea.ex-y0|qsDay.half.en-y0.ex-y0.en-ext-1|space	space/boundary/None/None/|qsTea/full/None/baseline/|qsDay/half/baseline/None/en-ext-1|space/boundary/None/None/
ss05	0020:E652:E653:00B7	cell	boundary-echo	space|qsTea.ex-y0|qsDay.half.en-y0.ex-y0.en-ext-1|periodcentered	space/boundary/None/None/|qsTea/full/None/baseline/|qsDay/half/baseline/None/en-ext-1|namer-dot/boundary/None/None/
ss05	0020:E652:E653:200C	cell	boundary-echo	space|qsTea.ex-y0|qsDay.half.en-y0.ex-y0.en-ext-1|space	space/boundary/None/None/|qsTea/full/None/baseline/|qsDay/half/baseline/None/en-ext-1|zwnj/boundary/None/None/
ss05	0020:E652:E653:E650	cell	boundary-echo	space|qsTea.ex-y0|qsDay.half.en-y0.ex-y0.en-ext-1|qsPea	space/boundary/None/None/|qsTea/full/None/baseline/|qsDay/half/baseline/None/en-ext-1|qsPea/full/None/None/
ss05	0020:E652:E653:E653	cell	boundary-echo	space|qsTea.ex-y0|qsDay.half.en-y0.ex-y0.en-ext-1|qsDay.half.en-y0.ex-y0	space/boundary/None/None/|qsTea/full/None/baseline/|qsDay/half/baseline/baseline/en-ext-1|qsDay/half/baseline/None/
ss05	0020:E652:E653:E668	cell	boundary-echo	space|qsTea.ex-y0|qsDay.half.en-y0.ex-y0.en-ext-1|qsRoe	space/boundary/None/None/|qsTea/full/None/baseline/|qsDay/half/baseline/baseline/en-ext-1|qsRoe/hapax/baseline/None/
ss05	0020:E652:E668:E668	cell	boundary-echo	space|qsTea.half.ex-y5|qsRoe.ex-y0|qsRoe	space/boundary/None/None/|qsTea/half/None/x-height/|qsRoe/hapax/x-height/baseline/en-con-1|qsRoe/hapax/baseline/None/
ss05	0020:E653:E650:E650	cell	boundary-echo	space|qsDay|qsPea.half.en-y6.ex-y6|qsPea.en-y6	space/boundary/None/None/|qsDay/full/None/None/|qsPea/half/None/y6/|qsPea/full/y6/None/
ss05	0020:E653:E650:E653	cell	boundary-echo	space|qsDay|qsPea|qsDay.half.en-y0.ex-y0	space/boundary/None/None/|qsDay/full/None/None/|qsPea/full/None/baseline/|qsDay/half/baseline/None/
ss05	0020:E653:E652:0020	cell	boundary-echo	space|qsDay|qsTea.en-y0|space	space/boundary/None/None/|qsDay/full/None/baseline/|qsTea/full/baseline/None/|space/boundary/None/None/
ss05	0020:E653:E652:00B7	cell	boundary-echo	space|qsDay|qsTea.en-y0|periodcentered	space/boundary/None/None/|qsDay/full/None/baseline/|qsTea/full/baseline/None/|namer-dot/boundary/None/None/
ss05	0020:E653:E652:200C	cell	boundary-echo	space|qsDay|qsTea.en-y0|space	space/boundary/None/None/|qsDay/full/None/baseline/|qsTea/full/baseline/None/|zwnj/boundary/None/None/
ss05	0020:E653:E652:E650	cell	boundary-echo	space|qsDay|qsTea.en-y0|qsPea	space/boundary/None/None/|qsDay/full/None/baseline/|qsTea/full/baseline/None/|qsPea/full/None/None/
ss05	0020:E653:E652:E652	cell	boundary-echo	space|qsDay|qsTea.en-y0|qsTea	space/boundary/None/None/|qsDay/full/None/baseline/|qsTea/full/baseline/None/|qsTea/full/None/None/
ss05	0020:E653:E652:E653	cell	boundary-echo	space|qsDay|qsTea.ex-y0|qsDay.half.en-y0.ex-y0.en-ext-1	space/boundary/None/None/|qsDay/full/None/None/|qsTea/full/None/baseline/|qsDay/half/baseline/None/en-ext-1
ss05	0020:E653:E652:E668	cell,seam	boundary-echo	space|qsDay|qsTea.half.ex-y5|qsRoe.en-y5.en-con-1	space/boundary/None/None/|qsDay/full/None/baseline/|qsTea/full/baseline/None/|qsRoe/hapax/None/None/
ss05	0020:E653:E653:0020	cell	boundary-echo	space|qsDay|qsDay.half.en-y0.ex-y0|space	space/boundary/None/None/|qsDay/full/None/baseline/|qsDay/half/baseline/None/|space/boundary/None/None/
ss05	0020:E653:E653:00B7	cell	boundary-echo	space|qsDay|qsDay.half.en-y0.ex-y0|periodcentered	space/boundary/None/None/|qsDay/full/None/baseline/|qsDay/half/baseline/None/|namer-dot/boundary/None/None/
ss05	0020:E653:E653:200C	cell	boundary-echo	space|qsDay|qsDay.half.en-y0.ex-y0|space	space/boundary/None/None/|qsDay/full/None/baseline/|qsDay/half/baseline/None/|zwnj/boundary/None/None/
ss05	0020:E653:E653:E650	cell	boundary-echo	space|qsDay|qsDay.half.en-y0.ex-y0|qsPea	space/boundary/None/None/|qsDay/full/None/baseline/|qsDay/half/baseline/None/|qsPea/full/None/None/
ss05	0020:E653:E653:E652	cell	boundary-echo	space|qsDay|qsDay.half.en-y0.ex-y0|qsTea.en-y0	space/boundary/None/None/|qsDay/full/None/baseline/|qsDay/half/baseline/baseline/|qsTea/full/baseline/None/
ss05	0020:E653:E653:E653	cell	boundary-echo	space|qsDay|qsDay.half.en-y0.ex-y0|qsDay.half.en-y0.ex-y0	space/boundary/None/None/|qsDay/full/None/baseline/|qsDay/half/baseline/baseline/|qsDay/half/baseline/None/
ss05	0020:E653:E653:E668	cell	boundary-echo	space|qsDay|qsDay.half.en-y0.ex-y0|qsRoe	space/boundary/None/None/|qsDay/full/None/baseline/|qsDay/half/baseline/baseline/|qsRoe/hapax/baseline/None/
ss05	0020:E653:E668:0020	cell	boundary-echo	space|qsDay|qsRoe|space	space/boundary/None/None/|qsDay/full/None/baseline/|qsRoe/hapax/baseline/None/|space/boundary/None/None/
ss05	0020:E653:E668:00B7	cell	boundary-echo	space|qsDay|qsRoe|periodcentered	space/boundary/None/None/|qsDay/full/None/baseline/|qsRoe/hapax/baseline/None/|namer-dot/boundary/None/None/
ss05	0020:E653:E668:200C	cell	boundary-echo	space|qsDay|qsRoe|space	space/boundary/None/None/|qsDay/full/None/baseline/|qsRoe/hapax/baseline/None/|zwnj/boundary/None/None/
ss05	0020:E653:E668:E650	cell	boundary-echo	space|qsDay|qsRoe|qsPea	space/boundary/None/None/|qsDay/full/None/baseline/|qsRoe/hapax/baseline/None/|qsPea/full/None/None/
ss05	0020:E653:E668:E652	cell	boundary-echo	space|qsDay|qsRoe|qsTea	space/boundary/None/None/|qsDay/full/None/baseline/|qsRoe/hapax/baseline/None/|qsTea/full/None/None/
ss05	0020:E653:E668:E653	cell	boundary-echo	space|qsDay|qsRoe|qsDay	space/boundary/None/None/|qsDay/full/None/baseline/|qsRoe/hapax/baseline/None/|qsDay/full/None/None/
ss05	0020:E653:E668:E668	cell	boundary-echo	space|qsDay|qsRoe.en-y0.ex-y5|qsRoe	space/boundary/None/None/|qsDay/full/None/baseline/|qsRoe/hapax/baseline/x-height/|qsRoe/hapax/x-height/None/
ss05	0020:E668:E650:E650	cell	boundary-echo	space|qsRoe|qsPea.half.en-y6.ex-y6|qsPea.en-y6	space/boundary/None/None/|qsRoe/hapax/None/None/|qsPea/half/None/y6/|qsPea/full/y6/None/
ss05	0020:E668:E650:E653	cell	boundary-echo	space|qsRoe|qsPea|qsDay.half.en-y0.ex-y0	space/boundary/None/None/|qsRoe/hapax/None/None/|qsPea/full/None/baseline/|qsDay/half/baseline/None/
ss05	0020:E668:E652:E653	cell	boundary-echo	space|qsRoe|qsTea.ex-y0|qsDay.half.en-y0.ex-y0.en-ext-1	space/boundary/None/None/|qsRoe/hapax/None/None/|qsTea/full/None/baseline/|qsDay/half/baseline/None/en-ext-1
ss05	0020:E668:E653:E652	cell	boundary-echo	space|qsRoe|qsDay|qsTea.en-y0	space/boundary/None/None/|qsRoe/hapax/None/None/|qsDay/full/None/baseline/|qsTea/full/baseline/None/
ss05	0020:E668:E653:E653	cell	boundary-echo	space|qsRoe|qsDay|qsDay.half.en-y0.ex-y0	space/boundary/None/None/|qsRoe/hapax/None/None/|qsDay/full/None/baseline/|qsDay/half/baseline/None/
ss05	0020:E668:E653:E668	cell	boundary-echo	space|qsRoe|qsDay|qsRoe	space/boundary/None/None/|qsRoe/hapax/None/None/|qsDay/full/None/baseline/|qsRoe/hapax/baseline/None/
ss05	0020:E668:E668:0020	cell	boundary-echo	space|qsRoe.en-y0.ex-y5|qsRoe|space	space/boundary/None/None/|qsRoe/hapax/None/x-height/|qsRoe/hapax/x-height/None/|space/boundary/None/None/
ss05	0020:E668:E668:00B7	cell	boundary-echo	space|qsRoe.en-y0.ex-y5|qsRoe|periodcentered	space/boundary/None/None/|qsRoe/hapax/None/x-height/|qsRoe/hapax/x-height/None/|namer-dot/boundary/None/None/
ss05	0020:E668:E668:200C	cell	boundary-echo	space|qsRoe.en-y0.ex-y5|qsRoe|space	space/boundary/None/None/|qsRoe/hapax/None/x-height/|qsRoe/hapax/x-height/None/|zwnj/boundary/None/None/
ss05	0020:E668:E668:E650	cell	boundary-echo	space|qsRoe.en-y0.ex-y5|qsRoe|qsPea	space/boundary/None/None/|qsRoe/hapax/None/x-height/|qsRoe/hapax/x-height/None/|qsPea/full/None/None/
ss05	0020:E668:E668:E652	cell	boundary-echo	space|qsRoe.en-y0.ex-y5|qsRoe|qsTea	space/boundary/None/None/|qsRoe/hapax/None/x-height/|qsRoe/hapax/x-height/None/|qsTea/full/None/None/
ss05	0020:E668:E668:E653	cell	boundary-echo	space|qsRoe.en-y0.ex-y5|qsRoe|qsDay	space/boundary/None/None/|qsRoe/hapax/None/x-height/|qsRoe/hapax/x-height/None/|qsDay/full/None/None/
ss05	0020:E668:E668:E668	cell	boundary-echo	space|qsRoe.en-y0.ex-y5|qsRoe.ex-y0|qsRoe	space/boundary/None/None/|qsRoe/hapax/None/x-height/|qsRoe/hapax/x-height/baseline/|qsRoe/hapax/baseline/None/
ss05	00B7:0020:E650:E650	cell	boundary-echo	periodcentered|space|qsPea.half.en-y6.ex-y6|qsPea.en-y6	namer-dot/boundary/None/None/|space/boundary/None/None/|qsPea/half/None/y6/|qsPea/full/y6/None/
ss05	00B7:0020:E650:E653	cell	boundary-echo	periodcentered|space|qsPea|qsDay.half.en-y0.ex-y0	namer-dot/boundary/None/None/|space/boundary/None/None/|qsPea/full/None/baseline/|qsDay/half/baseline/None/
ss05	00B7:0020:E652:E653	cell	boundary-echo	periodcentered|space|qsTea.ex-y0|qsDay.half.en-y0.ex-y0.en-ext-1	namer-dot/boundary/None/None/|space/boundary/None/None/|qsTea/full/None/baseline/|qsDay/half/baseline/None/en-ext-1
ss05	00B7:0020:E653:E652	cell	boundary-echo	periodcentered|space|qsDay|qsTea.en-y0	namer-dot/boundary/None/None/|space/boundary/None/None/|qsDay/full/None/baseline/|qsTea/full/baseline/None/
ss05	00B7:0020:E653:E653	cell	boundary-echo	periodcentered|space|qsDay|qsDay.half.en-y0.ex-y0	namer-dot/boundary/None/None/|space/boundary/None/None/|qsDay/full/None/baseline/|qsDay/half/baseline/None/
ss05	00B7:0020:E653:E668	cell	boundary-echo	periodcentered|space|qsDay|qsRoe	namer-dot/boundary/None/None/|space/boundary/None/None/|qsDay/full/None/baseline/|qsRoe/hapax/baseline/None/
ss05	00B7:0020:E668:E668	cell	boundary-echo	periodcentered|space|qsRoe.en-y0.ex-y5|qsRoe	namer-dot/boundary/None/None/|space/boundary/None/None/|qsRoe/hapax/None/x-height/|qsRoe/hapax/x-height/None/
ss05	00B7:00B7:E650:E650	cell	dangling-anchor-dropped	periodcentered|periodcentered|qsPea.half.en-y6.ex-y6|qsPea.en-y6	namer-dot/boundary/None/None/|namer-dot/boundary/None/None/|qsPea/half/None/y6/|qsPea/full/y6/None/
ss05	00B7:00B7:E650:E653	cell	dangling-anchor-dropped	periodcentered|periodcentered|qsPea|qsDay.half.en-y0.ex-y0	namer-dot/boundary/None/None/|namer-dot/boundary/None/None/|qsPea/full/None/baseline/|qsDay/half/baseline/None/
ss05	00B7:00B7:E652:E653	cell	dangling-anchor-dropped	periodcentered|periodcentered|qsTea.ex-y0|qsDay.half.en-y0.ex-y0.en-ext-1	namer-dot/boundary/None/None/|namer-dot/boundary/None/None/|qsTea/full/None/baseline/|qsDay/half/baseline/None/en-ext-1
ss05	00B7:00B7:E653:E652	cell	bare-name-live-join	periodcentered|periodcentered|qsDay|qsTea.en-y0	namer-dot/boundary/None/None/|namer-dot/boundary/None/None/|qsDay/full/None/baseline/|qsTea/full/baseline/None/
ss05	00B7:00B7:E653:E653	cell	dangling-anchor-dropped	periodcentered|periodcentered|qsDay|qsDay.half.en-y0.ex-y0	namer-dot/boundary/None/None/|namer-dot/boundary/None/None/|qsDay/full/None/baseline/|qsDay/half/baseline/None/
ss05	00B7:00B7:E653:E668	cell	bare-name-live-join	periodcentered|periodcentered|qsDay|qsRoe	namer-dot/boundary/None/None/|namer-dot/boundary/None/None/|qsDay/full/None/baseline/|qsRoe/hapax/baseline/None/
ss05	00B7:00B7:E668:E668	cell	dangling-anchor-dropped	periodcentered|periodcentered.lowered|qsRoe.en-y0.ex-y5|qsRoe	namer-dot/boundary/None/None/|namer-dot/boundary/None/None/|qsRoe/hapax/None/x-height/|qsRoe/hapax/x-height/None/
ss05	00B7:200C:E650:E653	cell	boundary-echo	periodcentered|space|qsPea.noentry|qsDay.half.en-y0.ex-y0	namer-dot/boundary/None/None/|zwnj/boundary/None/None/|qsPea/full/None/baseline/locked|qsDay/half/baseline/None/
ss05	00B7:200C:E650:E668	cell	boundary-echo	periodcentered|space|qsPea.half.ex-y5.ex-dips|qsRoe.en-y5.en-con-1	namer-dot/boundary/None/None/|zwnj/boundary/None/None/|qsPea/half/None/x-height/locked|qsRoe/hapax/x-height/None/en-con-1
ss05	00B7:200C:E652:E652	cell	boundary-echo	periodcentered|space|qsTea.ex-y0|qsTea	namer-dot/boundary/None/None/|zwnj/boundary/None/None/|qsTea/full/None/None/locked|qsTea/full/None/None/
ss05	00B7:200C:E652:E653	cell	boundary-echo	periodcentered|space|qsTea.ex-y0|qsDay.half.en-y0.ex-y0.en-ext-1	namer-dot/boundary/None/None/|zwnj/boundary/None/None/|qsTea/full/None/baseline/locked|qsDay/half/baseline/None/en-ext-1
ss05	00B7:200C:E653:E652	cell	boundary-echo	periodcentered|space|qsDay.noentry|qsTea.en-y0	namer-dot/boundary/None/None/|zwnj/boundary/None/None/|qsDay/full/None/baseline/locked|qsTea/full/baseline/None/
ss05	00B7:200C:E653:E653	cell	boundary-echo	periodcentered|space|qsDay.noentry|qsDay.half.en-y0.ex-y0	namer-dot/boundary/None/None/|zwnj/boundary/None/None/|qsDay/full/None/baseline/locked|qsDay/half/baseline/None/
ss05	00B7:200C:E653:E668	cell	boundary-echo	periodcentered|space|qsDay.noentry|qsRoe	namer-dot/boundary/None/None/|zwnj/boundary/None/None/|qsDay/full/None/baseline/locked|qsRoe/hapax/baseline/None/
ss05	00B7:200C:E668:E668	cell	boundary-echo	periodcentered.lowered|space|qsRoe.en-y0.ex-y5.noentry|qsRoe	namer-dot/boundary/None/None/|zwnj/boundary/None/None/|qsRoe/hapax/None/x-height/locked|qsRoe/hapax/x-height/None/
ss05	00B7:E650:E650:0020	cell	boundary-echo	periodcentered|qsPea.half.en-y6.ex-y6|qsPea.en-y6|space	namer-dot/boundary/None/None/|qsPea/half/None/y6/|qsPea/full/y6/None/|space/boundary/None/None/
ss05	00B7:E650:E650:00B7	cell	dangling-anchor-dropped	periodcentered|qsPea.half.en-y6.ex-y6|qsPea.en-y6|periodcentered	namer-dot/boundary/None/None/|qsPea/half/None/y6/|qsPea/full/y6/None/|namer-dot/boundary/None/None/
ss05	00B7:E650:E650:200C	cell	boundary-echo	periodcentered|qsPea.half.en-y6.ex-y6|qsPea.en-y6|space	namer-dot/boundary/None/None/|qsPea/half/None/y6/|qsPea/full/y6/None/|zwnj/boundary/None/None/
ss05	00B7:E650:E650:E650	cell	dangling-anchor-dropped	periodcentered|qsPea.half.en-y6.ex-y6|qsPea.half.en-y6.ex-y6|qsPea.en-y6	namer-dot/boundary/None/None/|qsPea/half/None/y6/|qsPea/half/y6/y6/|qsPea/full/y6/None/
ss05	00B7:E650:E650:E652	cell	dangling-anchor-dropped	periodcentered|qsPea.half.en-y6.ex-y6|qsPea.en-y6.ex-y0|qsTea	namer-dot/boundary/None/None/|qsPea/half/None/y6/|qsPea/full/y6/None/|qsTea/full/None/None/
ss05	00B7:E650:E650:E653	cell	dangling-anchor-dropped	periodcentered|qsPea.half.en-y6.ex-y6|qsPea.en-y6.ex-y0|qsDay.half.en-y0.ex-y0	namer-dot/boundary/None/None/|qsPea/half/None/y6/|qsPea/full/y6/baseline/|qsDay/half/baseline/None/
ss05	00B7:E650:E650:E668	cell	dangling-anchor-dropped	periodcentered|qsPea.half.en-y6.ex-y6|qsPea.half.en-y6.ex-y5.ex-dips|qsRoe.en-y5.en-con-1	namer-dot/boundary/None/None/|qsPea/half/None/y6/|qsPea/half/y6/x-height/|qsRoe/hapax/x-height/None/en-con-1
ss05	00B7:E650:E652:E653	cell	dangling-anchor-dropped	periodcentered|qsPea|qsTea.ex-y0|qsDay.half.en-y0.ex-y0.en-ext-1	namer-dot/boundary/None/None/|qsPea/full/None/None/|qsTea/full/None/baseline/|qsDay/half/baseline/None/en-ext-1
ss05	00B7:E650:E653:0020	cell	boundary-echo	periodcentered|qsPea|qsDay.half.en-y0.ex-y0|space	namer-dot/boundary/None/None/|qsPea/full/None/baseline/|qsDay/half/baseline/None/|space/boundary/None/None/
ss05	00B7:E650:E653:00B7	cell	dangling-anchor-dropped	periodcentered|qsPea|qsDay.half.en-y0.ex-y0|periodcentered	namer-dot/boundary/None/None/|qsPea/full/None/baseline/|qsDay/half/baseline/None/|namer-dot/boundary/None/None/
ss05	00B7:E650:E653:200C	cell	boundary-echo	periodcentered|qsPea|qsDay.half.en-y0.ex-y0|space	namer-dot/boundary/None/None/|qsPea/full/None/baseline/|qsDay/half/baseline/None/|zwnj/boundary/None/None/
ss05	00B7:E650:E653:E650	cell	dangling-anchor-dropped	periodcentered|qsPea|qsDay.half.en-y0.ex-y0|qsPea	namer-dot/boundary/None/None/|qsPea/full/None/baseline/|qsDay/half/baseline/None/|qsPea/full/None/None/
ss05	00B7:E650:E653:E652	cell	bare-name-live-join	periodcentered|qsPea|qsDay.half.en-y0.ex-y0|qsTea.en-y0	namer-dot/boundary/None/None/|qsPea/full/None/baseline/|qsDay/half/baseline/baseline/|qsTea/full/baseline/None/
ss05	00B7:E650:E653:E653	cell	dangling-anchor-dropped	periodcentered|qsPea|qsDay.half.en-y0.ex-y0|qsDay.half.en-y0.ex-y0	namer-dot/boundary/None/None/|qsPea/full/None/baseline/|qsDay/half/baseline/baseline/|qsDay/half/baseline/None/
ss05	00B7:E650:E653:E668	cell	bare-name-live-join	periodcentered|qsPea|qsDay.half.en-y0.ex-y0|qsRoe	namer-dot/boundary/None/None/|qsPea/full/None/baseline/|qsDay/half/baseline/baseline/|qsRoe/hapax/baseline/None/
ss05	00B7:E650:E668:E668	cell,position	UNMATCHED	periodcentered|qsPea.half.ex-y5.ex-dips|qsRoe.ex-y0|qsRoe	namer-dot/boundary/None/None/|qsPea/half/None/x-height/|qsRoe/hapax/x-height/baseline/en-con-1|qsRoe/hapax/baseline/None/
ss05	00B7:E652:E650:E650	cell	dangling-anchor-dropped	periodcentered|qsTea|qsPea.half.en-y6.ex-y6|qsPea.en-y6	namer-dot/boundary/None/None/|qsTea/full/None/None/|qsPea/half/None/y6/|qsPea/full/y6/None/
ss05	00B7:E652:E650:E653	cell	dangling-anchor-dropped	periodcentered|qsTea|qsPea|qsDay.half.en-y0.ex-y0	namer-dot/boundary/None/None/|qsTea/full/None/None/|qsPea/full/None/baseline/|qsDay/half/baseline/None/
ss05	00B7:E652:E652:E653	cell	dangling-anchor-dropped	periodcentered|qsTea|qsTea.ex-y0|qsDay.half.en-y0.ex-y0.en-ext-1	namer-dot/boundary/None/None/|qsTea/full/None/None/|qsTea/full/None/baseline/|qsDay/half/baseline/None/en-ext-1
ss05	00B7:E652:E653:0020	cell	boundary-echo	periodcentered|qsTea.ex-y0|qsDay.half.en-y0.ex-y0.en-ext-1|space	namer-dot/boundary/None/None/|qsTea/full/None/baseline/|qsDay/half/baseline/None/en-ext-1|space/boundary/None/None/
ss05	00B7:E652:E653:00B7	cell	dangling-anchor-dropped	periodcentered|qsTea.ex-y0|qsDay.half.en-y0.ex-y0.en-ext-1|periodcentered	namer-dot/boundary/None/None/|qsTea/full/None/baseline/|qsDay/half/baseline/None/en-ext-1|namer-dot/boundary/None/None/
ss05	00B7:E652:E653:200C	cell	boundary-echo	periodcentered|qsTea.ex-y0|qsDay.half.en-y0.ex-y0.en-ext-1|space	namer-dot/boundary/None/None/|qsTea/full/None/baseline/|qsDay/half/baseline/None/en-ext-1|zwnj/boundary/None/None/
ss05	00B7:E652:E653:E650	cell	dangling-anchor-dropped	periodcentered|qsTea.ex-y0|qsDay.half.en-y0.ex-y0.en-ext-1|qsPea	namer-dot/boundary/None/None/|qsTea/full/None/baseline/|qsDay/half/baseline/None/en-ext-1|qsPea/full/None/None/
ss05	00B7:E652:E653:E653	cell	dangling-anchor-dropped	periodcentered|qsTea.ex-y0|qsDay.half.en-y0.ex-y0.en-ext-1|qsDay.half.en-y0.ex-y0	namer-dot/boundary/None/None/|qsTea/full/None/baseline/|qsDay/half/baseline/baseline/en-ext-1|qsDay/half/baseline/None/
ss05	00B7:E652:E653:E668	cell	bare-name-live-join	periodcentered|qsTea.ex-y0|qsDay.half.en-y0.ex-y0.en-ext-1|qsRoe	namer-dot/boundary/None/None/|qsTea/full/None/baseline/|qsDay/half/baseline/baseline/en-ext-1|qsRoe/hapax/baseline/None/
ss05	00B7:E652:E668:E668	cell,position	UNMATCHED	periodcentered|qsTea.half.ex-y5|qsRoe.ex-y0|qsRoe	namer-dot/boundary/None/None/|qsTea/half/None/x-height/|qsRoe/hapax/x-height/baseline/en-con-1|qsRoe/hapax/baseline/None/
ss05	00B7:E653:E650:E650	cell	dangling-anchor-dropped	periodcentered|qsDay|qsPea.half.en-y6.ex-y6|qsPea.en-y6	namer-dot/boundary/None/None/|qsDay/full/None/None/|qsPea/half/None/y6/|qsPea/full/y6/None/
ss05	00B7:E653:E650:E653	cell	dangling-anchor-dropped	periodcentered|qsDay|qsPea|qsDay.half.en-y0.ex-y0	namer-dot/boundary/None/None/|qsDay/full/None/None/|qsPea/full/None/baseline/|qsDay/half/baseline/None/
ss05	00B7:E653:E652:0020	cell	boundary-echo	periodcentered|qsDay|qsTea.en-y0|space	namer-dot/boundary/None/None/|qsDay/full/None/baseline/|qsTea/full/baseline/None/|space/boundary/None/None/
ss05	00B7:E653:E652:00B7	cell	bare-name-live-join	periodcentered|qsDay|qsTea.en-y0|periodcentered	namer-dot/boundary/None/None/|qsDay/full/None/baseline/|qsTea/full/baseline/None/|namer-dot/boundary/None/None/
ss05	00B7:E653:E652:200C	cell	boundary-echo	periodcentered|qsDay|qsTea.en-y0|space	namer-dot/boundary/None/None/|qsDay/full/None/baseline/|qsTea/full/baseline/None/|zwnj/boundary/None/None/
ss05	00B7:E653:E652:E650	cell	bare-name-live-join	periodcentered|qsDay|qsTea.en-y0|qsPea	namer-dot/boundary/None/None/|qsDay/full/None/baseline/|qsTea/full/baseline/None/|qsPea/full/None/None/
ss05	00B7:E653:E652:E652	cell	bare-name-live-join	periodcentered|qsDay|qsTea.en-y0|qsTea	namer-dot/boundary/None/None/|qsDay/full/None/baseline/|qsTea/full/baseline/None/|qsTea/full/None/None/
ss05	00B7:E653:E652:E653	cell	dangling-anchor-dropped	periodcentered|qsDay|qsTea.ex-y0|qsDay.half.en-y0.ex-y0.en-ext-1	namer-dot/boundary/None/None/|qsDay/full/None/None/|qsTea/full/None/baseline/|qsDay/half/baseline/None/en-ext-1
ss05	00B7:E653:E652:E668	cell,seam	regrouping-floor-drift	periodcentered|qsDay|qsTea.half.ex-y5|qsRoe.en-y5.en-con-1	namer-dot/boundary/None/None/|qsDay/full/None/baseline/|qsTea/full/baseline/None/|qsRoe/hapax/None/None/
ss05	00B7:E653:E653:0020	cell	boundary-echo	periodcentered|qsDay|qsDay.half.en-y0.ex-y0|space	namer-dot/boundary/None/None/|qsDay/full/None/baseline/|qsDay/half/baseline/None/|space/boundary/None/None/
ss05	00B7:E653:E653:00B7	cell	dangling-anchor-dropped	periodcentered|qsDay|qsDay.half.en-y0.ex-y0|periodcentered	namer-dot/boundary/None/None/|qsDay/full/None/baseline/|qsDay/half/baseline/None/|namer-dot/boundary/None/None/
ss05	00B7:E653:E653:200C	cell	boundary-echo	periodcentered|qsDay|qsDay.half.en-y0.ex-y0|space	namer-dot/boundary/None/None/|qsDay/full/None/baseline/|qsDay/half/baseline/None/|zwnj/boundary/None/None/
ss05	00B7:E653:E653:E650	cell	dangling-anchor-dropped	periodcentered|qsDay|qsDay.half.en-y0.ex-y0|qsPea	namer-dot/boundary/None/None/|qsDay/full/None/baseline/|qsDay/half/baseline/None/|qsPea/full/None/None/
ss05	00B7:E653:E653:E652	cell	bare-name-live-join	periodcentered|qsDay|qsDay.half.en-y0.ex-y0|qsTea.en-y0	namer-dot/boundary/None/None/|qsDay/full/None/baseline/|qsDay/half/baseline/baseline/|qsTea/full/baseline/None/
ss05	00B7:E653:E653:E653	cell	dangling-anchor-dropped	periodcentered|qsDay|qsDay.half.en-y0.ex-y0|qsDay.half.en-y0.ex-y0	namer-dot/boundary/None/None/|qsDay/full/None/baseline/|qsDay/half/baseline/baseline/|qsDay/half/baseline/None/
ss05	00B7:E653:E653:E668	cell	bare-name-live-join	periodcentered|qsDay|qsDay.half.en-y0.ex-y0|qsRoe	namer-dot/boundary/None/None/|qsDay/full/None/baseline/|qsDay/half/baseline/baseline/|qsRoe/hapax/baseline/None/
ss05	00B7:E653:E668:0020	cell	boundary-echo	periodcentered|qsDay|qsRoe|space	namer-dot/boundary/None/None/|qsDay/full/None/baseline/|qsRoe/hapax/baseline/None/|space/boundary/None/None/
ss05	00B7:E653:E668:00B7	cell	bare-name-live-join	periodcentered|qsDay|qsRoe|periodcentered	namer-dot/boundary/None/None/|qsDay/full/None/baseline/|qsRoe/hapax/baseline/None/|namer-dot/boundary/None/None/
ss05	00B7:E653:E668:200C	cell	boundary-echo	periodcentered|qsDay|qsRoe|space	namer-dot/boundary/None/None/|qsDay/full/None/baseline/|qsRoe/hapax/baseline/None/|zwnj/boundary/None/None/
ss05	00B7:E653:E668:E650	cell	bare-name-live-join	periodcentered|qsDay|qsRoe|qsPea	namer-dot/boundary/None/None/|qsDay/full/None/baseline/|qsRoe/hapax/baseline/None/|qsPea/full/None/None/
ss05	00B7:E653:E668:E652	cell	bare-name-live-join	periodcentered|qsDay|qsRoe|qsTea	namer-dot/boundary/None/None/|qsDay/full/None/baseline/|qsRoe/hapax/baseline/None/|qsTea/full/None/None/
ss05	00B7:E653:E668:E653	cell	bare-name-live-join	periodcentered|qsDay|qsRoe|qsDay	namer-dot/boundary/None/None/|qsDay/full/None/baseline/|qsRoe/hapax/baseline/None/|qsDay/full/None/None/
ss05	00B7:E653:E668:E668	cell	bare-name-live-join	periodcentered|qsDay|qsRoe.en-y0.ex-y5|qsRoe	namer-dot/boundary/None/None/|qsDay/full/None/baseline/|qsRoe/hapax/baseline/x-height/|qsRoe/hapax/x-height/None/
ss05	00B7:E668:E650:E650	cell	dangling-anchor-dropped	periodcentered.lowered|qsRoe|qsPea.half.en-y6.ex-y6|qsPea.en-y6	namer-dot/boundary/None/None/|qsRoe/hapax/None/None/|qsPea/half/None/y6/|qsPea/full/y6/None/
ss05	00B7:E668:E650:E653	cell	dangling-anchor-dropped	periodcentered.lowered|qsRoe|qsPea|qsDay.half.en-y0.ex-y0	namer-dot/boundary/None/None/|qsRoe/hapax/None/None/|qsPea/full/None/baseline/|qsDay/half/baseline/None/
ss05	00B7:E668:E652:E653	cell	dangling-anchor-dropped	periodcentered.lowered|qsRoe|qsTea.ex-y0|qsDay.half.en-y0.ex-y0.en-ext-1	namer-dot/boundary/None/None/|qsRoe/hapax/None/None/|qsTea/full/None/baseline/|qsDay/half/baseline/None/en-ext-1
ss05	00B7:E668:E653:E652	cell	bare-name-live-join	periodcentered.lowered|qsRoe|qsDay|qsTea.en-y0	namer-dot/boundary/None/None/|qsRoe/hapax/None/None/|qsDay/full/None/baseline/|qsTea/full/baseline/None/
ss05	00B7:E668:E653:E653	cell	dangling-anchor-dropped	periodcentered.lowered|qsRoe|qsDay|qsDay.half.en-y0.ex-y0	namer-dot/boundary/None/None/|qsRoe/hapax/None/None/|qsDay/full/None/baseline/|qsDay/half/baseline/None/
ss05	00B7:E668:E653:E668	cell	bare-name-live-join	periodcentered.lowered|qsRoe|qsDay|qsRoe	namer-dot/boundary/None/None/|qsRoe/hapax/None/None/|qsDay/full/None/baseline/|qsRoe/hapax/baseline/None/
ss05	00B7:E668:E668:0020	cell	boundary-echo	periodcentered.lowered|qsRoe.en-y0.ex-y5|qsRoe|space	namer-dot/boundary/None/None/|qsRoe/hapax/None/x-height/|qsRoe/hapax/x-height/None/|space/boundary/None/None/
ss05	00B7:E668:E668:00B7	cell	dangling-anchor-dropped	periodcentered.lowered|qsRoe.en-y0.ex-y5|qsRoe|periodcentered	namer-dot/boundary/None/None/|qsRoe/hapax/None/x-height/|qsRoe/hapax/x-height/None/|namer-dot/boundary/None/None/
ss05	00B7:E668:E668:200C	cell	boundary-echo	periodcentered.lowered|qsRoe.en-y0.ex-y5|qsRoe|space	namer-dot/boundary/None/None/|qsRoe/hapax/None/x-height/|qsRoe/hapax/x-height/None/|zwnj/boundary/None/None/
ss05	00B7:E668:E668:E650	cell	dangling-anchor-dropped	periodcentered.lowered|qsRoe.en-y0.ex-y5|qsRoe|qsPea	namer-dot/boundary/None/None/|qsRoe/hapax/None/x-height/|qsRoe/hapax/x-height/None/|qsPea/full/None/None/
ss05	00B7:E668:E668:E652	cell	dangling-anchor-dropped	periodcentered.lowered|qsRoe.en-y0.ex-y5|qsRoe|qsTea	namer-dot/boundary/None/None/|qsRoe/hapax/None/x-height/|qsRoe/hapax/x-height/None/|qsTea/full/None/None/
ss05	00B7:E668:E668:E653	cell	dangling-anchor-dropped	periodcentered.lowered|qsRoe.en-y0.ex-y5|qsRoe|qsDay	namer-dot/boundary/None/None/|qsRoe/hapax/None/x-height/|qsRoe/hapax/x-height/None/|qsDay/full/None/None/
ss05	00B7:E668:E668:E668	cell	dangling-anchor-dropped	periodcentered.lowered|qsRoe.en-y0.ex-y5|qsRoe.ex-y0|qsRoe	namer-dot/boundary/None/None/|qsRoe/hapax/None/x-height/|qsRoe/hapax/x-height/baseline/|qsRoe/hapax/baseline/None/
ss05	200C:0020:E650:E650	cell	boundary-echo	space|space|qsPea.half.en-y6.ex-y6|qsPea.en-y6	zwnj/boundary/None/None/|space/boundary/None/None/|qsPea/half/None/y6/|qsPea/full/y6/None/
ss05	200C:0020:E650:E653	cell	boundary-echo	space|space|qsPea|qsDay.half.en-y0.ex-y0	zwnj/boundary/None/None/|space/boundary/None/None/|qsPea/full/None/baseline/|qsDay/half/baseline/None/
ss05	200C:0020:E652:E653	cell	boundary-echo	space|space|qsTea.ex-y0|qsDay.half.en-y0.ex-y0.en-ext-1	zwnj/boundary/None/None/|space/boundary/None/None/|qsTea/full/None/baseline/|qsDay/half/baseline/None/en-ext-1
ss05	200C:0020:E653:E652	cell	boundary-echo	space|space|qsDay|qsTea.en-y0	zwnj/boundary/None/None/|space/boundary/None/None/|qsDay/full/None/baseline/|qsTea/full/baseline/None/
ss05	200C:0020:E653:E653	cell	boundary-echo	space|space|qsDay|qsDay.half.en-y0.ex-y0	zwnj/boundary/None/None/|space/boundary/None/None/|qsDay/full/None/baseline/|qsDay/half/baseline/None/
ss05	200C:0020:E653:E668	cell	boundary-echo	space|space|qsDay|qsRoe	zwnj/boundary/None/None/|space/boundary/None/None/|qsDay/full/None/baseline/|qsRoe/hapax/baseline/None/
ss05	200C:0020:E668:E668	cell	boundary-echo	space|space|qsRoe.en-y0.ex-y5|qsRoe	zwnj/boundary/None/None/|space/boundary/None/None/|qsRoe/hapax/None/x-height/|qsRoe/hapax/x-height/None/
ss05	200C:00B7:E650:E650	cell	boundary-echo	space|periodcentered|qsPea.half.en-y6.ex-y6|qsPea.en-y6	zwnj/boundary/None/None/|namer-dot/boundary/None/None/|qsPea/half/None/y6/|qsPea/full/y6/None/
ss05	200C:00B7:E650:E653	cell	boundary-echo	space|periodcentered|qsPea|qsDay.half.en-y0.ex-y0	zwnj/boundary/None/None/|namer-dot/boundary/None/None/|qsPea/full/None/baseline/|qsDay/half/baseline/None/
ss05	200C:00B7:E652:E653	cell	boundary-echo	space|periodcentered|qsTea.ex-y0|qsDay.half.en-y0.ex-y0.en-ext-1	zwnj/boundary/None/None/|namer-dot/boundary/None/None/|qsTea/full/None/baseline/|qsDay/half/baseline/None/en-ext-1
ss05	200C:00B7:E653:E652	cell	boundary-echo	space|periodcentered|qsDay|qsTea.en-y0	zwnj/boundary/None/None/|namer-dot/boundary/None/None/|qsDay/full/None/baseline/|qsTea/full/baseline/None/
ss05	200C:00B7:E653:E653	cell	boundary-echo	space|periodcentered|qsDay|qsDay.half.en-y0.ex-y0	zwnj/boundary/None/None/|namer-dot/boundary/None/None/|qsDay/full/None/baseline/|qsDay/half/baseline/None/
ss05	200C:00B7:E653:E668	cell	boundary-echo	space|periodcentered|qsDay|qsRoe	zwnj/boundary/None/None/|namer-dot/boundary/None/None/|qsDay/full/None/baseline/|qsRoe/hapax/baseline/None/
ss05	200C:00B7:E668:E668	cell	boundary-echo	space|periodcentered.lowered|qsRoe.en-y0.ex-y5|qsRoe	zwnj/boundary/None/None/|namer-dot/boundary/None/None/|qsRoe/hapax/None/x-height/|qsRoe/hapax/x-height/None/
ss05	200C:200C:E650:E653	cell	boundary-echo	space|space|qsPea.noentry|qsDay.half.en-y0.ex-y0	zwnj/boundary/None/None/|zwnj/boundary/None/None/|qsPea/full/None/baseline/locked|qsDay/half/baseline/None/
ss05	200C:200C:E650:E668	cell	boundary-echo	space|space|qsPea.half.ex-y5.ex-dips|qsRoe.en-y5.en-con-1	zwnj/boundary/None/None/|zwnj/boundary/None/None/|qsPea/half/None/x-height/locked|qsRoe/hapax/x-height/None/en-con-1
ss05	200C:200C:E652:E652	cell	boundary-echo	space|space|qsTea.ex-y0|qsTea	zwnj/boundary/None/None/|zwnj/boundary/None/None/|qsTea/full/None/None/locked|qsTea/full/None/None/
ss05	200C:200C:E652:E653	cell	boundary-echo	space|space|qsTea.ex-y0|qsDay.half.en-y0.ex-y0.en-ext-1	zwnj/boundary/None/None/|zwnj/boundary/None/None/|qsTea/full/None/baseline/locked|qsDay/half/baseline/None/en-ext-1
ss05	200C:200C:E653:E652	cell	boundary-echo	space|space|qsDay.noentry|qsTea.en-y0	zwnj/boundary/None/None/|zwnj/boundary/None/None/|qsDay/full/None/baseline/locked|qsTea/full/baseline/None/
ss05	200C:200C:E653:E653	cell	boundary-echo	space|space|qsDay.noentry|qsDay.half.en-y0.ex-y0	zwnj/boundary/None/None/|zwnj/boundary/None/None/|qsDay/full/None/baseline/locked|qsDay/half/baseline/None/
ss05	200C:200C:E653:E668	cell	boundary-echo	space|space|qsDay.noentry|qsRoe	zwnj/boundary/None/None/|zwnj/boundary/None/None/|qsDay/full/None/baseline/locked|qsRoe/hapax/baseline/None/
ss05	200C:200C:E668:E668	cell	boundary-echo	space|space|qsRoe.en-y0.ex-y5.noentry|qsRoe	zwnj/boundary/None/None/|zwnj/boundary/None/None/|qsRoe/hapax/None/x-height/locked|qsRoe/hapax/x-height/None/
ss05	200C:E650:E650:E652	cell	boundary-echo	space|qsPea.half.en-y6.ex-y6.noentry|qsPea.en-y6.ex-y0|qsTea	zwnj/boundary/None/None/|qsPea/half/None/y6/locked|qsPea/full/y6/None/|qsTea/full/None/None/
ss05	200C:E650:E650:E653	cell	boundary-echo	space|qsPea.half.en-y6.ex-y6.noentry|qsPea.en-y6.ex-y0|qsDay.half.en-y0.ex-y0	zwnj/boundary/None/None/|qsPea/half/None/y6/locked|qsPea/full/y6/baseline/|qsDay/half/baseline/None/
ss05	200C:E650:E652:E653	cell	boundary-echo	space|qsPea.noentry|qsTea.ex-y0|qsDay.half.en-y0.ex-y0.en-ext-1	zwnj/boundary/None/None/|qsPea/full/None/None/locked|qsTea/full/None/baseline/|qsDay/half/baseline/None/en-ext-1
ss05	200C:E650:E653:0020	cell	boundary-echo	space|qsPea.noentry|qsDay.half.en-y0.ex-y0|space	zwnj/boundary/None/None/|qsPea/full/None/baseline/locked|qsDay/half/baseline/None/|space/boundary/None/None/
ss05	200C:E650:E653:00B7	cell	boundary-echo	space|qsPea.noentry|qsDay.half.en-y0.ex-y0|periodcentered	zwnj/boundary/None/None/|qsPea/full/None/baseline/locked|qsDay/half/baseline/None/|namer-dot/boundary/None/None/
ss05	200C:E650:E653:200C	cell	boundary-echo	space|qsPea.noentry|qsDay.half.en-y0.ex-y0|space	zwnj/boundary/None/None/|qsPea/full/None/baseline/locked|qsDay/half/baseline/None/|zwnj/boundary/None/None/
ss05	200C:E650:E653:E650	cell	boundary-echo	space|qsPea.noentry|qsDay.half.en-y0.ex-y0|qsPea	zwnj/boundary/None/None/|qsPea/full/None/baseline/locked|qsDay/half/baseline/None/|qsPea/full/None/None/
ss05	200C:E650:E653:E652	cell	boundary-echo	space|qsPea.noentry|qsDay.half.en-y0.ex-y0|qsTea.en-y0	zwnj/boundary/None/None/|qsPea/full/None/baseline/locked|qsDay/half/baseline/baseline/|qsTea/full/baseline/None/
ss05	200C:E650:E653:E653	cell	boundary-echo	space|qsPea.noentry|qsDay.half.en-y0.ex-y0|qsDay.half.en-y0.ex-y0	zwnj/boundary/None/None/|qsPea/full/None/baseline/locked|qsDay/half/baseline/baseline/|qsDay/half/baseline/None/
ss05	200C:E650:E653:E668	cell	boundary-echo	space|qsPea.noentry|qsDay.half.en-y0.ex-y0|qsRoe	zwnj/boundary/None/None/|qsPea/full/None/baseline/locked|qsDay/half/baseline/baseline/|qsRoe/hapax/baseline/None/
ss05	200C:E650:E668:0020	cell	boundary-echo	space|qsPea.half.ex-y5.ex-dips|qsRoe.en-y5.en-con-1|space	zwnj/boundary/None/None/|qsPea/half/None/x-height/locked|qsRoe/hapax/x-height/None/en-con-1|space/boundary/None/None/
ss05	200C:E650:E668:00B7	cell	boundary-echo	space|qsPea.half.ex-y5.ex-dips|qsRoe.en-y5.en-con-1|periodcentered	zwnj/boundary/None/None/|qsPea/half/None/x-height/locked|qsRoe/hapax/x-height/None/en-con-1|namer-dot/boundary/None/None/
ss05	200C:E650:E668:200C	cell	boundary-echo	space|qsPea.half.ex-y5.ex-dips|qsRoe.en-y5.en-con-1|space	zwnj/boundary/None/None/|qsPea/half/None/x-height/locked|qsRoe/hapax/x-height/None/en-con-1|zwnj/boundary/None/None/
ss05	200C:E650:E668:E650	cell	boundary-echo	space|qsPea.half.ex-y5.ex-dips|qsRoe.en-y5.en-con-1|qsPea	zwnj/boundary/None/None/|qsPea/half/None/x-height/locked|qsRoe/hapax/x-height/None/en-con-1|qsPea/full/None/None/
ss05	200C:E650:E668:E652	cell	boundary-echo	space|qsPea.half.ex-y5.ex-dips|qsRoe.en-y5.en-con-1|qsTea	zwnj/boundary/None/None/|qsPea/half/None/x-height/locked|qsRoe/hapax/x-height/None/en-con-1|qsTea/full/None/None/
ss05	200C:E650:E668:E653	cell	boundary-echo	space|qsPea.half.ex-y5.ex-dips|qsRoe.en-y5.en-con-1|qsDay	zwnj/boundary/None/None/|qsPea/half/None/x-height/locked|qsRoe/hapax/x-height/None/en-con-1|qsDay/full/None/None/
ss05	200C:E650:E668:E668	cell	boundary-echo	space|qsPea.half.ex-y5.ex-dips|qsRoe.ex-y0|qsRoe	zwnj/boundary/None/None/|qsPea/half/None/x-height/locked|qsRoe/hapax/x-height/baseline/en-con-1|qsRoe/hapax/baseline/None/
ss05	200C:E652:E650:E650	cell	boundary-echo	space|qsTea.noentry|qsPea.half.en-y6.ex-y6|qsPea.en-y6	zwnj/boundary/None/None/|qsTea/full/None/None/locked|qsPea/half/None/y6/|qsPea/full/y6/None/
ss05	200C:E652:E650:E653	cell	boundary-echo	space|qsTea.noentry|qsPea|qsDay.half.en-y0.ex-y0	zwnj/boundary/None/None/|qsTea/full/None/None/locked|qsPea/full/None/baseline/|qsDay/half/baseline/None/
ss05	200C:E652:E652:0020	cell	boundary-echo	space|qsTea.ex-y0|qsTea|space	zwnj/boundary/None/None/|qsTea/full/None/None/locked|qsTea/full/None/None/|space/boundary/None/None/
ss05	200C:E652:E652:00B7	cell	boundary-echo	space|qsTea.ex-y0|qsTea|periodcentered	zwnj/boundary/None/None/|qsTea/full/None/None/locked|qsTea/full/None/None/|namer-dot/boundary/None/None/
ss05	200C:E652:E652:200C	cell	boundary-echo	space|qsTea.ex-y0|qsTea|space	zwnj/boundary/None/None/|qsTea/full/None/None/locked|qsTea/full/None/None/|zwnj/boundary/None/None/
ss05	200C:E652:E652:E650	cell	boundary-echo	space|qsTea.ex-y0|qsTea|qsPea	zwnj/boundary/None/None/|qsTea/full/None/None/locked|qsTea/full/None/None/|qsPea/full/None/None/
ss05	200C:E652:E652:E652	cell	boundary-echo	space|qsTea.ex-y0|qsTea|qsTea	zwnj/boundary/None/None/|qsTea/full/None/None/locked|qsTea/full/None/None/|qsTea/full/None/None/
ss05	200C:E652:E652:E653	cell	boundary-echo	space|qsTea.noentry|qsTea.ex-y0|qsDay.half.en-y0.ex-y0.en-ext-1	zwnj/boundary/None/None/|qsTea/full/None/None/locked|qsTea/full/None/baseline/|qsDay/half/baseline/None/en-ext-1
ss05	200C:E652:E653:0020	cell	boundary-echo	space|qsTea.ex-y0|qsDay.half.en-y0.ex-y0.en-ext-1|space	zwnj/boundary/None/None/|qsTea/full/None/baseline/locked|qsDay/half/baseline/None/en-ext-1|space/boundary/None/None/
ss05	200C:E652:E653:00B7	cell	boundary-echo	space|qsTea.ex-y0|qsDay.half.en-y0.ex-y0.en-ext-1|periodcentered	zwnj/boundary/None/None/|qsTea/full/None/baseline/locked|qsDay/half/baseline/None/en-ext-1|namer-dot/boundary/None/None/
ss05	200C:E652:E653:200C	cell	boundary-echo	space|qsTea.ex-y0|qsDay.half.en-y0.ex-y0.en-ext-1|space	zwnj/boundary/None/None/|qsTea/full/None/baseline/locked|qsDay/half/baseline/None/en-ext-1|zwnj/boundary/None/None/
ss05	200C:E652:E653:E650	cell	boundary-echo	space|qsTea.ex-y0|qsDay.half.en-y0.ex-y0.en-ext-1|qsPea	zwnj/boundary/None/None/|qsTea/full/None/baseline/locked|qsDay/half/baseline/None/en-ext-1|qsPea/full/None/None/
ss05	200C:E652:E653:E652	cell	boundary-echo	space|qsTea.ex-y0|qsDay.half.en-y0.ex-y0.en-ext-1|qsTea.en-y0	zwnj/boundary/None/None/|qsTea/full/None/baseline/locked|qsDay/half/baseline/baseline/en-ext-1|qsTea/full/baseline/None/
ss05	200C:E652:E653:E653	cell	boundary-echo	space|qsTea.ex-y0|qsDay.half.en-y0.ex-y0.en-ext-1|qsDay.half.en-y0.ex-y0	zwnj/boundary/None/None/|qsTea/full/None/baseline/locked|qsDay/half/baseline/baseline/en-ext-1|qsDay/half/baseline/None/
ss05	200C:E652:E653:E668	cell	boundary-echo	space|qsTea.ex-y0|qsDay.half.en-y0.ex-y0.en-ext-1|qsRoe	zwnj/boundary/None/None/|qsTea/full/None/baseline/locked|qsDay/half/baseline/baseline/en-ext-1|qsRoe/hapax/baseline/None/
ss05	200C:E652:E668:E668	cell	boundary-echo	space|qsTea.half.en-y8.ex-y5.noentry|qsRoe.ex-y0|qsRoe	zwnj/boundary/None/None/|qsTea/half/None/x-height/locked|qsRoe/hapax/x-height/baseline/en-con-1|qsRoe/hapax/baseline/None/
ss05	200C:E653:E650:E650	cell	boundary-echo	space|qsDay.noentry|qsPea.half.en-y6.ex-y6|qsPea.en-y6	zwnj/boundary/None/None/|qsDay/full/None/None/locked|qsPea/half/None/y6/|qsPea/full/y6/None/
ss05	200C:E653:E650:E653	cell	boundary-echo	space|qsDay.noentry|qsPea|qsDay.half.en-y0.ex-y0	zwnj/boundary/None/None/|qsDay/full/None/None/locked|qsPea/full/None/baseline/|qsDay/half/baseline/None/
ss05	200C:E653:E652:0020	cell	boundary-echo	space|qsDay.noentry|qsTea.en-y0|space	zwnj/boundary/None/None/|qsDay/full/None/baseline/locked|qsTea/full/baseline/None/|space/boundary/None/None/
ss05	200C:E653:E652:00B7	cell	boundary-echo	space|qsDay.noentry|qsTea.en-y0|periodcentered	zwnj/boundary/None/None/|qsDay/full/None/baseline/locked|qsTea/full/baseline/None/|namer-dot/boundary/None/None/
ss05	200C:E653:E652:200C	cell	boundary-echo	space|qsDay.noentry|qsTea.en-y0|space	zwnj/boundary/None/None/|qsDay/full/None/baseline/locked|qsTea/full/baseline/None/|zwnj/boundary/None/None/
ss05	200C:E653:E652:E650	cell	boundary-echo	space|qsDay.noentry|qsTea.en-y0|qsPea	zwnj/boundary/None/None/|qsDay/full/None/baseline/locked|qsTea/full/baseline/None/|qsPea/full/None/None/
ss05	200C:E653:E652:E652	cell	boundary-echo	space|qsDay.noentry|qsTea.en-y0|qsTea	zwnj/boundary/None/None/|qsDay/full/None/baseline/locked|qsTea/full/baseline/None/|qsTea/full/None/None/
ss05	200C:E653:E652:E653	cell	boundary-echo	space|qsDay.noentry|qsTea.ex-y0|qsDay.half.en-y0.ex-y0.en-ext-1	zwnj/boundary/None/None/|qsDay/full/None/None/locked|qsTea/full/None/baseline/|qsDay/half/baseline/None/en-ext-1
ss05	200C:E653:E652:E668	cell,seam	boundary-echo	space|qsDay.noentry|qsTea.half.ex-y5|qsRoe.en-y5.en-con-1	zwnj/boundary/None/None/|qsDay/full/None/baseline/locked|qsTea/full/baseline/None/|qsRoe/hapax/None/None/
ss05	200C:E653:E653:0020	cell	boundary-echo	space|qsDay.noentry|qsDay.half.en-y0.ex-y0|space	zwnj/boundary/None/None/|qsDay/full/None/baseline/locked|qsDay/half/baseline/None/|space/boundary/None/None/
ss05	200C:E653:E653:00B7	cell	boundary-echo	space|qsDay.noentry|qsDay.half.en-y0.ex-y0|periodcentered	zwnj/boundary/None/None/|qsDay/full/None/baseline/locked|qsDay/half/baseline/None/|namer-dot/boundary/None/None/
ss05	200C:E653:E653:200C	cell	boundary-echo	space|qsDay.noentry|qsDay.half.en-y0.ex-y0|space	zwnj/boundary/None/None/|qsDay/full/None/baseline/locked|qsDay/half/baseline/None/|zwnj/boundary/None/None/
ss05	200C:E653:E653:E650	cell	boundary-echo	space|qsDay.noentry|qsDay.half.en-y0.ex-y0|qsPea	zwnj/boundary/None/None/|qsDay/full/None/baseline/locked|qsDay/half/baseline/None/|qsPea/full/None/None/
ss05	200C:E653:E653:E652	cell	boundary-echo	space|qsDay.noentry|qsDay.half.en-y0.ex-y0|qsTea.en-y0	zwnj/boundary/None/None/|qsDay/full/None/baseline/locked|qsDay/half/baseline/baseline/|qsTea/full/baseline/None/
ss05	200C:E653:E653:E653	cell	boundary-echo	space|qsDay.noentry|qsDay.half.en-y0.ex-y0|qsDay.half.en-y0.ex-y0	zwnj/boundary/None/None/|qsDay/full/None/baseline/locked|qsDay/half/baseline/baseline/|qsDay/half/baseline/None/
ss05	200C:E653:E653:E668	cell	boundary-echo	space|qsDay.noentry|qsDay.half.en-y0.ex-y0|qsRoe	zwnj/boundary/None/None/|qsDay/full/None/baseline/locked|qsDay/half/baseline/baseline/|qsRoe/hapax/baseline/None/
ss05	200C:E653:E668:0020	cell	boundary-echo	space|qsDay.noentry|qsRoe|space	zwnj/boundary/None/None/|qsDay/full/None/baseline/locked|qsRoe/hapax/baseline/None/|space/boundary/None/None/
ss05	200C:E653:E668:00B7	cell	boundary-echo	space|qsDay.noentry|qsRoe|periodcentered	zwnj/boundary/None/None/|qsDay/full/None/baseline/locked|qsRoe/hapax/baseline/None/|namer-dot/boundary/None/None/
ss05	200C:E653:E668:200C	cell	boundary-echo	space|qsDay.noentry|qsRoe|space	zwnj/boundary/None/None/|qsDay/full/None/baseline/locked|qsRoe/hapax/baseline/None/|zwnj/boundary/None/None/
ss05	200C:E653:E668:E650	cell	boundary-echo	space|qsDay.noentry|qsRoe|qsPea	zwnj/boundary/None/None/|qsDay/full/None/baseline/locked|qsRoe/hapax/baseline/None/|qsPea/full/None/None/
ss05	200C:E653:E668:E652	cell	boundary-echo	space|qsDay.noentry|qsRoe|qsTea	zwnj/boundary/None/None/|qsDay/full/None/baseline/locked|qsRoe/hapax/baseline/None/|qsTea/full/None/None/
ss05	200C:E653:E668:E653	cell	boundary-echo	space|qsDay.noentry|qsRoe|qsDay	zwnj/boundary/None/None/|qsDay/full/None/baseline/locked|qsRoe/hapax/baseline/None/|qsDay/full/None/None/
ss05	200C:E653:E668:E668	cell	boundary-echo	space|qsDay.noentry|qsRoe.en-y0.ex-y5|qsRoe	zwnj/boundary/None/None/|qsDay/full/None/baseline/locked|qsRoe/hapax/baseline/x-height/|qsRoe/hapax/x-height/None/
ss05	200C:E665:E679:E650	cell	boundary-echo	space|qsMay.noentry|qsOy.en-y5.ex-y0|qsPea	zwnj/boundary/None/None/|qsMay/loop/None/x-height/locked|qsOy/hapax/x-height/None/|qsPea/full/None/None/
ss05	200C:E668:E650:E650	cell	boundary-echo	space|qsRoe.noentry|qsPea.half.en-y6.ex-y6|qsPea.en-y6	zwnj/boundary/None/None/|qsRoe/hapax/None/None/locked|qsPea/half/None/y6/|qsPea/full/y6/None/
ss05	200C:E668:E650:E653	cell	boundary-echo	space|qsRoe.noentry|qsPea|qsDay.half.en-y0.ex-y0	zwnj/boundary/None/None/|qsRoe/hapax/None/None/locked|qsPea/full/None/baseline/|qsDay/half/baseline/None/
ss05	200C:E668:E652:E653	cell	boundary-echo	space|qsRoe.noentry|qsTea.ex-y0|qsDay.half.en-y0.ex-y0.en-ext-1	zwnj/boundary/None/None/|qsRoe/hapax/None/None/locked|qsTea/full/None/baseline/|qsDay/half/baseline/None/en-ext-1
ss05	200C:E668:E653:E652	cell	boundary-echo	space|qsRoe.noentry|qsDay|qsTea.en-y0	zwnj/boundary/None/None/|qsRoe/hapax/None/None/locked|qsDay/full/None/baseline/|qsTea/full/baseline/None/
ss05	200C:E668:E653:E653	cell	boundary-echo	space|qsRoe.noentry|qsDay|qsDay.half.en-y0.ex-y0	zwnj/boundary/None/None/|qsRoe/hapax/None/None/locked|qsDay/full/None/baseline/|qsDay/half/baseline/None/
ss05	200C:E668:E653:E668	cell	boundary-echo	space|qsRoe.noentry|qsDay|qsRoe	zwnj/boundary/None/None/|qsRoe/hapax/None/None/locked|qsDay/full/None/baseline/|qsRoe/hapax/baseline/None/
ss05	200C:E668:E668:0020	cell	boundary-echo	space|qsRoe.en-y0.ex-y5.noentry|qsRoe|space	zwnj/boundary/None/None/|qsRoe/hapax/None/x-height/locked|qsRoe/hapax/x-height/None/|space/boundary/None/None/
ss05	200C:E668:E668:00B7	cell	boundary-echo	space|qsRoe.en-y0.ex-y5.noentry|qsRoe|periodcentered	zwnj/boundary/None/None/|qsRoe/hapax/None/x-height/locked|qsRoe/hapax/x-height/None/|namer-dot/boundary/None/None/
ss05	200C:E668:E668:200C	cell	boundary-echo	space|qsRoe.en-y0.ex-y5.noentry|qsRoe|space	zwnj/boundary/None/None/|qsRoe/hapax/None/x-height/locked|qsRoe/hapax/x-height/None/|zwnj/boundary/None/None/
ss05	200C:E668:E668:E650	cell	boundary-echo	space|qsRoe.en-y0.ex-y5.noentry|qsRoe|qsPea	zwnj/boundary/None/None/|qsRoe/hapax/None/x-height/locked|qsRoe/hapax/x-height/None/|qsPea/full/None/None/
ss05	200C:E668:E668:E652	cell	boundary-echo	space|qsRoe.en-y0.ex-y5.noentry|qsRoe|qsTea	zwnj/boundary/None/None/|qsRoe/hapax/None/x-height/locked|qsRoe/hapax/x-height/None/|qsTea/full/None/None/
ss05	200C:E668:E668:E653	cell	boundary-echo	space|qsRoe.en-y0.ex-y5.noentry|qsRoe|qsDay	zwnj/boundary/None/None/|qsRoe/hapax/None/x-height/locked|qsRoe/hapax/x-height/None/|qsDay/full/None/None/
ss05	200C:E668:E668:E668	cell	boundary-echo	space|qsRoe.en-y0.ex-y5.noentry|qsRoe.ex-y0|qsRoe	zwnj/boundary/None/None/|qsRoe/hapax/None/x-height/locked|qsRoe/hapax/x-height/baseline/|qsRoe/hapax/baseline/None/
ss05	E650:0020:E650:E650	cell	boundary-echo	qsPea|space|qsPea.half.en-y6.ex-y6|qsPea.en-y6	qsPea/full/None/None/|space/boundary/None/None/|qsPea/half/None/y6/|qsPea/full/y6/None/
ss05	E650:0020:E650:E653	cell	boundary-echo	qsPea|space|qsPea|qsDay.half.en-y0.ex-y0	qsPea/full/None/None/|space/boundary/None/None/|qsPea/full/None/baseline/|qsDay/half/baseline/None/
ss05	E650:0020:E652:E653	cell	boundary-echo	qsPea|space|qsTea.ex-y0|qsDay.half.en-y0.ex-y0.en-ext-1	qsPea/full/None/None/|space/boundary/None/None/|qsTea/full/None/baseline/|qsDay/half/baseline/None/en-ext-1
ss05	E650:0020:E653:E652	cell	boundary-echo	qsPea|space|qsDay|qsTea.en-y0	qsPea/full/None/None/|space/boundary/None/None/|qsDay/full/None/baseline/|qsTea/full/baseline/None/
ss05	E650:0020:E653:E653	cell	boundary-echo	qsPea|space|qsDay|qsDay.half.en-y0.ex-y0	qsPea/full/None/None/|space/boundary/None/None/|qsDay/full/None/baseline/|qsDay/half/baseline/None/
ss05	E650:0020:E653:E668	cell	boundary-echo	qsPea|space|qsDay|qsRoe	qsPea/full/None/None/|space/boundary/None/None/|qsDay/full/None/baseline/|qsRoe/hapax/baseline/None/
ss05	E650:0020:E668:E668	cell	boundary-echo	qsPea|space|qsRoe.en-y0.ex-y5|qsRoe	qsPea/full/None/None/|space/boundary/None/None/|qsRoe/hapax/None/x-height/|qsRoe/hapax/x-height/None/
ss05	E650:00B7:E650:E650	cell	dangling-anchor-dropped	qsPea|periodcentered|qsPea.half.en-y6.ex-y6|qsPea.en-y6	qsPea/full/None/None/|namer-dot/boundary/None/None/|qsPea/half/None/y6/|qsPea/full/y6/None/
ss05	E650:00B7:E650:E653	cell	dangling-anchor-dropped	qsPea|periodcentered|qsPea|qsDay.half.en-y0.ex-y0	qsPea/full/None/None/|namer-dot/boundary/None/None/|qsPea/full/None/baseline/|qsDay/half/baseline/None/
ss05	E650:00B7:E652:E653	cell	dangling-anchor-dropped	qsPea|periodcentered|qsTea.ex-y0|qsDay.half.en-y0.ex-y0.en-ext-1	qsPea/full/None/None/|namer-dot/boundary/None/None/|qsTea/full/None/baseline/|qsDay/half/baseline/None/en-ext-1
ss05	E650:00B7:E653:E652	cell	bare-name-live-join	qsPea|periodcentered|qsDay|qsTea.en-y0	qsPea/full/None/None/|namer-dot/boundary/None/None/|qsDay/full/None/baseline/|qsTea/full/baseline/None/
ss05	E650:00B7:E653:E653	cell	dangling-anchor-dropped	qsPea|periodcentered|qsDay|qsDay.half.en-y0.ex-y0	qsPea/full/None/None/|namer-dot/boundary/None/None/|qsDay/full/None/baseline/|qsDay/half/baseline/None/
ss05	E650:00B7:E653:E668	cell	bare-name-live-join	qsPea|periodcentered|qsDay|qsRoe	qsPea/full/None/None/|namer-dot/boundary/None/None/|qsDay/full/None/baseline/|qsRoe/hapax/baseline/None/
ss05	E650:00B7:E668:E668	cell	dangling-anchor-dropped	qsPea|periodcentered.lowered|qsRoe.en-y0.ex-y5|qsRoe	qsPea/full/None/None/|namer-dot/boundary/None/None/|qsRoe/hapax/None/x-height/|qsRoe/hapax/x-height/None/
ss05	E650:200C:E650:E653	cell	boundary-echo	qsPea|space|qsPea.noentry|qsDay.half.en-y0.ex-y0	qsPea/full/None/None/|zwnj/boundary/None/None/|qsPea/full/None/baseline/locked|qsDay/half/baseline/None/
ss05	E650:200C:E650:E665	cell	boundary-echo	qsPea|space|qsPea.noentry|qsMay.en-y0.ex-y5.en-ext-1	qsPea/full/None/None/|zwnj/boundary/None/None/|qsPea/full/None/baseline/locked|qsMay/loop/baseline/None/
ss05	E650:200C:E650:E668	cell	boundary-echo	qsPea|space|qsPea.half.ex-y5.ex-dips|qsRoe.en-y5.en-con-1	qsPea/full/None/None/|zwnj/boundary/None/None/|qsPea/half/None/x-height/locked|qsRoe/hapax/x-height/None/en-con-1
ss05	E650:200C:E650:E670	cell	boundary-echo	qsPea|space|qsPea.half.ex-y5.ex-dips|qsIt.en-y5.ex-y0	qsPea/full/None/None/|zwnj/boundary/None/None/|qsPea/half/None/x-height/locked|qsIt/hapax/x-height/None/
ss05	E650:200C:E652:E652	cell	boundary-echo	qsPea|space|qsTea.ex-y0|qsTea	qsPea/full/None/None/|zwnj/boundary/None/None/|qsTea/full/None/None/locked|qsTea/full/None/None/
ss05	E650:200C:E652:E653	cell	boundary-echo	qsPea|space|qsTea.ex-y0|qsDay.half.en-y0.ex-y0.en-ext-1	qsPea/full/None/None/|zwnj/boundary/None/None/|qsTea/full/None/baseline/locked|qsDay/half/baseline/None/en-ext-1
ss05	E650:200C:E653:E652	cell	boundary-echo	qsPea|space|qsDay.noentry|qsTea.en-y0	qsPea/full/None/None/|zwnj/boundary/None/None/|qsDay/full/None/baseline/locked|qsTea/full/baseline/None/
ss05	E650:200C:E653:E653	cell	boundary-echo	qsPea|space|qsDay.noentry|qsDay.half.en-y0.ex-y0	qsPea/full/None/None/|zwnj/boundary/None/None/|qsDay/full/None/baseline/locked|qsDay/half/baseline/None/
ss05	E650:200C:E653:E668	cell	boundary-echo	qsPea|space|qsDay.noentry|qsRoe	qsPea/full/None/None/|zwnj/boundary/None/None/|qsDay/full/None/baseline/locked|qsRoe/hapax/baseline/None/
ss05	E650:200C:E668:E668	cell	boundary-echo	qsPea|space|qsRoe.en-y0.ex-y5.noentry|qsRoe	qsPea/full/None/None/|zwnj/boundary/None/None/|qsRoe/hapax/None/x-height/locked|qsRoe/hapax/x-height/None/
ss05	E650:200C:E676:E665	position	kern-channel-out-of-scope	qsPea|space|qsAh.noentry.ex-ext-1|qsMay.en-y5	slot 3 (qsMay.en-y5): origin want (500, 0), got (550, 0)
ss05	E650:E650:0020:0020	cell	boundary-echo	qsPea.half.en-y6.ex-y6|qsPea.en-y6|space|space	qsPea/half/None/y6/|qsPea/full/y6/None/|space/boundary/None/None/|space/boundary/None/None/
ss05	E650:E650:0020:00B7	cell	boundary-echo	qsPea.half.en-y6.ex-y6|qsPea.en-y6|space|periodcentered	qsPea/half/None/y6/|qsPea/full/y6/None/|space/boundary/None/None/|namer-dot/boundary/None/None/
ss05	E650:E650:0020:200C	cell	boundary-echo	qsPea.half.en-y6.ex-y6|qsPea.en-y6|space|space	qsPea/half/None/y6/|qsPea/full/y6/None/|space/boundary/None/None/|zwnj/boundary/None/None/
ss05	E650:E650:0020:E650	cell	boundary-echo	qsPea.half.en-y6.ex-y6|qsPea.en-y6|space|qsPea	qsPea/half/None/y6/|qsPea/full/y6/None/|space/boundary/None/None/|qsPea/full/None/None/
ss05	E650:E650:0020:E652	cell	boundary-echo	qsPea.half.en-y6.ex-y6|qsPea.en-y6|space|qsTea	qsPea/half/None/y6/|qsPea/full/y6/None/|space/boundary/None/None/|qsTea/full/None/None/
ss05	E650:E650:0020:E653	cell	boundary-echo	qsPea.half.en-y6.ex-y6|qsPea.en-y6|space|qsDay	qsPea/half/None/y6/|qsPea/full/y6/None/|space/boundary/None/None/|qsDay/full/None/None/
ss05	E650:E650:0020:E668	cell	boundary-echo	qsPea.half.en-y6.ex-y6|qsPea.en-y6|space|qsRoe	qsPea/half/None/y6/|qsPea/full/y6/None/|space/boundary/None/None/|qsRoe/hapax/None/None/
ss05	E650:E650:00B7:0020	cell	boundary-echo	qsPea.half.en-y6.ex-y6|qsPea.en-y6|periodcentered|space	qsPea/half/None/y6/|qsPea/full/y6/None/|namer-dot/boundary/None/None/|space/boundary/None/None/
ss05	E650:E650:00B7:00B7	cell	dangling-anchor-dropped	qsPea.half.en-y6.ex-y6|qsPea.en-y6|periodcentered|periodcentered	qsPea/half/None/y6/|qsPea/full/y6/None/|namer-dot/boundary/None/None/|namer-dot/boundary/None/None/
ss05	E650:E650:00B7:200C	cell	boundary-echo	qsPea.half.en-y6.ex-y6|qsPea.en-y6|periodcentered|space	qsPea/half/None/y6/|qsPea/full/y6/None/|namer-dot/boundary/None/None/|zwnj/boundary/None/None/
ss05	E650:E650:00B7:E650	cell	dangling-anchor-dropped	qsPea.half.en-y6.ex-y6|qsPea.en-y6|periodcentered|qsPea	qsPea/half/None/y6/|qsPea/full/y6/None/|namer-dot/boundary/None/None/|qsPea/full/None/None/
ss05	E650:E650:00B7:E652	cell	dangling-anchor-dropped	qsPea.half.en-y6.ex-y6|qsPea.en-y6|periodcentered|qsTea	qsPea/half/None/y6/|qsPea/full/y6/None/|namer-dot/boundary/None/None/|qsTea/full/None/None/
ss05	E650:E650:00B7:E653	cell	dangling-anchor-dropped	qsPea.half.en-y6.ex-y6|qsPea.en-y6|periodcentered|qsDay	qsPea/half/None/y6/|qsPea/full/y6/None/|namer-dot/boundary/None/None/|qsDay/full/None/None/
ss05	E650:E650:00B7:E668	cell	dangling-anchor-dropped	qsPea.half.en-y6.ex-y6|qsPea.en-y6|periodcentered.lowered|qsRoe	qsPea/half/None/y6/|qsPea/full/y6/None/|namer-dot/boundary/None/None/|qsRoe/hapax/None/None/
ss05	E650:E650:200C:0020	cell	boundary-echo	qsPea.half.en-y6.ex-y6|qsPea.en-y6|space|space	qsPea/half/None/y6/|qsPea/full/y6/None/|zwnj/boundary/None/None/|space/boundary/None/None/
ss05	E650:E650:200C:00B7	cell	boundary-echo	qsPea.half.en-y6.ex-y6|qsPea.en-y6|space|periodcentered	qsPea/half/None/y6/|qsPea/full/y6/None/|zwnj/boundary/None/None/|namer-dot/boundary/None/None/
ss05	E650:E650:200C:200C	cell	boundary-echo	qsPea.half.en-y6.ex-y6|qsPea.en-y6|space|space	qsPea/half/None/y6/|qsPea/full/y6/None/|zwnj/boundary/None/None/|zwnj/boundary/None/None/
ss05	E650:E650:200C:E650	cell	boundary-echo	qsPea.half.en-y6.ex-y6|qsPea.en-y6|space|qsPea.noentry	qsPea/half/None/y6/|qsPea/full/y6/None/|zwnj/boundary/None/None/|qsPea/full/None/None/locked
ss05	E650:E650:200C:E652	cell	boundary-echo	qsPea.half.en-y6.ex-y6|qsPea.en-y6|space|qsTea.noentry	qsPea/half/None/y6/|qsPea/full/y6/None/|zwnj/boundary/None/None/|qsTea/full/None/None/locked
ss05	E650:E650:200C:E653	cell	boundary-echo	qsPea.half.en-y6.ex-y6|qsPea.en-y6|space|qsDay.noentry	qsPea/half/None/y6/|qsPea/full/y6/None/|zwnj/boundary/None/None/|qsDay/full/None/None/locked
ss05	E650:E650:200C:E668	cell	boundary-echo	qsPea.half.en-y6.ex-y6|qsPea.en-y6|space|qsRoe.noentry	qsPea/half/None/y6/|qsPea/full/y6/None/|zwnj/boundary/None/None/|qsRoe/hapax/None/None/locked
ss05	E650:E650:E650:0020	cell	boundary-echo	qsPea.half.en-y6.ex-y6|qsPea.half.en-y6.ex-y6|qsPea.en-y6|space	qsPea/half/None/y6/|qsPea/half/y6/y6/|qsPea/full/y6/None/|space/boundary/None/None/
ss05	E650:E650:E650:00B7	cell	dangling-anchor-dropped	qsPea.half.en-y6.ex-y6|qsPea.half.en-y6.ex-y6|qsPea.en-y6|periodcentered	qsPea/half/None/y6/|qsPea/half/y6/y6/|qsPea/full/y6/None/|namer-dot/boundary/None/None/
ss05	E650:E650:E650:200C	cell	boundary-echo	qsPea.half.en-y6.ex-y6|qsPea.half.en-y6.ex-y6|qsPea.en-y6|space	qsPea/half/None/y6/|qsPea/half/y6/y6/|qsPea/full/y6/None/|zwnj/boundary/None/None/
ss05	E650:E650:E650:E650	cell	dangling-anchor-dropped	qsPea.half.en-y6.ex-y6|qsPea.half.en-y6.ex-y6|qsPea.half.en-y6.ex-y6|qsPea.en-y6	qsPea/half/None/y6/|qsPea/half/y6/y6/|qsPea/half/y6/y6/|qsPea/full/y6/None/
ss05	E650:E650:E650:E652	cell	dangling-anchor-dropped	qsPea.half.en-y6.ex-y6|qsPea.half.en-y6.ex-y6|qsPea.en-y6.ex-y0|qsTea	qsPea/half/None/y6/|qsPea/half/y6/y6/|qsPea/full/y6/None/|qsTea/full/None/None/
ss05	E650:E650:E650:E653	cell	dangling-anchor-dropped	qsPea.half.en-y6.ex-y6|qsPea.half.en-y6.ex-y6|qsPea.en-y6.ex-y0|qsDay.half.en-y0.ex-y0	qsPea/half/None/y6/|qsPea/half/y6/y6/|qsPea/full/y6/baseline/|qsDay/half/baseline/None/
ss05	E650:E650:E650:E668	cell	dangling-anchor-dropped	qsPea.half.en-y6.ex-y6|qsPea.half.en-y6.ex-y6|qsPea.half.en-y6.ex-y5.ex-dips|qsRoe.en-y5.en-con-1	qsPea/half/None/y6/|qsPea/half/y6/y6/|qsPea/half/y6/x-height/|qsRoe/hapax/x-height/None/en-con-1
ss05	E650:E650:E652:0020	cell	boundary-echo	qsPea.half.en-y6.ex-y6|qsPea.en-y6.ex-y0|qsTea|space	qsPea/half/None/y6/|qsPea/full/y6/None/|qsTea/full/None/None/|space/boundary/None/None/
ss05	E650:E650:E652:00B7	cell	dangling-anchor-dropped	qsPea.half.en-y6.ex-y6|qsPea.en-y6.ex-y0|qsTea|periodcentered	qsPea/half/None/y6/|qsPea/full/y6/None/|qsTea/full/None/None/|namer-dot/boundary/None/None/
ss05	E650:E650:E652:200C	cell	boundary-echo	qsPea.half.en-y6.ex-y6|qsPea.en-y6.ex-y0|qsTea|space	qsPea/half/None/y6/|qsPea/full/y6/None/|qsTea/full/None/None/|zwnj/boundary/None/None/
ss05	E650:E650:E652:E650	cell	dangling-anchor-dropped	qsPea.half.en-y6.ex-y6|qsPea.en-y6.ex-y0|qsTea|qsPea	qsPea/half/None/y6/|qsPea/full/y6/None/|qsTea/full/None/None/|qsPea/full/None/None/
ss05	E650:E650:E652:E652	cell	dangling-anchor-dropped	qsPea.half.en-y6.ex-y6|qsPea.en-y6.ex-y0|qsTea|qsTea	qsPea/half/None/y6/|qsPea/full/y6/None/|qsTea/full/None/None/|qsTea/full/None/None/
ss05	E650:E650:E652:E653	cell	dangling-anchor-dropped	qsPea.half.en-y6.ex-y6|qsPea.en-y6.ex-y0|qsTea.ex-y0|qsDay.half.en-y0.ex-y0.en-ext-1	qsPea/half/None/y6/|qsPea/full/y6/None/|qsTea/full/None/baseline/|qsDay/half/baseline/None/en-ext-1
ss05	E650:E650:E652:E668	cell	dangling-anchor-dropped	qsPea.half.en-y6.ex-y6|qsPea.en-y6.ex-y0|qsTea.half.ex-y5|qsRoe.en-y5.en-con-1	qsPea/half/None/y6/|qsPea/full/y6/None/|qsTea/half/None/x-height/|qsRoe/hapax/x-height/None/en-con-1
ss05	E650:E650:E653:0020	cell	boundary-echo	qsPea.half.en-y6.ex-y6|qsPea.en-y6.ex-y0|qsDay.half.en-y0.ex-y0|space	qsPea/half/None/y6/|qsPea/full/y6/baseline/|qsDay/half/baseline/None/|space/boundary/None/None/
ss05	E650:E650:E653:00B7	cell	dangling-anchor-dropped	qsPea.half.en-y6.ex-y6|qsPea.en-y6.ex-y0|qsDay.half.en-y0.ex-y0|periodcentered	qsPea/half/None/y6/|qsPea/full/y6/baseline/|qsDay/half/baseline/None/|namer-dot/boundary/None/None/
ss05	E650:E650:E653:200C	cell	boundary-echo	qsPea.half.en-y6.ex-y6|qsPea.en-y6.ex-y0|qsDay.half.en-y0.ex-y0|space	qsPea/half/None/y6/|qsPea/full/y6/baseline/|qsDay/half/baseline/None/|zwnj/boundary/None/None/
ss05	E650:E650:E653:E650	cell	dangling-anchor-dropped	qsPea.half.en-y6.ex-y6|qsPea.en-y6.ex-y0|qsDay.half.en-y0.ex-y0|qsPea	qsPea/half/None/y6/|qsPea/full/y6/baseline/|qsDay/half/baseline/None/|qsPea/full/None/None/
ss05	E650:E650:E653:E652	cell	dangling-anchor-dropped	qsPea.half.en-y6.ex-y6|qsPea.en-y6.ex-y0|qsDay.half.en-y0.ex-y0|qsTea.en-y0	qsPea/half/None/y6/|qsPea/full/y6/baseline/|qsDay/half/baseline/baseline/|qsTea/full/baseline/None/
ss05	E650:E650:E653:E653	cell	dangling-anchor-dropped	qsPea.half.en-y6.ex-y6|qsPea.en-y6.ex-y0|qsDay.half.en-y0.ex-y0|qsDay.half.en-y0.ex-y0	qsPea/half/None/y6/|qsPea/full/y6/baseline/|qsDay/half/baseline/baseline/|qsDay/half/baseline/None/
ss05	E650:E650:E653:E668	cell	dangling-anchor-dropped	qsPea.half.en-y6.ex-y6|qsPea.en-y6.ex-y0|qsDay.half.en-y0.ex-y0|qsRoe	qsPea/half/None/y6/|qsPea/full/y6/baseline/|qsDay/half/baseline/baseline/|qsRoe/hapax/baseline/None/
ss05	E650:E650:E668:0020	cell	boundary-echo	qsPea.half.en-y6.ex-y6|qsPea.half.en-y6.ex-y5.ex-dips|qsRoe.en-y5.en-con-1|space	qsPea/half/None/y6/|qsPea/half/y6/x-height/|qsRoe/hapax/x-height/None/en-con-1|space/boundary/None/None/
ss05	E650:E650:E668:00B7	cell	dangling-anchor-dropped	qsPea.half.en-y6.ex-y6|qsPea.half.en-y6.ex-y5.ex-dips|qsRoe.en-y5.en-con-1|periodcentered	qsPea/half/None/y6/|qsPea/half/y6/x-height/|qsRoe/hapax/x-height/None/en-con-1|namer-dot/boundary/None/None/
ss05	E650:E650:E668:200C	cell	boundary-echo	qsPea.half.en-y6.ex-y6|qsPea.half.en-y6.ex-y5.ex-dips|qsRoe.en-y5.en-con-1|space	qsPea/half/None/y6/|qsPea/half/y6/x-height/|qsRoe/hapax/x-height/None/en-con-1|zwnj/boundary/None/None/
ss05	E650:E650:E668:E650	cell	dangling-anchor-dropped	qsPea.half.en-y6.ex-y6|qsPea.half.en-y6.ex-y5.ex-dips|qsRoe.en-y5.en-con-1|qsPea	qsPea/half/None/y6/|qsPea/half/y6/x-height/|qsRoe/hapax/x-height/None/en-con-1|qsPea/full/None/None/
ss05	E650:E650:E668:E652	cell	dangling-anchor-dropped	qsPea.half.en-y6.ex-y6|qsPea.half.en-y6.ex-y5.ex-dips|qsRoe.en-y5.en-con-1|qsTea	qsPea/half/None/y6/|qsPea/half/y6/x-height/|qsRoe/hapax/x-height/None/en-con-1|qsTea/full/None/None/
ss05	E650:E650:E668:E653	cell	dangling-anchor-dropped	qsPea.half.en-y6.ex-y6|qsPea.half.en-y6.ex-y5.ex-dips|qsRoe.en-y5.en-con-1|qsDay	qsPea/half/None/y6/|qsPea/half/y6/x-height/|qsRoe/hapax/x-height/None/en-con-1|qsDay/full/None/None/
ss05	E650:E650:E668:E668	cell,position	UNMATCHED	qsPea.half.en-y6.ex-y6|qsPea.half.en-y6.ex-y5.ex-dips|qsRoe.ex-y0|qsRoe	qsPea/half/None/y6/|qsPea/half/y6/x-height/|qsRoe/hapax/x-height/baseline/en-con-1|qsRoe/hapax/baseline/None/
ss05	E650:E652:E650:E650	cell	dangling-anchor-dropped	qsPea|qsTea|qsPea.half.en-y6.ex-y6|qsPea.en-y6	qsPea/full/None/None/|qsTea/full/None/None/|qsPea/half/None/y6/|qsPea/full/y6/None/
ss05	E650:E652:E650:E653	cell	dangling-anchor-dropped	qsPea|qsTea|qsPea|qsDay.half.en-y0.ex-y0	qsPea/full/None/None/|qsTea/full/None/None/|qsPea/full/None/baseline/|qsDay/half/baseline/None/
ss05	E650:E652:E652:E653	cell	dangling-anchor-dropped	qsPea|qsTea|qsTea.ex-y0|qsDay.half.en-y0.ex-y0.en-ext-1	qsPea/full/None/None/|qsTea/full/None/None/|qsTea/full/None/baseline/|qsDay/half/baseline/None/en-ext-1
ss05	E650:E652:E653:0020	cell	boundary-echo	qsPea|qsTea.ex-y0|qsDay.half.en-y0.ex-y0.en-ext-1|space	qsPea/full/None/None/|qsTea/full/None/baseline/|qsDay/half/baseline/None/en-ext-1|space/boundary/None/None/
ss05	E650:E652:E653:00B7	cell	dangling-anchor-dropped	qsPea|qsTea.ex-y0|qsDay.half.en-y0.ex-y0.en-ext-1|periodcentered	qsPea/full/None/None/|qsTea/full/None/baseline/|qsDay/half/baseline/None/en-ext-1|namer-dot/boundary/None/None/
ss05	E650:E652:E653:200C	cell	boundary-echo	qsPea|qsTea.ex-y0|qsDay.half.en-y0.ex-y0.en-ext-1|space	qsPea/full/None/None/|qsTea/full/None/baseline/|qsDay/half/baseline/None/en-ext-1|zwnj/boundary/None/None/
ss05	E650:E652:E653:E650	cell	dangling-anchor-dropped	qsPea|qsTea.ex-y0|qsDay.half.en-y0.ex-y0.en-ext-1|qsPea	qsPea/full/None/None/|qsTea/full/None/baseline/|qsDay/half/baseline/None/en-ext-1|qsPea/full/None/None/
ss05	E650:E652:E653:E653	cell	dangling-anchor-dropped	qsPea|qsTea.ex-y0|qsDay.half.en-y0.ex-y0.en-ext-1|qsDay.half.en-y0.ex-y0	qsPea/full/None/None/|qsTea/full/None/baseline/|qsDay/half/baseline/baseline/en-ext-1|qsDay/half/baseline/None/
ss05	E650:E652:E653:E668	cell	bare-name-live-join	qsPea|qsTea.ex-y0|qsDay.half.en-y0.ex-y0.en-ext-1|qsRoe	qsPea/full/None/None/|qsTea/full/None/baseline/|qsDay/half/baseline/baseline/en-ext-1|qsRoe/hapax/baseline/None/
ss05	E650:E652:E668:E668	cell,position	UNMATCHED	qsPea|qsTea.half.ex-y5|qsRoe.ex-y0|qsRoe	qsPea/full/None/None/|qsTea/half/None/x-height/|qsRoe/hapax/x-height/baseline/en-con-1|qsRoe/hapax/baseline/None/
ss05	E650:E653:0020:0020	cell	boundary-echo	qsPea|qsDay.half.en-y0.ex-y0|space|space	qsPea/full/None/baseline/|qsDay/half/baseline/None/|space/boundary/None/None/|space/boundary/None/None/
ss05	E650:E653:0020:00B7	cell	boundary-echo	qsPea|qsDay.half.en-y0.ex-y0|space|periodcentered	qsPea/full/None/baseline/|qsDay/half/baseline/None/|space/boundary/None/None/|namer-dot/boundary/None/None/
ss05	E650:E653:0020:200C	cell	boundary-echo	qsPea|qsDay.half.en-y0.ex-y0|space|space	qsPea/full/None/baseline/|qsDay/half/baseline/None/|space/boundary/None/None/|zwnj/boundary/None/None/
ss05	E650:E653:0020:E650	cell	boundary-echo	qsPea|qsDay.half.en-y0.ex-y0|space|qsPea	qsPea/full/None/baseline/|qsDay/half/baseline/None/|space/boundary/None/None/|qsPea/full/None/None/
ss05	E650:E653:0020:E652	cell	boundary-echo	qsPea|qsDay.half.en-y0.ex-y0|space|qsTea	qsPea/full/None/baseline/|qsDay/half/baseline/None/|space/boundary/None/None/|qsTea/full/None/None/
ss05	E650:E653:0020:E653	cell	boundary-echo	qsPea|qsDay.half.en-y0.ex-y0|space|qsDay	qsPea/full/None/baseline/|qsDay/half/baseline/None/|space/boundary/None/None/|qsDay/full/None/None/
ss05	E650:E653:0020:E668	cell	boundary-echo	qsPea|qsDay.half.en-y0.ex-y0|space|qsRoe	qsPea/full/None/baseline/|qsDay/half/baseline/None/|space/boundary/None/None/|qsRoe/hapax/None/None/
ss05	E650:E653:00B7:0020	cell	boundary-echo	qsPea|qsDay.half.en-y0.ex-y0|periodcentered|space	qsPea/full/None/baseline/|qsDay/half/baseline/None/|namer-dot/boundary/None/None/|space/boundary/None/None/
ss05	E650:E653:00B7:00B7	cell	dangling-anchor-dropped	qsPea|qsDay.half.en-y0.ex-y0|periodcentered|periodcentered	qsPea/full/None/baseline/|qsDay/half/baseline/None/|namer-dot/boundary/None/None/|namer-dot/boundary/None/None/
ss05	E650:E653:00B7:200C	cell	boundary-echo	qsPea|qsDay.half.en-y0.ex-y0|periodcentered|space	qsPea/full/None/baseline/|qsDay/half/baseline/None/|namer-dot/boundary/None/None/|zwnj/boundary/None/None/
ss05	E650:E653:00B7:E650	cell	dangling-anchor-dropped	qsPea|qsDay.half.en-y0.ex-y0|periodcentered|qsPea	qsPea/full/None/baseline/|qsDay/half/baseline/None/|namer-dot/boundary/None/None/|qsPea/full/None/None/
ss05	E650:E653:00B7:E652	cell	dangling-anchor-dropped	qsPea|qsDay.half.en-y0.ex-y0|periodcentered|qsTea	qsPea/full/None/baseline/|qsDay/half/baseline/None/|namer-dot/boundary/None/None/|qsTea/full/None/None/
ss05	E650:E653:00B7:E653	cell	dangling-anchor-dropped	qsPea|qsDay.half.en-y0.ex-y0|periodcentered|qsDay	qsPea/full/None/baseline/|qsDay/half/baseline/None/|namer-dot/boundary/None/None/|qsDay/full/None/None/
ss05	E650:E653:00B7:E668	cell	dangling-anchor-dropped	qsPea|qsDay.half.en-y0.ex-y0|periodcentered.lowered|qsRoe	qsPea/full/None/baseline/|qsDay/half/baseline/None/|namer-dot/boundary/None/None/|qsRoe/hapax/None/None/
ss05	E650:E653:200C:0020	cell	boundary-echo	qsPea|qsDay.half.en-y0.ex-y0|space|space	qsPea/full/None/baseline/|qsDay/half/baseline/None/|zwnj/boundary/None/None/|space/boundary/None/None/
ss05	E650:E653:200C:00B7	cell	boundary-echo	qsPea|qsDay.half.en-y0.ex-y0|space|periodcentered	qsPea/full/None/baseline/|qsDay/half/baseline/None/|zwnj/boundary/None/None/|namer-dot/boundary/None/None/
ss05	E650:E653:200C:200C	cell	boundary-echo	qsPea|qsDay.half.en-y0.ex-y0|space|space	qsPea/full/None/baseline/|qsDay/half/baseline/None/|zwnj/boundary/None/None/|zwnj/boundary/None/None/
ss05	E650:E653:200C:E650	cell	boundary-echo	qsPea|qsDay.half.en-y0.ex-y0|space|qsPea.noentry	qsPea/full/None/baseline/|qsDay/half/baseline/None/|zwnj/boundary/None/None/|qsPea/full/None/None/locked
ss05	E650:E653:200C:E652	cell	boundary-echo	qsPea|qsDay.half.en-y0.ex-y0|space|qsTea.noentry	qsPea/full/None/baseline/|qsDay/half/baseline/None/|zwnj/boundary/None/None/|qsTea/full/None/None/locked
ss05	E650:E653:200C:E653	cell	boundary-echo	qsPea|qsDay.half.en-y0.ex-y0|space|qsDay.noentry	qsPea/full/None/baseline/|qsDay/half/baseline/None/|zwnj/boundary/None/None/|qsDay/full/None/None/locked
ss05	E650:E653:200C:E668	cell	boundary-echo	qsPea|qsDay.half.en-y0.ex-y0|space|qsRoe.noentry	qsPea/full/None/baseline/|qsDay/half/baseline/None/|zwnj/boundary/None/None/|qsRoe/hapax/None/None/locked
ss05	E650:E653:E650:0020	cell	boundary-echo	qsPea|qsDay.half.en-y0.ex-y0|qsPea|space	qsPea/full/None/baseline/|qsDay/half/baseline/None/|qsPea/full/None/None/|space/boundary/None/None/
ss05	E650:E653:E650:00B7	cell	dangling-anchor-dropped	qsPea|qsDay.half.en-y0.ex-y0|qsPea|periodcentered	qsPea/full/None/baseline/|qsDay/half/baseline/None/|qsPea/full/None/None/|namer-dot/boundary/None/None/
ss05	E650:E653:E650:200C	cell	boundary-echo	qsPea|qsDay.half.en-y0.ex-y0|qsPea|space	qsPea/full/None/baseline/|qsDay/half/baseline/None/|qsPea/full/None/None/|zwnj/boundary/None/None/
ss05	E650:E653:E650:E650	cell	dangling-anchor-dropped	qsPea|qsDay.half.en-y0.ex-y0|qsPea.half.en-y6.ex-y6|qsPea.en-y6	qsPea/full/None/baseline/|qsDay/half/baseline/None/|qsPea/half/None/y6/|qsPea/full/y6/None/
ss05	E650:E653:E650:E652	cell	dangling-anchor-dropped	qsPea|qsDay.half.en-y0.ex-y0|qsPea|qsTea	qsPea/full/None/baseline/|qsDay/half/baseline/None/|qsPea/full/None/None/|qsTea/full/None/None/
ss05	E650:E653:E650:E653	cell	dangling-anchor-dropped	qsPea|qsDay.half.en-y0.ex-y0|qsPea|qsDay.half.en-y0.ex-y0	qsPea/full/None/baseline/|qsDay/half/baseline/None/|qsPea/full/None/baseline/|qsDay/half/baseline/None/
ss05	E650:E653:E650:E668	cell	dangling-anchor-dropped	qsPea|qsDay.half.en-y0.ex-y0|qsPea.half.ex-y5.ex-dips|qsRoe.en-y5.en-con-1	qsPea/full/None/baseline/|qsDay/half/baseline/None/|qsPea/half/None/x-height/|qsRoe/hapax/x-height/None/en-con-1
ss05	E650:E653:E652:0020	cell	boundary-echo	qsPea|qsDay.half.en-y0.ex-y0|qsTea.en-y0|space	qsPea/full/None/baseline/|qsDay/half/baseline/baseline/|qsTea/full/baseline/None/|space/boundary/None/None/
ss05	E650:E653:E652:00B7	cell	bare-name-live-join	qsPea|qsDay.half.en-y0.ex-y0|qsTea.en-y0|periodcentered	qsPea/full/None/baseline/|qsDay/half/baseline/baseline/|qsTea/full/baseline/None/|namer-dot/boundary/None/None/
ss05	E650:E653:E652:200C	cell	boundary-echo	qsPea|qsDay.half.en-y0.ex-y0|qsTea.en-y0|space	qsPea/full/None/baseline/|qsDay/half/baseline/baseline/|qsTea/full/baseline/None/|zwnj/boundary/None/None/
ss05	E650:E653:E652:E650	cell	bare-name-live-join	qsPea|qsDay.half.en-y0.ex-y0|qsTea.en-y0|qsPea	qsPea/full/None/baseline/|qsDay/half/baseline/baseline/|qsTea/full/baseline/None/|qsPea/full/None/None/
ss05	E650:E653:E652:E652	cell	bare-name-live-join	qsPea|qsDay.half.en-y0.ex-y0|qsTea.en-y0|qsTea	qsPea/full/None/baseline/|qsDay/half/baseline/baseline/|qsTea/full/baseline/None/|qsTea/full/None/None/
ss05	E650:E653:E652:E653	cell	dangling-anchor-dropped	qsPea|qsDay.half.en-y0.ex-y0|qsTea.ex-y0|qsDay.half.en-y0.ex-y0.en-ext-1	qsPea/full/None/baseline/|qsDay/half/baseline/None/|qsTea/full/None/baseline/|qsDay/half/baseline/None/en-ext-1
ss05	E650:E653:E652:E668	cell,seam	regrouping-floor-drift	qsPea|qsDay.half.en-y0.ex-y0|qsTea.half.ex-y5|qsRoe.en-y5.en-con-1	qsPea/full/None/baseline/|qsDay/half/baseline/baseline/|qsTea/full/baseline/None/|qsRoe/hapax/None/None/
ss05	E650:E653:E653:0020	cell	boundary-echo	qsPea|qsDay.half.en-y0.ex-y0|qsDay.half.en-y0.ex-y0|space	qsPea/full/None/baseline/|qsDay/half/baseline/baseline/|qsDay/half/baseline/None/|space/boundary/None/None/
ss05	E650:E653:E653:00B7	cell	dangling-anchor-dropped	qsPea|qsDay.half.en-y0.ex-y0|qsDay.half.en-y0.ex-y0|periodcentered	qsPea/full/None/baseline/|qsDay/half/baseline/baseline/|qsDay/half/baseline/None/|namer-dot/boundary/None/None/
ss05	E650:E653:E653:200C	cell	boundary-echo	qsPea|qsDay.half.en-y0.ex-y0|qsDay.half.en-y0.ex-y0|space	qsPea/full/None/baseline/|qsDay/half/baseline/baseline/|qsDay/half/baseline/None/|zwnj/boundary/None/None/
ss05	E650:E653:E653:E650	cell	dangling-anchor-dropped	qsPea|qsDay.half.en-y0.ex-y0|qsDay.half.en-y0.ex-y0|qsPea	qsPea/full/None/baseline/|qsDay/half/baseline/baseline/|qsDay/half/baseline/None/|qsPea/full/None/None/
ss05	E650:E653:E653:E652	cell	bare-name-live-join	qsPea|qsDay.half.en-y0.ex-y0|qsDay.half.en-y0.ex-y0|qsTea.en-y0	qsPea/full/None/baseline/|qsDay/half/baseline/baseline/|qsDay/half/baseline/baseline/|qsTea/full/baseline/None/
ss05	E650:E653:E653:E653	cell	dangling-anchor-dropped	qsPea|qsDay.half.en-y0.ex-y0|qsDay.half.en-y0.ex-y0|qsDay.half.en-y0.ex-y0	qsPea/full/None/baseline/|qsDay/half/baseline/baseline/|qsDay/half/baseline/baseline/|qsDay/half/baseline/None/
ss05	E650:E653:E653:E668	cell	bare-name-live-join	qsPea|qsDay.half.en-y0.ex-y0|qsDay.half.en-y0.ex-y0|qsRoe	qsPea/full/None/baseline/|qsDay/half/baseline/baseline/|qsDay/half/baseline/baseline/|qsRoe/hapax/baseline/None/
ss05	E650:E653:E668:0020	cell	boundary-echo	qsPea|qsDay.half.en-y0.ex-y0|qsRoe|space	qsPea/full/None/baseline/|qsDay/half/baseline/baseline/|qsRoe/hapax/baseline/None/|space/boundary/None/None/
ss05	E650:E653:E668:00B7	cell	bare-name-live-join	qsPea|qsDay.half.en-y0.ex-y0|qsRoe|periodcentered	qsPea/full/None/baseline/|qsDay/half/baseline/baseline/|qsRoe/hapax/baseline/None/|namer-dot/boundary/None/None/
ss05	E650:E653:E668:200C	cell	boundary-echo	qsPea|qsDay.half.en-y0.ex-y0|qsRoe|space	qsPea/full/None/baseline/|qsDay/half/baseline/baseline/|qsRoe/hapax/baseline/None/|zwnj/boundary/None/None/
ss05	E650:E653:E668:E650	cell	bare-name-live-join	qsPea|qsDay.half.en-y0.ex-y0|qsRoe|qsPea	qsPea/full/None/baseline/|qsDay/half/baseline/baseline/|qsRoe/hapax/baseline/None/|qsPea/full/None/None/
ss05	E650:E653:E668:E652	cell	bare-name-live-join	qsPea|qsDay.half.en-y0.ex-y0|qsRoe|qsTea	qsPea/full/None/baseline/|qsDay/half/baseline/baseline/|qsRoe/hapax/baseline/None/|qsTea/full/None/None/
ss05	E650:E653:E668:E653	cell	bare-name-live-join	qsPea|qsDay.half.en-y0.ex-y0|qsRoe|qsDay	qsPea/full/None/baseline/|qsDay/half/baseline/baseline/|qsRoe/hapax/baseline/None/|qsDay/full/None/None/
ss05	E650:E653:E668:E668	cell	bare-name-live-join	qsPea|qsDay.half.en-y0.ex-y0|qsRoe.en-y0.ex-y5|qsRoe	qsPea/full/None/baseline/|qsDay/half/baseline/baseline/|qsRoe/hapax/baseline/x-height/|qsRoe/hapax/x-height/None/
ss05	E650:E668:E650:E650	cell	dangling-anchor-dropped	qsPea.half.ex-y5.ex-dips|qsRoe.en-y5.en-con-1|qsPea.half.en-y6.ex-y6|qsPea.en-y6	qsPea/half/None/x-height/|qsRoe/hapax/x-height/None/en-con-1|qsPea/half/None/y6/|qsPea/full/y6/None/
ss05	E650:E668:E650:E653	cell	dangling-anchor-dropped	qsPea.half.ex-y5.ex-dips|qsRoe.en-y5.en-con-1|qsPea|qsDay.half.en-y0.ex-y0	qsPea/half/None/x-height/|qsRoe/hapax/x-height/None/en-con-1|qsPea/full/None/baseline/|qsDay/half/baseline/None/
ss05	E650:E668:E652:E653	cell	dangling-anchor-dropped	qsPea.half.ex-y5.ex-dips|qsRoe.en-y5.en-con-1|qsTea.ex-y0|qsDay.half.en-y0.ex-y0.en-ext-1	qsPea/half/None/x-height/|qsRoe/hapax/x-height/None/en-con-1|qsTea/full/None/baseline/|qsDay/half/baseline/None/en-ext-1
ss05	E650:E668:E653:E652	cell	bare-name-live-join	qsPea.half.ex-y5.ex-dips|qsRoe.en-y5.en-con-1|qsDay|qsTea.en-y0	qsPea/half/None/x-height/|qsRoe/hapax/x-height/None/en-con-1|qsDay/full/None/baseline/|qsTea/full/baseline/None/
ss05	E650:E668:E653:E653	cell	dangling-anchor-dropped	qsPea.half.ex-y5.ex-dips|qsRoe.en-y5.en-con-1|qsDay|qsDay.half.en-y0.ex-y0	qsPea/half/None/x-height/|qsRoe/hapax/x-height/None/en-con-1|qsDay/full/None/baseline/|qsDay/half/baseline/None/
ss05	E650:E668:E653:E668	cell	bare-name-live-join	qsPea.half.ex-y5.ex-dips|qsRoe.en-y5.en-con-1|qsDay|qsRoe	qsPea/half/None/x-height/|qsRoe/hapax/x-height/None/en-con-1|qsDay/full/None/baseline/|qsRoe/hapax/baseline/None/
ss05	E650:E668:E668:0020	cell	boundary-echo	qsPea.half.ex-y5.ex-dips|qsRoe.ex-y0|qsRoe|space	qsPea/half/None/x-height/|qsRoe/hapax/x-height/baseline/en-con-1|qsRoe/hapax/baseline/None/|space/boundary/None/None/
ss05	E650:E668:E668:00B7	cell,position	UNMATCHED	qsPea.half.ex-y5.ex-dips|qsRoe.ex-y0|qsRoe|periodcentered	qsPea/half/None/x-height/|qsRoe/hapax/x-height/baseline/en-con-1|qsRoe/hapax/baseline/None/|namer-dot/boundary/None/None/
ss05	E650:E668:E668:200C	cell	boundary-echo	qsPea.half.ex-y5.ex-dips|qsRoe.ex-y0|qsRoe|space	qsPea/half/None/x-height/|qsRoe/hapax/x-height/baseline/en-con-1|qsRoe/hapax/baseline/None/|zwnj/boundary/None/None/
ss05	E650:E668:E668:E650	cell,position	UNMATCHED	qsPea.half.ex-y5.ex-dips|qsRoe.ex-y0|qsRoe|qsPea	qsPea/half/None/x-height/|qsRoe/hapax/x-height/baseline/en-con-1|qsRoe/hapax/baseline/None/|qsPea/full/None/None/
ss05	E650:E668:E668:E652	cell,position	UNMATCHED	qsPea.half.ex-y5.ex-dips|qsRoe.ex-y0|qsRoe|qsTea	qsPea/half/None/x-height/|qsRoe/hapax/x-height/baseline/en-con-1|qsRoe/hapax/baseline/None/|qsTea/full/None/None/
ss05	E650:E668:E668:E653	cell,position	UNMATCHED	qsPea.half.ex-y5.ex-dips|qsRoe.ex-y0|qsRoe|qsDay	qsPea/half/None/x-height/|qsRoe/hapax/x-height/baseline/en-con-1|qsRoe/hapax/baseline/None/|qsDay/full/None/None/
ss05	E650:E668:E668:E668	cell,position	UNMATCHED	qsPea.half.ex-y5.ex-dips|qsRoe.ex-y0|qsRoe.en-y0.ex-y5|qsRoe	qsPea/half/None/x-height/|qsRoe/hapax/x-height/baseline/en-con-1|qsRoe/hapax/baseline/x-height/|qsRoe/hapax/x-height/None/
ss05	E652:0020:E650:E650	cell	boundary-echo	qsTea|space|qsPea.half.en-y6.ex-y6|qsPea.en-y6	qsTea/full/None/None/|space/boundary/None/None/|qsPea/half/None/y6/|qsPea/full/y6/None/
ss05	E652:0020:E650:E653	cell	boundary-echo	qsTea|space|qsPea|qsDay.half.en-y0.ex-y0	qsTea/full/None/None/|space/boundary/None/None/|qsPea/full/None/baseline/|qsDay/half/baseline/None/
ss05	E652:0020:E652:E653	cell	boundary-echo	qsTea|space|qsTea.ex-y0|qsDay.half.en-y0.ex-y0.en-ext-1	qsTea/full/None/None/|space/boundary/None/None/|qsTea/full/None/baseline/|qsDay/half/baseline/None/en-ext-1
ss05	E652:0020:E653:E652	cell	boundary-echo	qsTea|space|qsDay|qsTea.en-y0	qsTea/full/None/None/|space/boundary/None/None/|qsDay/full/None/baseline/|qsTea/full/baseline/None/
ss05	E652:0020:E653:E653	cell	boundary-echo	qsTea|space|qsDay|qsDay.half.en-y0.ex-y0	qsTea/full/None/None/|space/boundary/None/None/|qsDay/full/None/baseline/|qsDay/half/baseline/None/
ss05	E652:0020:E653:E668	cell	boundary-echo	qsTea|space|qsDay|qsRoe	qsTea/full/None/None/|space/boundary/None/None/|qsDay/full/None/baseline/|qsRoe/hapax/baseline/None/
ss05	E652:0020:E668:E668	cell	boundary-echo	qsTea|space|qsRoe.en-y0.ex-y5|qsRoe	qsTea/full/None/None/|space/boundary/None/None/|qsRoe/hapax/None/x-height/|qsRoe/hapax/x-height/None/
ss05	E652:00B7:E650:E650	cell	dangling-anchor-dropped	qsTea|periodcentered|qsPea.half.en-y6.ex-y6|qsPea.en-y6	qsTea/full/None/None/|namer-dot/boundary/None/None/|qsPea/half/None/y6/|qsPea/full/y6/None/
ss05	E652:00B7:E650:E653	cell	dangling-anchor-dropped	qsTea|periodcentered|qsPea|qsDay.half.en-y0.ex-y0	qsTea/full/None/None/|namer-dot/boundary/None/None/|qsPea/full/None/baseline/|qsDay/half/baseline/None/
ss05	E652:00B7:E652:E653	cell	dangling-anchor-dropped	qsTea|periodcentered|qsTea.ex-y0|qsDay.half.en-y0.ex-y0.en-ext-1	qsTea/full/None/None/|namer-dot/boundary/None/None/|qsTea/full/None/baseline/|qsDay/half/baseline/None/en-ext-1
ss05	E652:00B7:E653:E652	cell	bare-name-live-join	qsTea|periodcentered|qsDay|qsTea.en-y0	qsTea/full/None/None/|namer-dot/boundary/None/None/|qsDay/full/None/baseline/|qsTea/full/baseline/None/
ss05	E652:00B7:E653:E653	cell	dangling-anchor-dropped	qsTea|periodcentered|qsDay|qsDay.half.en-y0.ex-y0	qsTea/full/None/None/|namer-dot/boundary/None/None/|qsDay/full/None/baseline/|qsDay/half/baseline/None/
ss05	E652:00B7:E653:E668	cell	bare-name-live-join	qsTea|periodcentered|qsDay|qsRoe	qsTea/full/None/None/|namer-dot/boundary/None/None/|qsDay/full/None/baseline/|qsRoe/hapax/baseline/None/
ss05	E652:00B7:E668:E668	cell	dangling-anchor-dropped	qsTea|periodcentered.lowered|qsRoe.en-y0.ex-y5|qsRoe	qsTea/full/None/None/|namer-dot/boundary/None/None/|qsRoe/hapax/None/x-height/|qsRoe/hapax/x-height/None/
ss05	E652:200C:E650:E653	cell	boundary-echo	qsTea|space|qsPea.noentry|qsDay.half.en-y0.ex-y0	qsTea/full/None/None/|zwnj/boundary/None/None/|qsPea/full/None/baseline/locked|qsDay/half/baseline/None/
ss05	E652:200C:E650:E668	cell	boundary-echo	qsTea|space|qsPea.half.ex-y5.ex-dips|qsRoe.en-y5.en-con-1	qsTea/full/None/None/|zwnj/boundary/None/None/|qsPea/half/None/x-height/locked|qsRoe/hapax/x-height/None/en-con-1
ss05	E652:200C:E652:E652	cell	boundary-echo	qsTea|space|qsTea.ex-y0|qsTea	qsTea/full/None/None/|zwnj/boundary/None/None/|qsTea/full/None/None/locked|qsTea/full/None/None/
ss05	E652:200C:E652:E653	cell	boundary-echo	qsTea|space|qsTea.ex-y0|qsDay.half.en-y0.ex-y0.en-ext-1	qsTea/full/None/None/|zwnj/boundary/None/None/|qsTea/full/None/baseline/locked|qsDay/half/baseline/None/en-ext-1
ss05	E652:200C:E653:E652	cell	boundary-echo	qsTea|space|qsDay.noentry|qsTea.en-y0	qsTea/full/None/None/|zwnj/boundary/None/None/|qsDay/full/None/baseline/locked|qsTea/full/baseline/None/
ss05	E652:200C:E653:E653	cell	boundary-echo	qsTea|space|qsDay.noentry|qsDay.half.en-y0.ex-y0	qsTea/full/None/None/|zwnj/boundary/None/None/|qsDay/full/None/baseline/locked|qsDay/half/baseline/None/
ss05	E652:200C:E653:E668	cell	boundary-echo	qsTea|space|qsDay.noentry|qsRoe	qsTea/full/None/None/|zwnj/boundary/None/None/|qsDay/full/None/baseline/locked|qsRoe/hapax/baseline/None/
ss05	E652:200C:E668:E668	cell	boundary-echo	qsTea|space|qsRoe.en-y0.ex-y5.noentry|qsRoe	qsTea/full/None/None/|zwnj/boundary/None/None/|qsRoe/hapax/None/x-height/locked|qsRoe/hapax/x-height/None/
ss05	E652:E650:E650:0020	cell	boundary-echo	qsTea|qsPea.half.en-y6.ex-y6|qsPea.en-y6|space	qsTea/full/None/None/|qsPea/half/None/y6/|qsPea/full/y6/None/|space/boundary/None/None/
ss05	E652:E650:E650:00B7	cell	dangling-anchor-dropped	qsTea|qsPea.half.en-y6.ex-y6|qsPea.en-y6|periodcentered	qsTea/full/None/None/|qsPea/half/None/y6/|qsPea/full/y6/None/|namer-dot/boundary/None/None/
ss05	E652:E650:E650:200C	cell	boundary-echo	qsTea|qsPea.half.en-y6.ex-y6|qsPea.en-y6|space	qsTea/full/None/None/|qsPea/half/None/y6/|qsPea/full/y6/None/|zwnj/boundary/None/None/
ss05	E652:E650:E650:E650	cell	dangling-anchor-dropped	qsTea|qsPea.half.en-y6.ex-y6|qsPea.half.en-y6.ex-y6|qsPea.en-y6	qsTea/full/None/None/|qsPea/half/None/y6/|qsPea/half/y6/y6/|qsPea/full/y6/None/
ss05	E652:E650:E650:E652	cell	dangling-anchor-dropped	qsTea|qsPea.half.en-y6.ex-y6|qsPea.en-y6.ex-y0|qsTea	qsTea/full/None/None/|qsPea/half/None/y6/|qsPea/full/y6/None/|qsTea/full/None/None/
ss05	E652:E650:E650:E653	cell	dangling-anchor-dropped	qsTea|qsPea.half.en-y6.ex-y6|qsPea.en-y6.ex-y0|qsDay.half.en-y0.ex-y0	qsTea/full/None/None/|qsPea/half/None/y6/|qsPea/full/y6/baseline/|qsDay/half/baseline/None/
ss05	E652:E650:E650:E668	cell	dangling-anchor-dropped	qsTea|qsPea.half.en-y6.ex-y6|qsPea.half.en-y6.ex-y5.ex-dips|qsRoe.en-y5.en-con-1	qsTea/full/None/None/|qsPea/half/None/y6/|qsPea/half/y6/x-height/|qsRoe/hapax/x-height/None/en-con-1
ss05	E652:E650:E652:E653	cell	dangling-anchor-dropped	qsTea|qsPea|qsTea.ex-y0|qsDay.half.en-y0.ex-y0.en-ext-1	qsTea/full/None/None/|qsPea/full/None/None/|qsTea/full/None/baseline/|qsDay/half/baseline/None/en-ext-1
ss05	E652:E650:E653:0020	cell	boundary-echo	qsTea|qsPea|qsDay.half.en-y0.ex-y0|space	qsTea/full/None/None/|qsPea/full/None/baseline/|qsDay/half/baseline/None/|space/boundary/None/None/
ss05	E652:E650:E653:00B7	cell	dangling-anchor-dropped	qsTea|qsPea|qsDay.half.en-y0.ex-y0|periodcentered	qsTea/full/None/None/|qsPea/full/None/baseline/|qsDay/half/baseline/None/|namer-dot/boundary/None/None/
ss05	E652:E650:E653:200C	cell	boundary-echo	qsTea|qsPea|qsDay.half.en-y0.ex-y0|space	qsTea/full/None/None/|qsPea/full/None/baseline/|qsDay/half/baseline/None/|zwnj/boundary/None/None/
ss05	E652:E650:E653:E650	cell	dangling-anchor-dropped	qsTea|qsPea|qsDay.half.en-y0.ex-y0|qsPea	qsTea/full/None/None/|qsPea/full/None/baseline/|qsDay/half/baseline/None/|qsPea/full/None/None/
ss05	E652:E650:E653:E652	cell	bare-name-live-join	qsTea|qsPea|qsDay.half.en-y0.ex-y0|qsTea.en-y0	qsTea/full/None/None/|qsPea/full/None/baseline/|qsDay/half/baseline/baseline/|qsTea/full/baseline/None/
ss05	E652:E650:E653:E653	cell	dangling-anchor-dropped	qsTea|qsPea|qsDay.half.en-y0.ex-y0|qsDay.half.en-y0.ex-y0	qsTea/full/None/None/|qsPea/full/None/baseline/|qsDay/half/baseline/baseline/|qsDay/half/baseline/None/
ss05	E652:E650:E653:E668	cell	bare-name-live-join	qsTea|qsPea|qsDay.half.en-y0.ex-y0|qsRoe	qsTea/full/None/None/|qsPea/full/None/baseline/|qsDay/half/baseline/baseline/|qsRoe/hapax/baseline/None/
ss05	E652:E650:E668:E668	cell,position	UNMATCHED	qsTea|qsPea.half.ex-y5.ex-dips|qsRoe.ex-y0|qsRoe	qsTea/full/None/None/|qsPea/half/None/x-height/|qsRoe/hapax/x-height/baseline/en-con-1|qsRoe/hapax/baseline/None/
ss05	E652:E652:E650:E650	cell	dangling-anchor-dropped	qsTea|qsTea|qsPea.half.en-y6.ex-y6|qsPea.en-y6	qsTea/full/None/None/|qsTea/full/None/None/|qsPea/half/None/y6/|qsPea/full/y6/None/
ss05	E652:E652:E650:E653	cell	dangling-anchor-dropped	qsTea|qsTea|qsPea|qsDay.half.en-y0.ex-y0	qsTea/full/None/None/|qsTea/full/None/None/|qsPea/full/None/baseline/|qsDay/half/baseline/None/
ss05	E652:E652:E652:E653	cell	dangling-anchor-dropped	qsTea|qsTea|qsTea.ex-y0|qsDay.half.en-y0.ex-y0.en-ext-1	qsTea/full/None/None/|qsTea/full/None/None/|qsTea/full/None/baseline/|qsDay/half/baseline/None/en-ext-1
ss05	E652:E652:E653:0020	cell	boundary-echo	qsTea|qsTea.ex-y0|qsDay.half.en-y0.ex-y0.en-ext-1|space	qsTea/full/None/None/|qsTea/full/None/baseline/|qsDay/half/baseline/None/en-ext-1|space/boundary/None/None/
ss05	E652:E652:E653:00B7	cell	dangling-anchor-dropped	qsTea|qsTea.ex-y0|qsDay.half.en-y0.ex-y0.en-ext-1|periodcentered	qsTea/full/None/None/|qsTea/full/None/baseline/|qsDay/half/baseline/None/en-ext-1|namer-dot/boundary/None/None/
ss05	E652:E652:E653:200C	cell	boundary-echo	qsTea|qsTea.ex-y0|qsDay.half.en-y0.ex-y0.en-ext-1|space	qsTea/full/None/None/|qsTea/full/None/baseline/|qsDay/half/baseline/None/en-ext-1|zwnj/boundary/None/None/
ss05	E652:E652:E653:E650	cell	dangling-anchor-dropped	qsTea|qsTea.ex-y0|qsDay.half.en-y0.ex-y0.en-ext-1|qsPea	qsTea/full/None/None/|qsTea/full/None/baseline/|qsDay/half/baseline/None/en-ext-1|qsPea/full/None/None/
ss05	E652:E652:E653:E653	cell	dangling-anchor-dropped	qsTea|qsTea.ex-y0|qsDay.half.en-y0.ex-y0.en-ext-1|qsDay.half.en-y0.ex-y0	qsTea/full/None/None/|qsTea/full/None/baseline/|qsDay/half/baseline/baseline/en-ext-1|qsDay/half/baseline/None/
ss05	E652:E652:E653:E668	cell	bare-name-live-join	qsTea|qsTea.ex-y0|qsDay.half.en-y0.ex-y0.en-ext-1|qsRoe	qsTea/full/None/None/|qsTea/full/None/baseline/|qsDay/half/baseline/baseline/en-ext-1|qsRoe/hapax/baseline/None/
ss05	E652:E652:E668:E668	cell,position	UNMATCHED	qsTea|qsTea.half.ex-y5|qsRoe.ex-y0|qsRoe	qsTea/full/None/None/|qsTea/half/None/x-height/|qsRoe/hapax/x-height/baseline/en-con-1|qsRoe/hapax/baseline/None/
ss05	E652:E653:0020:0020	cell	boundary-echo	qsTea.ex-y0|qsDay.half.en-y0.ex-y0.en-ext-1|space|space	qsTea/full/None/baseline/|qsDay/half/baseline/None/en-ext-1|space/boundary/None/None/|space/boundary/None/None/
ss05	E652:E653:0020:00B7	cell	boundary-echo	qsTea.ex-y0|qsDay.half.en-y0.ex-y0.en-ext-1|space|periodcentered	qsTea/full/None/baseline/|qsDay/half/baseline/None/en-ext-1|space/boundary/None/None/|namer-dot/boundary/None/None/
ss05	E652:E653:0020:200C	cell	boundary-echo	qsTea.ex-y0|qsDay.half.en-y0.ex-y0.en-ext-1|space|space	qsTea/full/None/baseline/|qsDay/half/baseline/None/en-ext-1|space/boundary/None/None/|zwnj/boundary/None/None/
ss05	E652:E653:0020:E650	cell	boundary-echo	qsTea.ex-y0|qsDay.half.en-y0.ex-y0.en-ext-1|space|qsPea	qsTea/full/None/baseline/|qsDay/half/baseline/None/en-ext-1|space/boundary/None/None/|qsPea/full/None/None/
ss05	E652:E653:0020:E652	cell	boundary-echo	qsTea.ex-y0|qsDay.half.en-y0.ex-y0.en-ext-1|space|qsTea	qsTea/full/None/baseline/|qsDay/half/baseline/None/en-ext-1|space/boundary/None/None/|qsTea/full/None/None/
ss05	E652:E653:0020:E653	cell	boundary-echo	qsTea.ex-y0|qsDay.half.en-y0.ex-y0.en-ext-1|space|qsDay	qsTea/full/None/baseline/|qsDay/half/baseline/None/en-ext-1|space/boundary/None/None/|qsDay/full/None/None/
ss05	E652:E653:0020:E668	cell	boundary-echo	qsTea.ex-y0|qsDay.half.en-y0.ex-y0.en-ext-1|space|qsRoe	qsTea/full/None/baseline/|qsDay/half/baseline/None/en-ext-1|space/boundary/None/None/|qsRoe/hapax/None/None/
ss05	E652:E653:00B7:0020	cell	boundary-echo	qsTea.ex-y0|qsDay.half.en-y0.ex-y0.en-ext-1|periodcentered|space	qsTea/full/None/baseline/|qsDay/half/baseline/None/en-ext-1|namer-dot/boundary/None/None/|space/boundary/None/None/
ss05	E652:E653:00B7:00B7	cell	dangling-anchor-dropped	qsTea.ex-y0|qsDay.half.en-y0.ex-y0.en-ext-1|periodcentered|periodcentered	qsTea/full/None/baseline/|qsDay/half/baseline/None/en-ext-1|namer-dot/boundary/None/None/|namer-dot/boundary/None/None/
ss05	E652:E653:00B7:200C	cell	boundary-echo	qsTea.ex-y0|qsDay.half.en-y0.ex-y0.en-ext-1|periodcentered|space	qsTea/full/None/baseline/|qsDay/half/baseline/None/en-ext-1|namer-dot/boundary/None/None/|zwnj/boundary/None/None/
ss05	E652:E653:00B7:E650	cell	dangling-anchor-dropped	qsTea.ex-y0|qsDay.half.en-y0.ex-y0.en-ext-1|periodcentered|qsPea	qsTea/full/None/baseline/|qsDay/half/baseline/None/en-ext-1|namer-dot/boundary/None/None/|qsPea/full/None/None/
ss05	E652:E653:00B7:E652	cell	dangling-anchor-dropped	qsTea.ex-y0|qsDay.half.en-y0.ex-y0.en-ext-1|periodcentered|qsTea	qsTea/full/None/baseline/|qsDay/half/baseline/None/en-ext-1|namer-dot/boundary/None/None/|qsTea/full/None/None/
ss05	E652:E653:00B7:E653	cell	dangling-anchor-dropped	qsTea.ex-y0|qsDay.half.en-y0.ex-y0.en-ext-1|periodcentered|qsDay	qsTea/full/None/baseline/|qsDay/half/baseline/None/en-ext-1|namer-dot/boundary/None/None/|qsDay/full/None/None/
ss05	E652:E653:00B7:E668	cell	dangling-anchor-dropped	qsTea.ex-y0|qsDay.half.en-y0.ex-y0.en-ext-1|periodcentered.lowered|qsRoe	qsTea/full/None/baseline/|qsDay/half/baseline/None/en-ext-1|namer-dot/boundary/None/None/|qsRoe/hapax/None/None/
ss05	E652:E653:200C:0020	cell	boundary-echo	qsTea.ex-y0|qsDay.half.en-y0.ex-y0.en-ext-1|space|space	qsTea/full/None/baseline/|qsDay/half/baseline/None/en-ext-1|zwnj/boundary/None/None/|space/boundary/None/None/
ss05	E652:E653:200C:00B7	cell	boundary-echo	qsTea.ex-y0|qsDay.half.en-y0.ex-y0.en-ext-1|space|periodcentered	qsTea/full/None/baseline/|qsDay/half/baseline/None/en-ext-1|zwnj/boundary/None/None/|namer-dot/boundary/None/None/
ss05	E652:E653:200C:200C	cell	boundary-echo	qsTea.ex-y0|qsDay.half.en-y0.ex-y0.en-ext-1|space|space	qsTea/full/None/baseline/|qsDay/half/baseline/None/en-ext-1|zwnj/boundary/None/None/|zwnj/boundary/None/None/
ss05	E652:E653:200C:E650	cell	boundary-echo	qsTea.ex-y0|qsDay.half.en-y0.ex-y0.en-ext-1|space|qsPea.noentry	qsTea/full/None/baseline/|qsDay/half/baseline/None/en-ext-1|zwnj/boundary/None/None/|qsPea/full/None/None/locked
ss05	E652:E653:200C:E652	cell	boundary-echo	qsTea.ex-y0|qsDay.half.en-y0.ex-y0.en-ext-1|space|qsTea.noentry	qsTea/full/None/baseline/|qsDay/half/baseline/None/en-ext-1|zwnj/boundary/None/None/|qsTea/full/None/None/locked
ss05	E652:E653:200C:E653	cell	boundary-echo	qsTea.ex-y0|qsDay.half.en-y0.ex-y0.en-ext-1|space|qsDay.noentry	qsTea/full/None/baseline/|qsDay/half/baseline/None/en-ext-1|zwnj/boundary/None/None/|qsDay/full/None/None/locked
ss05	E652:E653:200C:E668	cell	boundary-echo	qsTea.ex-y0|qsDay.half.en-y0.ex-y0.en-ext-1|space|qsRoe.noentry	qsTea/full/None/baseline/|qsDay/half/baseline/None/en-ext-1|zwnj/boundary/None/None/|qsRoe/hapax/None/None/locked
ss05	E652:E653:E650:0020	cell	boundary-echo	qsTea.ex-y0|qsDay.half.en-y0.ex-y0.en-ext-1|qsPea|space	qsTea/full/None/baseline/|qsDay/half/baseline/None/en-ext-1|qsPea/full/None/None/|space/boundary/None/None/
ss05	E652:E653:E650:00B7	cell	dangling-anchor-dropped	qsTea.ex-y0|qsDay.half.en-y0.ex-y0.en-ext-1|qsPea|periodcentered	qsTea/full/None/baseline/|qsDay/half/baseline/None/en-ext-1|qsPea/full/None/None/|namer-dot/boundary/None/None/
ss05	E652:E653:E650:200C	cell	boundary-echo	qsTea.ex-y0|qsDay.half.en-y0.ex-y0.en-ext-1|qsPea|space	qsTea/full/None/baseline/|qsDay/half/baseline/None/en-ext-1|qsPea/full/None/None/|zwnj/boundary/None/None/
ss05	E652:E653:E650:E650	cell	dangling-anchor-dropped	qsTea.ex-y0|qsDay.half.en-y0.ex-y0.en-ext-1|qsPea.half.en-y6.ex-y6|qsPea.en-y6	qsTea/full/None/baseline/|qsDay/half/baseline/None/en-ext-1|qsPea/half/None/y6/|qsPea/full/y6/None/
ss05	E652:E653:E650:E652	cell	dangling-anchor-dropped	qsTea.ex-y0|qsDay.half.en-y0.ex-y0.en-ext-1|qsPea|qsTea	qsTea/full/None/baseline/|qsDay/half/baseline/None/en-ext-1|qsPea/full/None/None/|qsTea/full/None/None/
ss05	E652:E653:E650:E653	cell	dangling-anchor-dropped	qsTea.ex-y0|qsDay.half.en-y0.ex-y0.en-ext-1|qsPea|qsDay.half.en-y0.ex-y0	qsTea/full/None/baseline/|qsDay/half/baseline/None/en-ext-1|qsPea/full/None/baseline/|qsDay/half/baseline/None/
ss05	E652:E653:E650:E668	cell	dangling-anchor-dropped	qsTea.ex-y0|qsDay.half.en-y0.ex-y0.en-ext-1|qsPea.half.ex-y5.ex-dips|qsRoe.en-y5.en-con-1	qsTea/full/None/baseline/|qsDay/half/baseline/None/en-ext-1|qsPea/half/None/x-height/|qsRoe/hapax/x-height/None/en-con-1
ss05	E652:E653:E652:E653	cell	dangling-anchor-dropped	qsTea.ex-y0|qsDay.half.en-y0.ex-y0.en-ext-1|qsTea.ex-y0|qsDay.half.en-y0.ex-y0.en-ext-1	qsTea/full/None/baseline/|qsDay/half/baseline/None/en-ext-1|qsTea/full/None/baseline/|qsDay/half/baseline/None/en-ext-1
ss05	E652:E653:E652:E668	cell,seam	regrouping-floor-drift	qsTea.ex-y0|qsDay.half.en-y0.ex-y0.en-ext-1|qsTea.half.ex-y5|qsRoe.en-y5.en-con-1	qsTea/full/None/baseline/|qsDay/half/baseline/baseline/en-ext-1|qsTea/full/baseline/None/|qsRoe/hapax/None/None/
ss05	E652:E653:E653:0020	cell	boundary-echo	qsTea.ex-y0|qsDay.half.en-y0.ex-y0.en-ext-1|qsDay.half.en-y0.ex-y0|space	qsTea/full/None/baseline/|qsDay/half/baseline/baseline/en-ext-1|qsDay/half/baseline/None/|space/boundary/None/None/
ss05	E652:E653:E653:00B7	cell	dangling-anchor-dropped	qsTea.ex-y0|qsDay.half.en-y0.ex-y0.en-ext-1|qsDay.half.en-y0.ex-y0|periodcentered	qsTea/full/None/baseline/|qsDay/half/baseline/baseline/en-ext-1|qsDay/half/baseline/None/|namer-dot/boundary/None/None/
ss05	E652:E653:E653:200C	cell	boundary-echo	qsTea.ex-y0|qsDay.half.en-y0.ex-y0.en-ext-1|qsDay.half.en-y0.ex-y0|space	qsTea/full/None/baseline/|qsDay/half/baseline/baseline/en-ext-1|qsDay/half/baseline/None/|zwnj/boundary/None/None/
ss05	E652:E653:E653:E650	cell	dangling-anchor-dropped	qsTea.ex-y0|qsDay.half.en-y0.ex-y0.en-ext-1|qsDay.half.en-y0.ex-y0|qsPea	qsTea/full/None/baseline/|qsDay/half/baseline/baseline/en-ext-1|qsDay/half/baseline/None/|qsPea/full/None/None/
ss05	E652:E653:E653:E653	cell	dangling-anchor-dropped	qsTea.ex-y0|qsDay.half.en-y0.ex-y0.en-ext-1|qsDay.half.en-y0.ex-y0|qsDay.half.en-y0.ex-y0	qsTea/full/None/baseline/|qsDay/half/baseline/baseline/en-ext-1|qsDay/half/baseline/baseline/|qsDay/half/baseline/None/
ss05	E652:E653:E653:E668	cell	bare-name-live-join	qsTea.ex-y0|qsDay.half.en-y0.ex-y0.en-ext-1|qsDay.half.en-y0.ex-y0|qsRoe	qsTea/full/None/baseline/|qsDay/half/baseline/baseline/en-ext-1|qsDay/half/baseline/baseline/|qsRoe/hapax/baseline/None/
ss05	E652:E653:E668:0020	cell	boundary-echo	qsTea.ex-y0|qsDay.half.en-y0.ex-y0.en-ext-1|qsRoe|space	qsTea/full/None/baseline/|qsDay/half/baseline/baseline/en-ext-1|qsRoe/hapax/baseline/None/|space/boundary/None/None/
ss05	E652:E653:E668:00B7	cell	bare-name-live-join	qsTea.ex-y0|qsDay.half.en-y0.ex-y0.en-ext-1|qsRoe|periodcentered	qsTea/full/None/baseline/|qsDay/half/baseline/baseline/en-ext-1|qsRoe/hapax/baseline/None/|namer-dot/boundary/None/None/
ss05	E652:E653:E668:200C	cell	boundary-echo	qsTea.ex-y0|qsDay.half.en-y0.ex-y0.en-ext-1|qsRoe|space	qsTea/full/None/baseline/|qsDay/half/baseline/baseline/en-ext-1|qsRoe/hapax/baseline/None/|zwnj/boundary/None/None/
ss05	E652:E653:E668:E650	cell	bare-name-live-join	qsTea.ex-y0|qsDay.half.en-y0.ex-y0.en-ext-1|qsRoe|qsPea	qsTea/full/None/baseline/|qsDay/half/baseline/baseline/en-ext-1|qsRoe/hapax/baseline/None/|qsPea/full/None/None/
ss05	E652:E653:E668:E652	cell	bare-name-live-join	qsTea.ex-y0|qsDay.half.en-y0.ex-y0.en-ext-1|qsRoe|qsTea	qsTea/full/None/baseline/|qsDay/half/baseline/baseline/en-ext-1|qsRoe/hapax/baseline/None/|qsTea/full/None/None/
ss05	E652:E653:E668:E653	cell	bare-name-live-join	qsTea.ex-y0|qsDay.half.en-y0.ex-y0.en-ext-1|qsRoe|qsDay	qsTea/full/None/baseline/|qsDay/half/baseline/baseline/en-ext-1|qsRoe/hapax/baseline/None/|qsDay/full/None/None/
ss05	E652:E653:E668:E668	cell	bare-name-live-join	qsTea.ex-y0|qsDay.half.en-y0.ex-y0.en-ext-1|qsRoe.en-y0.ex-y5|qsRoe	qsTea/full/None/baseline/|qsDay/half/baseline/baseline/en-ext-1|qsRoe/hapax/baseline/x-height/|qsRoe/hapax/x-height/None/
ss05	E652:E653:E67A:E652	cell	dangling-anchor-dropped	qsTea.ex-y0|qsDay_qsUtter.half.en-y0.ex-y5.en-ext-1|qsTea	qsTea/full/None/baseline/|qsDay_qsUtter/half/baseline/None/en-ext-1|qsTea/full/None/None/
ss05	E652:E668:E650:E650	cell	dangling-anchor-dropped	qsTea.half.ex-y5|qsRoe.en-y5.en-con-1|qsPea.half.en-y6.ex-y6|qsPea.en-y6	qsTea/half/None/x-height/|qsRoe/hapax/x-height/None/en-con-1|qsPea/half/None/y6/|qsPea/full/y6/None/
ss05	E652:E668:E650:E653	cell	dangling-anchor-dropped	qsTea.half.ex-y5|qsRoe.en-y5.en-con-1|qsPea|qsDay.half.en-y0.ex-y0	qsTea/half/None/x-height/|qsRoe/hapax/x-height/None/en-con-1|qsPea/full/None/baseline/|qsDay/half/baseline/None/
ss05	E652:E668:E652:E653	cell	dangling-anchor-dropped	qsTea.half.ex-y5|qsRoe.en-y5.en-con-1|qsTea.ex-y0|qsDay.half.en-y0.ex-y0.en-ext-1	qsTea/half/None/x-height/|qsRoe/hapax/x-height/None/en-con-1|qsTea/full/None/baseline/|qsDay/half/baseline/None/en-ext-1
ss05	E652:E668:E653:E652	cell	bare-name-live-join	qsTea.half.ex-y5|qsRoe.en-y5.en-con-1|qsDay|qsTea.en-y0	qsTea/half/None/x-height/|qsRoe/hapax/x-height/None/en-con-1|qsDay/full/None/baseline/|qsTea/full/baseline/None/
ss05	E652:E668:E653:E653	cell	dangling-anchor-dropped	qsTea.half.ex-y5|qsRoe.en-y5.en-con-1|qsDay|qsDay.half.en-y0.ex-y0	qsTea/half/None/x-height/|qsRoe/hapax/x-height/None/en-con-1|qsDay/full/None/baseline/|qsDay/half/baseline/None/
ss05	E652:E668:E653:E668	cell	bare-name-live-join	qsTea.half.ex-y5|qsRoe.en-y5.en-con-1|qsDay|qsRoe	qsTea/half/None/x-height/|qsRoe/hapax/x-height/None/en-con-1|qsDay/full/None/baseline/|qsRoe/hapax/baseline/None/
ss05	E652:E668:E668:0020	cell	boundary-echo	qsTea.half.ex-y5|qsRoe.ex-y0|qsRoe|space	qsTea/half/None/x-height/|qsRoe/hapax/x-height/baseline/en-con-1|qsRoe/hapax/baseline/None/|space/boundary/None/None/
ss05	E652:E668:E668:00B7	cell,position	UNMATCHED	qsTea.half.ex-y5|qsRoe.ex-y0|qsRoe|periodcentered	qsTea/half/None/x-height/|qsRoe/hapax/x-height/baseline/en-con-1|qsRoe/hapax/baseline/None/|namer-dot/boundary/None/None/
ss05	E652:E668:E668:200C	cell	boundary-echo	qsTea.half.ex-y5|qsRoe.ex-y0|qsRoe|space	qsTea/half/None/x-height/|qsRoe/hapax/x-height/baseline/en-con-1|qsRoe/hapax/baseline/None/|zwnj/boundary/None/None/
ss05	E652:E668:E668:E650	cell,position	UNMATCHED	qsTea.half.ex-y5|qsRoe.ex-y0|qsRoe|qsPea	qsTea/half/None/x-height/|qsRoe/hapax/x-height/baseline/en-con-1|qsRoe/hapax/baseline/None/|qsPea/full/None/None/
ss05	E652:E668:E668:E652	cell,position	UNMATCHED	qsTea.half.ex-y5|qsRoe.ex-y0|qsRoe|qsTea	qsTea/half/None/x-height/|qsRoe/hapax/x-height/baseline/en-con-1|qsRoe/hapax/baseline/None/|qsTea/full/None/None/
ss05	E652:E668:E668:E653	cell,position	UNMATCHED	qsTea.half.ex-y5|qsRoe.ex-y0|qsRoe|qsDay	qsTea/half/None/x-height/|qsRoe/hapax/x-height/baseline/en-con-1|qsRoe/hapax/baseline/None/|qsDay/full/None/None/
ss05	E652:E668:E668:E668	cell,position	UNMATCHED	qsTea.half.ex-y5|qsRoe.ex-y0|qsRoe.en-y0.ex-y5|qsRoe	qsTea/half/None/x-height/|qsRoe/hapax/x-height/baseline/en-con-1|qsRoe/hapax/baseline/x-height/|qsRoe/hapax/x-height/None/
ss05	E653:0020:E650:E650	cell	boundary-echo	qsDay|space|qsPea.half.en-y6.ex-y6|qsPea.en-y6	qsDay/full/None/None/|space/boundary/None/None/|qsPea/half/None/y6/|qsPea/full/y6/None/
ss05	E653:0020:E650:E653	cell	boundary-echo	qsDay|space|qsPea|qsDay.half.en-y0.ex-y0	qsDay/full/None/None/|space/boundary/None/None/|qsPea/full/None/baseline/|qsDay/half/baseline/None/
ss05	E653:0020:E652:E653	cell	boundary-echo	qsDay|space|qsTea.ex-y0|qsDay.half.en-y0.ex-y0.en-ext-1	qsDay/full/None/None/|space/boundary/None/None/|qsTea/full/None/baseline/|qsDay/half/baseline/None/en-ext-1
ss05	E653:0020:E653:E652	cell	boundary-echo	qsDay|space|qsDay|qsTea.en-y0	qsDay/full/None/None/|space/boundary/None/None/|qsDay/full/None/baseline/|qsTea/full/baseline/None/
ss05	E653:0020:E653:E653	cell	boundary-echo	qsDay|space|qsDay|qsDay.half.en-y0.ex-y0	qsDay/full/None/None/|space/boundary/None/None/|qsDay/full/None/baseline/|qsDay/half/baseline/None/
ss05	E653:0020:E653:E668	cell	boundary-echo	qsDay|space|qsDay|qsRoe	qsDay/full/None/None/|space/boundary/None/None/|qsDay/full/None/baseline/|qsRoe/hapax/baseline/None/
ss05	E653:0020:E668:E668	cell	boundary-echo	qsDay|space|qsRoe.en-y0.ex-y5|qsRoe	qsDay/full/None/None/|space/boundary/None/None/|qsRoe/hapax/None/x-height/|qsRoe/hapax/x-height/None/
ss05	E653:00B7:E650:E650	cell	dangling-anchor-dropped	qsDay|periodcentered|qsPea.half.en-y6.ex-y6|qsPea.en-y6	qsDay/full/None/None/|namer-dot/boundary/None/None/|qsPea/half/None/y6/|qsPea/full/y6/None/
ss05	E653:00B7:E650:E653	cell	dangling-anchor-dropped	qsDay|periodcentered|qsPea|qsDay.half.en-y0.ex-y0	qsDay/full/None/None/|namer-dot/boundary/None/None/|qsPea/full/None/baseline/|qsDay/half/baseline/None/
ss05	E653:00B7:E652:E653	cell	dangling-anchor-dropped	qsDay|periodcentered|qsTea.ex-y0|qsDay.half.en-y0.ex-y0.en-ext-1	qsDay/full/None/None/|namer-dot/boundary/None/None/|qsTea/full/None/baseline/|qsDay/half/baseline/None/en-ext-1
ss05	E653:00B7:E653:E652	cell	bare-name-live-join	qsDay|periodcentered|qsDay|qsTea.en-y0	qsDay/full/None/None/|namer-dot/boundary/None/None/|qsDay/full/None/baseline/|qsTea/full/baseline/None/
ss05	E653:00B7:E653:E653	cell	dangling-anchor-dropped	qsDay|periodcentered|qsDay|qsDay.half.en-y0.ex-y0	qsDay/full/None/None/|namer-dot/boundary/None/None/|qsDay/full/None/baseline/|qsDay/half/baseline/None/
ss05	E653:00B7:E653:E668	cell	bare-name-live-join	qsDay|periodcentered|qsDay|qsRoe	qsDay/full/None/None/|namer-dot/boundary/None/None/|qsDay/full/None/baseline/|qsRoe/hapax/baseline/None/
ss05	E653:00B7:E668:E668	cell	dangling-anchor-dropped	qsDay|periodcentered.lowered|qsRoe.en-y0.ex-y5|qsRoe	qsDay/full/None/None/|namer-dot/boundary/None/None/|qsRoe/hapax/None/x-height/|qsRoe/hapax/x-height/None/
ss05	E653:200C:E650:E653	cell	boundary-echo	qsDay|space|qsPea.noentry|qsDay.half.en-y0.ex-y0	qsDay/full/None/None/|zwnj/boundary/None/None/|qsPea/full/None/baseline/locked|qsDay/half/baseline/None/
ss05	E653:200C:E650:E668	cell	boundary-echo	qsDay|space|qsPea.half.ex-y5.ex-dips|qsRoe.en-y5.en-con-1	qsDay/full/None/None/|zwnj/boundary/None/None/|qsPea/half/None/x-height/locked|qsRoe/hapax/x-height/None/en-con-1
ss05	E653:200C:E652:E652	cell	boundary-echo	qsDay|space|qsTea.ex-y0|qsTea	qsDay/full/None/None/|zwnj/boundary/None/None/|qsTea/full/None/None/locked|qsTea/full/None/None/
ss05	E653:200C:E652:E653	cell	boundary-echo	qsDay|space|qsTea.ex-y0|qsDay.half.en-y0.ex-y0.en-ext-1	qsDay/full/None/None/|zwnj/boundary/None/None/|qsTea/full/None/baseline/locked|qsDay/half/baseline/None/en-ext-1
ss05	E653:200C:E653:E652	cell	boundary-echo	qsDay|space|qsDay.noentry|qsTea.en-y0	qsDay/full/None/None/|zwnj/boundary/None/None/|qsDay/full/None/baseline/locked|qsTea/full/baseline/None/
ss05	E653:200C:E653:E653	cell	boundary-echo	qsDay|space|qsDay.noentry|qsDay.half.en-y0.ex-y0	qsDay/full/None/None/|zwnj/boundary/None/None/|qsDay/full/None/baseline/locked|qsDay/half/baseline/None/
ss05	E653:200C:E653:E668	cell	boundary-echo	qsDay|space|qsDay.noentry|qsRoe	qsDay/full/None/None/|zwnj/boundary/None/None/|qsDay/full/None/baseline/locked|qsRoe/hapax/baseline/None/
ss05	E653:200C:E668:E668	cell	boundary-echo	qsDay|space|qsRoe.en-y0.ex-y5.noentry|qsRoe	qsDay/full/None/None/|zwnj/boundary/None/None/|qsRoe/hapax/None/x-height/locked|qsRoe/hapax/x-height/None/
ss05	E653:E650:E650:0020	cell	boundary-echo	qsDay|qsPea.half.en-y6.ex-y6|qsPea.en-y6|space	qsDay/full/None/None/|qsPea/half/None/y6/|qsPea/full/y6/None/|space/boundary/None/None/
ss05	E653:E650:E650:00B7	cell	dangling-anchor-dropped	qsDay|qsPea.half.en-y6.ex-y6|qsPea.en-y6|periodcentered	qsDay/full/None/None/|qsPea/half/None/y6/|qsPea/full/y6/None/|namer-dot/boundary/None/None/
ss05	E653:E650:E650:200C	cell	boundary-echo	qsDay|qsPea.half.en-y6.ex-y6|qsPea.en-y6|space	qsDay/full/None/None/|qsPea/half/None/y6/|qsPea/full/y6/None/|zwnj/boundary/None/None/
ss05	E653:E650:E650:E650	cell	dangling-anchor-dropped	qsDay|qsPea.half.en-y6.ex-y6|qsPea.half.en-y6.ex-y6|qsPea.en-y6	qsDay/full/None/None/|qsPea/half/None/y6/|qsPea/half/y6/y6/|qsPea/full/y6/None/
ss05	E653:E650:E650:E652	cell	dangling-anchor-dropped	qsDay|qsPea.half.en-y6.ex-y6|qsPea.en-y6.ex-y0|qsTea	qsDay/full/None/None/|qsPea/half/None/y6/|qsPea/full/y6/None/|qsTea/full/None/None/
ss05	E653:E650:E650:E653	cell	dangling-anchor-dropped	qsDay|qsPea.half.en-y6.ex-y6|qsPea.en-y6.ex-y0|qsDay.half.en-y0.ex-y0	qsDay/full/None/None/|qsPea/half/None/y6/|qsPea/full/y6/baseline/|qsDay/half/baseline/None/
ss05	E653:E650:E650:E668	cell	dangling-anchor-dropped	qsDay|qsPea.half.en-y6.ex-y6|qsPea.half.en-y6.ex-y5.ex-dips|qsRoe.en-y5.en-con-1	qsDay/full/None/None/|qsPea/half/None/y6/|qsPea/half/y6/x-height/|qsRoe/hapax/x-height/None/en-con-1
ss05	E653:E650:E652:E653	cell	dangling-anchor-dropped	qsDay|qsPea|qsTea.ex-y0|qsDay.half.en-y0.ex-y0.en-ext-1	qsDay/full/None/None/|qsPea/full/None/None/|qsTea/full/None/baseline/|qsDay/half/baseline/None/en-ext-1
ss05	E653:E650:E653:0020	cell	boundary-echo	qsDay|qsPea|qsDay.half.en-y0.ex-y0|space	qsDay/full/None/None/|qsPea/full/None/baseline/|qsDay/half/baseline/None/|space/boundary/None/None/
ss05	E653:E650:E653:00B7	cell	dangling-anchor-dropped	qsDay|qsPea|qsDay.half.en-y0.ex-y0|periodcentered	qsDay/full/None/None/|qsPea/full/None/baseline/|qsDay/half/baseline/None/|namer-dot/boundary/None/None/
ss05	E653:E650:E653:200C	cell	boundary-echo	qsDay|qsPea|qsDay.half.en-y0.ex-y0|space	qsDay/full/None/None/|qsPea/full/None/baseline/|qsDay/half/baseline/None/|zwnj/boundary/None/None/
ss05	E653:E650:E653:E650	cell	dangling-anchor-dropped	qsDay|qsPea|qsDay.half.en-y0.ex-y0|qsPea	qsDay/full/None/None/|qsPea/full/None/baseline/|qsDay/half/baseline/None/|qsPea/full/None/None/
ss05	E653:E650:E653:E652	cell	bare-name-live-join	qsDay|qsPea|qsDay.half.en-y0.ex-y0|qsTea.en-y0	qsDay/full/None/None/|qsPea/full/None/baseline/|qsDay/half/baseline/baseline/|qsTea/full/baseline/None/
ss05	E653:E650:E653:E653	cell	dangling-anchor-dropped	qsDay|qsPea|qsDay.half.en-y0.ex-y0|qsDay.half.en-y0.ex-y0	qsDay/full/None/None/|qsPea/full/None/baseline/|qsDay/half/baseline/baseline/|qsDay/half/baseline/None/
ss05	E653:E650:E653:E668	cell	bare-name-live-join	qsDay|qsPea|qsDay.half.en-y0.ex-y0|qsRoe	qsDay/full/None/None/|qsPea/full/None/baseline/|qsDay/half/baseline/baseline/|qsRoe/hapax/baseline/None/
ss05	E653:E650:E668:E668	cell,position	bare-name-live-join	qsDay|qsPea.half.ex-y5.ex-dips|qsRoe.ex-y0|qsRoe	qsDay/full/None/None/|qsPea/half/None/x-height/|qsRoe/hapax/x-height/baseline/en-con-1|qsRoe/hapax/baseline/None/
ss05	E653:E652:0020:0020	cell	boundary-echo	qsDay|qsTea.en-y0|space|space	qsDay/full/None/baseline/|qsTea/full/baseline/None/|space/boundary/None/None/|space/boundary/None/None/
ss05	E653:E652:0020:00B7	cell	boundary-echo	qsDay|qsTea.en-y0|space|periodcentered	qsDay/full/None/baseline/|qsTea/full/baseline/None/|space/boundary/None/None/|namer-dot/boundary/None/None/
ss05	E653:E652:0020:200C	cell	boundary-echo	qsDay|qsTea.en-y0|space|space	qsDay/full/None/baseline/|qsTea/full/baseline/None/|space/boundary/None/None/|zwnj/boundary/None/None/
ss05	E653:E652:0020:E650	cell	boundary-echo	qsDay|qsTea.en-y0|space|qsPea	qsDay/full/None/baseline/|qsTea/full/baseline/None/|space/boundary/None/None/|qsPea/full/None/None/
ss05	E653:E652:0020:E652	cell	boundary-echo	qsDay|qsTea.en-y0|space|qsTea	qsDay/full/None/baseline/|qsTea/full/baseline/None/|space/boundary/None/None/|qsTea/full/None/None/
ss05	E653:E652:0020:E653	cell	boundary-echo	qsDay|qsTea.en-y0|space|qsDay	qsDay/full/None/baseline/|qsTea/full/baseline/None/|space/boundary/None/None/|qsDay/full/None/None/
ss05	E653:E652:0020:E668	cell	boundary-echo	qsDay|qsTea.en-y0|space|qsRoe	qsDay/full/None/baseline/|qsTea/full/baseline/None/|space/boundary/None/None/|qsRoe/hapax/None/None/
ss05	E653:E652:00B7:0020	cell	boundary-echo	qsDay|qsTea.en-y0|periodcentered|space	qsDay/full/None/baseline/|qsTea/full/baseline/None/|namer-dot/boundary/None/None/|space/boundary/None/None/
ss05	E653:E652:00B7:00B7	cell	bare-name-live-join	qsDay|qsTea.en-y0|periodcentered|periodcentered	qsDay/full/None/baseline/|qsTea/full/baseline/None/|namer-dot/boundary/None/None/|namer-dot/boundary/None/None/
ss05	E653:E652:00B7:200C	cell	boundary-echo	qsDay|qsTea.en-y0|periodcentered|space	qsDay/full/None/baseline/|qsTea/full/baseline/None/|namer-dot/boundary/None/None/|zwnj/boundary/None/None/
ss05	E653:E652:00B7:E650	cell	bare-name-live-join	qsDay|qsTea.en-y0|periodcentered|qsPea	qsDay/full/None/baseline/|qsTea/full/baseline/None/|namer-dot/boundary/None/None/|qsPea/full/None/None/
ss05	E653:E652:00B7:E652	cell	bare-name-live-join	qsDay|qsTea.en-y0|periodcentered|qsTea	qsDay/full/None/baseline/|qsTea/full/baseline/None/|namer-dot/boundary/None/None/|qsTea/full/None/None/
ss05	E653:E652:00B7:E653	cell	bare-name-live-join	qsDay|qsTea.en-y0|periodcentered|qsDay	qsDay/full/None/baseline/|qsTea/full/baseline/None/|namer-dot/boundary/None/None/|qsDay/full/None/None/
ss05	E653:E652:00B7:E668	cell	bare-name-live-join	qsDay|qsTea.en-y0|periodcentered.lowered|qsRoe	qsDay/full/None/baseline/|qsTea/full/baseline/None/|namer-dot/boundary/None/None/|qsRoe/hapax/None/None/
ss05	E653:E652:200C:0020	cell	boundary-echo	qsDay|qsTea.en-y0|space|space	qsDay/full/None/baseline/|qsTea/full/baseline/None/|zwnj/boundary/None/None/|space/boundary/None/None/
ss05	E653:E652:200C:00B7	cell	boundary-echo	qsDay|qsTea.en-y0|space|periodcentered	qsDay/full/None/baseline/|qsTea/full/baseline/None/|zwnj/boundary/None/None/|namer-dot/boundary/None/None/
ss05	E653:E652:200C:200C	cell	boundary-echo	qsDay|qsTea.en-y0|space|space	qsDay/full/None/baseline/|qsTea/full/baseline/None/|zwnj/boundary/None/None/|zwnj/boundary/None/None/
ss05	E653:E652:200C:E650	cell	boundary-echo	qsDay|qsTea.en-y0|space|qsPea.noentry	qsDay/full/None/baseline/|qsTea/full/baseline/None/|zwnj/boundary/None/None/|qsPea/full/None/None/locked
ss05	E653:E652:200C:E652	cell	boundary-echo	qsDay|qsTea.en-y0|space|qsTea.noentry	qsDay/full/None/baseline/|qsTea/full/baseline/None/|zwnj/boundary/None/None/|qsTea/full/None/None/locked
ss05	E653:E652:200C:E653	cell	boundary-echo	qsDay|qsTea.en-y0|space|qsDay.noentry	qsDay/full/None/baseline/|qsTea/full/baseline/None/|zwnj/boundary/None/None/|qsDay/full/None/None/locked
ss05	E653:E652:200C:E668	cell	boundary-echo	qsDay|qsTea.en-y0|space|qsRoe.noentry	qsDay/full/None/baseline/|qsTea/full/baseline/None/|zwnj/boundary/None/None/|qsRoe/hapax/None/None/locked
ss05	E653:E652:E650:0020	cell	boundary-echo	qsDay|qsTea.en-y0|qsPea|space	qsDay/full/None/baseline/|qsTea/full/baseline/None/|qsPea/full/None/None/|space/boundary/None/None/
ss05	E653:E652:E650:00B7	cell	bare-name-live-join	qsDay|qsTea.en-y0|qsPea|periodcentered	qsDay/full/None/baseline/|qsTea/full/baseline/None/|qsPea/full/None/None/|namer-dot/boundary/None/None/
ss05	E653:E652:E650:200C	cell	boundary-echo	qsDay|qsTea.en-y0|qsPea|space	qsDay/full/None/baseline/|qsTea/full/baseline/None/|qsPea/full/None/None/|zwnj/boundary/None/None/
ss05	E653:E652:E650:E650	cell	dangling-anchor-dropped	qsDay|qsTea.en-y0|qsPea.half.en-y6.ex-y6|qsPea.en-y6	qsDay/full/None/baseline/|qsTea/full/baseline/None/|qsPea/half/None/y6/|qsPea/full/y6/None/
ss05	E653:E652:E650:E652	cell	bare-name-live-join	qsDay|qsTea.en-y0|qsPea|qsTea	qsDay/full/None/baseline/|qsTea/full/baseline/None/|qsPea/full/None/None/|qsTea/full/None/None/
ss05	E653:E652:E650:E653	cell	dangling-anchor-dropped	qsDay|qsTea.en-y0|qsPea|qsDay.half.en-y0.ex-y0	qsDay/full/None/baseline/|qsTea/full/baseline/None/|qsPea/full/None/baseline/|qsDay/half/baseline/None/
ss05	E653:E652:E650:E668	cell	bare-name-live-join	qsDay|qsTea.en-y0|qsPea.half.ex-y5.ex-dips|qsRoe.en-y5.en-con-1	qsDay/full/None/baseline/|qsTea/full/baseline/None/|qsPea/half/None/x-height/|qsRoe/hapax/x-height/None/en-con-1
ss05	E653:E652:E652:0020	cell	boundary-echo	qsDay|qsTea.en-y0|qsTea|space	qsDay/full/None/baseline/|qsTea/full/baseline/None/|qsTea/full/None/None/|space/boundary/None/None/
ss05	E653:E652:E652:00B7	cell	bare-name-live-join	qsDay|qsTea.en-y0|qsTea|periodcentered	qsDay/full/None/baseline/|qsTea/full/baseline/None/|qsTea/full/None/None/|namer-dot/boundary/None/None/
ss05	E653:E652:E652:200C	cell	boundary-echo	qsDay|qsTea.en-y0|qsTea|space	qsDay/full/None/baseline/|qsTea/full/baseline/None/|qsTea/full/None/None/|zwnj/boundary/None/None/
ss05	E653:E652:E652:E650	cell	bare-name-live-join	qsDay|qsTea.en-y0|qsTea|qsPea	qsDay/full/None/baseline/|qsTea/full/baseline/None/|qsTea/full/None/None/|qsPea/full/None/None/
ss05	E653:E652:E652:E652	cell	bare-name-live-join	qsDay|qsTea.en-y0|qsTea|qsTea	qsDay/full/None/baseline/|qsTea/full/baseline/None/|qsTea/full/None/None/|qsTea/full/None/None/
ss05	E653:E652:E652:E653	cell	dangling-anchor-dropped	qsDay|qsTea.en-y0|qsTea.ex-y0|qsDay.half.en-y0.ex-y0.en-ext-1	qsDay/full/None/baseline/|qsTea/full/baseline/None/|qsTea/full/None/baseline/|qsDay/half/baseline/None/en-ext-1
ss05	E653:E652:E652:E668	cell	bare-name-live-join	qsDay|qsTea.en-y0|qsTea.half.ex-y5|qsRoe.en-y5.en-con-1	qsDay/full/None/baseline/|qsTea/full/baseline/None/|qsTea/half/None/x-height/|qsRoe/hapax/x-height/None/en-con-1
ss05	E653:E652:E653:0020	cell	boundary-echo	qsDay|qsTea.ex-y0|qsDay.half.en-y0.ex-y0.en-ext-1|space	qsDay/full/None/None/|qsTea/full/None/baseline/|qsDay/half/baseline/None/en-ext-1|space/boundary/None/None/
ss05	E653:E652:E653:00B7	cell	dangling-anchor-dropped	qsDay|qsTea.ex-y0|qsDay.half.en-y0.ex-y0.en-ext-1|periodcentered	qsDay/full/None/None/|qsTea/full/None/baseline/|qsDay/half/baseline/None/en-ext-1|namer-dot/boundary/None/None/
ss05	E653:E652:E653:200C	cell	boundary-echo	qsDay|qsTea.ex-y0|qsDay.half.en-y0.ex-y0.en-ext-1|space	qsDay/full/None/None/|qsTea/full/None/baseline/|qsDay/half/baseline/None/en-ext-1|zwnj/boundary/None/None/
ss05	E653:E652:E653:E650	cell	dangling-anchor-dropped	qsDay|qsTea.ex-y0|qsDay.half.en-y0.ex-y0.en-ext-1|qsPea	qsDay/full/None/None/|qsTea/full/None/baseline/|qsDay/half/baseline/None/en-ext-1|qsPea/full/None/None/
ss05	E653:E652:E653:E653	cell	dangling-anchor-dropped	qsDay|qsTea.ex-y0|qsDay.half.en-y0.ex-y0.en-ext-1|qsDay.half.en-y0.ex-y0	qsDay/full/None/None/|qsTea/full/None/baseline/|qsDay/half/baseline/baseline/en-ext-1|qsDay/half/baseline/None/
ss05	E653:E652:E653:E668	cell	bare-name-live-join	qsDay|qsTea.ex-y0|qsDay.half.en-y0.ex-y0.en-ext-1|qsRoe	qsDay/full/None/None/|qsTea/full/None/baseline/|qsDay/half/baseline/baseline/en-ext-1|qsRoe/hapax/baseline/None/
ss05	E653:E652:E668:0020	cell,seam	boundary-echo	qsDay|qsTea.half.ex-y5|qsRoe.en-y5.en-con-1|space	qsDay/full/None/baseline/|qsTea/full/baseline/None/|qsRoe/hapax/None/None/|space/boundary/None/None/
ss05	E653:E652:E668:00B7	cell,seam	regrouping-floor-drift	qsDay|qsTea.half.ex-y5|qsRoe.en-y5.en-con-1|periodcentered	qsDay/full/None/baseline/|qsTea/full/baseline/None/|qsRoe/hapax/None/None/|namer-dot/boundary/None/None/
ss05	E653:E652:E668:200C	cell,seam	boundary-echo	qsDay|qsTea.half.ex-y5|qsRoe.en-y5.en-con-1|space	qsDay/full/None/baseline/|qsTea/full/baseline/None/|qsRoe/hapax/None/None/|zwnj/boundary/None/None/
ss05	E653:E652:E668:E650	cell,seam	regrouping-floor-drift	qsDay|qsTea.half.ex-y5|qsRoe.en-y5.en-con-1|qsPea	qsDay/full/None/baseline/|qsTea/full/baseline/None/|qsRoe/hapax/None/None/|qsPea/full/None/None/
ss05	E653:E652:E668:E652	cell,seam	regrouping-floor-drift	qsDay|qsTea.half.ex-y5|qsRoe.en-y5.en-con-1|qsTea	qsDay/full/None/baseline/|qsTea/full/baseline/None/|qsRoe/hapax/None/None/|qsTea/full/None/None/
ss05	E653:E652:E668:E653	cell,seam	regrouping-floor-drift	qsDay|qsTea.half.ex-y5|qsRoe.en-y5.en-con-1|qsDay	qsDay/full/None/baseline/|qsTea/full/baseline/None/|qsRoe/hapax/None/None/|qsDay/full/None/None/
ss05	E653:E652:E668:E668	cell,seam	UNMATCHED	qsDay|qsTea.half.ex-y5|qsRoe.ex-y0|qsRoe	qsDay/full/None/baseline/|qsTea/full/baseline/None/|qsRoe/hapax/None/x-height/|qsRoe/hapax/x-height/None/
ss05	E653:E653:0020:0020	cell	boundary-echo	qsDay|qsDay.half.en-y0.ex-y0|space|space	qsDay/full/None/baseline/|qsDay/half/baseline/None/|space/boundary/None/None/|space/boundary/None/None/
ss05	E653:E653:0020:00B7	cell	boundary-echo	qsDay|qsDay.half.en-y0.ex-y0|space|periodcentered	qsDay/full/None/baseline/|qsDay/half/baseline/None/|space/boundary/None/None/|namer-dot/boundary/None/None/
ss05	E653:E653:0020:200C	cell	boundary-echo	qsDay|qsDay.half.en-y0.ex-y0|space|space	qsDay/full/None/baseline/|qsDay/half/baseline/None/|space/boundary/None/None/|zwnj/boundary/None/None/
ss05	E653:E653:0020:E650	cell	boundary-echo	qsDay|qsDay.half.en-y0.ex-y0|space|qsPea	qsDay/full/None/baseline/|qsDay/half/baseline/None/|space/boundary/None/None/|qsPea/full/None/None/
ss05	E653:E653:0020:E652	cell	boundary-echo	qsDay|qsDay.half.en-y0.ex-y0|space|qsTea	qsDay/full/None/baseline/|qsDay/half/baseline/None/|space/boundary/None/None/|qsTea/full/None/None/
ss05	E653:E653:0020:E653	cell	boundary-echo	qsDay|qsDay.half.en-y0.ex-y0|space|qsDay	qsDay/full/None/baseline/|qsDay/half/baseline/None/|space/boundary/None/None/|qsDay/full/None/None/
ss05	E653:E653:0020:E668	cell	boundary-echo	qsDay|qsDay.half.en-y0.ex-y0|space|qsRoe	qsDay/full/None/baseline/|qsDay/half/baseline/None/|space/boundary/None/None/|qsRoe/hapax/None/None/
ss05	E653:E653:00B7:0020	cell	boundary-echo	qsDay|qsDay.half.en-y0.ex-y0|periodcentered|space	qsDay/full/None/baseline/|qsDay/half/baseline/None/|namer-dot/boundary/None/None/|space/boundary/None/None/
ss05	E653:E653:00B7:00B7	cell	dangling-anchor-dropped	qsDay|qsDay.half.en-y0.ex-y0|periodcentered|periodcentered	qsDay/full/None/baseline/|qsDay/half/baseline/None/|namer-dot/boundary/None/None/|namer-dot/boundary/None/None/
ss05	E653:E653:00B7:200C	cell	boundary-echo	qsDay|qsDay.half.en-y0.ex-y0|periodcentered|space	qsDay/full/None/baseline/|qsDay/half/baseline/None/|namer-dot/boundary/None/None/|zwnj/boundary/None/None/
ss05	E653:E653:00B7:E650	cell	dangling-anchor-dropped	qsDay|qsDay.half.en-y0.ex-y0|periodcentered|qsPea	qsDay/full/None/baseline/|qsDay/half/baseline/None/|namer-dot/boundary/None/None/|qsPea/full/None/None/
ss05	E653:E653:00B7:E652	cell	dangling-anchor-dropped	qsDay|qsDay.half.en-y0.ex-y0|periodcentered|qsTea	qsDay/full/None/baseline/|qsDay/half/baseline/None/|namer-dot/boundary/None/None/|qsTea/full/None/None/
ss05	E653:E653:00B7:E653	cell	dangling-anchor-dropped	qsDay|qsDay.half.en-y0.ex-y0|periodcentered|qsDay	qsDay/full/None/baseline/|qsDay/half/baseline/None/|namer-dot/boundary/None/None/|qsDay/full/None/None/
ss05	E653:E653:00B7:E668	cell	dangling-anchor-dropped	qsDay|qsDay.half.en-y0.ex-y0|periodcentered.lowered|qsRoe	qsDay/full/None/baseline/|qsDay/half/baseline/None/|namer-dot/boundary/None/None/|qsRoe/hapax/None/None/
ss05	E653:E653:200C:0020	cell	boundary-echo	qsDay|qsDay.half.en-y0.ex-y0|space|space	qsDay/full/None/baseline/|qsDay/half/baseline/None/|zwnj/boundary/None/None/|space/boundary/None/None/
ss05	E653:E653:200C:00B7	cell	boundary-echo	qsDay|qsDay.half.en-y0.ex-y0|space|periodcentered	qsDay/full/None/baseline/|qsDay/half/baseline/None/|zwnj/boundary/None/None/|namer-dot/boundary/None/None/
ss05	E653:E653:200C:200C	cell	boundary-echo	qsDay|qsDay.half.en-y0.ex-y0|space|space	qsDay/full/None/baseline/|qsDay/half/baseline/None/|zwnj/boundary/None/None/|zwnj/boundary/None/None/
ss05	E653:E653:200C:E650	cell	boundary-echo	qsDay|qsDay.half.en-y0.ex-y0|space|qsPea.noentry	qsDay/full/None/baseline/|qsDay/half/baseline/None/|zwnj/boundary/None/None/|qsPea/full/None/None/locked
ss05	E653:E653:200C:E652	cell	boundary-echo	qsDay|qsDay.half.en-y0.ex-y0|space|qsTea.noentry	qsDay/full/None/baseline/|qsDay/half/baseline/None/|zwnj/boundary/None/None/|qsTea/full/None/None/locked
ss05	E653:E653:200C:E653	cell	boundary-echo	qsDay|qsDay.half.en-y0.ex-y0|space|qsDay.noentry	qsDay/full/None/baseline/|qsDay/half/baseline/None/|zwnj/boundary/None/None/|qsDay/full/None/None/locked
ss05	E653:E653:200C:E668	cell	boundary-echo	qsDay|qsDay.half.en-y0.ex-y0|space|qsRoe.noentry	qsDay/full/None/baseline/|qsDay/half/baseline/None/|zwnj/boundary/None/None/|qsRoe/hapax/None/None/locked
ss05	E653:E653:E650:0020	cell	boundary-echo	qsDay|qsDay.half.en-y0.ex-y0|qsPea|space	qsDay/full/None/baseline/|qsDay/half/baseline/None/|qsPea/full/None/None/|space/boundary/None/None/
ss05	E653:E653:E650:00B7	cell	dangling-anchor-dropped	qsDay|qsDay.half.en-y0.ex-y0|qsPea|periodcentered	qsDay/full/None/baseline/|qsDay/half/baseline/None/|qsPea/full/None/None/|namer-dot/boundary/None/None/
ss05	E653:E653:E650:200C	cell	boundary-echo	qsDay|qsDay.half.en-y0.ex-y0|qsPea|space	qsDay/full/None/baseline/|qsDay/half/baseline/None/|qsPea/full/None/None/|zwnj/boundary/None/None/
ss05	E653:E653:E650:E650	cell	dangling-anchor-dropped	qsDay|qsDay.half.en-y0.ex-y0|qsPea.half.en-y6.ex-y6|qsPea.en-y6	qsDay/full/None/baseline/|qsDay/half/baseline/None/|qsPea/half/None/y6/|qsPea/full/y6/None/
ss05	E653:E653:E650:E652	cell	dangling-anchor-dropped	qsDay|qsDay.half.en-y0.ex-y0|qsPea|qsTea	qsDay/full/None/baseline/|qsDay/half/baseline/None/|qsPea/full/None/None/|qsTea/full/None/None/
ss05	E653:E653:E650:E653	cell	dangling-anchor-dropped	qsDay|qsDay.half.en-y0.ex-y0|qsPea|qsDay.half.en-y0.ex-y0	qsDay/full/None/baseline/|qsDay/half/baseline/None/|qsPea/full/None/baseline/|qsDay/half/baseline/None/
ss05	E653:E653:E650:E668	cell	dangling-anchor-dropped	qsDay|qsDay.half.en-y0.ex-y0|qsPea.half.ex-y5.ex-dips|qsRoe.en-y5.en-con-1	qsDay/full/None/baseline/|qsDay/half/baseline/None/|qsPea/half/None/x-height/|qsRoe/hapax/x-height/None/en-con-1
ss05	E653:E653:E652:0020	cell	boundary-echo	qsDay|qsDay.half.en-y0.ex-y0|qsTea.en-y0|space	qsDay/full/None/baseline/|qsDay/half/baseline/baseline/|qsTea/full/baseline/None/|space/boundary/None/None/
ss05	E653:E653:E652:00B7	cell	bare-name-live-join	qsDay|qsDay.half.en-y0.ex-y0|qsTea.en-y0|periodcentered	qsDay/full/None/baseline/|qsDay/half/baseline/baseline/|qsTea/full/baseline/None/|namer-dot/boundary/None/None/
ss05	E653:E653:E652:200C	cell	boundary-echo	qsDay|qsDay.half.en-y0.ex-y0|qsTea.en-y0|space	qsDay/full/None/baseline/|qsDay/half/baseline/baseline/|qsTea/full/baseline/None/|zwnj/boundary/None/None/
ss05	E653:E653:E652:E650	cell	bare-name-live-join	qsDay|qsDay.half.en-y0.ex-y0|qsTea.en-y0|qsPea	qsDay/full/None/baseline/|qsDay/half/baseline/baseline/|qsTea/full/baseline/None/|qsPea/full/None/None/
ss05	E653:E653:E652:E652	cell	bare-name-live-join	qsDay|qsDay.half.en-y0.ex-y0|qsTea.en-y0|qsTea	qsDay/full/None/baseline/|qsDay/half/baseline/baseline/|qsTea/full/baseline/None/|qsTea/full/None/None/
ss05	E653:E653:E652:E653	cell	dangling-anchor-dropped	qsDay|qsDay.half.en-y0.ex-y0|qsTea.ex-y0|qsDay.half.en-y0.ex-y0.en-ext-1	qsDay/full/None/baseline/|qsDay/half/baseline/None/|qsTea/full/None/baseline/|qsDay/half/baseline/None/en-ext-1
ss05	E653:E653:E652:E668	cell,seam	regrouping-floor-drift	qsDay|qsDay.half.en-y0.ex-y0|qsTea.half.ex-y5|qsRoe.en-y5.en-con-1	qsDay/full/None/baseline/|qsDay/half/baseline/baseline/|qsTea/full/baseline/None/|qsRoe/hapax/None/None/
ss05	E653:E653:E653:0020	cell	boundary-echo	qsDay|qsDay.half.en-y0.ex-y0|qsDay.half.en-y0.ex-y0|space	qsDay/full/None/baseline/|qsDay/half/baseline/baseline/|qsDay/half/baseline/None/|space/boundary/None/None/
ss05	E653:E653:E653:00B7	cell	dangling-anchor-dropped	qsDay|qsDay.half.en-y0.ex-y0|qsDay.half.en-y0.ex-y0|periodcentered	qsDay/full/None/baseline/|qsDay/half/baseline/baseline/|qsDay/half/baseline/None/|namer-dot/boundary/None/None/
ss05	E653:E653:E653:200C	cell	boundary-echo	qsDay|qsDay.half.en-y0.ex-y0|qsDay.half.en-y0.ex-y0|space	qsDay/full/None/baseline/|qsDay/half/baseline/baseline/|qsDay/half/baseline/None/|zwnj/boundary/None/None/
ss05	E653:E653:E653:E650	cell	dangling-anchor-dropped	qsDay|qsDay.half.en-y0.ex-y0|qsDay.half.en-y0.ex-y0|qsPea	qsDay/full/None/baseline/|qsDay/half/baseline/baseline/|qsDay/half/baseline/None/|qsPea/full/None/None/
ss05	E653:E653:E653:E652	cell	bare-name-live-join	qsDay|qsDay.half.en-y0.ex-y0|qsDay.half.en-y0.ex-y0|qsTea.en-y0	qsDay/full/None/baseline/|qsDay/half/baseline/baseline/|qsDay/half/baseline/baseline/|qsTea/full/baseline/None/
ss05	E653:E653:E653:E653	cell	dangling-anchor-dropped	qsDay|qsDay.half.en-y0.ex-y0|qsDay.half.en-y0.ex-y0|qsDay.half.en-y0.ex-y0	qsDay/full/None/baseline/|qsDay/half/baseline/baseline/|qsDay/half/baseline/baseline/|qsDay/half/baseline/None/
ss05	E653:E653:E653:E668	cell	bare-name-live-join	qsDay|qsDay.half.en-y0.ex-y0|qsDay.half.en-y0.ex-y0|qsRoe	qsDay/full/None/baseline/|qsDay/half/baseline/baseline/|qsDay/half/baseline/baseline/|qsRoe/hapax/baseline/None/
ss05	E653:E653:E668:0020	cell	boundary-echo	qsDay|qsDay.half.en-y0.ex-y0|qsRoe|space	qsDay/full/None/baseline/|qsDay/half/baseline/baseline/|qsRoe/hapax/baseline/None/|space/boundary/None/None/
ss05	E653:E653:E668:00B7	cell	bare-name-live-join	qsDay|qsDay.half.en-y0.ex-y0|qsRoe|periodcentered	qsDay/full/None/baseline/|qsDay/half/baseline/baseline/|qsRoe/hapax/baseline/None/|namer-dot/boundary/None/None/
ss05	E653:E653:E668:200C	cell	boundary-echo	qsDay|qsDay.half.en-y0.ex-y0|qsRoe|space	qsDay/full/None/baseline/|qsDay/half/baseline/baseline/|qsRoe/hapax/baseline/None/|zwnj/boundary/None/None/
ss05	E653:E653:E668:E650	cell	bare-name-live-join	qsDay|qsDay.half.en-y0.ex-y0|qsRoe|qsPea	qsDay/full/None/baseline/|qsDay/half/baseline/baseline/|qsRoe/hapax/baseline/None/|qsPea/full/None/None/
ss05	E653:E653:E668:E652	cell	bare-name-live-join	qsDay|qsDay.half.en-y0.ex-y0|qsRoe|qsTea	qsDay/full/None/baseline/|qsDay/half/baseline/baseline/|qsRoe/hapax/baseline/None/|qsTea/full/None/None/
ss05	E653:E653:E668:E653	cell	bare-name-live-join	qsDay|qsDay.half.en-y0.ex-y0|qsRoe|qsDay	qsDay/full/None/baseline/|qsDay/half/baseline/baseline/|qsRoe/hapax/baseline/None/|qsDay/full/None/None/
ss05	E653:E653:E668:E668	cell	bare-name-live-join	qsDay|qsDay.half.en-y0.ex-y0|qsRoe.en-y0.ex-y5|qsRoe	qsDay/full/None/baseline/|qsDay/half/baseline/baseline/|qsRoe/hapax/baseline/x-height/|qsRoe/hapax/x-height/None/
ss05	E653:E668:0020:0020	cell	boundary-echo	qsDay|qsRoe|space|space	qsDay/full/None/baseline/|qsRoe/hapax/baseline/None/|space/boundary/None/None/|space/boundary/None/None/
ss05	E653:E668:0020:00B7	cell	boundary-echo	qsDay|qsRoe|space|periodcentered	qsDay/full/None/baseline/|qsRoe/hapax/baseline/None/|space/boundary/None/None/|namer-dot/boundary/None/None/
ss05	E653:E668:0020:200C	cell	boundary-echo	qsDay|qsRoe|space|space	qsDay/full/None/baseline/|qsRoe/hapax/baseline/None/|space/boundary/None/None/|zwnj/boundary/None/None/
ss05	E653:E668:0020:E650	cell	boundary-echo	qsDay|qsRoe|space|qsPea	qsDay/full/None/baseline/|qsRoe/hapax/baseline/None/|space/boundary/None/None/|qsPea/full/None/None/
ss05	E653:E668:0020:E652	cell	boundary-echo	qsDay|qsRoe|space|qsTea	qsDay/full/None/baseline/|qsRoe/hapax/baseline/None/|space/boundary/None/None/|qsTea/full/None/None/
ss05	E653:E668:0020:E653	cell	boundary-echo	qsDay|qsRoe|space|qsDay	qsDay/full/None/baseline/|qsRoe/hapax/baseline/None/|space/boundary/None/None/|qsDay/full/None/None/
ss05	E653:E668:0020:E668	cell	boundary-echo	qsDay|qsRoe|space|qsRoe	qsDay/full/None/baseline/|qsRoe/hapax/baseline/None/|space/boundary/None/None/|qsRoe/hapax/None/None/
ss05	E653:E668:00B7:0020	cell	boundary-echo	qsDay|qsRoe|periodcentered|space	qsDay/full/None/baseline/|qsRoe/hapax/baseline/None/|namer-dot/boundary/None/None/|space/boundary/None/None/
ss05	E653:E668:00B7:00B7	cell	bare-name-live-join	qsDay|qsRoe|periodcentered|periodcentered	qsDay/full/None/baseline/|qsRoe/hapax/baseline/None/|namer-dot/boundary/None/None/|namer-dot/boundary/None/None/
ss05	E653:E668:00B7:200C	cell	boundary-echo	qsDay|qsRoe|periodcentered|space	qsDay/full/None/baseline/|qsRoe/hapax/baseline/None/|namer-dot/boundary/None/None/|zwnj/boundary/None/None/
ss05	E653:E668:00B7:E650	cell	bare-name-live-join	qsDay|qsRoe|periodcentered|qsPea	qsDay/full/None/baseline/|qsRoe/hapax/baseline/None/|namer-dot/boundary/None/None/|qsPea/full/None/None/
ss05	E653:E668:00B7:E652	cell	bare-name-live-join	qsDay|qsRoe|periodcentered|qsTea	qsDay/full/None/baseline/|qsRoe/hapax/baseline/None/|namer-dot/boundary/None/None/|qsTea/full/None/None/
ss05	E653:E668:00B7:E653	cell	bare-name-live-join	qsDay|qsRoe|periodcentered|qsDay	qsDay/full/None/baseline/|qsRoe/hapax/baseline/None/|namer-dot/boundary/None/None/|qsDay/full/None/None/
ss05	E653:E668:00B7:E668	cell	bare-name-live-join	qsDay|qsRoe|periodcentered.lowered|qsRoe	qsDay/full/None/baseline/|qsRoe/hapax/baseline/None/|namer-dot/boundary/None/None/|qsRoe/hapax/None/None/
ss05	E653:E668:200C:0020	cell	boundary-echo	qsDay|qsRoe|space|space	qsDay/full/None/baseline/|qsRoe/hapax/baseline/None/|zwnj/boundary/None/None/|space/boundary/None/None/
ss05	E653:E668:200C:00B7	cell	boundary-echo	qsDay|qsRoe|space|periodcentered	qsDay/full/None/baseline/|qsRoe/hapax/baseline/None/|zwnj/boundary/None/None/|namer-dot/boundary/None/None/
ss05	E653:E668:200C:200C	cell	boundary-echo	qsDay|qsRoe|space|space	qsDay/full/None/baseline/|qsRoe/hapax/baseline/None/|zwnj/boundary/None/None/|zwnj/boundary/None/None/
ss05	E653:E668:200C:E650	cell	boundary-echo	qsDay|qsRoe|space|qsPea.noentry	qsDay/full/None/baseline/|qsRoe/hapax/baseline/None/|zwnj/boundary/None/None/|qsPea/full/None/None/locked
ss05	E653:E668:200C:E652	cell	boundary-echo	qsDay|qsRoe|space|qsTea.noentry	qsDay/full/None/baseline/|qsRoe/hapax/baseline/None/|zwnj/boundary/None/None/|qsTea/full/None/None/locked
ss05	E653:E668:200C:E653	cell	boundary-echo	qsDay|qsRoe|space|qsDay.noentry	qsDay/full/None/baseline/|qsRoe/hapax/baseline/None/|zwnj/boundary/None/None/|qsDay/full/None/None/locked
ss05	E653:E668:200C:E668	cell	boundary-echo	qsDay|qsRoe|space|qsRoe.noentry	qsDay/full/None/baseline/|qsRoe/hapax/baseline/None/|zwnj/boundary/None/None/|qsRoe/hapax/None/None/locked
ss05	E653:E668:E650:0020	cell	boundary-echo	qsDay|qsRoe|qsPea|space	qsDay/full/None/baseline/|qsRoe/hapax/baseline/None/|qsPea/full/None/None/|space/boundary/None/None/
ss05	E653:E668:E650:00B7	cell	bare-name-live-join	qsDay|qsRoe|qsPea|periodcentered	qsDay/full/None/baseline/|qsRoe/hapax/baseline/None/|qsPea/full/None/None/|namer-dot/boundary/None/None/
ss05	E653:E668:E650:200C	cell	boundary-echo	qsDay|qsRoe|qsPea|space	qsDay/full/None/baseline/|qsRoe/hapax/baseline/None/|qsPea/full/None/None/|zwnj/boundary/None/None/
ss05	E653:E668:E650:E650	cell	dangling-anchor-dropped	qsDay|qsRoe|qsPea.half.en-y6.ex-y6|qsPea.en-y6	qsDay/full/None/baseline/|qsRoe/hapax/baseline/None/|qsPea/half/None/y6/|qsPea/full/y6/None/
ss05	E653:E668:E650:E652	cell	bare-name-live-join	qsDay|qsRoe|qsPea|qsTea	qsDay/full/None/baseline/|qsRoe/hapax/baseline/None/|qsPea/full/None/None/|qsTea/full/None/None/
ss05	E653:E668:E650:E653	cell	dangling-anchor-dropped	qsDay|qsRoe|qsPea|qsDay.half.en-y0.ex-y0	qsDay/full/None/baseline/|qsRoe/hapax/baseline/None/|qsPea/full/None/baseline/|qsDay/half/baseline/None/
ss05	E653:E668:E650:E668	cell	bare-name-live-join	qsDay|qsRoe|qsPea.half.ex-y5.ex-dips|qsRoe.en-y5.en-con-1	qsDay/full/None/baseline/|qsRoe/hapax/baseline/None/|qsPea/half/None/x-height/|qsRoe/hapax/x-height/None/en-con-1
ss05	E653:E668:E652:0020	cell	boundary-echo	qsDay|qsRoe|qsTea|space	qsDay/full/None/baseline/|qsRoe/hapax/baseline/None/|qsTea/full/None/None/|space/boundary/None/None/
ss05	E653:E668:E652:00B7	cell	bare-name-live-join	qsDay|qsRoe|qsTea|periodcentered	qsDay/full/None/baseline/|qsRoe/hapax/baseline/None/|qsTea/full/None/None/|namer-dot/boundary/None/None/
ss05	E653:E668:E652:200C	cell	boundary-echo	qsDay|qsRoe|qsTea|space	qsDay/full/None/baseline/|qsRoe/hapax/baseline/None/|qsTea/full/None/None/|zwnj/boundary/None/None/
ss05	E653:E668:E652:E650	cell	bare-name-live-join	qsDay|qsRoe|qsTea|qsPea	qsDay/full/None/baseline/|qsRoe/hapax/baseline/None/|qsTea/full/None/None/|qsPea/full/None/None/
ss05	E653:E668:E652:E652	cell	bare-name-live-join	qsDay|qsRoe|qsTea|qsTea	qsDay/full/None/baseline/|qsRoe/hapax/baseline/None/|qsTea/full/None/None/|qsTea/full/None/None/
ss05	E653:E668:E652:E653	cell	dangling-anchor-dropped	qsDay|qsRoe|qsTea.ex-y0|qsDay.half.en-y0.ex-y0.en-ext-1	qsDay/full/None/baseline/|qsRoe/hapax/baseline/None/|qsTea/full/None/baseline/|qsDay/half/baseline/None/en-ext-1
ss05	E653:E668:E652:E668	cell	bare-name-live-join	qsDay|qsRoe|qsTea.half.ex-y5|qsRoe.en-y5.en-con-1	qsDay/full/None/baseline/|qsRoe/hapax/baseline/None/|qsTea/half/None/x-height/|qsRoe/hapax/x-height/None/en-con-1
ss05	E653:E668:E653:0020	cell	boundary-echo	qsDay|qsRoe|qsDay|space	qsDay/full/None/baseline/|qsRoe/hapax/baseline/None/|qsDay/full/None/None/|space/boundary/None/None/
ss05	E653:E668:E653:00B7	cell	bare-name-live-join	qsDay|qsRoe|qsDay|periodcentered	qsDay/full/None/baseline/|qsRoe/hapax/baseline/None/|qsDay/full/None/None/|namer-dot/boundary/None/None/
ss05	E653:E668:E653:200C	cell	boundary-echo	qsDay|qsRoe|qsDay|space	qsDay/full/None/baseline/|qsRoe/hapax/baseline/None/|qsDay/full/None/None/|zwnj/boundary/None/None/
ss05	E653:E668:E653:E650	cell	bare-name-live-join	qsDay|qsRoe|qsDay|qsPea	qsDay/full/None/baseline/|qsRoe/hapax/baseline/None/|qsDay/full/None/None/|qsPea/full/None/None/
ss05	E653:E668:E653:E652	cell	bare-name-live-join	qsDay|qsRoe|qsDay|qsTea.en-y0	qsDay/full/None/baseline/|qsRoe/hapax/baseline/None/|qsDay/full/None/baseline/|qsTea/full/baseline/None/
ss05	E653:E668:E653:E653	cell	dangling-anchor-dropped	qsDay|qsRoe|qsDay|qsDay.half.en-y0.ex-y0	qsDay/full/None/baseline/|qsRoe/hapax/baseline/None/|qsDay/full/None/baseline/|qsDay/half/baseline/None/
ss05	E653:E668:E653:E668	cell	bare-name-live-join	qsDay|qsRoe|qsDay|qsRoe	qsDay/full/None/baseline/|qsRoe/hapax/baseline/None/|qsDay/full/None/baseline/|qsRoe/hapax/baseline/None/
ss05	E653:E668:E668:0020	cell	boundary-echo	qsDay|qsRoe.en-y0.ex-y5|qsRoe|space	qsDay/full/None/baseline/|qsRoe/hapax/baseline/x-height/|qsRoe/hapax/x-height/None/|space/boundary/None/None/
ss05	E653:E668:E668:00B7	cell	bare-name-live-join	qsDay|qsRoe.en-y0.ex-y5|qsRoe|periodcentered	qsDay/full/None/baseline/|qsRoe/hapax/baseline/x-height/|qsRoe/hapax/x-height/None/|namer-dot/boundary/None/None/
ss05	E653:E668:E668:200C	cell	boundary-echo	qsDay|qsRoe.en-y0.ex-y5|qsRoe|space	qsDay/full/None/baseline/|qsRoe/hapax/baseline/x-height/|qsRoe/hapax/x-height/None/|zwnj/boundary/None/None/
ss05	E653:E668:E668:E650	cell	bare-name-live-join	qsDay|qsRoe.en-y0.ex-y5|qsRoe|qsPea	qsDay/full/None/baseline/|qsRoe/hapax/baseline/x-height/|qsRoe/hapax/x-height/None/|qsPea/full/None/None/
ss05	E653:E668:E668:E652	cell	bare-name-live-join	qsDay|qsRoe.en-y0.ex-y5|qsRoe|qsTea	qsDay/full/None/baseline/|qsRoe/hapax/baseline/x-height/|qsRoe/hapax/x-height/None/|qsTea/full/None/None/
ss05	E653:E668:E668:E653	cell	bare-name-live-join	qsDay|qsRoe.en-y0.ex-y5|qsRoe|qsDay	qsDay/full/None/baseline/|qsRoe/hapax/baseline/x-height/|qsRoe/hapax/x-height/None/|qsDay/full/None/None/
ss05	E653:E668:E668:E668	cell	bare-name-live-join	qsDay|qsRoe.en-y0.ex-y5|qsRoe.ex-y0|qsRoe	qsDay/full/None/baseline/|qsRoe/hapax/baseline/x-height/|qsRoe/hapax/x-height/baseline/|qsRoe/hapax/baseline/None/
ss05	E665:E670:E652:E679	cell,seam	pre-ligature-cleanup-regularized	qsMay|qsIt|qsTea_qsOy	qsMay/loop/None/x-height/ex-ext-1|qsIt/hapax/x-height/None/|qsTea_qsOy/hapax/None/None/
ss05	E668:0020:E650:E650	cell	boundary-echo	qsRoe|space|qsPea.half.en-y6.ex-y6|qsPea.en-y6	qsRoe/hapax/None/None/|space/boundary/None/None/|qsPea/half/None/y6/|qsPea/full/y6/None/
ss05	E668:0020:E650:E653	cell	boundary-echo	qsRoe|space|qsPea|qsDay.half.en-y0.ex-y0	qsRoe/hapax/None/None/|space/boundary/None/None/|qsPea/full/None/baseline/|qsDay/half/baseline/None/
ss05	E668:0020:E652:E653	cell	boundary-echo	qsRoe|space|qsTea.ex-y0|qsDay.half.en-y0.ex-y0.en-ext-1	qsRoe/hapax/None/None/|space/boundary/None/None/|qsTea/full/None/baseline/|qsDay/half/baseline/None/en-ext-1
ss05	E668:0020:E653:E652	cell	boundary-echo	qsRoe|space|qsDay|qsTea.en-y0	qsRoe/hapax/None/None/|space/boundary/None/None/|qsDay/full/None/baseline/|qsTea/full/baseline/None/
ss05	E668:0020:E653:E653	cell	boundary-echo	qsRoe|space|qsDay|qsDay.half.en-y0.ex-y0	qsRoe/hapax/None/None/|space/boundary/None/None/|qsDay/full/None/baseline/|qsDay/half/baseline/None/
ss05	E668:0020:E653:E668	cell	boundary-echo	qsRoe|space|qsDay|qsRoe	qsRoe/hapax/None/None/|space/boundary/None/None/|qsDay/full/None/baseline/|qsRoe/hapax/baseline/None/
ss05	E668:0020:E668:E668	cell	boundary-echo	qsRoe|space|qsRoe.en-y0.ex-y5|qsRoe	qsRoe/hapax/None/None/|space/boundary/None/None/|qsRoe/hapax/None/x-height/|qsRoe/hapax/x-height/None/
ss05	E668:00B7:E650:E650	cell	dangling-anchor-dropped	qsRoe|periodcentered|qsPea.half.en-y6.ex-y6|qsPea.en-y6	qsRoe/hapax/None/None/|namer-dot/boundary/None/None/|qsPea/half/None/y6/|qsPea/full/y6/None/
ss05	E668:00B7:E650:E653	cell	dangling-anchor-dropped	qsRoe|periodcentered|qsPea|qsDay.half.en-y0.ex-y0	qsRoe/hapax/None/None/|namer-dot/boundary/None/None/|qsPea/full/None/baseline/|qsDay/half/baseline/None/
ss05	E668:00B7:E652:E653	cell	dangling-anchor-dropped	qsRoe|periodcentered|qsTea.ex-y0|qsDay.half.en-y0.ex-y0.en-ext-1	qsRoe/hapax/None/None/|namer-dot/boundary/None/None/|qsTea/full/None/baseline/|qsDay/half/baseline/None/en-ext-1
ss05	E668:00B7:E653:E652	cell	bare-name-live-join	qsRoe|periodcentered|qsDay|qsTea.en-y0	qsRoe/hapax/None/None/|namer-dot/boundary/None/None/|qsDay/full/None/baseline/|qsTea/full/baseline/None/
ss05	E668:00B7:E653:E653	cell	dangling-anchor-dropped	qsRoe|periodcentered|qsDay|qsDay.half.en-y0.ex-y0	qsRoe/hapax/None/None/|namer-dot/boundary/None/None/|qsDay/full/None/baseline/|qsDay/half/baseline/None/
ss05	E668:00B7:E653:E668	cell	bare-name-live-join	qsRoe|periodcentered|qsDay|qsRoe	qsRoe/hapax/None/None/|namer-dot/boundary/None/None/|qsDay/full/None/baseline/|qsRoe/hapax/baseline/None/
ss05	E668:00B7:E668:E668	cell	dangling-anchor-dropped	qsRoe|periodcentered.lowered|qsRoe.en-y0.ex-y5|qsRoe	qsRoe/hapax/None/None/|namer-dot/boundary/None/None/|qsRoe/hapax/None/x-height/|qsRoe/hapax/x-height/None/
ss05	E668:200C:E650:E653	cell	boundary-echo	qsRoe|space|qsPea.noentry|qsDay.half.en-y0.ex-y0	qsRoe/hapax/None/None/|zwnj/boundary/None/None/|qsPea/full/None/baseline/locked|qsDay/half/baseline/None/
ss05	E668:200C:E650:E668	cell	boundary-echo	qsRoe|space|qsPea.half.ex-y5.ex-dips|qsRoe.en-y5.en-con-1	qsRoe/hapax/None/None/|zwnj/boundary/None/None/|qsPea/half/None/x-height/locked|qsRoe/hapax/x-height/None/en-con-1
ss05	E668:200C:E652:E652	cell	boundary-echo	qsRoe|space|qsTea.ex-y0|qsTea	qsRoe/hapax/None/None/|zwnj/boundary/None/None/|qsTea/full/None/None/locked|qsTea/full/None/None/
ss05	E668:200C:E652:E653	cell	boundary-echo	qsRoe|space|qsTea.ex-y0|qsDay.half.en-y0.ex-y0.en-ext-1	qsRoe/hapax/None/None/|zwnj/boundary/None/None/|qsTea/full/None/baseline/locked|qsDay/half/baseline/None/en-ext-1
ss05	E668:200C:E653:E652	cell	boundary-echo	qsRoe|space|qsDay.noentry|qsTea.en-y0	qsRoe/hapax/None/None/|zwnj/boundary/None/None/|qsDay/full/None/baseline/locked|qsTea/full/baseline/None/
ss05	E668:200C:E653:E653	cell	boundary-echo	qsRoe|space|qsDay.noentry|qsDay.half.en-y0.ex-y0	qsRoe/hapax/None/None/|zwnj/boundary/None/None/|qsDay/full/None/baseline/locked|qsDay/half/baseline/None/
ss05	E668:200C:E653:E668	cell	boundary-echo	qsRoe|space|qsDay.noentry|qsRoe	qsRoe/hapax/None/None/|zwnj/boundary/None/None/|qsDay/full/None/baseline/locked|qsRoe/hapax/baseline/None/
ss05	E668:200C:E668:E668	cell	boundary-echo	qsRoe|space|qsRoe.en-y0.ex-y5.noentry|qsRoe	qsRoe/hapax/None/None/|zwnj/boundary/None/None/|qsRoe/hapax/None/x-height/locked|qsRoe/hapax/x-height/None/
ss05	E668:E650:E650:0020	cell	boundary-echo	qsRoe|qsPea.half.en-y6.ex-y6|qsPea.en-y6|space	qsRoe/hapax/None/None/|qsPea/half/None/y6/|qsPea/full/y6/None/|space/boundary/None/None/
ss05	E668:E650:E650:00B7	cell	dangling-anchor-dropped	qsRoe|qsPea.half.en-y6.ex-y6|qsPea.en-y6|periodcentered	qsRoe/hapax/None/None/|qsPea/half/None/y6/|qsPea/full/y6/None/|namer-dot/boundary/None/None/
ss05	E668:E650:E650:200C	cell	boundary-echo	qsRoe|qsPea.half.en-y6.ex-y6|qsPea.en-y6|space	qsRoe/hapax/None/None/|qsPea/half/None/y6/|qsPea/full/y6/None/|zwnj/boundary/None/None/
ss05	E668:E650:E650:E650	cell	dangling-anchor-dropped	qsRoe|qsPea.half.en-y6.ex-y6|qsPea.half.en-y6.ex-y6|qsPea.en-y6	qsRoe/hapax/None/None/|qsPea/half/None/y6/|qsPea/half/y6/y6/|qsPea/full/y6/None/
ss05	E668:E650:E650:E652	cell	dangling-anchor-dropped	qsRoe|qsPea.half.en-y6.ex-y6|qsPea.en-y6.ex-y0|qsTea	qsRoe/hapax/None/None/|qsPea/half/None/y6/|qsPea/full/y6/None/|qsTea/full/None/None/
ss05	E668:E650:E650:E653	cell	dangling-anchor-dropped	qsRoe|qsPea.half.en-y6.ex-y6|qsPea.en-y6.ex-y0|qsDay.half.en-y0.ex-y0	qsRoe/hapax/None/None/|qsPea/half/None/y6/|qsPea/full/y6/baseline/|qsDay/half/baseline/None/
ss05	E668:E650:E650:E668	cell	dangling-anchor-dropped	qsRoe|qsPea.half.en-y6.ex-y6|qsPea.half.en-y6.ex-y5.ex-dips|qsRoe.en-y5.en-con-1	qsRoe/hapax/None/None/|qsPea/half/None/y6/|qsPea/half/y6/x-height/|qsRoe/hapax/x-height/None/en-con-1
ss05	E668:E650:E652:E653	cell	dangling-anchor-dropped	qsRoe|qsPea|qsTea.ex-y0|qsDay.half.en-y0.ex-y0.en-ext-1	qsRoe/hapax/None/None/|qsPea/full/None/None/|qsTea/full/None/baseline/|qsDay/half/baseline/None/en-ext-1
ss05	E668:E650:E653:0020	cell	boundary-echo	qsRoe|qsPea|qsDay.half.en-y0.ex-y0|space	qsRoe/hapax/None/None/|qsPea/full/None/baseline/|qsDay/half/baseline/None/|space/boundary/None/None/
ss05	E668:E650:E653:00B7	cell	dangling-anchor-dropped	qsRoe|qsPea|qsDay.half.en-y0.ex-y0|periodcentered	qsRoe/hapax/None/None/|qsPea/full/None/baseline/|qsDay/half/baseline/None/|namer-dot/boundary/None/None/
ss05	E668:E650:E653:200C	cell	boundary-echo	qsRoe|qsPea|qsDay.half.en-y0.ex-y0|space	qsRoe/hapax/None/None/|qsPea/full/None/baseline/|qsDay/half/baseline/None/|zwnj/boundary/None/None/
ss05	E668:E650:E653:E650	cell	dangling-anchor-dropped	qsRoe|qsPea|qsDay.half.en-y0.ex-y0|qsPea	qsRoe/hapax/None/None/|qsPea/full/None/baseline/|qsDay/half/baseline/None/|qsPea/full/None/None/
ss05	E668:E650:E653:E652	cell	bare-name-live-join	qsRoe|qsPea|qsDay.half.en-y0.ex-y0|qsTea.en-y0	qsRoe/hapax/None/None/|qsPea/full/None/baseline/|qsDay/half/baseline/baseline/|qsTea/full/baseline/None/
ss05	E668:E650:E653:E653	cell	dangling-anchor-dropped	qsRoe|qsPea|qsDay.half.en-y0.ex-y0|qsDay.half.en-y0.ex-y0	qsRoe/hapax/None/None/|qsPea/full/None/baseline/|qsDay/half/baseline/baseline/|qsDay/half/baseline/None/
ss05	E668:E650:E653:E668	cell	bare-name-live-join	qsRoe|qsPea|qsDay.half.en-y0.ex-y0|qsRoe	qsRoe/hapax/None/None/|qsPea/full/None/baseline/|qsDay/half/baseline/baseline/|qsRoe/hapax/baseline/None/
ss05	E668:E650:E668:E668	cell,position	bare-name-live-join	qsRoe|qsPea.half.ex-y5.ex-dips|qsRoe.ex-y0|qsRoe	qsRoe/hapax/None/None/|qsPea/half/None/x-height/|qsRoe/hapax/x-height/baseline/en-con-1|qsRoe/hapax/baseline/None/
ss05	E668:E652:E650:E650	cell	dangling-anchor-dropped	qsRoe|qsTea|qsPea.half.en-y6.ex-y6|qsPea.en-y6	qsRoe/hapax/None/None/|qsTea/full/None/None/|qsPea/half/None/y6/|qsPea/full/y6/None/
ss05	E668:E652:E650:E653	cell	dangling-anchor-dropped	qsRoe|qsTea|qsPea|qsDay.half.en-y0.ex-y0	qsRoe/hapax/None/None/|qsTea/full/None/None/|qsPea/full/None/baseline/|qsDay/half/baseline/None/
ss05	E668:E652:E652:E653	cell	dangling-anchor-dropped	qsRoe|qsTea|qsTea.ex-y0|qsDay.half.en-y0.ex-y0.en-ext-1	qsRoe/hapax/None/None/|qsTea/full/None/None/|qsTea/full/None/baseline/|qsDay/half/baseline/None/en-ext-1
ss05	E668:E652:E653:0020	cell	boundary-echo	qsRoe|qsTea.ex-y0|qsDay.half.en-y0.ex-y0.en-ext-1|space	qsRoe/hapax/None/None/|qsTea/full/None/baseline/|qsDay/half/baseline/None/en-ext-1|space/boundary/None/None/
ss05	E668:E652:E653:00B7	cell	dangling-anchor-dropped	qsRoe|qsTea.ex-y0|qsDay.half.en-y0.ex-y0.en-ext-1|periodcentered	qsRoe/hapax/None/None/|qsTea/full/None/baseline/|qsDay/half/baseline/None/en-ext-1|namer-dot/boundary/None/None/
ss05	E668:E652:E653:200C	cell	boundary-echo	qsRoe|qsTea.ex-y0|qsDay.half.en-y0.ex-y0.en-ext-1|space	qsRoe/hapax/None/None/|qsTea/full/None/baseline/|qsDay/half/baseline/None/en-ext-1|zwnj/boundary/None/None/
ss05	E668:E652:E653:E650	cell	dangling-anchor-dropped	qsRoe|qsTea.ex-y0|qsDay.half.en-y0.ex-y0.en-ext-1|qsPea	qsRoe/hapax/None/None/|qsTea/full/None/baseline/|qsDay/half/baseline/None/en-ext-1|qsPea/full/None/None/
ss05	E668:E652:E653:E653	cell	dangling-anchor-dropped	qsRoe|qsTea.ex-y0|qsDay.half.en-y0.ex-y0.en-ext-1|qsDay.half.en-y0.ex-y0	qsRoe/hapax/None/None/|qsTea/full/None/baseline/|qsDay/half/baseline/baseline/en-ext-1|qsDay/half/baseline/None/
ss05	E668:E652:E653:E668	cell	bare-name-live-join	qsRoe|qsTea.ex-y0|qsDay.half.en-y0.ex-y0.en-ext-1|qsRoe	qsRoe/hapax/None/None/|qsTea/full/None/baseline/|qsDay/half/baseline/baseline/en-ext-1|qsRoe/hapax/baseline/None/
ss05	E668:E652:E668:E668	cell,position	UNMATCHED	qsRoe|qsTea.half.ex-y5|qsRoe.ex-y0|qsRoe	qsRoe/hapax/None/None/|qsTea/half/None/x-height/|qsRoe/hapax/x-height/baseline/en-con-1|qsRoe/hapax/baseline/None/
ss05	E668:E653:E650:E650	cell	dangling-anchor-dropped	qsRoe|qsDay|qsPea.half.en-y6.ex-y6|qsPea.en-y6	qsRoe/hapax/None/None/|qsDay/full/None/None/|qsPea/half/None/y6/|qsPea/full/y6/None/
ss05	E668:E653:E650:E653	cell	dangling-anchor-dropped	qsRoe|qsDay|qsPea|qsDay.half.en-y0.ex-y0	qsRoe/hapax/None/None/|qsDay/full/None/None/|qsPea/full/None/baseline/|qsDay/half/baseline/None/
ss05	E668:E653:E652:0020	cell	boundary-echo	qsRoe|qsDay|qsTea.en-y0|space	qsRoe/hapax/None/None/|qsDay/full/None/baseline/|qsTea/full/baseline/None/|space/boundary/None/None/
ss05	E668:E653:E652:00B7	cell	bare-name-live-join	qsRoe|qsDay|qsTea.en-y0|periodcentered	qsRoe/hapax/None/None/|qsDay/full/None/baseline/|qsTea/full/baseline/None/|namer-dot/boundary/None/None/
ss05	E668:E653:E652:200C	cell	boundary-echo	qsRoe|qsDay|qsTea.en-y0|space	qsRoe/hapax/None/None/|qsDay/full/None/baseline/|qsTea/full/baseline/None/|zwnj/boundary/None/None/
ss05	E668:E653:E652:E650	cell	bare-name-live-join	qsRoe|qsDay|qsTea.en-y0|qsPea	qsRoe/hapax/None/None/|qsDay/full/None/baseline/|qsTea/full/baseline/None/|qsPea/full/None/None/
ss05	E668:E653:E652:E652	cell	bare-name-live-join	qsRoe|qsDay|qsTea.en-y0|qsTea	qsRoe/hapax/None/None/|qsDay/full/None/baseline/|qsTea/full/baseline/None/|qsTea/full/None/None/
ss05	E668:E653:E652:E653	cell	dangling-anchor-dropped	qsRoe|qsDay|qsTea.ex-y0|qsDay.half.en-y0.ex-y0.en-ext-1	qsRoe/hapax/None/None/|qsDay/full/None/None/|qsTea/full/None/baseline/|qsDay/half/baseline/None/en-ext-1
ss05	E668:E653:E652:E668	cell,seam	regrouping-floor-drift	qsRoe|qsDay|qsTea.half.ex-y5|qsRoe.en-y5.en-con-1	qsRoe/hapax/None/None/|qsDay/full/None/baseline/|qsTea/full/baseline/None/|qsRoe/hapax/None/None/
ss05	E668:E653:E653:0020	cell	boundary-echo	qsRoe|qsDay|qsDay.half.en-y0.ex-y0|space	qsRoe/hapax/None/None/|qsDay/full/None/baseline/|qsDay/half/baseline/None/|space/boundary/None/None/
ss05	E668:E653:E653:00B7	cell	dangling-anchor-dropped	qsRoe|qsDay|qsDay.half.en-y0.ex-y0|periodcentered	qsRoe/hapax/None/None/|qsDay/full/None/baseline/|qsDay/half/baseline/None/|namer-dot/boundary/None/None/
ss05	E668:E653:E653:200C	cell	boundary-echo	qsRoe|qsDay|qsDay.half.en-y0.ex-y0|space	qsRoe/hapax/None/None/|qsDay/full/None/baseline/|qsDay/half/baseline/None/|zwnj/boundary/None/None/
ss05	E668:E653:E653:E650	cell	dangling-anchor-dropped	qsRoe|qsDay|qsDay.half.en-y0.ex-y0|qsPea	qsRoe/hapax/None/None/|qsDay/full/None/baseline/|qsDay/half/baseline/None/|qsPea/full/None/None/
ss05	E668:E653:E653:E652	cell	bare-name-live-join	qsRoe|qsDay|qsDay.half.en-y0.ex-y0|qsTea.en-y0	qsRoe/hapax/None/None/|qsDay/full/None/baseline/|qsDay/half/baseline/baseline/|qsTea/full/baseline/None/
ss05	E668:E653:E653:E653	cell	dangling-anchor-dropped	qsRoe|qsDay|qsDay.half.en-y0.ex-y0|qsDay.half.en-y0.ex-y0	qsRoe/hapax/None/None/|qsDay/full/None/baseline/|qsDay/half/baseline/baseline/|qsDay/half/baseline/None/
ss05	E668:E653:E653:E668	cell	bare-name-live-join	qsRoe|qsDay|qsDay.half.en-y0.ex-y0|qsRoe	qsRoe/hapax/None/None/|qsDay/full/None/baseline/|qsDay/half/baseline/baseline/|qsRoe/hapax/baseline/None/
ss05	E668:E653:E668:0020	cell	boundary-echo	qsRoe|qsDay|qsRoe|space	qsRoe/hapax/None/None/|qsDay/full/None/baseline/|qsRoe/hapax/baseline/None/|space/boundary/None/None/
ss05	E668:E653:E668:00B7	cell	bare-name-live-join	qsRoe|qsDay|qsRoe|periodcentered	qsRoe/hapax/None/None/|qsDay/full/None/baseline/|qsRoe/hapax/baseline/None/|namer-dot/boundary/None/None/
ss05	E668:E653:E668:200C	cell	boundary-echo	qsRoe|qsDay|qsRoe|space	qsRoe/hapax/None/None/|qsDay/full/None/baseline/|qsRoe/hapax/baseline/None/|zwnj/boundary/None/None/
ss05	E668:E653:E668:E650	cell	bare-name-live-join	qsRoe|qsDay|qsRoe|qsPea	qsRoe/hapax/None/None/|qsDay/full/None/baseline/|qsRoe/hapax/baseline/None/|qsPea/full/None/None/
ss05	E668:E653:E668:E652	cell	bare-name-live-join	qsRoe|qsDay|qsRoe|qsTea	qsRoe/hapax/None/None/|qsDay/full/None/baseline/|qsRoe/hapax/baseline/None/|qsTea/full/None/None/
ss05	E668:E653:E668:E653	cell	bare-name-live-join	qsRoe|qsDay|qsRoe|qsDay	qsRoe/hapax/None/None/|qsDay/full/None/baseline/|qsRoe/hapax/baseline/None/|qsDay/full/None/None/
ss05	E668:E653:E668:E668	cell	bare-name-live-join	qsRoe|qsDay|qsRoe.en-y0.ex-y5|qsRoe	qsRoe/hapax/None/None/|qsDay/full/None/baseline/|qsRoe/hapax/baseline/x-height/|qsRoe/hapax/x-height/None/
ss05	E668:E668:0020:0020	cell	boundary-echo	qsRoe.en-y0.ex-y5|qsRoe|space|space	qsRoe/hapax/None/x-height/|qsRoe/hapax/x-height/None/|space/boundary/None/None/|space/boundary/None/None/
ss05	E668:E668:0020:00B7	cell	boundary-echo	qsRoe.en-y0.ex-y5|qsRoe|space|periodcentered	qsRoe/hapax/None/x-height/|qsRoe/hapax/x-height/None/|space/boundary/None/None/|namer-dot/boundary/None/None/
ss05	E668:E668:0020:200C	cell	boundary-echo	qsRoe.en-y0.ex-y5|qsRoe|space|space	qsRoe/hapax/None/x-height/|qsRoe/hapax/x-height/None/|space/boundary/None/None/|zwnj/boundary/None/None/
ss05	E668:E668:0020:E650	cell	boundary-echo	qsRoe.en-y0.ex-y5|qsRoe|space|qsPea	qsRoe/hapax/None/x-height/|qsRoe/hapax/x-height/None/|space/boundary/None/None/|qsPea/full/None/None/
ss05	E668:E668:0020:E652	cell	boundary-echo	qsRoe.en-y0.ex-y5|qsRoe|space|qsTea	qsRoe/hapax/None/x-height/|qsRoe/hapax/x-height/None/|space/boundary/None/None/|qsTea/full/None/None/
ss05	E668:E668:0020:E653	cell	boundary-echo	qsRoe.en-y0.ex-y5|qsRoe|space|qsDay	qsRoe/hapax/None/x-height/|qsRoe/hapax/x-height/None/|space/boundary/None/None/|qsDay/full/None/None/
ss05	E668:E668:0020:E668	cell	boundary-echo	qsRoe.en-y0.ex-y5|qsRoe|space|qsRoe	qsRoe/hapax/None/x-height/|qsRoe/hapax/x-height/None/|space/boundary/None/None/|qsRoe/hapax/None/None/
ss05	E668:E668:00B7:0020	cell	boundary-echo	qsRoe.en-y0.ex-y5|qsRoe|periodcentered|space	qsRoe/hapax/None/x-height/|qsRoe/hapax/x-height/None/|namer-dot/boundary/None/None/|space/boundary/None/None/
ss05	E668:E668:00B7:00B7	cell	dangling-anchor-dropped	qsRoe.en-y0.ex-y5|qsRoe|periodcentered|periodcentered	qsRoe/hapax/None/x-height/|qsRoe/hapax/x-height/None/|namer-dot/boundary/None/None/|namer-dot/boundary/None/None/
ss05	E668:E668:00B7:200C	cell	boundary-echo	qsRoe.en-y0.ex-y5|qsRoe|periodcentered|space	qsRoe/hapax/None/x-height/|qsRoe/hapax/x-height/None/|namer-dot/boundary/None/None/|zwnj/boundary/None/None/
ss05	E668:E668:00B7:E650	cell	dangling-anchor-dropped	qsRoe.en-y0.ex-y5|qsRoe|periodcentered|qsPea	qsRoe/hapax/None/x-height/|qsRoe/hapax/x-height/None/|namer-dot/boundary/None/None/|qsPea/full/None/None/
ss05	E668:E668:00B7:E652	cell	dangling-anchor-dropped	qsRoe.en-y0.ex-y5|qsRoe|periodcentered|qsTea	qsRoe/hapax/None/x-height/|qsRoe/hapax/x-height/None/|namer-dot/boundary/None/None/|qsTea/full/None/None/
ss05	E668:E668:00B7:E653	cell	dangling-anchor-dropped	qsRoe.en-y0.ex-y5|qsRoe|periodcentered|qsDay	qsRoe/hapax/None/x-height/|qsRoe/hapax/x-height/None/|namer-dot/boundary/None/None/|qsDay/full/None/None/
ss05	E668:E668:00B7:E668	cell	dangling-anchor-dropped	qsRoe.en-y0.ex-y5|qsRoe|periodcentered.lowered|qsRoe	qsRoe/hapax/None/x-height/|qsRoe/hapax/x-height/None/|namer-dot/boundary/None/None/|qsRoe/hapax/None/None/
ss05	E668:E668:200C:0020	cell	boundary-echo	qsRoe.en-y0.ex-y5|qsRoe|space|space	qsRoe/hapax/None/x-height/|qsRoe/hapax/x-height/None/|zwnj/boundary/None/None/|space/boundary/None/None/
ss05	E668:E668:200C:00B7	cell	boundary-echo	qsRoe.en-y0.ex-y5|qsRoe|space|periodcentered	qsRoe/hapax/None/x-height/|qsRoe/hapax/x-height/None/|zwnj/boundary/None/None/|namer-dot/boundary/None/None/
ss05	E668:E668:200C:200C	cell	boundary-echo	qsRoe.en-y0.ex-y5|qsRoe|space|space	qsRoe/hapax/None/x-height/|qsRoe/hapax/x-height/None/|zwnj/boundary/None/None/|zwnj/boundary/None/None/
ss05	E668:E668:200C:E650	cell	boundary-echo	qsRoe.en-y0.ex-y5|qsRoe|space|qsPea.noentry	qsRoe/hapax/None/x-height/|qsRoe/hapax/x-height/None/|zwnj/boundary/None/None/|qsPea/full/None/None/locked
ss05	E668:E668:200C:E652	cell	boundary-echo	qsRoe.en-y0.ex-y5|qsRoe|space|qsTea.noentry	qsRoe/hapax/None/x-height/|qsRoe/hapax/x-height/None/|zwnj/boundary/None/None/|qsTea/full/None/None/locked
ss05	E668:E668:200C:E653	cell	boundary-echo	qsRoe.en-y0.ex-y5|qsRoe|space|qsDay.noentry	qsRoe/hapax/None/x-height/|qsRoe/hapax/x-height/None/|zwnj/boundary/None/None/|qsDay/full/None/None/locked
ss05	E668:E668:200C:E668	cell	boundary-echo	qsRoe.en-y0.ex-y5|qsRoe|space|qsRoe.noentry	qsRoe/hapax/None/x-height/|qsRoe/hapax/x-height/None/|zwnj/boundary/None/None/|qsRoe/hapax/None/None/locked
ss05	E668:E668:E650:0020	cell	boundary-echo	qsRoe.en-y0.ex-y5|qsRoe|qsPea|space	qsRoe/hapax/None/x-height/|qsRoe/hapax/x-height/None/|qsPea/full/None/None/|space/boundary/None/None/
ss05	E668:E668:E650:00B7	cell	dangling-anchor-dropped	qsRoe.en-y0.ex-y5|qsRoe|qsPea|periodcentered	qsRoe/hapax/None/x-height/|qsRoe/hapax/x-height/None/|qsPea/full/None/None/|namer-dot/boundary/None/None/
ss05	E668:E668:E650:200C	cell	boundary-echo	qsRoe.en-y0.ex-y5|qsRoe|qsPea|space	qsRoe/hapax/None/x-height/|qsRoe/hapax/x-height/None/|qsPea/full/None/None/|zwnj/boundary/None/None/
ss05	E668:E668:E650:E650	cell	dangling-anchor-dropped	qsRoe.en-y0.ex-y5|qsRoe|qsPea.half.en-y6.ex-y6|qsPea.en-y6	qsRoe/hapax/None/x-height/|qsRoe/hapax/x-height/None/|qsPea/half/None/y6/|qsPea/full/y6/None/
ss05	E668:E668:E650:E652	cell	dangling-anchor-dropped	qsRoe.en-y0.ex-y5|qsRoe|qsPea|qsTea	qsRoe/hapax/None/x-height/|qsRoe/hapax/x-height/None/|qsPea/full/None/None/|qsTea/full/None/None/
ss05	E668:E668:E650:E653	cell	dangling-anchor-dropped	qsRoe.en-y0.ex-y5|qsRoe|qsPea|qsDay.half.en-y0.ex-y0	qsRoe/hapax/None/x-height/|qsRoe/hapax/x-height/None/|qsPea/full/None/baseline/|qsDay/half/baseline/None/
ss05	E668:E668:E650:E668	cell	dangling-anchor-dropped	qsRoe.en-y0.ex-y5|qsRoe|qsPea.half.ex-y5.ex-dips|qsRoe.en-y5.en-con-1	qsRoe/hapax/None/x-height/|qsRoe/hapax/x-height/None/|qsPea/half/None/x-height/|qsRoe/hapax/x-height/None/en-con-1
ss05	E668:E668:E652:0020	cell	boundary-echo	qsRoe.en-y0.ex-y5|qsRoe|qsTea|space	qsRoe/hapax/None/x-height/|qsRoe/hapax/x-height/None/|qsTea/full/None/None/|space/boundary/None/None/
ss05	E668:E668:E652:00B7	cell	dangling-anchor-dropped	qsRoe.en-y0.ex-y5|qsRoe|qsTea|periodcentered	qsRoe/hapax/None/x-height/|qsRoe/hapax/x-height/None/|qsTea/full/None/None/|namer-dot/boundary/None/None/
ss05	E668:E668:E652:200C	cell	boundary-echo	qsRoe.en-y0.ex-y5|qsRoe|qsTea|space	qsRoe/hapax/None/x-height/|qsRoe/hapax/x-height/None/|qsTea/full/None/None/|zwnj/boundary/None/None/
ss05	E668:E668:E652:E650	cell	dangling-anchor-dropped	qsRoe.en-y0.ex-y5|qsRoe|qsTea|qsPea	qsRoe/hapax/None/x-height/|qsRoe/hapax/x-height/None/|qsTea/full/None/None/|qsPea/full/None/None/
ss05	E668:E668:E652:E652	cell	dangling-anchor-dropped	qsRoe.en-y0.ex-y5|qsRoe|qsTea|qsTea	qsRoe/hapax/None/x-height/|qsRoe/hapax/x-height/None/|qsTea/full/None/None/|qsTea/full/None/None/
ss05	E668:E668:E652:E653	cell	dangling-anchor-dropped	qsRoe.en-y0.ex-y5|qsRoe|qsTea.ex-y0|qsDay.half.en-y0.ex-y0.en-ext-1	qsRoe/hapax/None/x-height/|qsRoe/hapax/x-height/None/|qsTea/full/None/baseline/|qsDay/half/baseline/None/en-ext-1
ss05	E668:E668:E652:E668	cell	dangling-anchor-dropped	qsRoe.en-y0.ex-y5|qsRoe|qsTea.half.ex-y5|qsRoe.en-y5.en-con-1	qsRoe/hapax/None/x-height/|qsRoe/hapax/x-height/None/|qsTea/half/None/x-height/|qsRoe/hapax/x-height/None/en-con-1
ss05	E668:E668:E653:0020	cell	boundary-echo	qsRoe.en-y0.ex-y5|qsRoe|qsDay|space	qsRoe/hapax/None/x-height/|qsRoe/hapax/x-height/None/|qsDay/full/None/None/|space/boundary/None/None/
ss05	E668:E668:E653:00B7	cell	dangling-anchor-dropped	qsRoe.en-y0.ex-y5|qsRoe|qsDay|periodcentered	qsRoe/hapax/None/x-height/|qsRoe/hapax/x-height/None/|qsDay/full/None/None/|namer-dot/boundary/None/None/
ss05	E668:E668:E653:200C	cell	boundary-echo	qsRoe.en-y0.ex-y5|qsRoe|qsDay|space	qsRoe/hapax/None/x-height/|qsRoe/hapax/x-height/None/|qsDay/full/None/None/|zwnj/boundary/None/None/
ss05	E668:E668:E653:E650	cell	dangling-anchor-dropped	qsRoe.en-y0.ex-y5|qsRoe|qsDay|qsPea	qsRoe/hapax/None/x-height/|qsRoe/hapax/x-height/None/|qsDay/full/None/None/|qsPea/full/None/None/
ss05	E668:E668:E653:E652	cell	dangling-anchor-dropped	qsRoe.en-y0.ex-y5|qsRoe|qsDay|qsTea.en-y0	qsRoe/hapax/None/x-height/|qsRoe/hapax/x-height/None/|qsDay/full/None/baseline/|qsTea/full/baseline/None/
ss05	E668:E668:E653:E653	cell	dangling-anchor-dropped	qsRoe.en-y0.ex-y5|qsRoe|qsDay|qsDay.half.en-y0.ex-y0	qsRoe/hapax/None/x-height/|qsRoe/hapax/x-height/None/|qsDay/full/None/baseline/|qsDay/half/baseline/None/
ss05	E668:E668:E653:E668	cell	dangling-anchor-dropped	qsRoe.en-y0.ex-y5|qsRoe|qsDay|qsRoe	qsRoe/hapax/None/x-height/|qsRoe/hapax/x-height/None/|qsDay/full/None/baseline/|qsRoe/hapax/baseline/None/
ss05	E668:E668:E668:0020	cell	boundary-echo	qsRoe.en-y0.ex-y5|qsRoe.ex-y0|qsRoe|space	qsRoe/hapax/None/x-height/|qsRoe/hapax/x-height/baseline/|qsRoe/hapax/baseline/None/|space/boundary/None/None/
ss05	E668:E668:E668:00B7	cell	dangling-anchor-dropped	qsRoe.en-y0.ex-y5|qsRoe.ex-y0|qsRoe|periodcentered	qsRoe/hapax/None/x-height/|qsRoe/hapax/x-height/baseline/|qsRoe/hapax/baseline/None/|namer-dot/boundary/None/None/
ss05	E668:E668:E668:200C	cell	boundary-echo	qsRoe.en-y0.ex-y5|qsRoe.ex-y0|qsRoe|space	qsRoe/hapax/None/x-height/|qsRoe/hapax/x-height/baseline/|qsRoe/hapax/baseline/None/|zwnj/boundary/None/None/
ss05	E668:E668:E668:E650	cell	dangling-anchor-dropped	qsRoe.en-y0.ex-y5|qsRoe.ex-y0|qsRoe|qsPea	qsRoe/hapax/None/x-height/|qsRoe/hapax/x-height/baseline/|qsRoe/hapax/baseline/None/|qsPea/full/None/None/
ss05	E668:E668:E668:E652	cell	dangling-anchor-dropped	qsRoe.en-y0.ex-y5|qsRoe.ex-y0|qsRoe|qsTea	qsRoe/hapax/None/x-height/|qsRoe/hapax/x-height/baseline/|qsRoe/hapax/baseline/None/|qsTea/full/None/None/
ss05	E668:E668:E668:E653	cell	dangling-anchor-dropped	qsRoe.en-y0.ex-y5|qsRoe.ex-y0|qsRoe|qsDay	qsRoe/hapax/None/x-height/|qsRoe/hapax/x-height/baseline/|qsRoe/hapax/baseline/None/|qsDay/full/None/None/
ss05	E668:E668:E668:E668	cell	dangling-anchor-dropped	qsRoe.en-y0.ex-y5|qsRoe.ex-y0|qsRoe.en-y0.ex-y5|qsRoe	qsRoe/hapax/None/x-height/|qsRoe/hapax/x-height/baseline/|qsRoe/hapax/baseline/x-height/|qsRoe/hapax/x-height/None/
ss05	E670:E67A:E670:E665	cell	same-seam-extension-non-summing	qsIt.ex-y0.before-utter|qsUtter|qsIt.en-y5.ex-y0.ex-ext-1|qsMay.en-y0.ex-y5.en-ext-1	qsIt/hapax/None/baseline/|qsUtter/mono/baseline/x-height/|qsIt/hapax/x-height/baseline/|qsMay/loop/baseline/None/
ss03+ss05	E650:E650	cell	dangling-anchor-dropped	qsPea.half.en-y6.ex-y6|qsPea.en-y6	qsPea/half/None/y6/|qsPea/full/y6/None/
ss03+ss05	E650:E653	cell	dangling-anchor-dropped	qsPea|qsDay.half.en-y0.ex-y0	qsPea/full/None/baseline/|qsDay/half/baseline/None/
ss03+ss05	E652:E653	cell	dangling-anchor-dropped	qsTea.ex-y0|qsDay.half.en-y0.ex-y0.en-ext-1	qsTea/full/None/baseline/|qsDay/half/baseline/None/en-ext-1
ss03+ss05	E652:E670	cell	dangling-anchor-dropped	qsTea.half.ex-y5|qsIt.en-y5.ex-y0	qsTea/half/None/x-height/|qsIt/hapax/x-height/None/
ss03+ss05	E653:E652	cell	bare-name-live-join	qsDay|qsTea.en-y0	qsDay/full/None/baseline/|qsTea/full/baseline/None/
ss03+ss05	E653:E653	cell	dangling-anchor-dropped	qsDay|qsDay.half.en-y0.ex-y0	qsDay/full/None/baseline/|qsDay/half/baseline/None/
ss03+ss05	E653:E668	cell	bare-name-live-join	qsDay|qsRoe	qsDay/full/None/baseline/|qsRoe/hapax/baseline/None/
ss03+ss05	E658:E666	cell	bare-name-live-join	qsFee.ex-y5.before-utter.ex-ext-1|qsNo	qsFee/loop/None/x-height/ex-ext-1|qsNo/loop/x-height/None/
ss03+ss05	E668:E668	cell	dangling-anchor-dropped	qsRoe.en-y0.ex-y5|qsRoe	qsRoe/hapax/None/x-height/|qsRoe/hapax/x-height/None/
ss03+ss05	E670:E670	cell	dangling-anchor-dropped	qsIt.ex-y5|qsIt	qsIt/hapax/None/None/|qsIt/hapax/None/None/
ss03+ss05	E67B:E652	ligation	ss03-out-tea-ligature-kept	qsOut.en-y0.ex-y5.ex-ext-1|qsTea.half.en-y5.after-xheight-exit	qsOut_qsTea/hapax/None/None/
ss03+ss05	0020:E650:E650	cell	boundary-echo	space|qsPea.half.en-y6.ex-y6|qsPea.en-y6	space/boundary/None/None/|qsPea/half/None/y6/|qsPea/full/y6/None/
ss03+ss05	0020:E650:E653	cell	boundary-echo	space|qsPea|qsDay.half.en-y0.ex-y0	space/boundary/None/None/|qsPea/full/None/baseline/|qsDay/half/baseline/None/
ss03+ss05	0020:E652:E653	cell	boundary-echo	space|qsTea.ex-y0|qsDay.half.en-y0.ex-y0.en-ext-1	space/boundary/None/None/|qsTea/full/None/baseline/|qsDay/half/baseline/None/en-ext-1
ss03+ss05	0020:E653:E652	cell	boundary-echo	space|qsDay|qsTea.en-y0	space/boundary/None/None/|qsDay/full/None/baseline/|qsTea/full/baseline/None/
ss03+ss05	0020:E653:E653	cell	boundary-echo	space|qsDay|qsDay.half.en-y0.ex-y0	space/boundary/None/None/|qsDay/full/None/baseline/|qsDay/half/baseline/None/
ss03+ss05	0020:E653:E668	cell	boundary-echo	space|qsDay|qsRoe	space/boundary/None/None/|qsDay/full/None/baseline/|qsRoe/hapax/baseline/None/
ss03+ss05	0020:E668:E668	cell	boundary-echo	space|qsRoe.en-y0.ex-y5|qsRoe	space/boundary/None/None/|qsRoe/hapax/None/x-height/|qsRoe/hapax/x-height/None/
ss03+ss05	00B7:E650:E650	cell	dangling-anchor-dropped	periodcentered|qsPea.half.en-y6.ex-y6|qsPea.en-y6	namer-dot/boundary/None/None/|qsPea/half/None/y6/|qsPea/full/y6/None/
ss03+ss05	00B7:E650:E653	cell	dangling-anchor-dropped	periodcentered|qsPea|qsDay.half.en-y0.ex-y0	namer-dot/boundary/None/None/|qsPea/full/None/baseline/|qsDay/half/baseline/None/
ss03+ss05	00B7:E652:E653	cell	dangling-anchor-dropped	periodcentered|qsTea.ex-y0|qsDay.half.en-y0.ex-y0.en-ext-1	namer-dot/boundary/None/None/|qsTea/full/None/baseline/|qsDay/half/baseline/None/en-ext-1
ss03+ss05	00B7:E653:E652	cell	bare-name-live-join	periodcentered|qsDay|qsTea.en-y0	namer-dot/boundary/None/None/|qsDay/full/None/baseline/|qsTea/full/baseline/None/
ss03+ss05	00B7:E653:E653	cell	dangling-anchor-dropped	periodcentered|qsDay|qsDay.half.en-y0.ex-y0	namer-dot/boundary/None/None/|qsDay/full/None/baseline/|qsDay/half/baseline/None/
ss03+ss05	00B7:E653:E668	cell	bare-name-live-join	periodcentered|qsDay|qsRoe	namer-dot/boundary/None/None/|qsDay/full/None/baseline/|qsRoe/hapax/baseline/None/
ss03+ss05	00B7:E668:E668	cell	dangling-anchor-dropped	periodcentered.lowered|qsRoe.en-y0.ex-y5|qsRoe	namer-dot/boundary/None/None/|qsRoe/hapax/None/x-height/|qsRoe/hapax/x-height/None/
ss03+ss05	200C:E650:E653	cell	boundary-echo	space|qsPea.noentry|qsDay.half.en-y0.ex-y0	zwnj/boundary/None/None/|qsPea/full/None/baseline/locked|qsDay/half/baseline/None/
ss03+ss05	200C:E650:E668	cell	boundary-echo	space|qsPea.half.ex-y5.ex-dips|qsRoe.en-y5.en-con-1	zwnj/boundary/None/None/|qsPea/half/None/x-height/locked|qsRoe/hapax/x-height/None/en-con-1
ss03+ss05	200C:E652:E652	cell	boundary-echo	space|qsTea.ex-y0|qsTea	zwnj/boundary/None/None/|qsTea/full/None/None/locked|qsTea/full/None/None/
ss03+ss05	200C:E652:E653	cell	boundary-echo	space|qsTea.ex-y0|qsDay.half.en-y0.ex-y0.en-ext-1	zwnj/boundary/None/None/|qsTea/full/None/baseline/locked|qsDay/half/baseline/None/en-ext-1
ss03+ss05	200C:E652:E679	ligation	boundary-echo	space|qsTea.noentry|qsOy	zwnj/boundary/None/None/|qsTea_qsOy/hapax/None/None/
ss03+ss05	200C:E653:E652	cell	boundary-echo	space|qsDay.noentry|qsTea.en-y0	zwnj/boundary/None/None/|qsDay/full/None/baseline/locked|qsTea/full/baseline/None/
ss03+ss05	200C:E653:E653	cell	boundary-echo	space|qsDay.noentry|qsDay.half.en-y0.ex-y0	zwnj/boundary/None/None/|qsDay/full/None/baseline/locked|qsDay/half/baseline/None/
ss03+ss05	200C:E653:E668	cell	boundary-echo	space|qsDay.noentry|qsRoe	zwnj/boundary/None/None/|qsDay/full/None/baseline/locked|qsRoe/hapax/baseline/None/
ss03+ss05	200C:E668:E668	cell	boundary-echo	space|qsRoe.en-y0.ex-y5.noentry|qsRoe	zwnj/boundary/None/None/|qsRoe/hapax/None/x-height/locked|qsRoe/hapax/x-height/None/
ss03+ss05	E650:E650:0020	cell	boundary-echo	qsPea.half.en-y6.ex-y6|qsPea.en-y6|space	qsPea/half/None/y6/|qsPea/full/y6/None/|space/boundary/None/None/
ss03+ss05	E650:E650:00B7	cell	dangling-anchor-dropped	qsPea.half.en-y6.ex-y6|qsPea.en-y6|periodcentered	qsPea/half/None/y6/|qsPea/full/y6/None/|namer-dot/boundary/None/None/
ss03+ss05	E650:E650:200C	cell	boundary-echo	qsPea.half.en-y6.ex-y6|qsPea.en-y6|space	qsPea/half/None/y6/|qsPea/full/y6/None/|zwnj/boundary/None/None/
ss03+ss05	E650:E650:E650	cell	dangling-anchor-dropped	qsPea.half.en-y6.ex-y6|qsPea.half.en-y6.ex-y6|qsPea.en-y6	qsPea/half/None/y6/|qsPea/half/y6/y6/|qsPea/full/y6/None/
ss03+ss05	E650:E650:E652	cell	dangling-anchor-dropped	qsPea.half.en-y6.ex-y6|qsPea.en-y6.ex-y0|qsTea	qsPea/half/None/y6/|qsPea/full/y6/None/|qsTea/full/None/None/
ss03+ss05	E650:E650:E653	cell	dangling-anchor-dropped	qsPea.half.en-y6.ex-y6|qsPea.en-y6.ex-y0|qsDay.half.en-y0.ex-y0	qsPea/half/None/y6/|qsPea/full/y6/baseline/|qsDay/half/baseline/None/
ss03+ss05	E650:E650:E668	cell	dangling-anchor-dropped	qsPea.half.en-y6.ex-y6|qsPea.half.en-y6.ex-y5.ex-dips|qsRoe.en-y5.en-con-1	qsPea/half/None/y6/|qsPea/half/y6/x-height/|qsRoe/hapax/x-height/None/en-con-1
ss03+ss05	E650:E650:E67A	cell,seam	pea-chain-regularized	qsPea.half.en-y6.ex-y6|qsPea.en-y6|qsUtter	qsPea/half/None/y6/|qsPea/full/y6/baseline/|qsUtter/mono/baseline/None/
ss03+ss05	E650:E652:E653	cell	dangling-anchor-dropped	qsPea|qsTea.ex-y0|qsDay.half.en-y0.ex-y0.en-ext-1	qsPea/full/None/None/|qsTea/full/None/baseline/|qsDay/half/baseline/None/en-ext-1
ss03+ss05	E650:E653:0020	cell	boundary-echo	qsPea|qsDay.half.en-y0.ex-y0|space	qsPea/full/None/baseline/|qsDay/half/baseline/None/|space/boundary/None/None/
ss03+ss05	E650:E653:00B7	cell	dangling-anchor-dropped	qsPea|qsDay.half.en-y0.ex-y0|periodcentered	qsPea/full/None/baseline/|qsDay/half/baseline/None/|namer-dot/boundary/None/None/
ss03+ss05	E650:E653:200C	cell	boundary-echo	qsPea|qsDay.half.en-y0.ex-y0|space	qsPea/full/None/baseline/|qsDay/half/baseline/None/|zwnj/boundary/None/None/
ss03+ss05	E650:E653:E650	cell	dangling-anchor-dropped	qsPea|qsDay.half.en-y0.ex-y0|qsPea	qsPea/full/None/baseline/|qsDay/half/baseline/None/|qsPea/full/None/None/
ss03+ss05	E650:E653:E652	cell	bare-name-live-join	qsPea|qsDay.half.en-y0.ex-y0|qsTea.en-y0	qsPea/full/None/baseline/|qsDay/half/baseline/baseline/|qsTea/full/baseline/None/
ss03+ss05	E650:E653:E653	cell	dangling-anchor-dropped	qsPea|qsDay.half.en-y0.ex-y0|qsDay.half.en-y0.ex-y0	qsPea/full/None/baseline/|qsDay/half/baseline/baseline/|qsDay/half/baseline/None/
ss03+ss05	E650:E653:E668	cell	bare-name-live-join	qsPea|qsDay.half.en-y0.ex-y0|qsRoe	qsPea/full/None/baseline/|qsDay/half/baseline/baseline/|qsRoe/hapax/baseline/None/
ss03+ss05	E650:E668:E668	cell,position	UNMATCHED	qsPea.half.ex-y5.ex-dips|qsRoe.ex-y0|qsRoe	qsPea/half/None/x-height/|qsRoe/hapax/x-height/baseline/en-con-1|qsRoe/hapax/baseline/None/
ss03+ss05	E650:E670:E65D	cell,seam	regrouping-floor-drift	qsPea.half.ex-y5.ex-dips|qsIt.en-y5.ex-y0|qsJai	qsPea/full/None/None/|qsIt/hapax/None/x-height/ex-ext-1|qsJai/hapax/x-height/None/
ss03+ss05	E652:E650:E650	cell	dangling-anchor-dropped	qsTea|qsPea.half.en-y6.ex-y6|qsPea.en-y6	qsTea/full/None/None/|qsPea/half/None/y6/|qsPea/full/y6/None/
ss03+ss05	E652:E650:E653	cell	dangling-anchor-dropped	qsTea|qsPea|qsDay.half.en-y0.ex-y0	qsTea/full/None/None/|qsPea/full/None/baseline/|qsDay/half/baseline/None/
ss03+ss05	E652:E652:E653	cell	dangling-anchor-dropped	qsTea|qsTea.ex-y0|qsDay.half.en-y0.ex-y0.en-ext-1	qsTea/full/None/None/|qsTea/full/None/baseline/|qsDay/half/baseline/None/en-ext-1
ss03+ss05	E652:E653:0020	cell	boundary-echo	qsTea.ex-y0|qsDay.half.en-y0.ex-y0.en-ext-1|space	qsTea/full/None/baseline/|qsDay/half/baseline/None/en-ext-1|space/boundary/None/None/
ss03+ss05	E652:E653:00B7	cell	dangling-anchor-dropped	qsTea.ex-y0|qsDay.half.en-y0.ex-y0.en-ext-1|periodcentered	qsTea/full/None/baseline/|qsDay/half/baseline/None/en-ext-1|namer-dot/boundary/None/None/
ss03+ss05	E652:E653:200C	cell	boundary-echo	qsTea.ex-y0|qsDay.half.en-y0.ex-y0.en-ext-1|space	qsTea/full/None/baseline/|qsDay/half/baseline/None/en-ext-1|zwnj/boundary/None/None/
ss03+ss05	E652:E653:E650	cell	dangling-anchor-dropped	qsTea.ex-y0|qsDay.half.en-y0.ex-y0.en-ext-1|qsPea	qsTea/full/None/baseline/|qsDay/half/baseline/None/en-ext-1|qsPea/full/None/None/
ss03+ss05	E652:E653:E653	cell	dangling-anchor-dropped	qsTea.ex-y0|qsDay.half.en-y0.ex-y0.en-ext-1|qsDay.half.en-y0.ex-y0	qsTea/full/None/baseline/|qsDay/half/baseline/baseline/en-ext-1|qsDay/half/baseline/None/
ss03+ss05	E652:E653:E668	cell	bare-name-live-join	qsTea.ex-y0|qsDay.half.en-y0.ex-y0.en-ext-1|qsRoe	qsTea/full/None/baseline/|qsDay/half/baseline/baseline/en-ext-1|qsRoe/hapax/baseline/None/
ss03+ss05	E652:E668:E668	cell,position	UNMATCHED	qsTea.half.ex-y5|qsRoe.ex-y0|qsRoe	qsTea/half/None/x-height/|qsRoe/hapax/x-height/baseline/en-con-1|qsRoe/hapax/baseline/None/
ss03+ss05	E653:E650:E650	cell	dangling-anchor-dropped	qsDay|qsPea.half.en-y6.ex-y6|qsPea.en-y6	qsDay/full/None/None/|qsPea/half/None/y6/|qsPea/full/y6/None/
ss03+ss05	E653:E650:E653	cell	dangling-anchor-dropped	qsDay|qsPea|qsDay.half.en-y0.ex-y0	qsDay/full/None/None/|qsPea/full/None/baseline/|qsDay/half/baseline/None/
ss03+ss05	E653:E652:0020	cell	boundary-echo	qsDay|qsTea.en-y0|space	qsDay/full/None/baseline/|qsTea/full/baseline/None/|space/boundary/None/None/
ss03+ss05	E653:E652:00B7	cell	bare-name-live-join	qsDay|qsTea.en-y0|periodcentered	qsDay/full/None/baseline/|qsTea/full/baseline/None/|namer-dot/boundary/None/None/
ss03+ss05	E653:E652:200C	cell	boundary-echo	qsDay|qsTea.en-y0|space	qsDay/full/None/baseline/|qsTea/full/baseline/None/|zwnj/boundary/None/None/
ss03+ss05	E653:E652:E650	cell	bare-name-live-join	qsDay|qsTea.en-y0|qsPea	qsDay/full/None/baseline/|qsTea/full/baseline/None/|qsPea/full/None/None/
ss03+ss05	E653:E652:E652	cell	bare-name-live-join	qsDay|qsTea.en-y0|qsTea	qsDay/full/None/baseline/|qsTea/full/baseline/None/|qsTea/full/None/None/
ss03+ss05	E653:E652:E653	cell	dangling-anchor-dropped	qsDay|qsTea.ex-y0|qsDay.half.en-y0.ex-y0.en-ext-1	qsDay/full/None/None/|qsTea/full/None/baseline/|qsDay/half/baseline/None/en-ext-1
ss03+ss05	E653:E652:E668	cell,seam	regrouping-floor-drift	qsDay|qsTea.half.ex-y5|qsRoe.en-y5.en-con-1	qsDay/full/None/baseline/|qsTea/full/baseline/None/|qsRoe/hapax/None/None/
ss03+ss05	E653:E653:0020	cell	boundary-echo	qsDay|qsDay.half.en-y0.ex-y0|space	qsDay/full/None/baseline/|qsDay/half/baseline/None/|space/boundary/None/None/
ss03+ss05	E653:E653:00B7	cell	dangling-anchor-dropped	qsDay|qsDay.half.en-y0.ex-y0|periodcentered	qsDay/full/None/baseline/|qsDay/half/baseline/None/|namer-dot/boundary/None/None/
ss03+ss05	E653:E653:200C	cell	boundary-echo	qsDay|qsDay.half.en-y0.ex-y0|space	qsDay/full/None/baseline/|qsDay/half/baseline/None/|zwnj/boundary/None/None/
ss03+ss05	E653:E653:E650	cell	dangling-anchor-dropped	qsDay|qsDay.half.en-y0.ex-y0|qsPea	qsDay/full/None/baseline/|qsDay/half/baseline/None/|qsPea/full/None/None/
ss03+ss05	E653:E653:E652	cell	bare-name-live-join	qsDay|qsDay.half.en-y0.ex-y0|qsTea.en-y0	qsDay/full/None/baseline/|qsDay/half/baseline/baseline/|qsTea/full/baseline/None/
ss03+ss05	E653:E653:E653	cell	dangling-anchor-dropped	qsDay|qsDay.half.en-y0.ex-y0|qsDay.half.en-y0.ex-y0	qsDay/full/None/baseline/|qsDay/half/baseline/baseline/|qsDay/half/baseline/None/
ss03+ss05	E653:E653:E668	cell	bare-name-live-join	qsDay|qsDay.half.en-y0.ex-y0|qsRoe	qsDay/full/None/baseline/|qsDay/half/baseline/baseline/|qsRoe/hapax/baseline/None/
ss03+ss05	E653:E668:0020	cell	boundary-echo	qsDay|qsRoe|space	qsDay/full/None/baseline/|qsRoe/hapax/baseline/None/|space/boundary/None/None/
ss03+ss05	E653:E668:00B7	cell	bare-name-live-join	qsDay|qsRoe|periodcentered	qsDay/full/None/baseline/|qsRoe/hapax/baseline/None/|namer-dot/boundary/None/None/
ss03+ss05	E653:E668:200C	cell	boundary-echo	qsDay|qsRoe|space	qsDay/full/None/baseline/|qsRoe/hapax/baseline/None/|zwnj/boundary/None/None/
ss03+ss05	E653:E668:E650	cell	bare-name-live-join	qsDay|qsRoe|qsPea	qsDay/full/None/baseline/|qsRoe/hapax/baseline/None/|qsPea/full/None/None/
ss03+ss05	E653:E668:E652	cell	bare-name-live-join	qsDay|qsRoe|qsTea	qsDay/full/None/baseline/|qsRoe/hapax/baseline/None/|qsTea/full/None/None/
ss03+ss05	E653:E668:E653	cell	bare-name-live-join	qsDay|qsRoe|qsDay	qsDay/full/None/baseline/|qsRoe/hapax/baseline/None/|qsDay/full/None/None/
ss03+ss05	E653:E668:E668	cell	bare-name-live-join	qsDay|qsRoe.en-y0.ex-y5|qsRoe	qsDay/full/None/baseline/|qsRoe/hapax/baseline/x-height/|qsRoe/hapax/x-height/None/
ss03+ss05	E665:E666:E666	cell	bare-name-live-join	qsMay|qsNo|qsNo	qsMay/loop/None/x-height/|qsNo/loop/x-height/x-height/|qsNo/loop/x-height/None/
ss03+ss05	E668:E650:E650	cell	dangling-anchor-dropped	qsRoe|qsPea.half.en-y6.ex-y6|qsPea.en-y6	qsRoe/hapax/None/None/|qsPea/half/None/y6/|qsPea/full/y6/None/
ss03+ss05	E668:E650:E653	cell	dangling-anchor-dropped	qsRoe|qsPea|qsDay.half.en-y0.ex-y0	qsRoe/hapax/None/None/|qsPea/full/None/baseline/|qsDay/half/baseline/None/
ss03+ss05	E668:E652:E653	cell	dangling-anchor-dropped	qsRoe|qsTea.ex-y0|qsDay.half.en-y0.ex-y0.en-ext-1	qsRoe/hapax/None/None/|qsTea/full/None/baseline/|qsDay/half/baseline/None/en-ext-1
ss03+ss05	E668:E653:E652	cell	bare-name-live-join	qsRoe|qsDay|qsTea.en-y0	qsRoe/hapax/None/None/|qsDay/full/None/baseline/|qsTea/full/baseline/None/
ss03+ss05	E668:E653:E653	cell	dangling-anchor-dropped	qsRoe|qsDay|qsDay.half.en-y0.ex-y0	qsRoe/hapax/None/None/|qsDay/full/None/baseline/|qsDay/half/baseline/None/
ss03+ss05	E668:E653:E668	cell	bare-name-live-join	qsRoe|qsDay|qsRoe	qsRoe/hapax/None/None/|qsDay/full/None/baseline/|qsRoe/hapax/baseline/None/
ss03+ss05	E668:E668:0020	cell	boundary-echo	qsRoe.en-y0.ex-y5|qsRoe|space	qsRoe/hapax/None/x-height/|qsRoe/hapax/x-height/None/|space/boundary/None/None/
ss03+ss05	E668:E668:00B7	cell	dangling-anchor-dropped	qsRoe.en-y0.ex-y5|qsRoe|periodcentered	qsRoe/hapax/None/x-height/|qsRoe/hapax/x-height/None/|namer-dot/boundary/None/None/
ss03+ss05	E668:E668:200C	cell	boundary-echo	qsRoe.en-y0.ex-y5|qsRoe|space	qsRoe/hapax/None/x-height/|qsRoe/hapax/x-height/None/|zwnj/boundary/None/None/
ss03+ss05	E668:E668:E650	cell	dangling-anchor-dropped	qsRoe.en-y0.ex-y5|qsRoe|qsPea	qsRoe/hapax/None/x-height/|qsRoe/hapax/x-height/None/|qsPea/full/None/None/
ss03+ss05	E668:E668:E652	cell	dangling-anchor-dropped	qsRoe.en-y0.ex-y5|qsRoe|qsTea	qsRoe/hapax/None/x-height/|qsRoe/hapax/x-height/None/|qsTea/full/None/None/
ss03+ss05	E668:E668:E653	cell	dangling-anchor-dropped	qsRoe.en-y0.ex-y5|qsRoe|qsDay	qsRoe/hapax/None/x-height/|qsRoe/hapax/x-height/None/|qsDay/full/None/None/
ss03+ss05	E668:E668:E668	cell	dangling-anchor-dropped	qsRoe.en-y0.ex-y5|qsRoe.ex-y0|qsRoe	qsRoe/hapax/None/x-height/|qsRoe/hapax/x-height/baseline/|qsRoe/hapax/baseline/None/
ss03+ss05	0020:0020:E650:E650	cell	boundary-echo	space|space|qsPea.half.en-y6.ex-y6|qsPea.en-y6	space/boundary/None/None/|space/boundary/None/None/|qsPea/half/None/y6/|qsPea/full/y6/None/
ss03+ss05	0020:0020:E650:E653	cell	boundary-echo	space|space|qsPea|qsDay.half.en-y0.ex-y0	space/boundary/None/None/|space/boundary/None/None/|qsPea/full/None/baseline/|qsDay/half/baseline/None/
ss03+ss05	0020:0020:E652:E653	cell	boundary-echo	space|space|qsTea.ex-y0|qsDay.half.en-y0.ex-y0.en-ext-1	space/boundary/None/None/|space/boundary/None/None/|qsTea/full/None/baseline/|qsDay/half/baseline/None/en-ext-1
ss03+ss05	0020:0020:E653:E652	cell	boundary-echo	space|space|qsDay|qsTea.en-y0	space/boundary/None/None/|space/boundary/None/None/|qsDay/full/None/baseline/|qsTea/full/baseline/None/
ss03+ss05	0020:0020:E653:E653	cell	boundary-echo	space|space|qsDay|qsDay.half.en-y0.ex-y0	space/boundary/None/None/|space/boundary/None/None/|qsDay/full/None/baseline/|qsDay/half/baseline/None/
ss03+ss05	0020:0020:E653:E668	cell	boundary-echo	space|space|qsDay|qsRoe	space/boundary/None/None/|space/boundary/None/None/|qsDay/full/None/baseline/|qsRoe/hapax/baseline/None/
ss03+ss05	0020:0020:E668:E668	cell	boundary-echo	space|space|qsRoe.en-y0.ex-y5|qsRoe	space/boundary/None/None/|space/boundary/None/None/|qsRoe/hapax/None/x-height/|qsRoe/hapax/x-height/None/
ss03+ss05	0020:00B7:E650:E650	cell	boundary-echo	space|periodcentered|qsPea.half.en-y6.ex-y6|qsPea.en-y6	space/boundary/None/None/|namer-dot/boundary/None/None/|qsPea/half/None/y6/|qsPea/full/y6/None/
ss03+ss05	0020:00B7:E650:E653	cell	boundary-echo	space|periodcentered|qsPea|qsDay.half.en-y0.ex-y0	space/boundary/None/None/|namer-dot/boundary/None/None/|qsPea/full/None/baseline/|qsDay/half/baseline/None/
ss03+ss05	0020:00B7:E652:E653	cell	boundary-echo	space|periodcentered|qsTea.ex-y0|qsDay.half.en-y0.ex-y0.en-ext-1	space/boundary/None/None/|namer-dot/boundary/None/None/|qsTea/full/None/baseline/|qsDay/half/baseline/None/en-ext-1
ss03+ss05	0020:00B7:E653:E652	cell	boundary-echo	space|periodcentered|qsDay|qsTea.en-y0	space/boundary/None/None/|namer-dot/boundary/None/None/|qsDay/full/None/baseline/|qsTea/full/baseline/None/
ss03+ss05	0020:00B7:E653:E653	cell	boundary-echo	space|periodcentered|qsDay|qsDay.half.en-y0.ex-y0	space/boundary/None/None/|namer-dot/boundary/None/None/|qsDay/full/None/baseline/|qsDay/half/baseline/None/
ss03+ss05	0020:00B7:E653:E668	cell	boundary-echo	space|periodcentered|qsDay|qsRoe	space/boundary/None/None/|namer-dot/boundary/None/None/|qsDay/full/None/baseline/|qsRoe/hapax/baseline/None/
ss03+ss05	0020:00B7:E668:E668	cell	boundary-echo	space|periodcentered.lowered|qsRoe.en-y0.ex-y5|qsRoe	space/boundary/None/None/|namer-dot/boundary/None/None/|qsRoe/hapax/None/x-height/|qsRoe/hapax/x-height/None/
ss03+ss05	0020:200C:E650:E653	cell	boundary-echo	space|space|qsPea.noentry|qsDay.half.en-y0.ex-y0	space/boundary/None/None/|zwnj/boundary/None/None/|qsPea/full/None/baseline/locked|qsDay/half/baseline/None/
ss03+ss05	0020:200C:E650:E668	cell	boundary-echo	space|space|qsPea.half.ex-y5.ex-dips|qsRoe.en-y5.en-con-1	space/boundary/None/None/|zwnj/boundary/None/None/|qsPea/half/None/x-height/locked|qsRoe/hapax/x-height/None/en-con-1
ss03+ss05	0020:200C:E652:E652	cell	boundary-echo	space|space|qsTea.ex-y0|qsTea	space/boundary/None/None/|zwnj/boundary/None/None/|qsTea/full/None/None/locked|qsTea/full/None/None/
ss03+ss05	0020:200C:E652:E653	cell	boundary-echo	space|space|qsTea.ex-y0|qsDay.half.en-y0.ex-y0.en-ext-1	space/boundary/None/None/|zwnj/boundary/None/None/|qsTea/full/None/baseline/locked|qsDay/half/baseline/None/en-ext-1
ss03+ss05	0020:200C:E653:E652	cell	boundary-echo	space|space|qsDay.noentry|qsTea.en-y0	space/boundary/None/None/|zwnj/boundary/None/None/|qsDay/full/None/baseline/locked|qsTea/full/baseline/None/
ss03+ss05	0020:200C:E653:E653	cell	boundary-echo	space|space|qsDay.noentry|qsDay.half.en-y0.ex-y0	space/boundary/None/None/|zwnj/boundary/None/None/|qsDay/full/None/baseline/locked|qsDay/half/baseline/None/
ss03+ss05	0020:200C:E653:E668	cell	boundary-echo	space|space|qsDay.noentry|qsRoe	space/boundary/None/None/|zwnj/boundary/None/None/|qsDay/full/None/baseline/locked|qsRoe/hapax/baseline/None/
ss03+ss05	0020:200C:E668:E668	cell	boundary-echo	space|space|qsRoe.en-y0.ex-y5.noentry|qsRoe	space/boundary/None/None/|zwnj/boundary/None/None/|qsRoe/hapax/None/x-height/locked|qsRoe/hapax/x-height/None/
ss03+ss05	0020:E650:E650:0020	cell	boundary-echo	space|qsPea.half.en-y6.ex-y6|qsPea.en-y6|space	space/boundary/None/None/|qsPea/half/None/y6/|qsPea/full/y6/None/|space/boundary/None/None/
ss03+ss05	0020:E650:E650:00B7	cell	boundary-echo	space|qsPea.half.en-y6.ex-y6|qsPea.en-y6|periodcentered	space/boundary/None/None/|qsPea/half/None/y6/|qsPea/full/y6/None/|namer-dot/boundary/None/None/
ss03+ss05	0020:E650:E650:200C	cell	boundary-echo	space|qsPea.half.en-y6.ex-y6|qsPea.en-y6|space	space/boundary/None/None/|qsPea/half/None/y6/|qsPea/full/y6/None/|zwnj/boundary/None/None/
ss03+ss05	0020:E650:E650:E650	cell	boundary-echo	space|qsPea.half.en-y6.ex-y6|qsPea.half.en-y6.ex-y6|qsPea.en-y6	space/boundary/None/None/|qsPea/half/None/y6/|qsPea/half/y6/y6/|qsPea/full/y6/None/
ss03+ss05	0020:E650:E650:E652	cell	boundary-echo	space|qsPea.half.en-y6.ex-y6|qsPea.en-y6.ex-y0|qsTea	space/boundary/None/None/|qsPea/half/None/y6/|qsPea/full/y6/None/|qsTea/full/None/None/
ss03+ss05	0020:E650:E650:E653	cell	boundary-echo	space|qsPea.half.en-y6.ex-y6|qsPea.en-y6.ex-y0|qsDay.half.en-y0.ex-y0	space/boundary/None/None/|qsPea/half/None/y6/|qsPea/full/y6/baseline/|qsDay/half/baseline/None/
ss03+ss05	0020:E650:E650:E668	cell	boundary-echo	space|qsPea.half.en-y6.ex-y6|qsPea.half.en-y6.ex-y5.ex-dips|qsRoe.en-y5.en-con-1	space/boundary/None/None/|qsPea/half/None/y6/|qsPea/half/y6/x-height/|qsRoe/hapax/x-height/None/en-con-1
ss03+ss05	0020:E650:E652:E653	cell	boundary-echo	space|qsPea|qsTea.ex-y0|qsDay.half.en-y0.ex-y0.en-ext-1	space/boundary/None/None/|qsPea/full/None/None/|qsTea/full/None/baseline/|qsDay/half/baseline/None/en-ext-1
ss03+ss05	0020:E650:E653:0020	cell	boundary-echo	space|qsPea|qsDay.half.en-y0.ex-y0|space	space/boundary/None/None/|qsPea/full/None/baseline/|qsDay/half/baseline/None/|space/boundary/None/None/
ss03+ss05	0020:E650:E653:00B7	cell	boundary-echo	space|qsPea|qsDay.half.en-y0.ex-y0|periodcentered	space/boundary/None/None/|qsPea/full/None/baseline/|qsDay/half/baseline/None/|namer-dot/boundary/None/None/
ss03+ss05	0020:E650:E653:200C	cell	boundary-echo	space|qsPea|qsDay.half.en-y0.ex-y0|space	space/boundary/None/None/|qsPea/full/None/baseline/|qsDay/half/baseline/None/|zwnj/boundary/None/None/
ss03+ss05	0020:E650:E653:E650	cell	boundary-echo	space|qsPea|qsDay.half.en-y0.ex-y0|qsPea	space/boundary/None/None/|qsPea/full/None/baseline/|qsDay/half/baseline/None/|qsPea/full/None/None/
ss03+ss05	0020:E650:E653:E652	cell	boundary-echo	space|qsPea|qsDay.half.en-y0.ex-y0|qsTea.en-y0	space/boundary/None/None/|qsPea/full/None/baseline/|qsDay/half/baseline/baseline/|qsTea/full/baseline/None/
ss03+ss05	0020:E650:E653:E653	cell	boundary-echo	space|qsPea|qsDay.half.en-y0.ex-y0|qsDay.half.en-y0.ex-y0	space/boundary/None/None/|qsPea/full/None/baseline/|qsDay/half/baseline/baseline/|qsDay/half/baseline/None/
ss03+ss05	0020:E650:E653:E668	cell	boundary-echo	space|qsPea|qsDay.half.en-y0.ex-y0|qsRoe	space/boundary/None/None/|qsPea/full/None/baseline/|qsDay/half/baseline/baseline/|qsRoe/hapax/baseline/None/
ss03+ss05	0020:E650:E668:E668	cell	boundary-echo	space|qsPea.half.ex-y5.ex-dips|qsRoe.ex-y0|qsRoe	space/boundary/None/None/|qsPea/half/None/x-height/|qsRoe/hapax/x-height/baseline/en-con-1|qsRoe/hapax/baseline/None/
ss03+ss05	0020:E652:E650:E650	cell	boundary-echo	space|qsTea|qsPea.half.en-y6.ex-y6|qsPea.en-y6	space/boundary/None/None/|qsTea/full/None/None/|qsPea/half/None/y6/|qsPea/full/y6/None/
ss03+ss05	0020:E652:E650:E653	cell	boundary-echo	space|qsTea|qsPea|qsDay.half.en-y0.ex-y0	space/boundary/None/None/|qsTea/full/None/None/|qsPea/full/None/baseline/|qsDay/half/baseline/None/
ss03+ss05	0020:E652:E652:E653	cell	boundary-echo	space|qsTea|qsTea.ex-y0|qsDay.half.en-y0.ex-y0.en-ext-1	space/boundary/None/None/|qsTea/full/None/None/|qsTea/full/None/baseline/|qsDay/half/baseline/None/en-ext-1
ss03+ss05	0020:E652:E653:0020	cell	boundary-echo	space|qsTea.ex-y0|qsDay.half.en-y0.ex-y0.en-ext-1|space	space/boundary/None/None/|qsTea/full/None/baseline/|qsDay/half/baseline/None/en-ext-1|space/boundary/None/None/
ss03+ss05	0020:E652:E653:00B7	cell	boundary-echo	space|qsTea.ex-y0|qsDay.half.en-y0.ex-y0.en-ext-1|periodcentered	space/boundary/None/None/|qsTea/full/None/baseline/|qsDay/half/baseline/None/en-ext-1|namer-dot/boundary/None/None/
ss03+ss05	0020:E652:E653:200C	cell	boundary-echo	space|qsTea.ex-y0|qsDay.half.en-y0.ex-y0.en-ext-1|space	space/boundary/None/None/|qsTea/full/None/baseline/|qsDay/half/baseline/None/en-ext-1|zwnj/boundary/None/None/
ss03+ss05	0020:E652:E653:E650	cell	boundary-echo	space|qsTea.ex-y0|qsDay.half.en-y0.ex-y0.en-ext-1|qsPea	space/boundary/None/None/|qsTea/full/None/baseline/|qsDay/half/baseline/None/en-ext-1|qsPea/full/None/None/
ss03+ss05	0020:E652:E653:E653	cell	boundary-echo	space|qsTea.ex-y0|qsDay.half.en-y0.ex-y0.en-ext-1|qsDay.half.en-y0.ex-y0	space/boundary/None/None/|qsTea/full/None/baseline/|qsDay/half/baseline/baseline/en-ext-1|qsDay/half/baseline/None/
ss03+ss05	0020:E652:E653:E668	cell	boundary-echo	space|qsTea.ex-y0|qsDay.half.en-y0.ex-y0.en-ext-1|qsRoe	space/boundary/None/None/|qsTea/full/None/baseline/|qsDay/half/baseline/baseline/en-ext-1|qsRoe/hapax/baseline/None/
ss03+ss05	0020:E652:E668:E668	cell	boundary-echo	space|qsTea.half.ex-y5|qsRoe.ex-y0|qsRoe	space/boundary/None/None/|qsTea/half/None/x-height/|qsRoe/hapax/x-height/baseline/en-con-1|qsRoe/hapax/baseline/None/
ss03+ss05	0020:E653:E650:E650	cell	boundary-echo	space|qsDay|qsPea.half.en-y6.ex-y6|qsPea.en-y6	space/boundary/None/None/|qsDay/full/None/None/|qsPea/half/None/y6/|qsPea/full/y6/None/
ss03+ss05	0020:E653:E650:E653	cell	boundary-echo	space|qsDay|qsPea|qsDay.half.en-y0.ex-y0	space/boundary/None/None/|qsDay/full/None/None/|qsPea/full/None/baseline/|qsDay/half/baseline/None/
ss03+ss05	0020:E653:E652:0020	cell	boundary-echo	space|qsDay|qsTea.en-y0|space	space/boundary/None/None/|qsDay/full/None/baseline/|qsTea/full/baseline/None/|space/boundary/None/None/
ss03+ss05	0020:E653:E652:00B7	cell	boundary-echo	space|qsDay|qsTea.en-y0|periodcentered	space/boundary/None/None/|qsDay/full/None/baseline/|qsTea/full/baseline/None/|namer-dot/boundary/None/None/
ss03+ss05	0020:E653:E652:200C	cell	boundary-echo	space|qsDay|qsTea.en-y0|space	space/boundary/None/None/|qsDay/full/None/baseline/|qsTea/full/baseline/None/|zwnj/boundary/None/None/
ss03+ss05	0020:E653:E652:E650	cell	boundary-echo	space|qsDay|qsTea.en-y0|qsPea	space/boundary/None/None/|qsDay/full/None/baseline/|qsTea/full/baseline/None/|qsPea/full/None/None/
ss03+ss05	0020:E653:E652:E652	cell	boundary-echo	space|qsDay|qsTea.en-y0|qsTea	space/boundary/None/None/|qsDay/full/None/baseline/|qsTea/full/baseline/None/|qsTea/full/None/None/
ss03+ss05	0020:E653:E652:E653	cell	boundary-echo	space|qsDay|qsTea.ex-y0|qsDay.half.en-y0.ex-y0.en-ext-1	space/boundary/None/None/|qsDay/full/None/None/|qsTea/full/None/baseline/|qsDay/half/baseline/None/en-ext-1
ss03+ss05	0020:E653:E652:E668	cell,seam	boundary-echo	space|qsDay|qsTea.half.ex-y5|qsRoe.en-y5.en-con-1	space/boundary/None/None/|qsDay/full/None/baseline/|qsTea/full/baseline/None/|qsRoe/hapax/None/None/
ss03+ss05	0020:E653:E653:0020	cell	boundary-echo	space|qsDay|qsDay.half.en-y0.ex-y0|space	space/boundary/None/None/|qsDay/full/None/baseline/|qsDay/half/baseline/None/|space/boundary/None/None/
ss03+ss05	0020:E653:E653:00B7	cell	boundary-echo	space|qsDay|qsDay.half.en-y0.ex-y0|periodcentered	space/boundary/None/None/|qsDay/full/None/baseline/|qsDay/half/baseline/None/|namer-dot/boundary/None/None/
ss03+ss05	0020:E653:E653:200C	cell	boundary-echo	space|qsDay|qsDay.half.en-y0.ex-y0|space	space/boundary/None/None/|qsDay/full/None/baseline/|qsDay/half/baseline/None/|zwnj/boundary/None/None/
ss03+ss05	0020:E653:E653:E650	cell	boundary-echo	space|qsDay|qsDay.half.en-y0.ex-y0|qsPea	space/boundary/None/None/|qsDay/full/None/baseline/|qsDay/half/baseline/None/|qsPea/full/None/None/
ss03+ss05	0020:E653:E653:E652	cell	boundary-echo	space|qsDay|qsDay.half.en-y0.ex-y0|qsTea.en-y0	space/boundary/None/None/|qsDay/full/None/baseline/|qsDay/half/baseline/baseline/|qsTea/full/baseline/None/
ss03+ss05	0020:E653:E653:E653	cell	boundary-echo	space|qsDay|qsDay.half.en-y0.ex-y0|qsDay.half.en-y0.ex-y0	space/boundary/None/None/|qsDay/full/None/baseline/|qsDay/half/baseline/baseline/|qsDay/half/baseline/None/
ss03+ss05	0020:E653:E653:E668	cell	boundary-echo	space|qsDay|qsDay.half.en-y0.ex-y0|qsRoe	space/boundary/None/None/|qsDay/full/None/baseline/|qsDay/half/baseline/baseline/|qsRoe/hapax/baseline/None/
ss03+ss05	0020:E653:E668:0020	cell	boundary-echo	space|qsDay|qsRoe|space	space/boundary/None/None/|qsDay/full/None/baseline/|qsRoe/hapax/baseline/None/|space/boundary/None/None/
ss03+ss05	0020:E653:E668:00B7	cell	boundary-echo	space|qsDay|qsRoe|periodcentered	space/boundary/None/None/|qsDay/full/None/baseline/|qsRoe/hapax/baseline/None/|namer-dot/boundary/None/None/
ss03+ss05	0020:E653:E668:200C	cell	boundary-echo	space|qsDay|qsRoe|space	space/boundary/None/None/|qsDay/full/None/baseline/|qsRoe/hapax/baseline/None/|zwnj/boundary/None/None/
ss03+ss05	0020:E653:E668:E650	cell	boundary-echo	space|qsDay|qsRoe|qsPea	space/boundary/None/None/|qsDay/full/None/baseline/|qsRoe/hapax/baseline/None/|qsPea/full/None/None/
ss03+ss05	0020:E653:E668:E652	cell	boundary-echo	space|qsDay|qsRoe|qsTea	space/boundary/None/None/|qsDay/full/None/baseline/|qsRoe/hapax/baseline/None/|qsTea/full/None/None/
ss03+ss05	0020:E653:E668:E653	cell	boundary-echo	space|qsDay|qsRoe|qsDay	space/boundary/None/None/|qsDay/full/None/baseline/|qsRoe/hapax/baseline/None/|qsDay/full/None/None/
ss03+ss05	0020:E653:E668:E668	cell	boundary-echo	space|qsDay|qsRoe.en-y0.ex-y5|qsRoe	space/boundary/None/None/|qsDay/full/None/baseline/|qsRoe/hapax/baseline/x-height/|qsRoe/hapax/x-height/None/
ss03+ss05	0020:E668:E650:E650	cell	boundary-echo	space|qsRoe|qsPea.half.en-y6.ex-y6|qsPea.en-y6	space/boundary/None/None/|qsRoe/hapax/None/None/|qsPea/half/None/y6/|qsPea/full/y6/None/
ss03+ss05	0020:E668:E650:E653	cell	boundary-echo	space|qsRoe|qsPea|qsDay.half.en-y0.ex-y0	space/boundary/None/None/|qsRoe/hapax/None/None/|qsPea/full/None/baseline/|qsDay/half/baseline/None/
ss03+ss05	0020:E668:E652:E653	cell	boundary-echo	space|qsRoe|qsTea.ex-y0|qsDay.half.en-y0.ex-y0.en-ext-1	space/boundary/None/None/|qsRoe/hapax/None/None/|qsTea/full/None/baseline/|qsDay/half/baseline/None/en-ext-1
ss03+ss05	0020:E668:E653:E652	cell	boundary-echo	space|qsRoe|qsDay|qsTea.en-y0	space/boundary/None/None/|qsRoe/hapax/None/None/|qsDay/full/None/baseline/|qsTea/full/baseline/None/
ss03+ss05	0020:E668:E653:E653	cell	boundary-echo	space|qsRoe|qsDay|qsDay.half.en-y0.ex-y0	space/boundary/None/None/|qsRoe/hapax/None/None/|qsDay/full/None/baseline/|qsDay/half/baseline/None/
ss03+ss05	0020:E668:E653:E668	cell	boundary-echo	space|qsRoe|qsDay|qsRoe	space/boundary/None/None/|qsRoe/hapax/None/None/|qsDay/full/None/baseline/|qsRoe/hapax/baseline/None/
ss03+ss05	0020:E668:E668:0020	cell	boundary-echo	space|qsRoe.en-y0.ex-y5|qsRoe|space	space/boundary/None/None/|qsRoe/hapax/None/x-height/|qsRoe/hapax/x-height/None/|space/boundary/None/None/
ss03+ss05	0020:E668:E668:00B7	cell	boundary-echo	space|qsRoe.en-y0.ex-y5|qsRoe|periodcentered	space/boundary/None/None/|qsRoe/hapax/None/x-height/|qsRoe/hapax/x-height/None/|namer-dot/boundary/None/None/
ss03+ss05	0020:E668:E668:200C	cell	boundary-echo	space|qsRoe.en-y0.ex-y5|qsRoe|space	space/boundary/None/None/|qsRoe/hapax/None/x-height/|qsRoe/hapax/x-height/None/|zwnj/boundary/None/None/
ss03+ss05	0020:E668:E668:E650	cell	boundary-echo	space|qsRoe.en-y0.ex-y5|qsRoe|qsPea	space/boundary/None/None/|qsRoe/hapax/None/x-height/|qsRoe/hapax/x-height/None/|qsPea/full/None/None/
ss03+ss05	0020:E668:E668:E652	cell	boundary-echo	space|qsRoe.en-y0.ex-y5|qsRoe|qsTea	space/boundary/None/None/|qsRoe/hapax/None/x-height/|qsRoe/hapax/x-height/None/|qsTea/full/None/None/
ss03+ss05	0020:E668:E668:E653	cell	boundary-echo	space|qsRoe.en-y0.ex-y5|qsRoe|qsDay	space/boundary/None/None/|qsRoe/hapax/None/x-height/|qsRoe/hapax/x-height/None/|qsDay/full/None/None/
ss03+ss05	0020:E668:E668:E668	cell	boundary-echo	space|qsRoe.en-y0.ex-y5|qsRoe.ex-y0|qsRoe	space/boundary/None/None/|qsRoe/hapax/None/x-height/|qsRoe/hapax/x-height/baseline/|qsRoe/hapax/baseline/None/
ss03+ss05	00B7:0020:E650:E650	cell	boundary-echo	periodcentered|space|qsPea.half.en-y6.ex-y6|qsPea.en-y6	namer-dot/boundary/None/None/|space/boundary/None/None/|qsPea/half/None/y6/|qsPea/full/y6/None/
ss03+ss05	00B7:0020:E650:E653	cell	boundary-echo	periodcentered|space|qsPea|qsDay.half.en-y0.ex-y0	namer-dot/boundary/None/None/|space/boundary/None/None/|qsPea/full/None/baseline/|qsDay/half/baseline/None/
ss03+ss05	00B7:0020:E652:E653	cell	boundary-echo	periodcentered|space|qsTea.ex-y0|qsDay.half.en-y0.ex-y0.en-ext-1	namer-dot/boundary/None/None/|space/boundary/None/None/|qsTea/full/None/baseline/|qsDay/half/baseline/None/en-ext-1
ss03+ss05	00B7:0020:E653:E652	cell	boundary-echo	periodcentered|space|qsDay|qsTea.en-y0	namer-dot/boundary/None/None/|space/boundary/None/None/|qsDay/full/None/baseline/|qsTea/full/baseline/None/
ss03+ss05	00B7:0020:E653:E653	cell	boundary-echo	periodcentered|space|qsDay|qsDay.half.en-y0.ex-y0	namer-dot/boundary/None/None/|space/boundary/None/None/|qsDay/full/None/baseline/|qsDay/half/baseline/None/
ss03+ss05	00B7:0020:E653:E668	cell	boundary-echo	periodcentered|space|qsDay|qsRoe	namer-dot/boundary/None/None/|space/boundary/None/None/|qsDay/full/None/baseline/|qsRoe/hapax/baseline/None/
ss03+ss05	00B7:0020:E668:E668	cell	boundary-echo	periodcentered|space|qsRoe.en-y0.ex-y5|qsRoe	namer-dot/boundary/None/None/|space/boundary/None/None/|qsRoe/hapax/None/x-height/|qsRoe/hapax/x-height/None/
ss03+ss05	00B7:00B7:E650:E650	cell	dangling-anchor-dropped	periodcentered|periodcentered|qsPea.half.en-y6.ex-y6|qsPea.en-y6	namer-dot/boundary/None/None/|namer-dot/boundary/None/None/|qsPea/half/None/y6/|qsPea/full/y6/None/
ss03+ss05	00B7:00B7:E650:E653	cell	dangling-anchor-dropped	periodcentered|periodcentered|qsPea|qsDay.half.en-y0.ex-y0	namer-dot/boundary/None/None/|namer-dot/boundary/None/None/|qsPea/full/None/baseline/|qsDay/half/baseline/None/
ss03+ss05	00B7:00B7:E652:E653	cell	dangling-anchor-dropped	periodcentered|periodcentered|qsTea.ex-y0|qsDay.half.en-y0.ex-y0.en-ext-1	namer-dot/boundary/None/None/|namer-dot/boundary/None/None/|qsTea/full/None/baseline/|qsDay/half/baseline/None/en-ext-1
ss03+ss05	00B7:00B7:E653:E652	cell	bare-name-live-join	periodcentered|periodcentered|qsDay|qsTea.en-y0	namer-dot/boundary/None/None/|namer-dot/boundary/None/None/|qsDay/full/None/baseline/|qsTea/full/baseline/None/
ss03+ss05	00B7:00B7:E653:E653	cell	dangling-anchor-dropped	periodcentered|periodcentered|qsDay|qsDay.half.en-y0.ex-y0	namer-dot/boundary/None/None/|namer-dot/boundary/None/None/|qsDay/full/None/baseline/|qsDay/half/baseline/None/
ss03+ss05	00B7:00B7:E653:E668	cell	bare-name-live-join	periodcentered|periodcentered|qsDay|qsRoe	namer-dot/boundary/None/None/|namer-dot/boundary/None/None/|qsDay/full/None/baseline/|qsRoe/hapax/baseline/None/
ss03+ss05	00B7:00B7:E668:E668	cell	dangling-anchor-dropped	periodcentered|periodcentered.lowered|qsRoe.en-y0.ex-y5|qsRoe	namer-dot/boundary/None/None/|namer-dot/boundary/None/None/|qsRoe/hapax/None/x-height/|qsRoe/hapax/x-height/None/
ss03+ss05	00B7:200C:E650:E653	cell	boundary-echo	periodcentered|space|qsPea.noentry|qsDay.half.en-y0.ex-y0	namer-dot/boundary/None/None/|zwnj/boundary/None/None/|qsPea/full/None/baseline/locked|qsDay/half/baseline/None/
ss03+ss05	00B7:200C:E650:E668	cell	boundary-echo	periodcentered|space|qsPea.half.ex-y5.ex-dips|qsRoe.en-y5.en-con-1	namer-dot/boundary/None/None/|zwnj/boundary/None/None/|qsPea/half/None/x-height/locked|qsRoe/hapax/x-height/None/en-con-1
ss03+ss05	00B7:200C:E652:E652	cell	boundary-echo	periodcentered|space|qsTea.ex-y0|qsTea	namer-dot/boundary/None/None/|zwnj/boundary/None/None/|qsTea/full/None/None/locked|qsTea/full/None/None/
ss03+ss05	00B7:200C:E652:E653	cell	boundary-echo	periodcentered|space|qsTea.ex-y0|qsDay.half.en-y0.ex-y0.en-ext-1	namer-dot/boundary/None/None/|zwnj/boundary/None/None/|qsTea/full/None/baseline/locked|qsDay/half/baseline/None/en-ext-1
ss03+ss05	00B7:200C:E653:E652	cell	boundary-echo	periodcentered|space|qsDay.noentry|qsTea.en-y0	namer-dot/boundary/None/None/|zwnj/boundary/None/None/|qsDay/full/None/baseline/locked|qsTea/full/baseline/None/
ss03+ss05	00B7:200C:E653:E653	cell	boundary-echo	periodcentered|space|qsDay.noentry|qsDay.half.en-y0.ex-y0	namer-dot/boundary/None/None/|zwnj/boundary/None/None/|qsDay/full/None/baseline/locked|qsDay/half/baseline/None/
ss03+ss05	00B7:200C:E653:E668	cell	boundary-echo	periodcentered|space|qsDay.noentry|qsRoe	namer-dot/boundary/None/None/|zwnj/boundary/None/None/|qsDay/full/None/baseline/locked|qsRoe/hapax/baseline/None/
ss03+ss05	00B7:200C:E668:E668	cell	boundary-echo	periodcentered.lowered|space|qsRoe.en-y0.ex-y5.noentry|qsRoe	namer-dot/boundary/None/None/|zwnj/boundary/None/None/|qsRoe/hapax/None/x-height/locked|qsRoe/hapax/x-height/None/
ss03+ss05	00B7:E650:E650:0020	cell	boundary-echo	periodcentered|qsPea.half.en-y6.ex-y6|qsPea.en-y6|space	namer-dot/boundary/None/None/|qsPea/half/None/y6/|qsPea/full/y6/None/|space/boundary/None/None/
ss03+ss05	00B7:E650:E650:00B7	cell	dangling-anchor-dropped	periodcentered|qsPea.half.en-y6.ex-y6|qsPea.en-y6|periodcentered	namer-dot/boundary/None/None/|qsPea/half/None/y6/|qsPea/full/y6/None/|namer-dot/boundary/None/None/
ss03+ss05	00B7:E650:E650:200C	cell	boundary-echo	periodcentered|qsPea.half.en-y6.ex-y6|qsPea.en-y6|space	namer-dot/boundary/None/None/|qsPea/half/None/y6/|qsPea/full/y6/None/|zwnj/boundary/None/None/
ss03+ss05	00B7:E650:E650:E650	cell	dangling-anchor-dropped	periodcentered|qsPea.half.en-y6.ex-y6|qsPea.half.en-y6.ex-y6|qsPea.en-y6	namer-dot/boundary/None/None/|qsPea/half/None/y6/|qsPea/half/y6/y6/|qsPea/full/y6/None/
ss03+ss05	00B7:E650:E650:E652	cell	dangling-anchor-dropped	periodcentered|qsPea.half.en-y6.ex-y6|qsPea.en-y6.ex-y0|qsTea	namer-dot/boundary/None/None/|qsPea/half/None/y6/|qsPea/full/y6/None/|qsTea/full/None/None/
ss03+ss05	00B7:E650:E650:E653	cell	dangling-anchor-dropped	periodcentered|qsPea.half.en-y6.ex-y6|qsPea.en-y6.ex-y0|qsDay.half.en-y0.ex-y0	namer-dot/boundary/None/None/|qsPea/half/None/y6/|qsPea/full/y6/baseline/|qsDay/half/baseline/None/
ss03+ss05	00B7:E650:E650:E668	cell	dangling-anchor-dropped	periodcentered|qsPea.half.en-y6.ex-y6|qsPea.half.en-y6.ex-y5.ex-dips|qsRoe.en-y5.en-con-1	namer-dot/boundary/None/None/|qsPea/half/None/y6/|qsPea/half/y6/x-height/|qsRoe/hapax/x-height/None/en-con-1
ss03+ss05	00B7:E650:E652:E653	cell	dangling-anchor-dropped	periodcentered|qsPea|qsTea.ex-y0|qsDay.half.en-y0.ex-y0.en-ext-1	namer-dot/boundary/None/None/|qsPea/full/None/None/|qsTea/full/None/baseline/|qsDay/half/baseline/None/en-ext-1
ss03+ss05	00B7:E650:E653:0020	cell	boundary-echo	periodcentered|qsPea|qsDay.half.en-y0.ex-y0|space	namer-dot/boundary/None/None/|qsPea/full/None/baseline/|qsDay/half/baseline/None/|space/boundary/None/None/
ss03+ss05	00B7:E650:E653:00B7	cell	dangling-anchor-dropped	periodcentered|qsPea|qsDay.half.en-y0.ex-y0|periodcentered	namer-dot/boundary/None/None/|qsPea/full/None/baseline/|qsDay/half/baseline/None/|namer-dot/boundary/None/None/
ss03+ss05	00B7:E650:E653:200C	cell	boundary-echo	periodcentered|qsPea|qsDay.half.en-y0.ex-y0|space	namer-dot/boundary/None/None/|qsPea/full/None/baseline/|qsDay/half/baseline/None/|zwnj/boundary/None/None/
ss03+ss05	00B7:E650:E653:E650	cell	dangling-anchor-dropped	periodcentered|qsPea|qsDay.half.en-y0.ex-y0|qsPea	namer-dot/boundary/None/None/|qsPea/full/None/baseline/|qsDay/half/baseline/None/|qsPea/full/None/None/
ss03+ss05	00B7:E650:E653:E652	cell	bare-name-live-join	periodcentered|qsPea|qsDay.half.en-y0.ex-y0|qsTea.en-y0	namer-dot/boundary/None/None/|qsPea/full/None/baseline/|qsDay/half/baseline/baseline/|qsTea/full/baseline/None/
ss03+ss05	00B7:E650:E653:E653	cell	dangling-anchor-dropped	periodcentered|qsPea|qsDay.half.en-y0.ex-y0|qsDay.half.en-y0.ex-y0	namer-dot/boundary/None/None/|qsPea/full/None/baseline/|qsDay/half/baseline/baseline/|qsDay/half/baseline/None/
ss03+ss05	00B7:E650:E653:E668	cell	bare-name-live-join	periodcentered|qsPea|qsDay.half.en-y0.ex-y0|qsRoe	namer-dot/boundary/None/None/|qsPea/full/None/baseline/|qsDay/half/baseline/baseline/|qsRoe/hapax/baseline/None/
ss03+ss05	00B7:E650:E668:E668	cell,position	UNMATCHED	periodcentered|qsPea.half.ex-y5.ex-dips|qsRoe.ex-y0|qsRoe	namer-dot/boundary/None/None/|qsPea/half/None/x-height/|qsRoe/hapax/x-height/baseline/en-con-1|qsRoe/hapax/baseline/None/
ss03+ss05	00B7:E652:E650:E650	cell	dangling-anchor-dropped	periodcentered|qsTea|qsPea.half.en-y6.ex-y6|qsPea.en-y6	namer-dot/boundary/None/None/|qsTea/full/None/None/|qsPea/half/None/y6/|qsPea/full/y6/None/
ss03+ss05	00B7:E652:E650:E653	cell	dangling-anchor-dropped	periodcentered|qsTea|qsPea|qsDay.half.en-y0.ex-y0	namer-dot/boundary/None/None/|qsTea/full/None/None/|qsPea/full/None/baseline/|qsDay/half/baseline/None/
ss03+ss05	00B7:E652:E652:E653	cell	dangling-anchor-dropped	periodcentered|qsTea|qsTea.ex-y0|qsDay.half.en-y0.ex-y0.en-ext-1	namer-dot/boundary/None/None/|qsTea/full/None/None/|qsTea/full/None/baseline/|qsDay/half/baseline/None/en-ext-1
ss03+ss05	00B7:E652:E653:0020	cell	boundary-echo	periodcentered|qsTea.ex-y0|qsDay.half.en-y0.ex-y0.en-ext-1|space	namer-dot/boundary/None/None/|qsTea/full/None/baseline/|qsDay/half/baseline/None/en-ext-1|space/boundary/None/None/
ss03+ss05	00B7:E652:E653:00B7	cell	dangling-anchor-dropped	periodcentered|qsTea.ex-y0|qsDay.half.en-y0.ex-y0.en-ext-1|periodcentered	namer-dot/boundary/None/None/|qsTea/full/None/baseline/|qsDay/half/baseline/None/en-ext-1|namer-dot/boundary/None/None/
ss03+ss05	00B7:E652:E653:200C	cell	boundary-echo	periodcentered|qsTea.ex-y0|qsDay.half.en-y0.ex-y0.en-ext-1|space	namer-dot/boundary/None/None/|qsTea/full/None/baseline/|qsDay/half/baseline/None/en-ext-1|zwnj/boundary/None/None/
ss03+ss05	00B7:E652:E653:E650	cell	dangling-anchor-dropped	periodcentered|qsTea.ex-y0|qsDay.half.en-y0.ex-y0.en-ext-1|qsPea	namer-dot/boundary/None/None/|qsTea/full/None/baseline/|qsDay/half/baseline/None/en-ext-1|qsPea/full/None/None/
ss03+ss05	00B7:E652:E653:E653	cell	dangling-anchor-dropped	periodcentered|qsTea.ex-y0|qsDay.half.en-y0.ex-y0.en-ext-1|qsDay.half.en-y0.ex-y0	namer-dot/boundary/None/None/|qsTea/full/None/baseline/|qsDay/half/baseline/baseline/en-ext-1|qsDay/half/baseline/None/
ss03+ss05	00B7:E652:E653:E668	cell	bare-name-live-join	periodcentered|qsTea.ex-y0|qsDay.half.en-y0.ex-y0.en-ext-1|qsRoe	namer-dot/boundary/None/None/|qsTea/full/None/baseline/|qsDay/half/baseline/baseline/en-ext-1|qsRoe/hapax/baseline/None/
ss03+ss05	00B7:E652:E668:E668	cell,position	UNMATCHED	periodcentered|qsTea.half.ex-y5|qsRoe.ex-y0|qsRoe	namer-dot/boundary/None/None/|qsTea/half/None/x-height/|qsRoe/hapax/x-height/baseline/en-con-1|qsRoe/hapax/baseline/None/
ss03+ss05	00B7:E653:E650:E650	cell	dangling-anchor-dropped	periodcentered|qsDay|qsPea.half.en-y6.ex-y6|qsPea.en-y6	namer-dot/boundary/None/None/|qsDay/full/None/None/|qsPea/half/None/y6/|qsPea/full/y6/None/
ss03+ss05	00B7:E653:E650:E653	cell	dangling-anchor-dropped	periodcentered|qsDay|qsPea|qsDay.half.en-y0.ex-y0	namer-dot/boundary/None/None/|qsDay/full/None/None/|qsPea/full/None/baseline/|qsDay/half/baseline/None/
ss03+ss05	00B7:E653:E652:0020	cell	boundary-echo	periodcentered|qsDay|qsTea.en-y0|space	namer-dot/boundary/None/None/|qsDay/full/None/baseline/|qsTea/full/baseline/None/|space/boundary/None/None/
ss03+ss05	00B7:E653:E652:00B7	cell	bare-name-live-join	periodcentered|qsDay|qsTea.en-y0|periodcentered	namer-dot/boundary/None/None/|qsDay/full/None/baseline/|qsTea/full/baseline/None/|namer-dot/boundary/None/None/
ss03+ss05	00B7:E653:E652:200C	cell	boundary-echo	periodcentered|qsDay|qsTea.en-y0|space	namer-dot/boundary/None/None/|qsDay/full/None/baseline/|qsTea/full/baseline/None/|zwnj/boundary/None/None/
ss03+ss05	00B7:E653:E652:E650	cell	bare-name-live-join	periodcentered|qsDay|qsTea.en-y0|qsPea	namer-dot/boundary/None/None/|qsDay/full/None/baseline/|qsTea/full/baseline/None/|qsPea/full/None/None/
ss03+ss05	00B7:E653:E652:E652	cell	bare-name-live-join	periodcentered|qsDay|qsTea.en-y0|qsTea	namer-dot/boundary/None/None/|qsDay/full/None/baseline/|qsTea/full/baseline/None/|qsTea/full/None/None/
ss03+ss05	00B7:E653:E652:E653	cell	dangling-anchor-dropped	periodcentered|qsDay|qsTea.ex-y0|qsDay.half.en-y0.ex-y0.en-ext-1	namer-dot/boundary/None/None/|qsDay/full/None/None/|qsTea/full/None/baseline/|qsDay/half/baseline/None/en-ext-1
ss03+ss05	00B7:E653:E652:E668	cell,seam	regrouping-floor-drift	periodcentered|qsDay|qsTea.half.ex-y5|qsRoe.en-y5.en-con-1	namer-dot/boundary/None/None/|qsDay/full/None/baseline/|qsTea/full/baseline/None/|qsRoe/hapax/None/None/
ss03+ss05	00B7:E653:E653:0020	cell	boundary-echo	periodcentered|qsDay|qsDay.half.en-y0.ex-y0|space	namer-dot/boundary/None/None/|qsDay/full/None/baseline/|qsDay/half/baseline/None/|space/boundary/None/None/
ss03+ss05	00B7:E653:E653:00B7	cell	dangling-anchor-dropped	periodcentered|qsDay|qsDay.half.en-y0.ex-y0|periodcentered	namer-dot/boundary/None/None/|qsDay/full/None/baseline/|qsDay/half/baseline/None/|namer-dot/boundary/None/None/
ss03+ss05	00B7:E653:E653:200C	cell	boundary-echo	periodcentered|qsDay|qsDay.half.en-y0.ex-y0|space	namer-dot/boundary/None/None/|qsDay/full/None/baseline/|qsDay/half/baseline/None/|zwnj/boundary/None/None/
ss03+ss05	00B7:E653:E653:E650	cell	dangling-anchor-dropped	periodcentered|qsDay|qsDay.half.en-y0.ex-y0|qsPea	namer-dot/boundary/None/None/|qsDay/full/None/baseline/|qsDay/half/baseline/None/|qsPea/full/None/None/
ss03+ss05	00B7:E653:E653:E652	cell	bare-name-live-join	periodcentered|qsDay|qsDay.half.en-y0.ex-y0|qsTea.en-y0	namer-dot/boundary/None/None/|qsDay/full/None/baseline/|qsDay/half/baseline/baseline/|qsTea/full/baseline/None/
ss03+ss05	00B7:E653:E653:E653	cell	dangling-anchor-dropped	periodcentered|qsDay|qsDay.half.en-y0.ex-y0|qsDay.half.en-y0.ex-y0	namer-dot/boundary/None/None/|qsDay/full/None/baseline/|qsDay/half/baseline/baseline/|qsDay/half/baseline/None/
ss03+ss05	00B7:E653:E653:E668	cell	bare-name-live-join	periodcentered|qsDay|qsDay.half.en-y0.ex-y0|qsRoe	namer-dot/boundary/None/None/|qsDay/full/None/baseline/|qsDay/half/baseline/baseline/|qsRoe/hapax/baseline/None/
ss03+ss05	00B7:E653:E668:0020	cell	boundary-echo	periodcentered|qsDay|qsRoe|space	namer-dot/boundary/None/None/|qsDay/full/None/baseline/|qsRoe/hapax/baseline/None/|space/boundary/None/None/
ss03+ss05	00B7:E653:E668:00B7	cell	bare-name-live-join	periodcentered|qsDay|qsRoe|periodcentered	namer-dot/boundary/None/None/|qsDay/full/None/baseline/|qsRoe/hapax/baseline/None/|namer-dot/boundary/None/None/
ss03+ss05	00B7:E653:E668:200C	cell	boundary-echo	periodcentered|qsDay|qsRoe|space	namer-dot/boundary/None/None/|qsDay/full/None/baseline/|qsRoe/hapax/baseline/None/|zwnj/boundary/None/None/
ss03+ss05	00B7:E653:E668:E650	cell	bare-name-live-join	periodcentered|qsDay|qsRoe|qsPea	namer-dot/boundary/None/None/|qsDay/full/None/baseline/|qsRoe/hapax/baseline/None/|qsPea/full/None/None/
ss03+ss05	00B7:E653:E668:E652	cell	bare-name-live-join	periodcentered|qsDay|qsRoe|qsTea	namer-dot/boundary/None/None/|qsDay/full/None/baseline/|qsRoe/hapax/baseline/None/|qsTea/full/None/None/
ss03+ss05	00B7:E653:E668:E653	cell	bare-name-live-join	periodcentered|qsDay|qsRoe|qsDay	namer-dot/boundary/None/None/|qsDay/full/None/baseline/|qsRoe/hapax/baseline/None/|qsDay/full/None/None/
ss03+ss05	00B7:E653:E668:E668	cell	bare-name-live-join	periodcentered|qsDay|qsRoe.en-y0.ex-y5|qsRoe	namer-dot/boundary/None/None/|qsDay/full/None/baseline/|qsRoe/hapax/baseline/x-height/|qsRoe/hapax/x-height/None/
ss03+ss05	00B7:E668:E650:E650	cell	dangling-anchor-dropped	periodcentered.lowered|qsRoe|qsPea.half.en-y6.ex-y6|qsPea.en-y6	namer-dot/boundary/None/None/|qsRoe/hapax/None/None/|qsPea/half/None/y6/|qsPea/full/y6/None/
ss03+ss05	00B7:E668:E650:E653	cell	dangling-anchor-dropped	periodcentered.lowered|qsRoe|qsPea|qsDay.half.en-y0.ex-y0	namer-dot/boundary/None/None/|qsRoe/hapax/None/None/|qsPea/full/None/baseline/|qsDay/half/baseline/None/
ss03+ss05	00B7:E668:E652:E653	cell	dangling-anchor-dropped	periodcentered.lowered|qsRoe|qsTea.ex-y0|qsDay.half.en-y0.ex-y0.en-ext-1	namer-dot/boundary/None/None/|qsRoe/hapax/None/None/|qsTea/full/None/baseline/|qsDay/half/baseline/None/en-ext-1
ss03+ss05	00B7:E668:E653:E652	cell	bare-name-live-join	periodcentered.lowered|qsRoe|qsDay|qsTea.en-y0	namer-dot/boundary/None/None/|qsRoe/hapax/None/None/|qsDay/full/None/baseline/|qsTea/full/baseline/None/
ss03+ss05	00B7:E668:E653:E653	cell	dangling-anchor-dropped	periodcentered.lowered|qsRoe|qsDay|qsDay.half.en-y0.ex-y0	namer-dot/boundary/None/None/|qsRoe/hapax/None/None/|qsDay/full/None/baseline/|qsDay/half/baseline/None/
ss03+ss05	00B7:E668:E653:E668	cell	bare-name-live-join	periodcentered.lowered|qsRoe|qsDay|qsRoe	namer-dot/boundary/None/None/|qsRoe/hapax/None/None/|qsDay/full/None/baseline/|qsRoe/hapax/baseline/None/
ss03+ss05	00B7:E668:E668:0020	cell	boundary-echo	periodcentered.lowered|qsRoe.en-y0.ex-y5|qsRoe|space	namer-dot/boundary/None/None/|qsRoe/hapax/None/x-height/|qsRoe/hapax/x-height/None/|space/boundary/None/None/
ss03+ss05	00B7:E668:E668:00B7	cell	dangling-anchor-dropped	periodcentered.lowered|qsRoe.en-y0.ex-y5|qsRoe|periodcentered	namer-dot/boundary/None/None/|qsRoe/hapax/None/x-height/|qsRoe/hapax/x-height/None/|namer-dot/boundary/None/None/
ss03+ss05	00B7:E668:E668:200C	cell	boundary-echo	periodcentered.lowered|qsRoe.en-y0.ex-y5|qsRoe|space	namer-dot/boundary/None/None/|qsRoe/hapax/None/x-height/|qsRoe/hapax/x-height/None/|zwnj/boundary/None/None/
ss03+ss05	00B7:E668:E668:E650	cell	dangling-anchor-dropped	periodcentered.lowered|qsRoe.en-y0.ex-y5|qsRoe|qsPea	namer-dot/boundary/None/None/|qsRoe/hapax/None/x-height/|qsRoe/hapax/x-height/None/|qsPea/full/None/None/
ss03+ss05	00B7:E668:E668:E652	cell	dangling-anchor-dropped	periodcentered.lowered|qsRoe.en-y0.ex-y5|qsRoe|qsTea	namer-dot/boundary/None/None/|qsRoe/hapax/None/x-height/|qsRoe/hapax/x-height/None/|qsTea/full/None/None/
ss03+ss05	00B7:E668:E668:E653	cell	dangling-anchor-dropped	periodcentered.lowered|qsRoe.en-y0.ex-y5|qsRoe|qsDay	namer-dot/boundary/None/None/|qsRoe/hapax/None/x-height/|qsRoe/hapax/x-height/None/|qsDay/full/None/None/
ss03+ss05	00B7:E668:E668:E668	cell	dangling-anchor-dropped	periodcentered.lowered|qsRoe.en-y0.ex-y5|qsRoe.ex-y0|qsRoe	namer-dot/boundary/None/None/|qsRoe/hapax/None/x-height/|qsRoe/hapax/x-height/baseline/|qsRoe/hapax/baseline/None/
ss03+ss05	200C:0020:E650:E650	cell	boundary-echo	space|space|qsPea.half.en-y6.ex-y6|qsPea.en-y6	zwnj/boundary/None/None/|space/boundary/None/None/|qsPea/half/None/y6/|qsPea/full/y6/None/
ss03+ss05	200C:0020:E650:E653	cell	boundary-echo	space|space|qsPea|qsDay.half.en-y0.ex-y0	zwnj/boundary/None/None/|space/boundary/None/None/|qsPea/full/None/baseline/|qsDay/half/baseline/None/
ss03+ss05	200C:0020:E652:E653	cell	boundary-echo	space|space|qsTea.ex-y0|qsDay.half.en-y0.ex-y0.en-ext-1	zwnj/boundary/None/None/|space/boundary/None/None/|qsTea/full/None/baseline/|qsDay/half/baseline/None/en-ext-1
ss03+ss05	200C:0020:E653:E652	cell	boundary-echo	space|space|qsDay|qsTea.en-y0	zwnj/boundary/None/None/|space/boundary/None/None/|qsDay/full/None/baseline/|qsTea/full/baseline/None/
ss03+ss05	200C:0020:E653:E653	cell	boundary-echo	space|space|qsDay|qsDay.half.en-y0.ex-y0	zwnj/boundary/None/None/|space/boundary/None/None/|qsDay/full/None/baseline/|qsDay/half/baseline/None/
ss03+ss05	200C:0020:E653:E668	cell	boundary-echo	space|space|qsDay|qsRoe	zwnj/boundary/None/None/|space/boundary/None/None/|qsDay/full/None/baseline/|qsRoe/hapax/baseline/None/
ss03+ss05	200C:0020:E668:E668	cell	boundary-echo	space|space|qsRoe.en-y0.ex-y5|qsRoe	zwnj/boundary/None/None/|space/boundary/None/None/|qsRoe/hapax/None/x-height/|qsRoe/hapax/x-height/None/
ss03+ss05	200C:00B7:E650:E650	cell	boundary-echo	space|periodcentered|qsPea.half.en-y6.ex-y6|qsPea.en-y6	zwnj/boundary/None/None/|namer-dot/boundary/None/None/|qsPea/half/None/y6/|qsPea/full/y6/None/
ss03+ss05	200C:00B7:E650:E653	cell	boundary-echo	space|periodcentered|qsPea|qsDay.half.en-y0.ex-y0	zwnj/boundary/None/None/|namer-dot/boundary/None/None/|qsPea/full/None/baseline/|qsDay/half/baseline/None/
ss03+ss05	200C:00B7:E652:E653	cell	boundary-echo	space|periodcentered|qsTea.ex-y0|qsDay.half.en-y0.ex-y0.en-ext-1	zwnj/boundary/None/None/|namer-dot/boundary/None/None/|qsTea/full/None/baseline/|qsDay/half/baseline/None/en-ext-1
ss03+ss05	200C:00B7:E653:E652	cell	boundary-echo	space|periodcentered|qsDay|qsTea.en-y0	zwnj/boundary/None/None/|namer-dot/boundary/None/None/|qsDay/full/None/baseline/|qsTea/full/baseline/None/
ss03+ss05	200C:00B7:E653:E653	cell	boundary-echo	space|periodcentered|qsDay|qsDay.half.en-y0.ex-y0	zwnj/boundary/None/None/|namer-dot/boundary/None/None/|qsDay/full/None/baseline/|qsDay/half/baseline/None/
ss03+ss05	200C:00B7:E653:E668	cell	boundary-echo	space|periodcentered|qsDay|qsRoe	zwnj/boundary/None/None/|namer-dot/boundary/None/None/|qsDay/full/None/baseline/|qsRoe/hapax/baseline/None/
ss03+ss05	200C:00B7:E668:E668	cell	boundary-echo	space|periodcentered.lowered|qsRoe.en-y0.ex-y5|qsRoe	zwnj/boundary/None/None/|namer-dot/boundary/None/None/|qsRoe/hapax/None/x-height/|qsRoe/hapax/x-height/None/
ss03+ss05	200C:200C:E650:E653	cell	boundary-echo	space|space|qsPea.noentry|qsDay.half.en-y0.ex-y0	zwnj/boundary/None/None/|zwnj/boundary/None/None/|qsPea/full/None/baseline/locked|qsDay/half/baseline/None/
ss03+ss05	200C:200C:E650:E668	cell	boundary-echo	space|space|qsPea.half.ex-y5.ex-dips|qsRoe.en-y5.en-con-1	zwnj/boundary/None/None/|zwnj/boundary/None/None/|qsPea/half/None/x-height/locked|qsRoe/hapax/x-height/None/en-con-1
ss03+ss05	200C:200C:E652:E652	cell	boundary-echo	space|space|qsTea.ex-y0|qsTea	zwnj/boundary/None/None/|zwnj/boundary/None/None/|qsTea/full/None/None/locked|qsTea/full/None/None/
ss03+ss05	200C:200C:E652:E653	cell	boundary-echo	space|space|qsTea.ex-y0|qsDay.half.en-y0.ex-y0.en-ext-1	zwnj/boundary/None/None/|zwnj/boundary/None/None/|qsTea/full/None/baseline/locked|qsDay/half/baseline/None/en-ext-1
ss03+ss05	200C:200C:E653:E652	cell	boundary-echo	space|space|qsDay.noentry|qsTea.en-y0	zwnj/boundary/None/None/|zwnj/boundary/None/None/|qsDay/full/None/baseline/locked|qsTea/full/baseline/None/
ss03+ss05	200C:200C:E653:E653	cell	boundary-echo	space|space|qsDay.noentry|qsDay.half.en-y0.ex-y0	zwnj/boundary/None/None/|zwnj/boundary/None/None/|qsDay/full/None/baseline/locked|qsDay/half/baseline/None/
ss03+ss05	200C:200C:E653:E668	cell	boundary-echo	space|space|qsDay.noentry|qsRoe	zwnj/boundary/None/None/|zwnj/boundary/None/None/|qsDay/full/None/baseline/locked|qsRoe/hapax/baseline/None/
ss03+ss05	200C:200C:E668:E668	cell	boundary-echo	space|space|qsRoe.en-y0.ex-y5.noentry|qsRoe	zwnj/boundary/None/None/|zwnj/boundary/None/None/|qsRoe/hapax/None/x-height/locked|qsRoe/hapax/x-height/None/
ss03+ss05	200C:E650:E650:E652	cell	boundary-echo	space|qsPea.half.en-y6.ex-y6.noentry|qsPea.en-y6.ex-y0|qsTea	zwnj/boundary/None/None/|qsPea/half/None/y6/locked|qsPea/full/y6/None/|qsTea/full/None/None/
ss03+ss05	200C:E650:E650:E653	cell	boundary-echo	space|qsPea.half.en-y6.ex-y6.noentry|qsPea.en-y6.ex-y0|qsDay.half.en-y0.ex-y0	zwnj/boundary/None/None/|qsPea/half/None/y6/locked|qsPea/full/y6/baseline/|qsDay/half/baseline/None/
ss03+ss05	200C:E650:E652:E653	cell	boundary-echo	space|qsPea.noentry|qsTea.ex-y0|qsDay.half.en-y0.ex-y0.en-ext-1	zwnj/boundary/None/None/|qsPea/full/None/None/locked|qsTea/full/None/baseline/|qsDay/half/baseline/None/en-ext-1
ss03+ss05	200C:E650:E653:0020	cell	boundary-echo	space|qsPea.noentry|qsDay.half.en-y0.ex-y0|space	zwnj/boundary/None/None/|qsPea/full/None/baseline/locked|qsDay/half/baseline/None/|space/boundary/None/None/
ss03+ss05	200C:E650:E653:00B7	cell	boundary-echo	space|qsPea.noentry|qsDay.half.en-y0.ex-y0|periodcentered	zwnj/boundary/None/None/|qsPea/full/None/baseline/locked|qsDay/half/baseline/None/|namer-dot/boundary/None/None/
ss03+ss05	200C:E650:E653:200C	cell	boundary-echo	space|qsPea.noentry|qsDay.half.en-y0.ex-y0|space	zwnj/boundary/None/None/|qsPea/full/None/baseline/locked|qsDay/half/baseline/None/|zwnj/boundary/None/None/
ss03+ss05	200C:E650:E653:E650	cell	boundary-echo	space|qsPea.noentry|qsDay.half.en-y0.ex-y0|qsPea	zwnj/boundary/None/None/|qsPea/full/None/baseline/locked|qsDay/half/baseline/None/|qsPea/full/None/None/
ss03+ss05	200C:E650:E653:E652	cell	boundary-echo	space|qsPea.noentry|qsDay.half.en-y0.ex-y0|qsTea.en-y0	zwnj/boundary/None/None/|qsPea/full/None/baseline/locked|qsDay/half/baseline/baseline/|qsTea/full/baseline/None/
ss03+ss05	200C:E650:E653:E653	cell	boundary-echo	space|qsPea.noentry|qsDay.half.en-y0.ex-y0|qsDay.half.en-y0.ex-y0	zwnj/boundary/None/None/|qsPea/full/None/baseline/locked|qsDay/half/baseline/baseline/|qsDay/half/baseline/None/
ss03+ss05	200C:E650:E653:E668	cell	boundary-echo	space|qsPea.noentry|qsDay.half.en-y0.ex-y0|qsRoe	zwnj/boundary/None/None/|qsPea/full/None/baseline/locked|qsDay/half/baseline/baseline/|qsRoe/hapax/baseline/None/
ss03+ss05	200C:E650:E668:0020	cell	boundary-echo	space|qsPea.half.ex-y5.ex-dips|qsRoe.en-y5.en-con-1|space	zwnj/boundary/None/None/|qsPea/half/None/x-height/locked|qsRoe/hapax/x-height/None/en-con-1|space/boundary/None/None/
ss03+ss05	200C:E650:E668:00B7	cell	boundary-echo	space|qsPea.half.ex-y5.ex-dips|qsRoe.en-y5.en-con-1|periodcentered	zwnj/boundary/None/None/|qsPea/half/None/x-height/locked|qsRoe/hapax/x-height/None/en-con-1|namer-dot/boundary/None/None/
ss03+ss05	200C:E650:E668:200C	cell	boundary-echo	space|qsPea.half.ex-y5.ex-dips|qsRoe.en-y5.en-con-1|space	zwnj/boundary/None/None/|qsPea/half/None/x-height/locked|qsRoe/hapax/x-height/None/en-con-1|zwnj/boundary/None/None/
ss03+ss05	200C:E650:E668:E650	cell	boundary-echo	space|qsPea.half.ex-y5.ex-dips|qsRoe.en-y5.en-con-1|qsPea	zwnj/boundary/None/None/|qsPea/half/None/x-height/locked|qsRoe/hapax/x-height/None/en-con-1|qsPea/full/None/None/
ss03+ss05	200C:E650:E668:E652	cell	boundary-echo	space|qsPea.half.ex-y5.ex-dips|qsRoe.en-y5.en-con-1|qsTea	zwnj/boundary/None/None/|qsPea/half/None/x-height/locked|qsRoe/hapax/x-height/None/en-con-1|qsTea/full/None/None/
ss03+ss05	200C:E650:E668:E653	cell	boundary-echo	space|qsPea.half.ex-y5.ex-dips|qsRoe.en-y5.en-con-1|qsDay	zwnj/boundary/None/None/|qsPea/half/None/x-height/locked|qsRoe/hapax/x-height/None/en-con-1|qsDay/full/None/None/
ss03+ss05	200C:E650:E668:E668	cell	boundary-echo	space|qsPea.half.ex-y5.ex-dips|qsRoe.ex-y0|qsRoe	zwnj/boundary/None/None/|qsPea/half/None/x-height/locked|qsRoe/hapax/x-height/baseline/en-con-1|qsRoe/hapax/baseline/None/
ss03+ss05	200C:E652:E650:E650	cell	boundary-echo	space|qsTea.noentry|qsPea.half.en-y6.ex-y6|qsPea.en-y6	zwnj/boundary/None/None/|qsTea/full/None/None/locked|qsPea/half/None/y6/|qsPea/full/y6/None/
ss03+ss05	200C:E652:E650:E653	cell	boundary-echo	space|qsTea.noentry|qsPea|qsDay.half.en-y0.ex-y0	zwnj/boundary/None/None/|qsTea/full/None/None/locked|qsPea/full/None/baseline/|qsDay/half/baseline/None/
ss03+ss05	200C:E652:E652:0020	cell	boundary-echo	space|qsTea.ex-y0|qsTea|space	zwnj/boundary/None/None/|qsTea/full/None/None/locked|qsTea/full/None/None/|space/boundary/None/None/
ss03+ss05	200C:E652:E652:00B7	cell	boundary-echo	space|qsTea.ex-y0|qsTea|periodcentered	zwnj/boundary/None/None/|qsTea/full/None/None/locked|qsTea/full/None/None/|namer-dot/boundary/None/None/
ss03+ss05	200C:E652:E652:200C	cell	boundary-echo	space|qsTea.ex-y0|qsTea|space	zwnj/boundary/None/None/|qsTea/full/None/None/locked|qsTea/full/None/None/|zwnj/boundary/None/None/
ss03+ss05	200C:E652:E652:E650	cell	boundary-echo	space|qsTea.ex-y0|qsTea|qsPea	zwnj/boundary/None/None/|qsTea/full/None/None/locked|qsTea/full/None/None/|qsPea/full/None/None/
ss03+ss05	200C:E652:E652:E652	cell	boundary-echo	space|qsTea.ex-y0|qsTea|qsTea	zwnj/boundary/None/None/|qsTea/full/None/None/locked|qsTea/full/None/None/|qsTea/full/None/None/
ss03+ss05	200C:E652:E652:E653	cell	boundary-echo	space|qsTea.noentry|qsTea.ex-y0|qsDay.half.en-y0.ex-y0.en-ext-1	zwnj/boundary/None/None/|qsTea/full/None/None/locked|qsTea/full/None/baseline/|qsDay/half/baseline/None/en-ext-1
ss03+ss05	200C:E652:E653:0020	cell	boundary-echo	space|qsTea.ex-y0|qsDay.half.en-y0.ex-y0.en-ext-1|space	zwnj/boundary/None/None/|qsTea/full/None/baseline/locked|qsDay/half/baseline/None/en-ext-1|space/boundary/None/None/
ss03+ss05	200C:E652:E653:00B7	cell	boundary-echo	space|qsTea.ex-y0|qsDay.half.en-y0.ex-y0.en-ext-1|periodcentered	zwnj/boundary/None/None/|qsTea/full/None/baseline/locked|qsDay/half/baseline/None/en-ext-1|namer-dot/boundary/None/None/
ss03+ss05	200C:E652:E653:200C	cell	boundary-echo	space|qsTea.ex-y0|qsDay.half.en-y0.ex-y0.en-ext-1|space	zwnj/boundary/None/None/|qsTea/full/None/baseline/locked|qsDay/half/baseline/None/en-ext-1|zwnj/boundary/None/None/
ss03+ss05	200C:E652:E653:E650	cell	boundary-echo	space|qsTea.ex-y0|qsDay.half.en-y0.ex-y0.en-ext-1|qsPea	zwnj/boundary/None/None/|qsTea/full/None/baseline/locked|qsDay/half/baseline/None/en-ext-1|qsPea/full/None/None/
ss03+ss05	200C:E652:E653:E652	cell	boundary-echo	space|qsTea.ex-y0|qsDay.half.en-y0.ex-y0.en-ext-1|qsTea.en-y0	zwnj/boundary/None/None/|qsTea/full/None/baseline/locked|qsDay/half/baseline/baseline/en-ext-1|qsTea/full/baseline/None/
ss03+ss05	200C:E652:E653:E653	cell	boundary-echo	space|qsTea.ex-y0|qsDay.half.en-y0.ex-y0.en-ext-1|qsDay.half.en-y0.ex-y0	zwnj/boundary/None/None/|qsTea/full/None/baseline/locked|qsDay/half/baseline/baseline/en-ext-1|qsDay/half/baseline/None/
ss03+ss05	200C:E652:E653:E668	cell	boundary-echo	space|qsTea.ex-y0|qsDay.half.en-y0.ex-y0.en-ext-1|qsRoe	zwnj/boundary/None/None/|qsTea/full/None/baseline/locked|qsDay/half/baseline/baseline/en-ext-1|qsRoe/hapax/baseline/None/
ss03+ss05	200C:E652:E668:E668	cell	boundary-echo	space|qsTea.half.en-y8.ex-y5.noentry|qsRoe.ex-y0|qsRoe	zwnj/boundary/None/None/|qsTea/half/None/x-height/locked|qsRoe/hapax/x-height/baseline/en-con-1|qsRoe/hapax/baseline/None/
ss03+ss05	200C:E653:E650:E650	cell	boundary-echo	space|qsDay.noentry|qsPea.half.en-y6.ex-y6|qsPea.en-y6	zwnj/boundary/None/None/|qsDay/full/None/None/locked|qsPea/half/None/y6/|qsPea/full/y6/None/
ss03+ss05	200C:E653:E650:E653	cell	boundary-echo	space|qsDay.noentry|qsPea|qsDay.half.en-y0.ex-y0	zwnj/boundary/None/None/|qsDay/full/None/None/locked|qsPea/full/None/baseline/|qsDay/half/baseline/None/
ss03+ss05	200C:E653:E652:0020	cell	boundary-echo	space|qsDay.noentry|qsTea.en-y0|space	zwnj/boundary/None/None/|qsDay/full/None/baseline/locked|qsTea/full/baseline/None/|space/boundary/None/None/
ss03+ss05	200C:E653:E652:00B7	cell	boundary-echo	space|qsDay.noentry|qsTea.en-y0|periodcentered	zwnj/boundary/None/None/|qsDay/full/None/baseline/locked|qsTea/full/baseline/None/|namer-dot/boundary/None/None/
ss03+ss05	200C:E653:E652:200C	cell	boundary-echo	space|qsDay.noentry|qsTea.en-y0|space	zwnj/boundary/None/None/|qsDay/full/None/baseline/locked|qsTea/full/baseline/None/|zwnj/boundary/None/None/
ss03+ss05	200C:E653:E652:E650	cell	boundary-echo	space|qsDay.noentry|qsTea.en-y0|qsPea	zwnj/boundary/None/None/|qsDay/full/None/baseline/locked|qsTea/full/baseline/None/|qsPea/full/None/None/
ss03+ss05	200C:E653:E652:E652	cell	boundary-echo	space|qsDay.noentry|qsTea.en-y0|qsTea	zwnj/boundary/None/None/|qsDay/full/None/baseline/locked|qsTea/full/baseline/None/|qsTea/full/None/None/
ss03+ss05	200C:E653:E652:E653	cell	boundary-echo	space|qsDay.noentry|qsTea.ex-y0|qsDay.half.en-y0.ex-y0.en-ext-1	zwnj/boundary/None/None/|qsDay/full/None/None/locked|qsTea/full/None/baseline/|qsDay/half/baseline/None/en-ext-1
ss03+ss05	200C:E653:E652:E668	cell,seam	boundary-echo	space|qsDay.noentry|qsTea.half.ex-y5|qsRoe.en-y5.en-con-1	zwnj/boundary/None/None/|qsDay/full/None/baseline/locked|qsTea/full/baseline/None/|qsRoe/hapax/None/None/
ss03+ss05	200C:E653:E653:0020	cell	boundary-echo	space|qsDay.noentry|qsDay.half.en-y0.ex-y0|space	zwnj/boundary/None/None/|qsDay/full/None/baseline/locked|qsDay/half/baseline/None/|space/boundary/None/None/
ss03+ss05	200C:E653:E653:00B7	cell	boundary-echo	space|qsDay.noentry|qsDay.half.en-y0.ex-y0|periodcentered	zwnj/boundary/None/None/|qsDay/full/None/baseline/locked|qsDay/half/baseline/None/|namer-dot/boundary/None/None/
ss03+ss05	200C:E653:E653:200C	cell	boundary-echo	space|qsDay.noentry|qsDay.half.en-y0.ex-y0|space	zwnj/boundary/None/None/|qsDay/full/None/baseline/locked|qsDay/half/baseline/None/|zwnj/boundary/None/None/
ss03+ss05	200C:E653:E653:E650	cell	boundary-echo	space|qsDay.noentry|qsDay.half.en-y0.ex-y0|qsPea	zwnj/boundary/None/None/|qsDay/full/None/baseline/locked|qsDay/half/baseline/None/|qsPea/full/None/None/
ss03+ss05	200C:E653:E653:E652	cell	boundary-echo	space|qsDay.noentry|qsDay.half.en-y0.ex-y0|qsTea.en-y0	zwnj/boundary/None/None/|qsDay/full/None/baseline/locked|qsDay/half/baseline/baseline/|qsTea/full/baseline/None/
ss03+ss05	200C:E653:E653:E653	cell	boundary-echo	space|qsDay.noentry|qsDay.half.en-y0.ex-y0|qsDay.half.en-y0.ex-y0	zwnj/boundary/None/None/|qsDay/full/None/baseline/locked|qsDay/half/baseline/baseline/|qsDay/half/baseline/None/
ss03+ss05	200C:E653:E653:E668	cell	boundary-echo	space|qsDay.noentry|qsDay.half.en-y0.ex-y0|qsRoe	zwnj/boundary/None/None/|qsDay/full/None/baseline/locked|qsDay/half/baseline/baseline/|qsRoe/hapax/baseline/None/
ss03+ss05	200C:E653:E668:0020	cell	boundary-echo	space|qsDay.noentry|qsRoe|space	zwnj/boundary/None/None/|qsDay/full/None/baseline/locked|qsRoe/hapax/baseline/None/|space/boundary/None/None/
ss03+ss05	200C:E653:E668:00B7	cell	boundary-echo	space|qsDay.noentry|qsRoe|periodcentered	zwnj/boundary/None/None/|qsDay/full/None/baseline/locked|qsRoe/hapax/baseline/None/|namer-dot/boundary/None/None/
ss03+ss05	200C:E653:E668:200C	cell	boundary-echo	space|qsDay.noentry|qsRoe|space	zwnj/boundary/None/None/|qsDay/full/None/baseline/locked|qsRoe/hapax/baseline/None/|zwnj/boundary/None/None/
ss03+ss05	200C:E653:E668:E650	cell	boundary-echo	space|qsDay.noentry|qsRoe|qsPea	zwnj/boundary/None/None/|qsDay/full/None/baseline/locked|qsRoe/hapax/baseline/None/|qsPea/full/None/None/
ss03+ss05	200C:E653:E668:E652	cell	boundary-echo	space|qsDay.noentry|qsRoe|qsTea	zwnj/boundary/None/None/|qsDay/full/None/baseline/locked|qsRoe/hapax/baseline/None/|qsTea/full/None/None/
ss03+ss05	200C:E653:E668:E653	cell	boundary-echo	space|qsDay.noentry|qsRoe|qsDay	zwnj/boundary/None/None/|qsDay/full/None/baseline/locked|qsRoe/hapax/baseline/None/|qsDay/full/None/None/
ss03+ss05	200C:E653:E668:E668	cell	boundary-echo	space|qsDay.noentry|qsRoe.en-y0.ex-y5|qsRoe	zwnj/boundary/None/None/|qsDay/full/None/baseline/locked|qsRoe/hapax/baseline/x-height/|qsRoe/hapax/x-height/None/
ss03+ss05	200C:E665:E679:E650	cell	boundary-echo	space|qsMay.noentry|qsOy.en-y5.ex-y0|qsPea	zwnj/boundary/None/None/|qsMay/loop/None/x-height/locked|qsOy/hapax/x-height/None/|qsPea/full/None/None/
ss03+ss05	200C:E668:E650:E650	cell	boundary-echo	space|qsRoe.noentry|qsPea.half.en-y6.ex-y6|qsPea.en-y6	zwnj/boundary/None/None/|qsRoe/hapax/None/None/locked|qsPea/half/None/y6/|qsPea/full/y6/None/
ss03+ss05	200C:E668:E650:E653	cell	boundary-echo	space|qsRoe.noentry|qsPea|qsDay.half.en-y0.ex-y0	zwnj/boundary/None/None/|qsRoe/hapax/None/None/locked|qsPea/full/None/baseline/|qsDay/half/baseline/None/
ss03+ss05	200C:E668:E652:E653	cell	boundary-echo	space|qsRoe.noentry|qsTea.ex-y0|qsDay.half.en-y0.ex-y0.en-ext-1	zwnj/boundary/None/None/|qsRoe/hapax/None/None/locked|qsTea/full/None/baseline/|qsDay/half/baseline/None/en-ext-1
ss03+ss05	200C:E668:E653:E652	cell	boundary-echo	space|qsRoe.noentry|qsDay|qsTea.en-y0	zwnj/boundary/None/None/|qsRoe/hapax/None/None/locked|qsDay/full/None/baseline/|qsTea/full/baseline/None/
ss03+ss05	200C:E668:E653:E653	cell	boundary-echo	space|qsRoe.noentry|qsDay|qsDay.half.en-y0.ex-y0	zwnj/boundary/None/None/|qsRoe/hapax/None/None/locked|qsDay/full/None/baseline/|qsDay/half/baseline/None/
ss03+ss05	200C:E668:E653:E668	cell	boundary-echo	space|qsRoe.noentry|qsDay|qsRoe	zwnj/boundary/None/None/|qsRoe/hapax/None/None/locked|qsDay/full/None/baseline/|qsRoe/hapax/baseline/None/
ss03+ss05	200C:E668:E668:0020	cell	boundary-echo	space|qsRoe.en-y0.ex-y5.noentry|qsRoe|space	zwnj/boundary/None/None/|qsRoe/hapax/None/x-height/locked|qsRoe/hapax/x-height/None/|space/boundary/None/None/
ss03+ss05	200C:E668:E668:00B7	cell	boundary-echo	space|qsRoe.en-y0.ex-y5.noentry|qsRoe|periodcentered	zwnj/boundary/None/None/|qsRoe/hapax/None/x-height/locked|qsRoe/hapax/x-height/None/|namer-dot/boundary/None/None/
ss03+ss05	200C:E668:E668:200C	cell	boundary-echo	space|qsRoe.en-y0.ex-y5.noentry|qsRoe|space	zwnj/boundary/None/None/|qsRoe/hapax/None/x-height/locked|qsRoe/hapax/x-height/None/|zwnj/boundary/None/None/
ss03+ss05	200C:E668:E668:E650	cell	boundary-echo	space|qsRoe.en-y0.ex-y5.noentry|qsRoe|qsPea	zwnj/boundary/None/None/|qsRoe/hapax/None/x-height/locked|qsRoe/hapax/x-height/None/|qsPea/full/None/None/
ss03+ss05	200C:E668:E668:E652	cell	boundary-echo	space|qsRoe.en-y0.ex-y5.noentry|qsRoe|qsTea	zwnj/boundary/None/None/|qsRoe/hapax/None/x-height/locked|qsRoe/hapax/x-height/None/|qsTea/full/None/None/
ss03+ss05	200C:E668:E668:E653	cell	boundary-echo	space|qsRoe.en-y0.ex-y5.noentry|qsRoe|qsDay	zwnj/boundary/None/None/|qsRoe/hapax/None/x-height/locked|qsRoe/hapax/x-height/None/|qsDay/full/None/None/
ss03+ss05	200C:E668:E668:E668	cell	boundary-echo	space|qsRoe.en-y0.ex-y5.noentry|qsRoe.ex-y0|qsRoe	zwnj/boundary/None/None/|qsRoe/hapax/None/x-height/locked|qsRoe/hapax/x-height/baseline/|qsRoe/hapax/baseline/None/
ss03+ss05	E650:0020:E650:E650	cell	boundary-echo	qsPea|space|qsPea.half.en-y6.ex-y6|qsPea.en-y6	qsPea/full/None/None/|space/boundary/None/None/|qsPea/half/None/y6/|qsPea/full/y6/None/
ss03+ss05	E650:0020:E650:E653	cell	boundary-echo	qsPea|space|qsPea|qsDay.half.en-y0.ex-y0	qsPea/full/None/None/|space/boundary/None/None/|qsPea/full/None/baseline/|qsDay/half/baseline/None/
ss03+ss05	E650:0020:E652:E653	cell	boundary-echo	qsPea|space|qsTea.ex-y0|qsDay.half.en-y0.ex-y0.en-ext-1	qsPea/full/None/None/|space/boundary/None/None/|qsTea/full/None/baseline/|qsDay/half/baseline/None/en-ext-1
ss03+ss05	E650:0020:E653:E652	cell	boundary-echo	qsPea|space|qsDay|qsTea.en-y0	qsPea/full/None/None/|space/boundary/None/None/|qsDay/full/None/baseline/|qsTea/full/baseline/None/
ss03+ss05	E650:0020:E653:E653	cell	boundary-echo	qsPea|space|qsDay|qsDay.half.en-y0.ex-y0	qsPea/full/None/None/|space/boundary/None/None/|qsDay/full/None/baseline/|qsDay/half/baseline/None/
ss03+ss05	E650:0020:E653:E668	cell	boundary-echo	qsPea|space|qsDay|qsRoe	qsPea/full/None/None/|space/boundary/None/None/|qsDay/full/None/baseline/|qsRoe/hapax/baseline/None/
ss03+ss05	E650:0020:E668:E668	cell	boundary-echo	qsPea|space|qsRoe.en-y0.ex-y5|qsRoe	qsPea/full/None/None/|space/boundary/None/None/|qsRoe/hapax/None/x-height/|qsRoe/hapax/x-height/None/
ss03+ss05	E650:00B7:E650:E650	cell	dangling-anchor-dropped	qsPea|periodcentered|qsPea.half.en-y6.ex-y6|qsPea.en-y6	qsPea/full/None/None/|namer-dot/boundary/None/None/|qsPea/half/None/y6/|qsPea/full/y6/None/
ss03+ss05	E650:00B7:E650:E653	cell	dangling-anchor-dropped	qsPea|periodcentered|qsPea|qsDay.half.en-y0.ex-y0	qsPea/full/None/None/|namer-dot/boundary/None/None/|qsPea/full/None/baseline/|qsDay/half/baseline/None/
ss03+ss05	E650:00B7:E652:E653	cell	dangling-anchor-dropped	qsPea|periodcentered|qsTea.ex-y0|qsDay.half.en-y0.ex-y0.en-ext-1	qsPea/full/None/None/|namer-dot/boundary/None/None/|qsTea/full/None/baseline/|qsDay/half/baseline/None/en-ext-1
ss03+ss05	E650:00B7:E653:E652	cell	bare-name-live-join	qsPea|periodcentered|qsDay|qsTea.en-y0	qsPea/full/None/None/|namer-dot/boundary/None/None/|qsDay/full/None/baseline/|qsTea/full/baseline/None/
ss03+ss05	E650:00B7:E653:E653	cell	dangling-anchor-dropped	qsPea|periodcentered|qsDay|qsDay.half.en-y0.ex-y0	qsPea/full/None/None/|namer-dot/boundary/None/None/|qsDay/full/None/baseline/|qsDay/half/baseline/None/
ss03+ss05	E650:00B7:E653:E668	cell	bare-name-live-join	qsPea|periodcentered|qsDay|qsRoe	qsPea/full/None/None/|namer-dot/boundary/None/None/|qsDay/full/None/baseline/|qsRoe/hapax/baseline/None/
ss03+ss05	E650:00B7:E668:E668	cell	dangling-anchor-dropped	qsPea|periodcentered.lowered|qsRoe.en-y0.ex-y5|qsRoe	qsPea/full/None/None/|namer-dot/boundary/None/None/|qsRoe/hapax/None/x-height/|qsRoe/hapax/x-height/None/
ss03+ss05	E650:200C:E650:E653	cell	boundary-echo	qsPea|space|qsPea.noentry|qsDay.half.en-y0.ex-y0	qsPea/full/None/None/|zwnj/boundary/None/None/|qsPea/full/None/baseline/locked|qsDay/half/baseline/None/
ss03+ss05	E650:200C:E650:E665	cell	boundary-echo	qsPea|space|qsPea.noentry|qsMay.en-y0.ex-y5.en-ext-1	qsPea/full/None/None/|zwnj/boundary/None/None/|qsPea/full/None/baseline/locked|qsMay/loop/baseline/None/
ss03+ss05	E650:200C:E650:E668	cell	boundary-echo	qsPea|space|qsPea.half.ex-y5.ex-dips|qsRoe.en-y5.en-con-1	qsPea/full/None/None/|zwnj/boundary/None/None/|qsPea/half/None/x-height/locked|qsRoe/hapax/x-height/None/en-con-1
ss03+ss05	E650:200C:E650:E670	cell	boundary-echo	qsPea|space|qsPea.half.ex-y5.ex-dips|qsIt.en-y5.ex-y0	qsPea/full/None/None/|zwnj/boundary/None/None/|qsPea/half/None/x-height/locked|qsIt/hapax/x-height/None/
ss03+ss05	E650:200C:E652:E652	cell	boundary-echo	qsPea|space|qsTea.ex-y0|qsTea	qsPea/full/None/None/|zwnj/boundary/None/None/|qsTea/full/None/None/locked|qsTea/full/None/None/
ss03+ss05	E650:200C:E652:E653	cell	boundary-echo	qsPea|space|qsTea.ex-y0|qsDay.half.en-y0.ex-y0.en-ext-1	qsPea/full/None/None/|zwnj/boundary/None/None/|qsTea/full/None/baseline/locked|qsDay/half/baseline/None/en-ext-1
ss03+ss05	E650:200C:E653:E652	cell	boundary-echo	qsPea|space|qsDay.noentry|qsTea.en-y0	qsPea/full/None/None/|zwnj/boundary/None/None/|qsDay/full/None/baseline/locked|qsTea/full/baseline/None/
ss03+ss05	E650:200C:E653:E653	cell	boundary-echo	qsPea|space|qsDay.noentry|qsDay.half.en-y0.ex-y0	qsPea/full/None/None/|zwnj/boundary/None/None/|qsDay/full/None/baseline/locked|qsDay/half/baseline/None/
ss03+ss05	E650:200C:E653:E668	cell	boundary-echo	qsPea|space|qsDay.noentry|qsRoe	qsPea/full/None/None/|zwnj/boundary/None/None/|qsDay/full/None/baseline/locked|qsRoe/hapax/baseline/None/
ss03+ss05	E650:200C:E668:E668	cell	boundary-echo	qsPea|space|qsRoe.en-y0.ex-y5.noentry|qsRoe	qsPea/full/None/None/|zwnj/boundary/None/None/|qsRoe/hapax/None/x-height/locked|qsRoe/hapax/x-height/None/
ss03+ss05	E650:200C:E676:E665	position	kern-channel-out-of-scope	qsPea|space|qsAh.noentry.ex-ext-1|qsMay.en-y5	slot 3 (qsMay.en-y5): origin want (500, 0), got (550, 0)
ss03+ss05	E650:E650:0020:0020	cell	boundary-echo	qsPea.half.en-y6.ex-y6|qsPea.en-y6|space|space	qsPea/half/None/y6/|qsPea/full/y6/None/|space/boundary/None/None/|space/boundary/None/None/
ss03+ss05	E650:E650:0020:00B7	cell	boundary-echo	qsPea.half.en-y6.ex-y6|qsPea.en-y6|space|periodcentered	qsPea/half/None/y6/|qsPea/full/y6/None/|space/boundary/None/None/|namer-dot/boundary/None/None/
ss03+ss05	E650:E650:0020:200C	cell	boundary-echo	qsPea.half.en-y6.ex-y6|qsPea.en-y6|space|space	qsPea/half/None/y6/|qsPea/full/y6/None/|space/boundary/None/None/|zwnj/boundary/None/None/
ss03+ss05	E650:E650:0020:E650	cell	boundary-echo	qsPea.half.en-y6.ex-y6|qsPea.en-y6|space|qsPea	qsPea/half/None/y6/|qsPea/full/y6/None/|space/boundary/None/None/|qsPea/full/None/None/
ss03+ss05	E650:E650:0020:E652	cell	boundary-echo	qsPea.half.en-y6.ex-y6|qsPea.en-y6|space|qsTea	qsPea/half/None/y6/|qsPea/full/y6/None/|space/boundary/None/None/|qsTea/full/None/None/
ss03+ss05	E650:E650:0020:E653	cell	boundary-echo	qsPea.half.en-y6.ex-y6|qsPea.en-y6|space|qsDay	qsPea/half/None/y6/|qsPea/full/y6/None/|space/boundary/None/None/|qsDay/full/None/None/
ss03+ss05	E650:E650:0020:E668	cell	boundary-echo	qsPea.half.en-y6.ex-y6|qsPea.en-y6|space|qsRoe	qsPea/half/None/y6/|qsPea/full/y6/None/|space/boundary/None/None/|qsRoe/hapax/None/None/
ss03+ss05	E650:E650:00B7:0020	cell	boundary-echo	qsPea.half.en-y6.ex-y6|qsPea.en-y6|periodcentered|space	qsPea/half/None/y6/|qsPea/full/y6/None/|namer-dot/boundary/None/None/|space/boundary/None/None/
ss03+ss05	E650:E650:00B7:00B7	cell	dangling-anchor-dropped	qsPea.half.en-y6.ex-y6|qsPea.en-y6|periodcentered|periodcentered	qsPea/half/None/y6/|qsPea/full/y6/None/|namer-dot/boundary/None/None/|namer-dot/boundary/None/None/
ss03+ss05	E650:E650:00B7:200C	cell	boundary-echo	qsPea.half.en-y6.ex-y6|qsPea.en-y6|periodcentered|space	qsPea/half/None/y6/|qsPea/full/y6/None/|namer-dot/boundary/None/None/|zwnj/boundary/None/None/
ss03+ss05	E650:E650:00B7:E650	cell	dangling-anchor-dropped	qsPea.half.en-y6.ex-y6|qsPea.en-y6|periodcentered|qsPea	qsPea/half/None/y6/|qsPea/full/y6/None/|namer-dot/boundary/None/None/|qsPea/full/None/None/
ss03+ss05	E650:E650:00B7:E652	cell	dangling-anchor-dropped	qsPea.half.en-y6.ex-y6|qsPea.en-y6|periodcentered|qsTea	qsPea/half/None/y6/|qsPea/full/y6/None/|namer-dot/boundary/None/None/|qsTea/full/None/None/
ss03+ss05	E650:E650:00B7:E653	cell	dangling-anchor-dropped	qsPea.half.en-y6.ex-y6|qsPea.en-y6|periodcentered|qsDay	qsPea/half/None/y6/|qsPea/full/y6/None/|namer-dot/boundary/None/None/|qsDay/full/None/None/
ss03+ss05	E650:E650:00B7:E668	cell	dangling-anchor-dropped	qsPea.half.en-y6.ex-y6|qsPea.en-y6|periodcentered.lowered|qsRoe	qsPea/half/None/y6/|qsPea/full/y6/None/|namer-dot/boundary/None/None/|qsRoe/hapax/None/None/
ss03+ss05	E650:E650:200C:0020	cell	boundary-echo	qsPea.half.en-y6.ex-y6|qsPea.en-y6|space|space	qsPea/half/None/y6/|qsPea/full/y6/None/|zwnj/boundary/None/None/|space/boundary/None/None/
ss03+ss05	E650:E650:200C:00B7	cell	boundary-echo	qsPea.half.en-y6.ex-y6|qsPea.en-y6|space|periodcentered	qsPea/half/None/y6/|qsPea/full/y6/None/|zwnj/boundary/None/None/|namer-dot/boundary/None/None/
ss03+ss05	E650:E650:200C:200C	cell	boundary-echo	qsPea.half.en-y6.ex-y6|qsPea.en-y6|space|space	qsPea/half/None/y6/|qsPea/full/y6/None/|zwnj/boundary/None/None/|zwnj/boundary/None/None/
ss03+ss05	E650:E650:200C:E650	cell	boundary-echo	qsPea.half.en-y6.ex-y6|qsPea.en-y6|space|qsPea.noentry	qsPea/half/None/y6/|qsPea/full/y6/None/|zwnj/boundary/None/None/|qsPea/full/None/None/locked
ss03+ss05	E650:E650:200C:E652	cell	boundary-echo	qsPea.half.en-y6.ex-y6|qsPea.en-y6|space|qsTea.noentry	qsPea/half/None/y6/|qsPea/full/y6/None/|zwnj/boundary/None/None/|qsTea/full/None/None/locked
ss03+ss05	E650:E650:200C:E653	cell	boundary-echo	qsPea.half.en-y6.ex-y6|qsPea.en-y6|space|qsDay.noentry	qsPea/half/None/y6/|qsPea/full/y6/None/|zwnj/boundary/None/None/|qsDay/full/None/None/locked
ss03+ss05	E650:E650:200C:E668	cell	boundary-echo	qsPea.half.en-y6.ex-y6|qsPea.en-y6|space|qsRoe.noentry	qsPea/half/None/y6/|qsPea/full/y6/None/|zwnj/boundary/None/None/|qsRoe/hapax/None/None/locked
ss03+ss05	E650:E650:E650:0020	cell	boundary-echo	qsPea.half.en-y6.ex-y6|qsPea.half.en-y6.ex-y6|qsPea.en-y6|space	qsPea/half/None/y6/|qsPea/half/y6/y6/|qsPea/full/y6/None/|space/boundary/None/None/
ss03+ss05	E650:E650:E650:00B7	cell	dangling-anchor-dropped	qsPea.half.en-y6.ex-y6|qsPea.half.en-y6.ex-y6|qsPea.en-y6|periodcentered	qsPea/half/None/y6/|qsPea/half/y6/y6/|qsPea/full/y6/None/|namer-dot/boundary/None/None/
ss03+ss05	E650:E650:E650:200C	cell	boundary-echo	qsPea.half.en-y6.ex-y6|qsPea.half.en-y6.ex-y6|qsPea.en-y6|space	qsPea/half/None/y6/|qsPea/half/y6/y6/|qsPea/full/y6/None/|zwnj/boundary/None/None/
ss03+ss05	E650:E650:E650:E650	cell	dangling-anchor-dropped	qsPea.half.en-y6.ex-y6|qsPea.half.en-y6.ex-y6|qsPea.half.en-y6.ex-y6|qsPea.en-y6	qsPea/half/None/y6/|qsPea/half/y6/y6/|qsPea/half/y6/y6/|qsPea/full/y6/None/
ss03+ss05	E650:E650:E650:E652	cell	dangling-anchor-dropped	qsPea.half.en-y6.ex-y6|qsPea.half.en-y6.ex-y6|qsPea.en-y6.ex-y0|qsTea	qsPea/half/None/y6/|qsPea/half/y6/y6/|qsPea/full/y6/None/|qsTea/full/None/None/
ss03+ss05	E650:E650:E650:E653	cell	dangling-anchor-dropped	qsPea.half.en-y6.ex-y6|qsPea.half.en-y6.ex-y6|qsPea.en-y6.ex-y0|qsDay.half.en-y0.ex-y0	qsPea/half/None/y6/|qsPea/half/y6/y6/|qsPea/full/y6/baseline/|qsDay/half/baseline/None/
ss03+ss05	E650:E650:E650:E668	cell	dangling-anchor-dropped	qsPea.half.en-y6.ex-y6|qsPea.half.en-y6.ex-y6|qsPea.half.en-y6.ex-y5.ex-dips|qsRoe.en-y5.en-con-1	qsPea/half/None/y6/|qsPea/half/y6/y6/|qsPea/half/y6/x-height/|qsRoe/hapax/x-height/None/en-con-1
ss03+ss05	E650:E650:E652:0020	cell	boundary-echo	qsPea.half.en-y6.ex-y6|qsPea.en-y6.ex-y0|qsTea|space	qsPea/half/None/y6/|qsPea/full/y6/None/|qsTea/full/None/None/|space/boundary/None/None/
ss03+ss05	E650:E650:E652:00B7	cell	dangling-anchor-dropped	qsPea.half.en-y6.ex-y6|qsPea.en-y6.ex-y0|qsTea|periodcentered	qsPea/half/None/y6/|qsPea/full/y6/None/|qsTea/full/None/None/|namer-dot/boundary/None/None/
ss03+ss05	E650:E650:E652:200C	cell	boundary-echo	qsPea.half.en-y6.ex-y6|qsPea.en-y6.ex-y0|qsTea|space	qsPea/half/None/y6/|qsPea/full/y6/None/|qsTea/full/None/None/|zwnj/boundary/None/None/
ss03+ss05	E650:E650:E652:E650	cell	dangling-anchor-dropped	qsPea.half.en-y6.ex-y6|qsPea.en-y6.ex-y0|qsTea|qsPea	qsPea/half/None/y6/|qsPea/full/y6/None/|qsTea/full/None/None/|qsPea/full/None/None/
ss03+ss05	E650:E650:E652:E652	cell	dangling-anchor-dropped	qsPea.half.en-y6.ex-y6|qsPea.en-y6.ex-y0|qsTea|qsTea	qsPea/half/None/y6/|qsPea/full/y6/None/|qsTea/full/None/None/|qsTea/full/None/None/
ss03+ss05	E650:E650:E652:E653	cell	dangling-anchor-dropped	qsPea.half.en-y6.ex-y6|qsPea.en-y6.ex-y0|qsTea.ex-y0|qsDay.half.en-y0.ex-y0.en-ext-1	qsPea/half/None/y6/|qsPea/full/y6/None/|qsTea/full/None/baseline/|qsDay/half/baseline/None/en-ext-1
ss03+ss05	E650:E650:E652:E668	cell	dangling-anchor-dropped	qsPea.half.en-y6.ex-y6|qsPea.en-y6.ex-y0|qsTea.half.ex-y5|qsRoe.en-y5.en-con-1	qsPea/half/None/y6/|qsPea/full/y6/None/|qsTea/half/None/x-height/|qsRoe/hapax/x-height/None/en-con-1
ss03+ss05	E650:E650:E653:0020	cell	boundary-echo	qsPea.half.en-y6.ex-y6|qsPea.en-y6.ex-y0|qsDay.half.en-y0.ex-y0|space	qsPea/half/None/y6/|qsPea/full/y6/baseline/|qsDay/half/baseline/None/|space/boundary/None/None/
ss03+ss05	E650:E650:E653:00B7	cell	dangling-anchor-dropped	qsPea.half.en-y6.ex-y6|qsPea.en-y6.ex-y0|qsDay.half.en-y0.ex-y0|periodcentered	qsPea/half/None/y6/|qsPea/full/y6/baseline/|qsDay/half/baseline/None/|namer-dot/boundary/None/None/
ss03+ss05	E650:E650:E653:200C	cell	boundary-echo	qsPea.half.en-y6.ex-y6|qsPea.en-y6.ex-y0|qsDay.half.en-y0.ex-y0|space	qsPea/half/None/y6/|qsPea/full/y6/baseline/|qsDay/half/baseline/None/|zwnj/boundary/None/None/
ss03+ss05	E650:E650:E653:E650	cell	dangling-anchor-dropped	qsPea.half.en-y6.ex-y6|qsPea.en-y6.ex-y0|qsDay.half.en-y0.ex-y0|qsPea	qsPea/half/None/y6/|qsPea/full/y6/baseline/|qsDay/half/baseline/None/|qsPea/full/None/None/
ss03+ss05	E650:E650:E653:E652	cell	dangling-anchor-dropped	qsPea.half.en-y6.ex-y6|qsPea.en-y6.ex-y0|qsDay.half.en-y0.ex-y0|qsTea.en-y0	qsPea/half/None/y6/|qsPea/full/y6/baseline/|qsDay/half/baseline/baseline/|qsTea/full/baseline/None/
ss03+ss05	E650:E650:E653:E653	cell	dangling-anchor-dropped	qsPea.half.en-y6.ex-y6|qsPea.en-y6.ex-y0|qsDay.half.en-y0.ex-y0|qsDay.half.en-y0.ex-y0	qsPea/half/None/y6/|qsPea/full/y6/baseline/|qsDay/half/baseline/baseline/|qsDay/half/baseline/None/
ss03+ss05	E650:E650:E653:E668	cell	dangling-anchor-dropped	qsPea.half.en-y6.ex-y6|qsPea.en-y6.ex-y0|qsDay.half.en-y0.ex-y0|qsRoe	qsPea/half/None/y6/|qsPea/full/y6/baseline/|qsDay/half/baseline/baseline/|qsRoe/hapax/baseline/None/
ss03+ss05	E650:E650:E668:0020	cell	boundary-echo	qsPea.half.en-y6.ex-y6|qsPea.half.en-y6.ex-y5.ex-dips|qsRoe.en-y5.en-con-1|space	qsPea/half/None/y6/|qsPea/half/y6/x-height/|qsRoe/hapax/x-height/None/en-con-1|space/boundary/None/None/
ss03+ss05	E650:E650:E668:00B7	cell	dangling-anchor-dropped	qsPea.half.en-y6.ex-y6|qsPea.half.en-y6.ex-y5.ex-dips|qsRoe.en-y5.en-con-1|periodcentered	qsPea/half/None/y6/|qsPea/half/y6/x-height/|qsRoe/hapax/x-height/None/en-con-1|namer-dot/boundary/None/None/
ss03+ss05	E650:E650:E668:200C	cell	boundary-echo	qsPea.half.en-y6.ex-y6|qsPea.half.en-y6.ex-y5.ex-dips|qsRoe.en-y5.en-con-1|space	qsPea/half/None/y6/|qsPea/half/y6/x-height/|qsRoe/hapax/x-height/None/en-con-1|zwnj/boundary/None/None/
ss03+ss05	E650:E650:E668:E650	cell	dangling-anchor-dropped	qsPea.half.en-y6.ex-y6|qsPea.half.en-y6.ex-y5.ex-dips|qsRoe.en-y5.en-con-1|qsPea	qsPea/half/None/y6/|qsPea/half/y6/x-height/|qsRoe/hapax/x-height/None/en-con-1|qsPea/full/None/None/
ss03+ss05	E650:E650:E668:E652	cell	dangling-anchor-dropped	qsPea.half.en-y6.ex-y6|qsPea.half.en-y6.ex-y5.ex-dips|qsRoe.en-y5.en-con-1|qsTea	qsPea/half/None/y6/|qsPea/half/y6/x-height/|qsRoe/hapax/x-height/None/en-con-1|qsTea/full/None/None/
ss03+ss05	E650:E650:E668:E653	cell	dangling-anchor-dropped	qsPea.half.en-y6.ex-y6|qsPea.half.en-y6.ex-y5.ex-dips|qsRoe.en-y5.en-con-1|qsDay	qsPea/half/None/y6/|qsPea/half/y6/x-height/|qsRoe/hapax/x-height/None/en-con-1|qsDay/full/None/None/
ss03+ss05	E650:E650:E668:E668	cell,position	UNMATCHED	qsPea.half.en-y6.ex-y6|qsPea.half.en-y6.ex-y5.ex-dips|qsRoe.ex-y0|qsRoe	qsPea/half/None/y6/|qsPea/half/y6/x-height/|qsRoe/hapax/x-height/baseline/en-con-1|qsRoe/hapax/baseline/None/
ss03+ss05	E650:E652:E650:E650	cell	dangling-anchor-dropped	qsPea|qsTea|qsPea.half.en-y6.ex-y6|qsPea.en-y6	qsPea/full/None/None/|qsTea/full/None/None/|qsPea/half/None/y6/|qsPea/full/y6/None/
ss03+ss05	E650:E652:E650:E653	cell	dangling-anchor-dropped	qsPea|qsTea|qsPea|qsDay.half.en-y0.ex-y0	qsPea/full/None/None/|qsTea/full/None/None/|qsPea/full/None/baseline/|qsDay/half/baseline/None/
ss03+ss05	E650:E652:E652:E653	cell	dangling-anchor-dropped	qsPea|qsTea|qsTea.ex-y0|qsDay.half.en-y0.ex-y0.en-ext-1	qsPea/full/None/None/|qsTea/full/None/None/|qsTea/full/None/baseline/|qsDay/half/baseline/None/en-ext-1
ss03+ss05	E650:E652:E653:0020	cell	boundary-echo	qsPea|qsTea.ex-y0|qsDay.half.en-y0.ex-y0.en-ext-1|space	qsPea/full/None/None/|qsTea/full/None/baseline/|qsDay/half/baseline/None/en-ext-1|space/boundary/None/None/
ss03+ss05	E650:E652:E653:00B7	cell	dangling-anchor-dropped	qsPea|qsTea.ex-y0|qsDay.half.en-y0.ex-y0.en-ext-1|periodcentered	qsPea/full/None/None/|qsTea/full/None/baseline/|qsDay/half/baseline/None/en-ext-1|namer-dot/boundary/None/None/
ss03+ss05	E650:E652:E653:200C	cell	boundary-echo	qsPea|qsTea.ex-y0|qsDay.half.en-y0.ex-y0.en-ext-1|space	qsPea/full/None/None/|qsTea/full/None/baseline/|qsDay/half/baseline/None/en-ext-1|zwnj/boundary/None/None/
ss03+ss05	E650:E652:E653:E650	cell	dangling-anchor-dropped	qsPea|qsTea.ex-y0|qsDay.half.en-y0.ex-y0.en-ext-1|qsPea	qsPea/full/None/None/|qsTea/full/None/baseline/|qsDay/half/baseline/None/en-ext-1|qsPea/full/None/None/
ss03+ss05	E650:E652:E653:E653	cell	dangling-anchor-dropped	qsPea|qsTea.ex-y0|qsDay.half.en-y0.ex-y0.en-ext-1|qsDay.half.en-y0.ex-y0	qsPea/full/None/None/|qsTea/full/None/baseline/|qsDay/half/baseline/baseline/en-ext-1|qsDay/half/baseline/None/
ss03+ss05	E650:E652:E653:E668	cell	bare-name-live-join	qsPea|qsTea.ex-y0|qsDay.half.en-y0.ex-y0.en-ext-1|qsRoe	qsPea/full/None/None/|qsTea/full/None/baseline/|qsDay/half/baseline/baseline/en-ext-1|qsRoe/hapax/baseline/None/
ss03+ss05	E650:E652:E668:E668	cell,position	UNMATCHED	qsPea|qsTea.half.ex-y5|qsRoe.ex-y0|qsRoe	qsPea/full/None/None/|qsTea/half/None/x-height/|qsRoe/hapax/x-height/baseline/en-con-1|qsRoe/hapax/baseline/None/
ss03+ss05	E650:E653:0020:0020	cell	boundary-echo	qsPea|qsDay.half.en-y0.ex-y0|space|space	qsPea/full/None/baseline/|qsDay/half/baseline/None/|space/boundary/None/None/|space/boundary/None/None/
ss03+ss05	E650:E653:0020:00B7	cell	boundary-echo	qsPea|qsDay.half.en-y0.ex-y0|space|periodcentered	qsPea/full/None/baseline/|qsDay/half/baseline/None/|space/boundary/None/None/|namer-dot/boundary/None/None/
ss03+ss05	E650:E653:0020:200C	cell	boundary-echo	qsPea|qsDay.half.en-y0.ex-y0|space|space	qsPea/full/None/baseline/|qsDay/half/baseline/None/|space/boundary/None/None/|zwnj/boundary/None/None/
ss03+ss05	E650:E653:0020:E650	cell	boundary-echo	qsPea|qsDay.half.en-y0.ex-y0|space|qsPea	qsPea/full/None/baseline/|qsDay/half/baseline/None/|space/boundary/None/None/|qsPea/full/None/None/
ss03+ss05	E650:E653:0020:E652	cell	boundary-echo	qsPea|qsDay.half.en-y0.ex-y0|space|qsTea	qsPea/full/None/baseline/|qsDay/half/baseline/None/|space/boundary/None/None/|qsTea/full/None/None/
ss03+ss05	E650:E653:0020:E653	cell	boundary-echo	qsPea|qsDay.half.en-y0.ex-y0|space|qsDay	qsPea/full/None/baseline/|qsDay/half/baseline/None/|space/boundary/None/None/|qsDay/full/None/None/
ss03+ss05	E650:E653:0020:E668	cell	boundary-echo	qsPea|qsDay.half.en-y0.ex-y0|space|qsRoe	qsPea/full/None/baseline/|qsDay/half/baseline/None/|space/boundary/None/None/|qsRoe/hapax/None/None/
ss03+ss05	E650:E653:00B7:0020	cell	boundary-echo	qsPea|qsDay.half.en-y0.ex-y0|periodcentered|space	qsPea/full/None/baseline/|qsDay/half/baseline/None/|namer-dot/boundary/None/None/|space/boundary/None/None/
ss03+ss05	E650:E653:00B7:00B7	cell	dangling-anchor-dropped	qsPea|qsDay.half.en-y0.ex-y0|periodcentered|periodcentered	qsPea/full/None/baseline/|qsDay/half/baseline/None/|namer-dot/boundary/None/None/|namer-dot/boundary/None/None/
ss03+ss05	E650:E653:00B7:200C	cell	boundary-echo	qsPea|qsDay.half.en-y0.ex-y0|periodcentered|space	qsPea/full/None/baseline/|qsDay/half/baseline/None/|namer-dot/boundary/None/None/|zwnj/boundary/None/None/
ss03+ss05	E650:E653:00B7:E650	cell	dangling-anchor-dropped	qsPea|qsDay.half.en-y0.ex-y0|periodcentered|qsPea	qsPea/full/None/baseline/|qsDay/half/baseline/None/|namer-dot/boundary/None/None/|qsPea/full/None/None/
ss03+ss05	E650:E653:00B7:E652	cell	dangling-anchor-dropped	qsPea|qsDay.half.en-y0.ex-y0|periodcentered|qsTea	qsPea/full/None/baseline/|qsDay/half/baseline/None/|namer-dot/boundary/None/None/|qsTea/full/None/None/
ss03+ss05	E650:E653:00B7:E653	cell	dangling-anchor-dropped	qsPea|qsDay.half.en-y0.ex-y0|periodcentered|qsDay	qsPea/full/None/baseline/|qsDay/half/baseline/None/|namer-dot/boundary/None/None/|qsDay/full/None/None/
ss03+ss05	E650:E653:00B7:E668	cell	dangling-anchor-dropped	qsPea|qsDay.half.en-y0.ex-y0|periodcentered.lowered|qsRoe	qsPea/full/None/baseline/|qsDay/half/baseline/None/|namer-dot/boundary/None/None/|qsRoe/hapax/None/None/
ss03+ss05	E650:E653:200C:0020	cell	boundary-echo	qsPea|qsDay.half.en-y0.ex-y0|space|space	qsPea/full/None/baseline/|qsDay/half/baseline/None/|zwnj/boundary/None/None/|space/boundary/None/None/
ss03+ss05	E650:E653:200C:00B7	cell	boundary-echo	qsPea|qsDay.half.en-y0.ex-y0|space|periodcentered	qsPea/full/None/baseline/|qsDay/half/baseline/None/|zwnj/boundary/None/None/|namer-dot/boundary/None/None/
ss03+ss05	E650:E653:200C:200C	cell	boundary-echo	qsPea|qsDay.half.en-y0.ex-y0|space|space	qsPea/full/None/baseline/|qsDay/half/baseline/None/|zwnj/boundary/None/None/|zwnj/boundary/None/None/
ss03+ss05	E650:E653:200C:E650	cell	boundary-echo	qsPea|qsDay.half.en-y0.ex-y0|space|qsPea.noentry	qsPea/full/None/baseline/|qsDay/half/baseline/None/|zwnj/boundary/None/None/|qsPea/full/None/None/locked
ss03+ss05	E650:E653:200C:E652	cell	boundary-echo	qsPea|qsDay.half.en-y0.ex-y0|space|qsTea.noentry	qsPea/full/None/baseline/|qsDay/half/baseline/None/|zwnj/boundary/None/None/|qsTea/full/None/None/locked
ss03+ss05	E650:E653:200C:E653	cell	boundary-echo	qsPea|qsDay.half.en-y0.ex-y0|space|qsDay.noentry	qsPea/full/None/baseline/|qsDay/half/baseline/None/|zwnj/boundary/None/None/|qsDay/full/None/None/locked
ss03+ss05	E650:E653:200C:E668	cell	boundary-echo	qsPea|qsDay.half.en-y0.ex-y0|space|qsRoe.noentry	qsPea/full/None/baseline/|qsDay/half/baseline/None/|zwnj/boundary/None/None/|qsRoe/hapax/None/None/locked
ss03+ss05	E650:E653:E650:0020	cell	boundary-echo	qsPea|qsDay.half.en-y0.ex-y0|qsPea|space	qsPea/full/None/baseline/|qsDay/half/baseline/None/|qsPea/full/None/None/|space/boundary/None/None/
ss03+ss05	E650:E653:E650:00B7	cell	dangling-anchor-dropped	qsPea|qsDay.half.en-y0.ex-y0|qsPea|periodcentered	qsPea/full/None/baseline/|qsDay/half/baseline/None/|qsPea/full/None/None/|namer-dot/boundary/None/None/
ss03+ss05	E650:E653:E650:200C	cell	boundary-echo	qsPea|qsDay.half.en-y0.ex-y0|qsPea|space	qsPea/full/None/baseline/|qsDay/half/baseline/None/|qsPea/full/None/None/|zwnj/boundary/None/None/
ss03+ss05	E650:E653:E650:E650	cell	dangling-anchor-dropped	qsPea|qsDay.half.en-y0.ex-y0|qsPea.half.en-y6.ex-y6|qsPea.en-y6	qsPea/full/None/baseline/|qsDay/half/baseline/None/|qsPea/half/None/y6/|qsPea/full/y6/None/
ss03+ss05	E650:E653:E650:E652	cell	dangling-anchor-dropped	qsPea|qsDay.half.en-y0.ex-y0|qsPea|qsTea	qsPea/full/None/baseline/|qsDay/half/baseline/None/|qsPea/full/None/None/|qsTea/full/None/None/
ss03+ss05	E650:E653:E650:E653	cell	dangling-anchor-dropped	qsPea|qsDay.half.en-y0.ex-y0|qsPea|qsDay.half.en-y0.ex-y0	qsPea/full/None/baseline/|qsDay/half/baseline/None/|qsPea/full/None/baseline/|qsDay/half/baseline/None/
ss03+ss05	E650:E653:E650:E668	cell	dangling-anchor-dropped	qsPea|qsDay.half.en-y0.ex-y0|qsPea.half.ex-y5.ex-dips|qsRoe.en-y5.en-con-1	qsPea/full/None/baseline/|qsDay/half/baseline/None/|qsPea/half/None/x-height/|qsRoe/hapax/x-height/None/en-con-1
ss03+ss05	E650:E653:E652:0020	cell	boundary-echo	qsPea|qsDay.half.en-y0.ex-y0|qsTea.en-y0|space	qsPea/full/None/baseline/|qsDay/half/baseline/baseline/|qsTea/full/baseline/None/|space/boundary/None/None/
ss03+ss05	E650:E653:E652:00B7	cell	bare-name-live-join	qsPea|qsDay.half.en-y0.ex-y0|qsTea.en-y0|periodcentered	qsPea/full/None/baseline/|qsDay/half/baseline/baseline/|qsTea/full/baseline/None/|namer-dot/boundary/None/None/
ss03+ss05	E650:E653:E652:200C	cell	boundary-echo	qsPea|qsDay.half.en-y0.ex-y0|qsTea.en-y0|space	qsPea/full/None/baseline/|qsDay/half/baseline/baseline/|qsTea/full/baseline/None/|zwnj/boundary/None/None/
ss03+ss05	E650:E653:E652:E650	cell	bare-name-live-join	qsPea|qsDay.half.en-y0.ex-y0|qsTea.en-y0|qsPea	qsPea/full/None/baseline/|qsDay/half/baseline/baseline/|qsTea/full/baseline/None/|qsPea/full/None/None/
ss03+ss05	E650:E653:E652:E652	cell	bare-name-live-join	qsPea|qsDay.half.en-y0.ex-y0|qsTea.en-y0|qsTea	qsPea/full/None/baseline/|qsDay/half/baseline/baseline/|qsTea/full/baseline/None/|qsTea/full/None/None/
ss03+ss05	E650:E653:E652:E653	cell	dangling-anchor-dropped	qsPea|qsDay.half.en-y0.ex-y0|qsTea.ex-y0|qsDay.half.en-y0.ex-y0.en-ext-1	qsPea/full/None/baseline/|qsDay/half/baseline/None/|qsTea/full/None/baseline/|qsDay/half/baseline/None/en-ext-1
ss03+ss05	E650:E653:E652:E668	cell,seam	regrouping-floor-drift	qsPea|qsDay.half.en-y0.ex-y0|qsTea.half.ex-y5|qsRoe.en-y5.en-con-1	qsPea/full/None/baseline/|qsDay/half/baseline/baseline/|qsTea/full/baseline/None/|qsRoe/hapax/None/None/
ss03+ss05	E650:E653:E653:0020	cell	boundary-echo	qsPea|qsDay.half.en-y0.ex-y0|qsDay.half.en-y0.ex-y0|space	qsPea/full/None/baseline/|qsDay/half/baseline/baseline/|qsDay/half/baseline/None/|space/boundary/None/None/
ss03+ss05	E650:E653:E653:00B7	cell	dangling-anchor-dropped	qsPea|qsDay.half.en-y0.ex-y0|qsDay.half.en-y0.ex-y0|periodcentered	qsPea/full/None/baseline/|qsDay/half/baseline/baseline/|qsDay/half/baseline/None/|namer-dot/boundary/None/None/
ss03+ss05	E650:E653:E653:200C	cell	boundary-echo	qsPea|qsDay.half.en-y0.ex-y0|qsDay.half.en-y0.ex-y0|space	qsPea/full/None/baseline/|qsDay/half/baseline/baseline/|qsDay/half/baseline/None/|zwnj/boundary/None/None/
ss03+ss05	E650:E653:E653:E650	cell	dangling-anchor-dropped	qsPea|qsDay.half.en-y0.ex-y0|qsDay.half.en-y0.ex-y0|qsPea	qsPea/full/None/baseline/|qsDay/half/baseline/baseline/|qsDay/half/baseline/None/|qsPea/full/None/None/
ss03+ss05	E650:E653:E653:E652	cell	bare-name-live-join	qsPea|qsDay.half.en-y0.ex-y0|qsDay.half.en-y0.ex-y0|qsTea.en-y0	qsPea/full/None/baseline/|qsDay/half/baseline/baseline/|qsDay/half/baseline/baseline/|qsTea/full/baseline/None/
ss03+ss05	E650:E653:E653:E653	cell	dangling-anchor-dropped	qsPea|qsDay.half.en-y0.ex-y0|qsDay.half.en-y0.ex-y0|qsDay.half.en-y0.ex-y0	qsPea/full/None/baseline/|qsDay/half/baseline/baseline/|qsDay/half/baseline/baseline/|qsDay/half/baseline/None/
ss03+ss05	E650:E653:E653:E668	cell	bare-name-live-join	qsPea|qsDay.half.en-y0.ex-y0|qsDay.half.en-y0.ex-y0|qsRoe	qsPea/full/None/baseline/|qsDay/half/baseline/baseline/|qsDay/half/baseline/baseline/|qsRoe/hapax/baseline/None/
ss03+ss05	E650:E653:E668:0020	cell	boundary-echo	qsPea|qsDay.half.en-y0.ex-y0|qsRoe|space	qsPea/full/None/baseline/|qsDay/half/baseline/baseline/|qsRoe/hapax/baseline/None/|space/boundary/None/None/
ss03+ss05	E650:E653:E668:00B7	cell	bare-name-live-join	qsPea|qsDay.half.en-y0.ex-y0|qsRoe|periodcentered	qsPea/full/None/baseline/|qsDay/half/baseline/baseline/|qsRoe/hapax/baseline/None/|namer-dot/boundary/None/None/
ss03+ss05	E650:E653:E668:200C	cell	boundary-echo	qsPea|qsDay.half.en-y0.ex-y0|qsRoe|space	qsPea/full/None/baseline/|qsDay/half/baseline/baseline/|qsRoe/hapax/baseline/None/|zwnj/boundary/None/None/
ss03+ss05	E650:E653:E668:E650	cell	bare-name-live-join	qsPea|qsDay.half.en-y0.ex-y0|qsRoe|qsPea	qsPea/full/None/baseline/|qsDay/half/baseline/baseline/|qsRoe/hapax/baseline/None/|qsPea/full/None/None/
ss03+ss05	E650:E653:E668:E652	cell	bare-name-live-join	qsPea|qsDay.half.en-y0.ex-y0|qsRoe|qsTea	qsPea/full/None/baseline/|qsDay/half/baseline/baseline/|qsRoe/hapax/baseline/None/|qsTea/full/None/None/
ss03+ss05	E650:E653:E668:E653	cell	bare-name-live-join	qsPea|qsDay.half.en-y0.ex-y0|qsRoe|qsDay	qsPea/full/None/baseline/|qsDay/half/baseline/baseline/|qsRoe/hapax/baseline/None/|qsDay/full/None/None/
ss03+ss05	E650:E653:E668:E668	cell	bare-name-live-join	qsPea|qsDay.half.en-y0.ex-y0|qsRoe.en-y0.ex-y5|qsRoe	qsPea/full/None/baseline/|qsDay/half/baseline/baseline/|qsRoe/hapax/baseline/x-height/|qsRoe/hapax/x-height/None/
ss03+ss05	E650:E668:E650:E650	cell	dangling-anchor-dropped	qsPea.half.ex-y5.ex-dips|qsRoe.en-y5.en-con-1|qsPea.half.en-y6.ex-y6|qsPea.en-y6	qsPea/half/None/x-height/|qsRoe/hapax/x-height/None/en-con-1|qsPea/half/None/y6/|qsPea/full/y6/None/
ss03+ss05	E650:E668:E650:E653	cell	dangling-anchor-dropped	qsPea.half.ex-y5.ex-dips|qsRoe.en-y5.en-con-1|qsPea|qsDay.half.en-y0.ex-y0	qsPea/half/None/x-height/|qsRoe/hapax/x-height/None/en-con-1|qsPea/full/None/baseline/|qsDay/half/baseline/None/
ss03+ss05	E650:E668:E652:E653	cell	dangling-anchor-dropped	qsPea.half.ex-y5.ex-dips|qsRoe.en-y5.en-con-1|qsTea.ex-y0|qsDay.half.en-y0.ex-y0.en-ext-1	qsPea/half/None/x-height/|qsRoe/hapax/x-height/None/en-con-1|qsTea/full/None/baseline/|qsDay/half/baseline/None/en-ext-1
ss03+ss05	E650:E668:E653:E652	cell	bare-name-live-join	qsPea.half.ex-y5.ex-dips|qsRoe.en-y5.en-con-1|qsDay|qsTea.en-y0	qsPea/half/None/x-height/|qsRoe/hapax/x-height/None/en-con-1|qsDay/full/None/baseline/|qsTea/full/baseline/None/
ss03+ss05	E650:E668:E653:E653	cell	dangling-anchor-dropped	qsPea.half.ex-y5.ex-dips|qsRoe.en-y5.en-con-1|qsDay|qsDay.half.en-y0.ex-y0	qsPea/half/None/x-height/|qsRoe/hapax/x-height/None/en-con-1|qsDay/full/None/baseline/|qsDay/half/baseline/None/
ss03+ss05	E650:E668:E653:E668	cell	bare-name-live-join	qsPea.half.ex-y5.ex-dips|qsRoe.en-y5.en-con-1|qsDay|qsRoe	qsPea/half/None/x-height/|qsRoe/hapax/x-height/None/en-con-1|qsDay/full/None/baseline/|qsRoe/hapax/baseline/None/
ss03+ss05	E650:E668:E668:0020	cell	boundary-echo	qsPea.half.ex-y5.ex-dips|qsRoe.ex-y0|qsRoe|space	qsPea/half/None/x-height/|qsRoe/hapax/x-height/baseline/en-con-1|qsRoe/hapax/baseline/None/|space/boundary/None/None/
ss03+ss05	E650:E668:E668:00B7	cell,position	UNMATCHED	qsPea.half.ex-y5.ex-dips|qsRoe.ex-y0|qsRoe|periodcentered	qsPea/half/None/x-height/|qsRoe/hapax/x-height/baseline/en-con-1|qsRoe/hapax/baseline/None/|namer-dot/boundary/None/None/
ss03+ss05	E650:E668:E668:200C	cell	boundary-echo	qsPea.half.ex-y5.ex-dips|qsRoe.ex-y0|qsRoe|space	qsPea/half/None/x-height/|qsRoe/hapax/x-height/baseline/en-con-1|qsRoe/hapax/baseline/None/|zwnj/boundary/None/None/
ss03+ss05	E650:E668:E668:E650	cell,position	UNMATCHED	qsPea.half.ex-y5.ex-dips|qsRoe.ex-y0|qsRoe|qsPea	qsPea/half/None/x-height/|qsRoe/hapax/x-height/baseline/en-con-1|qsRoe/hapax/baseline/None/|qsPea/full/None/None/
ss03+ss05	E650:E668:E668:E652	cell,position	UNMATCHED	qsPea.half.ex-y5.ex-dips|qsRoe.ex-y0|qsRoe|qsTea	qsPea/half/None/x-height/|qsRoe/hapax/x-height/baseline/en-con-1|qsRoe/hapax/baseline/None/|qsTea/full/None/None/
ss03+ss05	E650:E668:E668:E653	cell,position	UNMATCHED	qsPea.half.ex-y5.ex-dips|qsRoe.ex-y0|qsRoe|qsDay	qsPea/half/None/x-height/|qsRoe/hapax/x-height/baseline/en-con-1|qsRoe/hapax/baseline/None/|qsDay/full/None/None/
ss03+ss05	E650:E668:E668:E668	cell,position	UNMATCHED	qsPea.half.ex-y5.ex-dips|qsRoe.ex-y0|qsRoe.en-y0.ex-y5|qsRoe	qsPea/half/None/x-height/|qsRoe/hapax/x-height/baseline/en-con-1|qsRoe/hapax/baseline/x-height/|qsRoe/hapax/x-height/None/
ss03+ss05	E652:0020:E650:E650	cell	boundary-echo	qsTea|space|qsPea.half.en-y6.ex-y6|qsPea.en-y6	qsTea/full/None/None/|space/boundary/None/None/|qsPea/half/None/y6/|qsPea/full/y6/None/
ss03+ss05	E652:0020:E650:E653	cell	boundary-echo	qsTea|space|qsPea|qsDay.half.en-y0.ex-y0	qsTea/full/None/None/|space/boundary/None/None/|qsPea/full/None/baseline/|qsDay/half/baseline/None/
ss03+ss05	E652:0020:E652:E653	cell	boundary-echo	qsTea|space|qsTea.ex-y0|qsDay.half.en-y0.ex-y0.en-ext-1	qsTea/full/None/None/|space/boundary/None/None/|qsTea/full/None/baseline/|qsDay/half/baseline/None/en-ext-1
ss03+ss05	E652:0020:E653:E652	cell	boundary-echo	qsTea|space|qsDay|qsTea.en-y0	qsTea/full/None/None/|space/boundary/None/None/|qsDay/full/None/baseline/|qsTea/full/baseline/None/
ss03+ss05	E652:0020:E653:E653	cell	boundary-echo	qsTea|space|qsDay|qsDay.half.en-y0.ex-y0	qsTea/full/None/None/|space/boundary/None/None/|qsDay/full/None/baseline/|qsDay/half/baseline/None/
ss03+ss05	E652:0020:E653:E668	cell	boundary-echo	qsTea|space|qsDay|qsRoe	qsTea/full/None/None/|space/boundary/None/None/|qsDay/full/None/baseline/|qsRoe/hapax/baseline/None/
ss03+ss05	E652:0020:E668:E668	cell	boundary-echo	qsTea|space|qsRoe.en-y0.ex-y5|qsRoe	qsTea/full/None/None/|space/boundary/None/None/|qsRoe/hapax/None/x-height/|qsRoe/hapax/x-height/None/
ss03+ss05	E652:00B7:E650:E650	cell	dangling-anchor-dropped	qsTea|periodcentered|qsPea.half.en-y6.ex-y6|qsPea.en-y6	qsTea/full/None/None/|namer-dot/boundary/None/None/|qsPea/half/None/y6/|qsPea/full/y6/None/
ss03+ss05	E652:00B7:E650:E653	cell	dangling-anchor-dropped	qsTea|periodcentered|qsPea|qsDay.half.en-y0.ex-y0	qsTea/full/None/None/|namer-dot/boundary/None/None/|qsPea/full/None/baseline/|qsDay/half/baseline/None/
ss03+ss05	E652:00B7:E652:E653	cell	dangling-anchor-dropped	qsTea|periodcentered|qsTea.ex-y0|qsDay.half.en-y0.ex-y0.en-ext-1	qsTea/full/None/None/|namer-dot/boundary/None/None/|qsTea/full/None/baseline/|qsDay/half/baseline/None/en-ext-1
ss03+ss05	E652:00B7:E653:E652	cell	bare-name-live-join	qsTea|periodcentered|qsDay|qsTea.en-y0	qsTea/full/None/None/|namer-dot/boundary/None/None/|qsDay/full/None/baseline/|qsTea/full/baseline/None/
ss03+ss05	E652:00B7:E653:E653	cell	dangling-anchor-dropped	qsTea|periodcentered|qsDay|qsDay.half.en-y0.ex-y0	qsTea/full/None/None/|namer-dot/boundary/None/None/|qsDay/full/None/baseline/|qsDay/half/baseline/None/
ss03+ss05	E652:00B7:E653:E668	cell	bare-name-live-join	qsTea|periodcentered|qsDay|qsRoe	qsTea/full/None/None/|namer-dot/boundary/None/None/|qsDay/full/None/baseline/|qsRoe/hapax/baseline/None/
ss03+ss05	E652:00B7:E668:E668	cell	dangling-anchor-dropped	qsTea|periodcentered.lowered|qsRoe.en-y0.ex-y5|qsRoe	qsTea/full/None/None/|namer-dot/boundary/None/None/|qsRoe/hapax/None/x-height/|qsRoe/hapax/x-height/None/
ss03+ss05	E652:200C:E650:E653	cell	boundary-echo	qsTea|space|qsPea.noentry|qsDay.half.en-y0.ex-y0	qsTea/full/None/None/|zwnj/boundary/None/None/|qsPea/full/None/baseline/locked|qsDay/half/baseline/None/
ss03+ss05	E652:200C:E650:E668	cell	boundary-echo	qsTea|space|qsPea.half.ex-y5.ex-dips|qsRoe.en-y5.en-con-1	qsTea/full/None/None/|zwnj/boundary/None/None/|qsPea/half/None/x-height/locked|qsRoe/hapax/x-height/None/en-con-1
ss03+ss05	E652:200C:E652:E652	cell	boundary-echo	qsTea|space|qsTea.ex-y0|qsTea	qsTea/full/None/None/|zwnj/boundary/None/None/|qsTea/full/None/None/locked|qsTea/full/None/None/
ss03+ss05	E652:200C:E652:E653	cell	boundary-echo	qsTea|space|qsTea.ex-y0|qsDay.half.en-y0.ex-y0.en-ext-1	qsTea/full/None/None/|zwnj/boundary/None/None/|qsTea/full/None/baseline/locked|qsDay/half/baseline/None/en-ext-1
ss03+ss05	E652:200C:E653:E652	cell	boundary-echo	qsTea|space|qsDay.noentry|qsTea.en-y0	qsTea/full/None/None/|zwnj/boundary/None/None/|qsDay/full/None/baseline/locked|qsTea/full/baseline/None/
ss03+ss05	E652:200C:E653:E653	cell	boundary-echo	qsTea|space|qsDay.noentry|qsDay.half.en-y0.ex-y0	qsTea/full/None/None/|zwnj/boundary/None/None/|qsDay/full/None/baseline/locked|qsDay/half/baseline/None/
ss03+ss05	E652:200C:E653:E668	cell	boundary-echo	qsTea|space|qsDay.noentry|qsRoe	qsTea/full/None/None/|zwnj/boundary/None/None/|qsDay/full/None/baseline/locked|qsRoe/hapax/baseline/None/
ss03+ss05	E652:200C:E668:E668	cell	boundary-echo	qsTea|space|qsRoe.en-y0.ex-y5.noentry|qsRoe	qsTea/full/None/None/|zwnj/boundary/None/None/|qsRoe/hapax/None/x-height/locked|qsRoe/hapax/x-height/None/
ss03+ss05	E652:E650:E650:0020	cell	boundary-echo	qsTea|qsPea.half.en-y6.ex-y6|qsPea.en-y6|space	qsTea/full/None/None/|qsPea/half/None/y6/|qsPea/full/y6/None/|space/boundary/None/None/
ss03+ss05	E652:E650:E650:00B7	cell	dangling-anchor-dropped	qsTea|qsPea.half.en-y6.ex-y6|qsPea.en-y6|periodcentered	qsTea/full/None/None/|qsPea/half/None/y6/|qsPea/full/y6/None/|namer-dot/boundary/None/None/
ss03+ss05	E652:E650:E650:200C	cell	boundary-echo	qsTea|qsPea.half.en-y6.ex-y6|qsPea.en-y6|space	qsTea/full/None/None/|qsPea/half/None/y6/|qsPea/full/y6/None/|zwnj/boundary/None/None/
ss03+ss05	E652:E650:E650:E650	cell	dangling-anchor-dropped	qsTea|qsPea.half.en-y6.ex-y6|qsPea.half.en-y6.ex-y6|qsPea.en-y6	qsTea/full/None/None/|qsPea/half/None/y6/|qsPea/half/y6/y6/|qsPea/full/y6/None/
ss03+ss05	E652:E650:E650:E652	cell	dangling-anchor-dropped	qsTea|qsPea.half.en-y6.ex-y6|qsPea.en-y6.ex-y0|qsTea	qsTea/full/None/None/|qsPea/half/None/y6/|qsPea/full/y6/None/|qsTea/full/None/None/
ss03+ss05	E652:E650:E650:E653	cell	dangling-anchor-dropped	qsTea|qsPea.half.en-y6.ex-y6|qsPea.en-y6.ex-y0|qsDay.half.en-y0.ex-y0	qsTea/full/None/None/|qsPea/half/None/y6/|qsPea/full/y6/baseline/|qsDay/half/baseline/None/
ss03+ss05	E652:E650:E650:E668	cell	dangling-anchor-dropped	qsTea|qsPea.half.en-y6.ex-y6|qsPea.half.en-y6.ex-y5.ex-dips|qsRoe.en-y5.en-con-1	qsTea/full/None/None/|qsPea/half/None/y6/|qsPea/half/y6/x-height/|qsRoe/hapax/x-height/None/en-con-1
ss03+ss05	E652:E650:E652:E653	cell	dangling-anchor-dropped	qsTea|qsPea|qsTea.ex-y0|qsDay.half.en-y0.ex-y0.en-ext-1	qsTea/full/None/None/|qsPea/full/None/None/|qsTea/full/None/baseline/|qsDay/half/baseline/None/en-ext-1
ss03+ss05	E652:E650:E653:0020	cell	boundary-echo	qsTea|qsPea|qsDay.half.en-y0.ex-y0|space	qsTea/full/None/None/|qsPea/full/None/baseline/|qsDay/half/baseline/None/|space/boundary/None/None/
ss03+ss05	E652:E650:E653:00B7	cell	dangling-anchor-dropped	qsTea|qsPea|qsDay.half.en-y0.ex-y0|periodcentered	qsTea/full/None/None/|qsPea/full/None/baseline/|qsDay/half/baseline/None/|namer-dot/boundary/None/None/
ss03+ss05	E652:E650:E653:200C	cell	boundary-echo	qsTea|qsPea|qsDay.half.en-y0.ex-y0|space	qsTea/full/None/None/|qsPea/full/None/baseline/|qsDay/half/baseline/None/|zwnj/boundary/None/None/
ss03+ss05	E652:E650:E653:E650	cell	dangling-anchor-dropped	qsTea|qsPea|qsDay.half.en-y0.ex-y0|qsPea	qsTea/full/None/None/|qsPea/full/None/baseline/|qsDay/half/baseline/None/|qsPea/full/None/None/
ss03+ss05	E652:E650:E653:E652	cell	bare-name-live-join	qsTea|qsPea|qsDay.half.en-y0.ex-y0|qsTea.en-y0	qsTea/full/None/None/|qsPea/full/None/baseline/|qsDay/half/baseline/baseline/|qsTea/full/baseline/None/
ss03+ss05	E652:E650:E653:E653	cell	dangling-anchor-dropped	qsTea|qsPea|qsDay.half.en-y0.ex-y0|qsDay.half.en-y0.ex-y0	qsTea/full/None/None/|qsPea/full/None/baseline/|qsDay/half/baseline/baseline/|qsDay/half/baseline/None/
ss03+ss05	E652:E650:E653:E668	cell	bare-name-live-join	qsTea|qsPea|qsDay.half.en-y0.ex-y0|qsRoe	qsTea/full/None/None/|qsPea/full/None/baseline/|qsDay/half/baseline/baseline/|qsRoe/hapax/baseline/None/
ss03+ss05	E652:E650:E668:E668	cell,position	UNMATCHED	qsTea|qsPea.half.ex-y5.ex-dips|qsRoe.ex-y0|qsRoe	qsTea/full/None/None/|qsPea/half/None/x-height/|qsRoe/hapax/x-height/baseline/en-con-1|qsRoe/hapax/baseline/None/
ss03+ss05	E652:E652:E650:E650	cell	dangling-anchor-dropped	qsTea|qsTea|qsPea.half.en-y6.ex-y6|qsPea.en-y6	qsTea/full/None/None/|qsTea/full/None/None/|qsPea/half/None/y6/|qsPea/full/y6/None/
ss03+ss05	E652:E652:E650:E653	cell	dangling-anchor-dropped	qsTea|qsTea|qsPea|qsDay.half.en-y0.ex-y0	qsTea/full/None/None/|qsTea/full/None/None/|qsPea/full/None/baseline/|qsDay/half/baseline/None/
ss03+ss05	E652:E652:E652:E653	cell	dangling-anchor-dropped	qsTea|qsTea|qsTea.ex-y0|qsDay.half.en-y0.ex-y0.en-ext-1	qsTea/full/None/None/|qsTea/full/None/None/|qsTea/full/None/baseline/|qsDay/half/baseline/None/en-ext-1
ss03+ss05	E652:E652:E653:0020	cell	boundary-echo	qsTea|qsTea.ex-y0|qsDay.half.en-y0.ex-y0.en-ext-1|space	qsTea/full/None/None/|qsTea/full/None/baseline/|qsDay/half/baseline/None/en-ext-1|space/boundary/None/None/
ss03+ss05	E652:E652:E653:00B7	cell	dangling-anchor-dropped	qsTea|qsTea.ex-y0|qsDay.half.en-y0.ex-y0.en-ext-1|periodcentered	qsTea/full/None/None/|qsTea/full/None/baseline/|qsDay/half/baseline/None/en-ext-1|namer-dot/boundary/None/None/
ss03+ss05	E652:E652:E653:200C	cell	boundary-echo	qsTea|qsTea.ex-y0|qsDay.half.en-y0.ex-y0.en-ext-1|space	qsTea/full/None/None/|qsTea/full/None/baseline/|qsDay/half/baseline/None/en-ext-1|zwnj/boundary/None/None/
ss03+ss05	E652:E652:E653:E650	cell	dangling-anchor-dropped	qsTea|qsTea.ex-y0|qsDay.half.en-y0.ex-y0.en-ext-1|qsPea	qsTea/full/None/None/|qsTea/full/None/baseline/|qsDay/half/baseline/None/en-ext-1|qsPea/full/None/None/
ss03+ss05	E652:E652:E653:E653	cell	dangling-anchor-dropped	qsTea|qsTea.ex-y0|qsDay.half.en-y0.ex-y0.en-ext-1|qsDay.half.en-y0.ex-y0	qsTea/full/None/None/|qsTea/full/None/baseline/|qsDay/half/baseline/baseline/en-ext-1|qsDay/half/baseline/None/
ss03+ss05	E652:E652:E653:E668	cell	bare-name-live-join	qsTea|qsTea.ex-y0|qsDay.half.en-y0.ex-y0.en-ext-1|qsRoe	qsTea/full/None/None/|qsTea/full/None/baseline/|qsDay/half/baseline/baseline/en-ext-1|qsRoe/hapax/baseline/None/
ss03+ss05	E652:E652:E668:E668	cell,position	UNMATCHED	qsTea|qsTea.half.ex-y5|qsRoe.ex-y0|qsRoe	qsTea/full/None/None/|qsTea/half/None/x-height/|qsRoe/hapax/x-height/baseline/en-con-1|qsRoe/hapax/baseline/None/
ss03+ss05	E652:E653:0020:0020	cell	boundary-echo	qsTea.ex-y0|qsDay.half.en-y0.ex-y0.en-ext-1|space|space	qsTea/full/None/baseline/|qsDay/half/baseline/None/en-ext-1|space/boundary/None/None/|space/boundary/None/None/
ss03+ss05	E652:E653:0020:00B7	cell	boundary-echo	qsTea.ex-y0|qsDay.half.en-y0.ex-y0.en-ext-1|space|periodcentered	qsTea/full/None/baseline/|qsDay/half/baseline/None/en-ext-1|space/boundary/None/None/|namer-dot/boundary/None/None/
ss03+ss05	E652:E653:0020:200C	cell	boundary-echo	qsTea.ex-y0|qsDay.half.en-y0.ex-y0.en-ext-1|space|space	qsTea/full/None/baseline/|qsDay/half/baseline/None/en-ext-1|space/boundary/None/None/|zwnj/boundary/None/None/
ss03+ss05	E652:E653:0020:E650	cell	boundary-echo	qsTea.ex-y0|qsDay.half.en-y0.ex-y0.en-ext-1|space|qsPea	qsTea/full/None/baseline/|qsDay/half/baseline/None/en-ext-1|space/boundary/None/None/|qsPea/full/None/None/
ss03+ss05	E652:E653:0020:E652	cell	boundary-echo	qsTea.ex-y0|qsDay.half.en-y0.ex-y0.en-ext-1|space|qsTea	qsTea/full/None/baseline/|qsDay/half/baseline/None/en-ext-1|space/boundary/None/None/|qsTea/full/None/None/
ss03+ss05	E652:E653:0020:E653	cell	boundary-echo	qsTea.ex-y0|qsDay.half.en-y0.ex-y0.en-ext-1|space|qsDay	qsTea/full/None/baseline/|qsDay/half/baseline/None/en-ext-1|space/boundary/None/None/|qsDay/full/None/None/
ss03+ss05	E652:E653:0020:E668	cell	boundary-echo	qsTea.ex-y0|qsDay.half.en-y0.ex-y0.en-ext-1|space|qsRoe	qsTea/full/None/baseline/|qsDay/half/baseline/None/en-ext-1|space/boundary/None/None/|qsRoe/hapax/None/None/
ss03+ss05	E652:E653:00B7:0020	cell	boundary-echo	qsTea.ex-y0|qsDay.half.en-y0.ex-y0.en-ext-1|periodcentered|space	qsTea/full/None/baseline/|qsDay/half/baseline/None/en-ext-1|namer-dot/boundary/None/None/|space/boundary/None/None/
ss03+ss05	E652:E653:00B7:00B7	cell	dangling-anchor-dropped	qsTea.ex-y0|qsDay.half.en-y0.ex-y0.en-ext-1|periodcentered|periodcentered	qsTea/full/None/baseline/|qsDay/half/baseline/None/en-ext-1|namer-dot/boundary/None/None/|namer-dot/boundary/None/None/
ss03+ss05	E652:E653:00B7:200C	cell	boundary-echo	qsTea.ex-y0|qsDay.half.en-y0.ex-y0.en-ext-1|periodcentered|space	qsTea/full/None/baseline/|qsDay/half/baseline/None/en-ext-1|namer-dot/boundary/None/None/|zwnj/boundary/None/None/
ss03+ss05	E652:E653:00B7:E650	cell	dangling-anchor-dropped	qsTea.ex-y0|qsDay.half.en-y0.ex-y0.en-ext-1|periodcentered|qsPea	qsTea/full/None/baseline/|qsDay/half/baseline/None/en-ext-1|namer-dot/boundary/None/None/|qsPea/full/None/None/
ss03+ss05	E652:E653:00B7:E652	cell	dangling-anchor-dropped	qsTea.ex-y0|qsDay.half.en-y0.ex-y0.en-ext-1|periodcentered|qsTea	qsTea/full/None/baseline/|qsDay/half/baseline/None/en-ext-1|namer-dot/boundary/None/None/|qsTea/full/None/None/
ss03+ss05	E652:E653:00B7:E653	cell	dangling-anchor-dropped	qsTea.ex-y0|qsDay.half.en-y0.ex-y0.en-ext-1|periodcentered|qsDay	qsTea/full/None/baseline/|qsDay/half/baseline/None/en-ext-1|namer-dot/boundary/None/None/|qsDay/full/None/None/
ss03+ss05	E652:E653:00B7:E668	cell	dangling-anchor-dropped	qsTea.ex-y0|qsDay.half.en-y0.ex-y0.en-ext-1|periodcentered.lowered|qsRoe	qsTea/full/None/baseline/|qsDay/half/baseline/None/en-ext-1|namer-dot/boundary/None/None/|qsRoe/hapax/None/None/
ss03+ss05	E652:E653:200C:0020	cell	boundary-echo	qsTea.ex-y0|qsDay.half.en-y0.ex-y0.en-ext-1|space|space	qsTea/full/None/baseline/|qsDay/half/baseline/None/en-ext-1|zwnj/boundary/None/None/|space/boundary/None/None/
ss03+ss05	E652:E653:200C:00B7	cell	boundary-echo	qsTea.ex-y0|qsDay.half.en-y0.ex-y0.en-ext-1|space|periodcentered	qsTea/full/None/baseline/|qsDay/half/baseline/None/en-ext-1|zwnj/boundary/None/None/|namer-dot/boundary/None/None/
ss03+ss05	E652:E653:200C:200C	cell	boundary-echo	qsTea.ex-y0|qsDay.half.en-y0.ex-y0.en-ext-1|space|space	qsTea/full/None/baseline/|qsDay/half/baseline/None/en-ext-1|zwnj/boundary/None/None/|zwnj/boundary/None/None/
ss03+ss05	E652:E653:200C:E650	cell	boundary-echo	qsTea.ex-y0|qsDay.half.en-y0.ex-y0.en-ext-1|space|qsPea.noentry	qsTea/full/None/baseline/|qsDay/half/baseline/None/en-ext-1|zwnj/boundary/None/None/|qsPea/full/None/None/locked
ss03+ss05	E652:E653:200C:E652	cell	boundary-echo	qsTea.ex-y0|qsDay.half.en-y0.ex-y0.en-ext-1|space|qsTea.noentry	qsTea/full/None/baseline/|qsDay/half/baseline/None/en-ext-1|zwnj/boundary/None/None/|qsTea/full/None/None/locked
ss03+ss05	E652:E653:200C:E653	cell	boundary-echo	qsTea.ex-y0|qsDay.half.en-y0.ex-y0.en-ext-1|space|qsDay.noentry	qsTea/full/None/baseline/|qsDay/half/baseline/None/en-ext-1|zwnj/boundary/None/None/|qsDay/full/None/None/locked
ss03+ss05	E652:E653:200C:E668	cell	boundary-echo	qsTea.ex-y0|qsDay.half.en-y0.ex-y0.en-ext-1|space|qsRoe.noentry	qsTea/full/None/baseline/|qsDay/half/baseline/None/en-ext-1|zwnj/boundary/None/None/|qsRoe/hapax/None/None/locked
ss03+ss05	E652:E653:E650:0020	cell	boundary-echo	qsTea.ex-y0|qsDay.half.en-y0.ex-y0.en-ext-1|qsPea|space	qsTea/full/None/baseline/|qsDay/half/baseline/None/en-ext-1|qsPea/full/None/None/|space/boundary/None/None/
ss03+ss05	E652:E653:E650:00B7	cell	dangling-anchor-dropped	qsTea.ex-y0|qsDay.half.en-y0.ex-y0.en-ext-1|qsPea|periodcentered	qsTea/full/None/baseline/|qsDay/half/baseline/None/en-ext-1|qsPea/full/None/None/|namer-dot/boundary/None/None/
ss03+ss05	E652:E653:E650:200C	cell	boundary-echo	qsTea.ex-y0|qsDay.half.en-y0.ex-y0.en-ext-1|qsPea|space	qsTea/full/None/baseline/|qsDay/half/baseline/None/en-ext-1|qsPea/full/None/None/|zwnj/boundary/None/None/
ss03+ss05	E652:E653:E650:E650	cell	dangling-anchor-dropped	qsTea.ex-y0|qsDay.half.en-y0.ex-y0.en-ext-1|qsPea.half.en-y6.ex-y6|qsPea.en-y6	qsTea/full/None/baseline/|qsDay/half/baseline/None/en-ext-1|qsPea/half/None/y6/|qsPea/full/y6/None/
ss03+ss05	E652:E653:E650:E652	cell	dangling-anchor-dropped	qsTea.ex-y0|qsDay.half.en-y0.ex-y0.en-ext-1|qsPea|qsTea	qsTea/full/None/baseline/|qsDay/half/baseline/None/en-ext-1|qsPea/full/None/None/|qsTea/full/None/None/
ss03+ss05	E652:E653:E650:E653	cell	dangling-anchor-dropped	qsTea.ex-y0|qsDay.half.en-y0.ex-y0.en-ext-1|qsPea|qsDay.half.en-y0.ex-y0	qsTea/full/None/baseline/|qsDay/half/baseline/None/en-ext-1|qsPea/full/None/baseline/|qsDay/half/baseline/None/
ss03+ss05	E652:E653:E650:E668	cell	dangling-anchor-dropped	qsTea.ex-y0|qsDay.half.en-y0.ex-y0.en-ext-1|qsPea.half.ex-y5.ex-dips|qsRoe.en-y5.en-con-1	qsTea/full/None/baseline/|qsDay/half/baseline/None/en-ext-1|qsPea/half/None/x-height/|qsRoe/hapax/x-height/None/en-con-1
ss03+ss05	E652:E653:E652:E653	cell	dangling-anchor-dropped	qsTea.ex-y0|qsDay.half.en-y0.ex-y0.en-ext-1|qsTea.ex-y0|qsDay.half.en-y0.ex-y0.en-ext-1	qsTea/full/None/baseline/|qsDay/half/baseline/None/en-ext-1|qsTea/full/None/baseline/|qsDay/half/baseline/None/en-ext-1
ss03+ss05	E652:E653:E652:E668	cell,seam	regrouping-floor-drift	qsTea.ex-y0|qsDay.half.en-y0.ex-y0.en-ext-1|qsTea.half.ex-y5|qsRoe.en-y5.en-con-1	qsTea/full/None/baseline/|qsDay/half/baseline/baseline/en-ext-1|qsTea/full/baseline/None/|qsRoe/hapax/None/None/
ss03+ss05	E652:E653:E653:0020	cell	boundary-echo	qsTea.ex-y0|qsDay.half.en-y0.ex-y0.en-ext-1|qsDay.half.en-y0.ex-y0|space	qsTea/full/None/baseline/|qsDay/half/baseline/baseline/en-ext-1|qsDay/half/baseline/None/|space/boundary/None/None/
ss03+ss05	E652:E653:E653:00B7	cell	dangling-anchor-dropped	qsTea.ex-y0|qsDay.half.en-y0.ex-y0.en-ext-1|qsDay.half.en-y0.ex-y0|periodcentered	qsTea/full/None/baseline/|qsDay/half/baseline/baseline/en-ext-1|qsDay/half/baseline/None/|namer-dot/boundary/None/None/
ss03+ss05	E652:E653:E653:200C	cell	boundary-echo	qsTea.ex-y0|qsDay.half.en-y0.ex-y0.en-ext-1|qsDay.half.en-y0.ex-y0|space	qsTea/full/None/baseline/|qsDay/half/baseline/baseline/en-ext-1|qsDay/half/baseline/None/|zwnj/boundary/None/None/
ss03+ss05	E652:E653:E653:E650	cell	dangling-anchor-dropped	qsTea.ex-y0|qsDay.half.en-y0.ex-y0.en-ext-1|qsDay.half.en-y0.ex-y0|qsPea	qsTea/full/None/baseline/|qsDay/half/baseline/baseline/en-ext-1|qsDay/half/baseline/None/|qsPea/full/None/None/
ss03+ss05	E652:E653:E653:E653	cell	dangling-anchor-dropped	qsTea.ex-y0|qsDay.half.en-y0.ex-y0.en-ext-1|qsDay.half.en-y0.ex-y0|qsDay.half.en-y0.ex-y0	qsTea/full/None/baseline/|qsDay/half/baseline/baseline/en-ext-1|qsDay/half/baseline/baseline/|qsDay/half/baseline/None/
ss03+ss05	E652:E653:E653:E668	cell	bare-name-live-join	qsTea.ex-y0|qsDay.half.en-y0.ex-y0.en-ext-1|qsDay.half.en-y0.ex-y0|qsRoe	qsTea/full/None/baseline/|qsDay/half/baseline/baseline/en-ext-1|qsDay/half/baseline/baseline/|qsRoe/hapax/baseline/None/
ss03+ss05	E652:E653:E668:0020	cell	boundary-echo	qsTea.ex-y0|qsDay.half.en-y0.ex-y0.en-ext-1|qsRoe|space	qsTea/full/None/baseline/|qsDay/half/baseline/baseline/en-ext-1|qsRoe/hapax/baseline/None/|space/boundary/None/None/
ss03+ss05	E652:E653:E668:00B7	cell	bare-name-live-join	qsTea.ex-y0|qsDay.half.en-y0.ex-y0.en-ext-1|qsRoe|periodcentered	qsTea/full/None/baseline/|qsDay/half/baseline/baseline/en-ext-1|qsRoe/hapax/baseline/None/|namer-dot/boundary/None/None/
ss03+ss05	E652:E653:E668:200C	cell	boundary-echo	qsTea.ex-y0|qsDay.half.en-y0.ex-y0.en-ext-1|qsRoe|space	qsTea/full/None/baseline/|qsDay/half/baseline/baseline/en-ext-1|qsRoe/hapax/baseline/None/|zwnj/boundary/None/None/
ss03+ss05	E652:E653:E668:E650	cell	bare-name-live-join	qsTea.ex-y0|qsDay.half.en-y0.ex-y0.en-ext-1|qsRoe|qsPea	qsTea/full/None/baseline/|qsDay/half/baseline/baseline/en-ext-1|qsRoe/hapax/baseline/None/|qsPea/full/None/None/
ss03+ss05	E652:E653:E668:E652	cell	bare-name-live-join	qsTea.ex-y0|qsDay.half.en-y0.ex-y0.en-ext-1|qsRoe|qsTea	qsTea/full/None/baseline/|qsDay/half/baseline/baseline/en-ext-1|qsRoe/hapax/baseline/None/|qsTea/full/None/None/
ss03+ss05	E652:E653:E668:E653	cell	bare-name-live-join	qsTea.ex-y0|qsDay.half.en-y0.ex-y0.en-ext-1|qsRoe|qsDay	qsTea/full/None/baseline/|qsDay/half/baseline/baseline/en-ext-1|qsRoe/hapax/baseline/None/|qsDay/full/None/None/
ss03+ss05	E652:E653:E668:E668	cell	bare-name-live-join	qsTea.ex-y0|qsDay.half.en-y0.ex-y0.en-ext-1|qsRoe.en-y0.ex-y5|qsRoe	qsTea/full/None/baseline/|qsDay/half/baseline/baseline/en-ext-1|qsRoe/hapax/baseline/x-height/|qsRoe/hapax/x-height/None/
ss03+ss05	E652:E653:E67A:E652	cell	halves-entry-extension-restored	qsTea.ex-y0|qsDay_qsUtter.half.en-y0.ex-y5.ex-ext-1|qsTea.half.en-y5.after-xheight-exit	qsTea/full/None/baseline/|qsDay_qsUtter/half/baseline/x-height/en-ext-1+ex-ext-1|qsTea/full/x-height/None/
ss03+ss05	E652:E668:E650:E650	cell	dangling-anchor-dropped	qsTea.half.ex-y5|qsRoe.en-y5.en-con-1|qsPea.half.en-y6.ex-y6|qsPea.en-y6	qsTea/half/None/x-height/|qsRoe/hapax/x-height/None/en-con-1|qsPea/half/None/y6/|qsPea/full/y6/None/
ss03+ss05	E652:E668:E650:E653	cell	dangling-anchor-dropped	qsTea.half.ex-y5|qsRoe.en-y5.en-con-1|qsPea|qsDay.half.en-y0.ex-y0	qsTea/half/None/x-height/|qsRoe/hapax/x-height/None/en-con-1|qsPea/full/None/baseline/|qsDay/half/baseline/None/
ss03+ss05	E652:E668:E652:E653	cell	dangling-anchor-dropped	qsTea.half.ex-y5|qsRoe.en-y5.en-con-1|qsTea.ex-y0|qsDay.half.en-y0.ex-y0.en-ext-1	qsTea/half/None/x-height/|qsRoe/hapax/x-height/None/en-con-1|qsTea/full/None/baseline/|qsDay/half/baseline/None/en-ext-1
ss03+ss05	E652:E668:E653:E652	cell	bare-name-live-join	qsTea.half.ex-y5|qsRoe.en-y5.en-con-1|qsDay|qsTea.en-y0	qsTea/half/None/x-height/|qsRoe/hapax/x-height/None/en-con-1|qsDay/full/None/baseline/|qsTea/full/baseline/None/
ss03+ss05	E652:E668:E653:E653	cell	dangling-anchor-dropped	qsTea.half.ex-y5|qsRoe.en-y5.en-con-1|qsDay|qsDay.half.en-y0.ex-y0	qsTea/half/None/x-height/|qsRoe/hapax/x-height/None/en-con-1|qsDay/full/None/baseline/|qsDay/half/baseline/None/
ss03+ss05	E652:E668:E653:E668	cell	bare-name-live-join	qsTea.half.ex-y5|qsRoe.en-y5.en-con-1|qsDay|qsRoe	qsTea/half/None/x-height/|qsRoe/hapax/x-height/None/en-con-1|qsDay/full/None/baseline/|qsRoe/hapax/baseline/None/
ss03+ss05	E652:E668:E668:0020	cell	boundary-echo	qsTea.half.ex-y5|qsRoe.ex-y0|qsRoe|space	qsTea/half/None/x-height/|qsRoe/hapax/x-height/baseline/en-con-1|qsRoe/hapax/baseline/None/|space/boundary/None/None/
ss03+ss05	E652:E668:E668:00B7	cell,position	UNMATCHED	qsTea.half.ex-y5|qsRoe.ex-y0|qsRoe|periodcentered	qsTea/half/None/x-height/|qsRoe/hapax/x-height/baseline/en-con-1|qsRoe/hapax/baseline/None/|namer-dot/boundary/None/None/
ss03+ss05	E652:E668:E668:200C	cell	boundary-echo	qsTea.half.ex-y5|qsRoe.ex-y0|qsRoe|space	qsTea/half/None/x-height/|qsRoe/hapax/x-height/baseline/en-con-1|qsRoe/hapax/baseline/None/|zwnj/boundary/None/None/
ss03+ss05	E652:E668:E668:E650	cell,position	UNMATCHED	qsTea.half.ex-y5|qsRoe.ex-y0|qsRoe|qsPea	qsTea/half/None/x-height/|qsRoe/hapax/x-height/baseline/en-con-1|qsRoe/hapax/baseline/None/|qsPea/full/None/None/
ss03+ss05	E652:E668:E668:E652	cell,position	UNMATCHED	qsTea.half.ex-y5|qsRoe.ex-y0|qsRoe|qsTea	qsTea/half/None/x-height/|qsRoe/hapax/x-height/baseline/en-con-1|qsRoe/hapax/baseline/None/|qsTea/full/None/None/
ss03+ss05	E652:E668:E668:E653	cell,position	UNMATCHED	qsTea.half.ex-y5|qsRoe.ex-y0|qsRoe|qsDay	qsTea/half/None/x-height/|qsRoe/hapax/x-height/baseline/en-con-1|qsRoe/hapax/baseline/None/|qsDay/full/None/None/
ss03+ss05	E652:E668:E668:E668	cell,position	UNMATCHED	qsTea.half.ex-y5|qsRoe.ex-y0|qsRoe.en-y0.ex-y5|qsRoe	qsTea/half/None/x-height/|qsRoe/hapax/x-height/baseline/en-con-1|qsRoe/hapax/baseline/x-height/|qsRoe/hapax/x-height/None/
ss03+ss05	E653:0020:E650:E650	cell	boundary-echo	qsDay|space|qsPea.half.en-y6.ex-y6|qsPea.en-y6	qsDay/full/None/None/|space/boundary/None/None/|qsPea/half/None/y6/|qsPea/full/y6/None/
ss03+ss05	E653:0020:E650:E653	cell	boundary-echo	qsDay|space|qsPea|qsDay.half.en-y0.ex-y0	qsDay/full/None/None/|space/boundary/None/None/|qsPea/full/None/baseline/|qsDay/half/baseline/None/
ss03+ss05	E653:0020:E652:E653	cell	boundary-echo	qsDay|space|qsTea.ex-y0|qsDay.half.en-y0.ex-y0.en-ext-1	qsDay/full/None/None/|space/boundary/None/None/|qsTea/full/None/baseline/|qsDay/half/baseline/None/en-ext-1
ss03+ss05	E653:0020:E653:E652	cell	boundary-echo	qsDay|space|qsDay|qsTea.en-y0	qsDay/full/None/None/|space/boundary/None/None/|qsDay/full/None/baseline/|qsTea/full/baseline/None/
ss03+ss05	E653:0020:E653:E653	cell	boundary-echo	qsDay|space|qsDay|qsDay.half.en-y0.ex-y0	qsDay/full/None/None/|space/boundary/None/None/|qsDay/full/None/baseline/|qsDay/half/baseline/None/
ss03+ss05	E653:0020:E653:E668	cell	boundary-echo	qsDay|space|qsDay|qsRoe	qsDay/full/None/None/|space/boundary/None/None/|qsDay/full/None/baseline/|qsRoe/hapax/baseline/None/
ss03+ss05	E653:0020:E668:E668	cell	boundary-echo	qsDay|space|qsRoe.en-y0.ex-y5|qsRoe	qsDay/full/None/None/|space/boundary/None/None/|qsRoe/hapax/None/x-height/|qsRoe/hapax/x-height/None/
ss03+ss05	E653:00B7:E650:E650	cell	dangling-anchor-dropped	qsDay|periodcentered|qsPea.half.en-y6.ex-y6|qsPea.en-y6	qsDay/full/None/None/|namer-dot/boundary/None/None/|qsPea/half/None/y6/|qsPea/full/y6/None/
ss03+ss05	E653:00B7:E650:E653	cell	dangling-anchor-dropped	qsDay|periodcentered|qsPea|qsDay.half.en-y0.ex-y0	qsDay/full/None/None/|namer-dot/boundary/None/None/|qsPea/full/None/baseline/|qsDay/half/baseline/None/
ss03+ss05	E653:00B7:E652:E653	cell	dangling-anchor-dropped	qsDay|periodcentered|qsTea.ex-y0|qsDay.half.en-y0.ex-y0.en-ext-1	qsDay/full/None/None/|namer-dot/boundary/None/None/|qsTea/full/None/baseline/|qsDay/half/baseline/None/en-ext-1
ss03+ss05	E653:00B7:E653:E652	cell	bare-name-live-join	qsDay|periodcentered|qsDay|qsTea.en-y0	qsDay/full/None/None/|namer-dot/boundary/None/None/|qsDay/full/None/baseline/|qsTea/full/baseline/None/
ss03+ss05	E653:00B7:E653:E653	cell	dangling-anchor-dropped	qsDay|periodcentered|qsDay|qsDay.half.en-y0.ex-y0	qsDay/full/None/None/|namer-dot/boundary/None/None/|qsDay/full/None/baseline/|qsDay/half/baseline/None/
ss03+ss05	E653:00B7:E653:E668	cell	bare-name-live-join	qsDay|periodcentered|qsDay|qsRoe	qsDay/full/None/None/|namer-dot/boundary/None/None/|qsDay/full/None/baseline/|qsRoe/hapax/baseline/None/
ss03+ss05	E653:00B7:E668:E668	cell	dangling-anchor-dropped	qsDay|periodcentered.lowered|qsRoe.en-y0.ex-y5|qsRoe	qsDay/full/None/None/|namer-dot/boundary/None/None/|qsRoe/hapax/None/x-height/|qsRoe/hapax/x-height/None/
ss03+ss05	E653:200C:E650:E653	cell	boundary-echo	qsDay|space|qsPea.noentry|qsDay.half.en-y0.ex-y0	qsDay/full/None/None/|zwnj/boundary/None/None/|qsPea/full/None/baseline/locked|qsDay/half/baseline/None/
ss03+ss05	E653:200C:E650:E668	cell	boundary-echo	qsDay|space|qsPea.half.ex-y5.ex-dips|qsRoe.en-y5.en-con-1	qsDay/full/None/None/|zwnj/boundary/None/None/|qsPea/half/None/x-height/locked|qsRoe/hapax/x-height/None/en-con-1
ss03+ss05	E653:200C:E652:E652	cell	boundary-echo	qsDay|space|qsTea.ex-y0|qsTea	qsDay/full/None/None/|zwnj/boundary/None/None/|qsTea/full/None/None/locked|qsTea/full/None/None/
ss03+ss05	E653:200C:E652:E653	cell	boundary-echo	qsDay|space|qsTea.ex-y0|qsDay.half.en-y0.ex-y0.en-ext-1	qsDay/full/None/None/|zwnj/boundary/None/None/|qsTea/full/None/baseline/locked|qsDay/half/baseline/None/en-ext-1
ss03+ss05	E653:200C:E653:E652	cell	boundary-echo	qsDay|space|qsDay.noentry|qsTea.en-y0	qsDay/full/None/None/|zwnj/boundary/None/None/|qsDay/full/None/baseline/locked|qsTea/full/baseline/None/
ss03+ss05	E653:200C:E653:E653	cell	boundary-echo	qsDay|space|qsDay.noentry|qsDay.half.en-y0.ex-y0	qsDay/full/None/None/|zwnj/boundary/None/None/|qsDay/full/None/baseline/locked|qsDay/half/baseline/None/
ss03+ss05	E653:200C:E653:E668	cell	boundary-echo	qsDay|space|qsDay.noentry|qsRoe	qsDay/full/None/None/|zwnj/boundary/None/None/|qsDay/full/None/baseline/locked|qsRoe/hapax/baseline/None/
ss03+ss05	E653:200C:E668:E668	cell	boundary-echo	qsDay|space|qsRoe.en-y0.ex-y5.noentry|qsRoe	qsDay/full/None/None/|zwnj/boundary/None/None/|qsRoe/hapax/None/x-height/locked|qsRoe/hapax/x-height/None/
ss03+ss05	E653:E650:E650:0020	cell	boundary-echo	qsDay|qsPea.half.en-y6.ex-y6|qsPea.en-y6|space	qsDay/full/None/None/|qsPea/half/None/y6/|qsPea/full/y6/None/|space/boundary/None/None/
ss03+ss05	E653:E650:E650:00B7	cell	dangling-anchor-dropped	qsDay|qsPea.half.en-y6.ex-y6|qsPea.en-y6|periodcentered	qsDay/full/None/None/|qsPea/half/None/y6/|qsPea/full/y6/None/|namer-dot/boundary/None/None/
ss03+ss05	E653:E650:E650:200C	cell	boundary-echo	qsDay|qsPea.half.en-y6.ex-y6|qsPea.en-y6|space	qsDay/full/None/None/|qsPea/half/None/y6/|qsPea/full/y6/None/|zwnj/boundary/None/None/
ss03+ss05	E653:E650:E650:E650	cell	dangling-anchor-dropped	qsDay|qsPea.half.en-y6.ex-y6|qsPea.half.en-y6.ex-y6|qsPea.en-y6	qsDay/full/None/None/|qsPea/half/None/y6/|qsPea/half/y6/y6/|qsPea/full/y6/None/
ss03+ss05	E653:E650:E650:E652	cell	dangling-anchor-dropped	qsDay|qsPea.half.en-y6.ex-y6|qsPea.en-y6.ex-y0|qsTea	qsDay/full/None/None/|qsPea/half/None/y6/|qsPea/full/y6/None/|qsTea/full/None/None/
ss03+ss05	E653:E650:E650:E653	cell	dangling-anchor-dropped	qsDay|qsPea.half.en-y6.ex-y6|qsPea.en-y6.ex-y0|qsDay.half.en-y0.ex-y0	qsDay/full/None/None/|qsPea/half/None/y6/|qsPea/full/y6/baseline/|qsDay/half/baseline/None/
ss03+ss05	E653:E650:E650:E668	cell	dangling-anchor-dropped	qsDay|qsPea.half.en-y6.ex-y6|qsPea.half.en-y6.ex-y5.ex-dips|qsRoe.en-y5.en-con-1	qsDay/full/None/None/|qsPea/half/None/y6/|qsPea/half/y6/x-height/|qsRoe/hapax/x-height/None/en-con-1
ss03+ss05	E653:E650:E652:E653	cell	dangling-anchor-dropped	qsDay|qsPea|qsTea.ex-y0|qsDay.half.en-y0.ex-y0.en-ext-1	qsDay/full/None/None/|qsPea/full/None/None/|qsTea/full/None/baseline/|qsDay/half/baseline/None/en-ext-1
ss03+ss05	E653:E650:E653:0020	cell	boundary-echo	qsDay|qsPea|qsDay.half.en-y0.ex-y0|space	qsDay/full/None/None/|qsPea/full/None/baseline/|qsDay/half/baseline/None/|space/boundary/None/None/
ss03+ss05	E653:E650:E653:00B7	cell	dangling-anchor-dropped	qsDay|qsPea|qsDay.half.en-y0.ex-y0|periodcentered	qsDay/full/None/None/|qsPea/full/None/baseline/|qsDay/half/baseline/None/|namer-dot/boundary/None/None/
ss03+ss05	E653:E650:E653:200C	cell	boundary-echo	qsDay|qsPea|qsDay.half.en-y0.ex-y0|space	qsDay/full/None/None/|qsPea/full/None/baseline/|qsDay/half/baseline/None/|zwnj/boundary/None/None/
ss03+ss05	E653:E650:E653:E650	cell	dangling-anchor-dropped	qsDay|qsPea|qsDay.half.en-y0.ex-y0|qsPea	qsDay/full/None/None/|qsPea/full/None/baseline/|qsDay/half/baseline/None/|qsPea/full/None/None/
ss03+ss05	E653:E650:E653:E652	cell	bare-name-live-join	qsDay|qsPea|qsDay.half.en-y0.ex-y0|qsTea.en-y0	qsDay/full/None/None/|qsPea/full/None/baseline/|qsDay/half/baseline/baseline/|qsTea/full/baseline/None/
ss03+ss05	E653:E650:E653:E653	cell	dangling-anchor-dropped	qsDay|qsPea|qsDay.half.en-y0.ex-y0|qsDay.half.en-y0.ex-y0	qsDay/full/None/None/|qsPea/full/None/baseline/|qsDay/half/baseline/baseline/|qsDay/half/baseline/None/
ss03+ss05	E653:E650:E653:E668	cell	bare-name-live-join	qsDay|qsPea|qsDay.half.en-y0.ex-y0|qsRoe	qsDay/full/None/None/|qsPea/full/None/baseline/|qsDay/half/baseline/baseline/|qsRoe/hapax/baseline/None/
ss03+ss05	E653:E650:E668:E668	cell,position	bare-name-live-join	qsDay|qsPea.half.ex-y5.ex-dips|qsRoe.ex-y0|qsRoe	qsDay/full/None/None/|qsPea/half/None/x-height/|qsRoe/hapax/x-height/baseline/en-con-1|qsRoe/hapax/baseline/None/
ss03+ss05	E653:E652:0020:0020	cell	boundary-echo	qsDay|qsTea.en-y0|space|space	qsDay/full/None/baseline/|qsTea/full/baseline/None/|space/boundary/None/None/|space/boundary/None/None/
ss03+ss05	E653:E652:0020:00B7	cell	boundary-echo	qsDay|qsTea.en-y0|space|periodcentered	qsDay/full/None/baseline/|qsTea/full/baseline/None/|space/boundary/None/None/|namer-dot/boundary/None/None/
ss03+ss05	E653:E652:0020:200C	cell	boundary-echo	qsDay|qsTea.en-y0|space|space	qsDay/full/None/baseline/|qsTea/full/baseline/None/|space/boundary/None/None/|zwnj/boundary/None/None/
ss03+ss05	E653:E652:0020:E650	cell	boundary-echo	qsDay|qsTea.en-y0|space|qsPea	qsDay/full/None/baseline/|qsTea/full/baseline/None/|space/boundary/None/None/|qsPea/full/None/None/
ss03+ss05	E653:E652:0020:E652	cell	boundary-echo	qsDay|qsTea.en-y0|space|qsTea	qsDay/full/None/baseline/|qsTea/full/baseline/None/|space/boundary/None/None/|qsTea/full/None/None/
ss03+ss05	E653:E652:0020:E653	cell	boundary-echo	qsDay|qsTea.en-y0|space|qsDay	qsDay/full/None/baseline/|qsTea/full/baseline/None/|space/boundary/None/None/|qsDay/full/None/None/
ss03+ss05	E653:E652:0020:E668	cell	boundary-echo	qsDay|qsTea.en-y0|space|qsRoe	qsDay/full/None/baseline/|qsTea/full/baseline/None/|space/boundary/None/None/|qsRoe/hapax/None/None/
ss03+ss05	E653:E652:00B7:0020	cell	boundary-echo	qsDay|qsTea.en-y0|periodcentered|space	qsDay/full/None/baseline/|qsTea/full/baseline/None/|namer-dot/boundary/None/None/|space/boundary/None/None/
ss03+ss05	E653:E652:00B7:00B7	cell	bare-name-live-join	qsDay|qsTea.en-y0|periodcentered|periodcentered	qsDay/full/None/baseline/|qsTea/full/baseline/None/|namer-dot/boundary/None/None/|namer-dot/boundary/None/None/
ss03+ss05	E653:E652:00B7:200C	cell	boundary-echo	qsDay|qsTea.en-y0|periodcentered|space	qsDay/full/None/baseline/|qsTea/full/baseline/None/|namer-dot/boundary/None/None/|zwnj/boundary/None/None/
ss03+ss05	E653:E652:00B7:E650	cell	bare-name-live-join	qsDay|qsTea.en-y0|periodcentered|qsPea	qsDay/full/None/baseline/|qsTea/full/baseline/None/|namer-dot/boundary/None/None/|qsPea/full/None/None/
ss03+ss05	E653:E652:00B7:E652	cell	bare-name-live-join	qsDay|qsTea.en-y0|periodcentered|qsTea	qsDay/full/None/baseline/|qsTea/full/baseline/None/|namer-dot/boundary/None/None/|qsTea/full/None/None/
ss03+ss05	E653:E652:00B7:E653	cell	bare-name-live-join	qsDay|qsTea.en-y0|periodcentered|qsDay	qsDay/full/None/baseline/|qsTea/full/baseline/None/|namer-dot/boundary/None/None/|qsDay/full/None/None/
ss03+ss05	E653:E652:00B7:E668	cell	bare-name-live-join	qsDay|qsTea.en-y0|periodcentered.lowered|qsRoe	qsDay/full/None/baseline/|qsTea/full/baseline/None/|namer-dot/boundary/None/None/|qsRoe/hapax/None/None/
ss03+ss05	E653:E652:200C:0020	cell	boundary-echo	qsDay|qsTea.en-y0|space|space	qsDay/full/None/baseline/|qsTea/full/baseline/None/|zwnj/boundary/None/None/|space/boundary/None/None/
ss03+ss05	E653:E652:200C:00B7	cell	boundary-echo	qsDay|qsTea.en-y0|space|periodcentered	qsDay/full/None/baseline/|qsTea/full/baseline/None/|zwnj/boundary/None/None/|namer-dot/boundary/None/None/
ss03+ss05	E653:E652:200C:200C	cell	boundary-echo	qsDay|qsTea.en-y0|space|space	qsDay/full/None/baseline/|qsTea/full/baseline/None/|zwnj/boundary/None/None/|zwnj/boundary/None/None/
ss03+ss05	E653:E652:200C:E650	cell	boundary-echo	qsDay|qsTea.en-y0|space|qsPea.noentry	qsDay/full/None/baseline/|qsTea/full/baseline/None/|zwnj/boundary/None/None/|qsPea/full/None/None/locked
ss03+ss05	E653:E652:200C:E652	cell	boundary-echo	qsDay|qsTea.en-y0|space|qsTea.noentry	qsDay/full/None/baseline/|qsTea/full/baseline/None/|zwnj/boundary/None/None/|qsTea/full/None/None/locked
ss03+ss05	E653:E652:200C:E653	cell	boundary-echo	qsDay|qsTea.en-y0|space|qsDay.noentry	qsDay/full/None/baseline/|qsTea/full/baseline/None/|zwnj/boundary/None/None/|qsDay/full/None/None/locked
ss03+ss05	E653:E652:200C:E668	cell	boundary-echo	qsDay|qsTea.en-y0|space|qsRoe.noentry	qsDay/full/None/baseline/|qsTea/full/baseline/None/|zwnj/boundary/None/None/|qsRoe/hapax/None/None/locked
ss03+ss05	E653:E652:E650:0020	cell	boundary-echo	qsDay|qsTea.en-y0|qsPea|space	qsDay/full/None/baseline/|qsTea/full/baseline/None/|qsPea/full/None/None/|space/boundary/None/None/
ss03+ss05	E653:E652:E650:00B7	cell	bare-name-live-join	qsDay|qsTea.en-y0|qsPea|periodcentered	qsDay/full/None/baseline/|qsTea/full/baseline/None/|qsPea/full/None/None/|namer-dot/boundary/None/None/
ss03+ss05	E653:E652:E650:200C	cell	boundary-echo	qsDay|qsTea.en-y0|qsPea|space	qsDay/full/None/baseline/|qsTea/full/baseline/None/|qsPea/full/None/None/|zwnj/boundary/None/None/
ss03+ss05	E653:E652:E650:E650	cell	dangling-anchor-dropped	qsDay|qsTea.en-y0|qsPea.half.en-y6.ex-y6|qsPea.en-y6	qsDay/full/None/baseline/|qsTea/full/baseline/None/|qsPea/half/None/y6/|qsPea/full/y6/None/
ss03+ss05	E653:E652:E650:E652	cell	bare-name-live-join	qsDay|qsTea.en-y0|qsPea|qsTea	qsDay/full/None/baseline/|qsTea/full/baseline/None/|qsPea/full/None/None/|qsTea/full/None/None/
ss03+ss05	E653:E652:E650:E653	cell	dangling-anchor-dropped	qsDay|qsTea.en-y0|qsPea|qsDay.half.en-y0.ex-y0	qsDay/full/None/baseline/|qsTea/full/baseline/None/|qsPea/full/None/baseline/|qsDay/half/baseline/None/
ss03+ss05	E653:E652:E650:E668	cell	bare-name-live-join	qsDay|qsTea.en-y0|qsPea.half.ex-y5.ex-dips|qsRoe.en-y5.en-con-1	qsDay/full/None/baseline/|qsTea/full/baseline/None/|qsPea/half/None/x-height/|qsRoe/hapax/x-height/None/en-con-1
ss03+ss05	E653:E652:E652:0020	cell	boundary-echo	qsDay|qsTea.en-y0|qsTea|space	qsDay/full/None/baseline/|qsTea/full/baseline/None/|qsTea/full/None/None/|space/boundary/None/None/
ss03+ss05	E653:E652:E652:00B7	cell	bare-name-live-join	qsDay|qsTea.en-y0|qsTea|periodcentered	qsDay/full/None/baseline/|qsTea/full/baseline/None/|qsTea/full/None/None/|namer-dot/boundary/None/None/
ss03+ss05	E653:E652:E652:200C	cell	boundary-echo	qsDay|qsTea.en-y0|qsTea|space	qsDay/full/None/baseline/|qsTea/full/baseline/None/|qsTea/full/None/None/|zwnj/boundary/None/None/
ss03+ss05	E653:E652:E652:E650	cell	bare-name-live-join	qsDay|qsTea.en-y0|qsTea|qsPea	qsDay/full/None/baseline/|qsTea/full/baseline/None/|qsTea/full/None/None/|qsPea/full/None/None/
ss03+ss05	E653:E652:E652:E652	cell	bare-name-live-join	qsDay|qsTea.en-y0|qsTea|qsTea	qsDay/full/None/baseline/|qsTea/full/baseline/None/|qsTea/full/None/None/|qsTea/full/None/None/
ss03+ss05	E653:E652:E652:E653	cell	dangling-anchor-dropped	qsDay|qsTea.en-y0|qsTea.ex-y0|qsDay.half.en-y0.ex-y0.en-ext-1	qsDay/full/None/baseline/|qsTea/full/baseline/None/|qsTea/full/None/baseline/|qsDay/half/baseline/None/en-ext-1
ss03+ss05	E653:E652:E652:E668	cell	bare-name-live-join	qsDay|qsTea.en-y0|qsTea.half.ex-y5|qsRoe.en-y5.en-con-1	qsDay/full/None/baseline/|qsTea/full/baseline/None/|qsTea/half/None/x-height/|qsRoe/hapax/x-height/None/en-con-1
ss03+ss05	E653:E652:E653:0020	cell	boundary-echo	qsDay|qsTea.ex-y0|qsDay.half.en-y0.ex-y0.en-ext-1|space	qsDay/full/None/None/|qsTea/full/None/baseline/|qsDay/half/baseline/None/en-ext-1|space/boundary/None/None/
ss03+ss05	E653:E652:E653:00B7	cell	dangling-anchor-dropped	qsDay|qsTea.ex-y0|qsDay.half.en-y0.ex-y0.en-ext-1|periodcentered	qsDay/full/None/None/|qsTea/full/None/baseline/|qsDay/half/baseline/None/en-ext-1|namer-dot/boundary/None/None/
ss03+ss05	E653:E652:E653:200C	cell	boundary-echo	qsDay|qsTea.ex-y0|qsDay.half.en-y0.ex-y0.en-ext-1|space	qsDay/full/None/None/|qsTea/full/None/baseline/|qsDay/half/baseline/None/en-ext-1|zwnj/boundary/None/None/
ss03+ss05	E653:E652:E653:E650	cell	dangling-anchor-dropped	qsDay|qsTea.ex-y0|qsDay.half.en-y0.ex-y0.en-ext-1|qsPea	qsDay/full/None/None/|qsTea/full/None/baseline/|qsDay/half/baseline/None/en-ext-1|qsPea/full/None/None/
ss03+ss05	E653:E652:E653:E653	cell	dangling-anchor-dropped	qsDay|qsTea.ex-y0|qsDay.half.en-y0.ex-y0.en-ext-1|qsDay.half.en-y0.ex-y0	qsDay/full/None/None/|qsTea/full/None/baseline/|qsDay/half/baseline/baseline/en-ext-1|qsDay/half/baseline/None/
ss03+ss05	E653:E652:E653:E668	cell	bare-name-live-join	qsDay|qsTea.ex-y0|qsDay.half.en-y0.ex-y0.en-ext-1|qsRoe	qsDay/full/None/None/|qsTea/full/None/baseline/|qsDay/half/baseline/baseline/en-ext-1|qsRoe/hapax/baseline/None/
ss03+ss05	E653:E652:E668:0020	cell,seam	boundary-echo	qsDay|qsTea.half.ex-y5|qsRoe.en-y5.en-con-1|space	qsDay/full/None/baseline/|qsTea/full/baseline/None/|qsRoe/hapax/None/None/|space/boundary/None/None/
ss03+ss05	E653:E652:E668:00B7	cell,seam	regrouping-floor-drift	qsDay|qsTea.half.ex-y5|qsRoe.en-y5.en-con-1|periodcentered	qsDay/full/None/baseline/|qsTea/full/baseline/None/|qsRoe/hapax/None/None/|namer-dot/boundary/None/None/
ss03+ss05	E653:E652:E668:200C	cell,seam	boundary-echo	qsDay|qsTea.half.ex-y5|qsRoe.en-y5.en-con-1|space	qsDay/full/None/baseline/|qsTea/full/baseline/None/|qsRoe/hapax/None/None/|zwnj/boundary/None/None/
ss03+ss05	E653:E652:E668:E650	cell,seam	regrouping-floor-drift	qsDay|qsTea.half.ex-y5|qsRoe.en-y5.en-con-1|qsPea	qsDay/full/None/baseline/|qsTea/full/baseline/None/|qsRoe/hapax/None/None/|qsPea/full/None/None/
ss03+ss05	E653:E652:E668:E652	cell,seam	regrouping-floor-drift	qsDay|qsTea.half.ex-y5|qsRoe.en-y5.en-con-1|qsTea	qsDay/full/None/baseline/|qsTea/full/baseline/None/|qsRoe/hapax/None/None/|qsTea/full/None/None/
ss03+ss05	E653:E652:E668:E653	cell,seam	regrouping-floor-drift	qsDay|qsTea.half.ex-y5|qsRoe.en-y5.en-con-1|qsDay	qsDay/full/None/baseline/|qsTea/full/baseline/None/|qsRoe/hapax/None/None/|qsDay/full/None/None/
ss03+ss05	E653:E652:E668:E668	cell,seam	UNMATCHED	qsDay|qsTea.half.ex-y5|qsRoe.ex-y0|qsRoe	qsDay/full/None/baseline/|qsTea/full/baseline/None/|qsRoe/hapax/None/x-height/|qsRoe/hapax/x-height/None/
ss03+ss05	E653:E653:0020:0020	cell	boundary-echo	qsDay|qsDay.half.en-y0.ex-y0|space|space	qsDay/full/None/baseline/|qsDay/half/baseline/None/|space/boundary/None/None/|space/boundary/None/None/
ss03+ss05	E653:E653:0020:00B7	cell	boundary-echo	qsDay|qsDay.half.en-y0.ex-y0|space|periodcentered	qsDay/full/None/baseline/|qsDay/half/baseline/None/|space/boundary/None/None/|namer-dot/boundary/None/None/
ss03+ss05	E653:E653:0020:200C	cell	boundary-echo	qsDay|qsDay.half.en-y0.ex-y0|space|space	qsDay/full/None/baseline/|qsDay/half/baseline/None/|space/boundary/None/None/|zwnj/boundary/None/None/
ss03+ss05	E653:E653:0020:E650	cell	boundary-echo	qsDay|qsDay.half.en-y0.ex-y0|space|qsPea	qsDay/full/None/baseline/|qsDay/half/baseline/None/|space/boundary/None/None/|qsPea/full/None/None/
ss03+ss05	E653:E653:0020:E652	cell	boundary-echo	qsDay|qsDay.half.en-y0.ex-y0|space|qsTea	qsDay/full/None/baseline/|qsDay/half/baseline/None/|space/boundary/None/None/|qsTea/full/None/None/
ss03+ss05	E653:E653:0020:E653	cell	boundary-echo	qsDay|qsDay.half.en-y0.ex-y0|space|qsDay	qsDay/full/None/baseline/|qsDay/half/baseline/None/|space/boundary/None/None/|qsDay/full/None/None/
ss03+ss05	E653:E653:0020:E668	cell	boundary-echo	qsDay|qsDay.half.en-y0.ex-y0|space|qsRoe	qsDay/full/None/baseline/|qsDay/half/baseline/None/|space/boundary/None/None/|qsRoe/hapax/None/None/
ss03+ss05	E653:E653:00B7:0020	cell	boundary-echo	qsDay|qsDay.half.en-y0.ex-y0|periodcentered|space	qsDay/full/None/baseline/|qsDay/half/baseline/None/|namer-dot/boundary/None/None/|space/boundary/None/None/
ss03+ss05	E653:E653:00B7:00B7	cell	dangling-anchor-dropped	qsDay|qsDay.half.en-y0.ex-y0|periodcentered|periodcentered	qsDay/full/None/baseline/|qsDay/half/baseline/None/|namer-dot/boundary/None/None/|namer-dot/boundary/None/None/
ss03+ss05	E653:E653:00B7:200C	cell	boundary-echo	qsDay|qsDay.half.en-y0.ex-y0|periodcentered|space	qsDay/full/None/baseline/|qsDay/half/baseline/None/|namer-dot/boundary/None/None/|zwnj/boundary/None/None/
ss03+ss05	E653:E653:00B7:E650	cell	dangling-anchor-dropped	qsDay|qsDay.half.en-y0.ex-y0|periodcentered|qsPea	qsDay/full/None/baseline/|qsDay/half/baseline/None/|namer-dot/boundary/None/None/|qsPea/full/None/None/
ss03+ss05	E653:E653:00B7:E652	cell	dangling-anchor-dropped	qsDay|qsDay.half.en-y0.ex-y0|periodcentered|qsTea	qsDay/full/None/baseline/|qsDay/half/baseline/None/|namer-dot/boundary/None/None/|qsTea/full/None/None/
ss03+ss05	E653:E653:00B7:E653	cell	dangling-anchor-dropped	qsDay|qsDay.half.en-y0.ex-y0|periodcentered|qsDay	qsDay/full/None/baseline/|qsDay/half/baseline/None/|namer-dot/boundary/None/None/|qsDay/full/None/None/
ss03+ss05	E653:E653:00B7:E668	cell	dangling-anchor-dropped	qsDay|qsDay.half.en-y0.ex-y0|periodcentered.lowered|qsRoe	qsDay/full/None/baseline/|qsDay/half/baseline/None/|namer-dot/boundary/None/None/|qsRoe/hapax/None/None/
ss03+ss05	E653:E653:200C:0020	cell	boundary-echo	qsDay|qsDay.half.en-y0.ex-y0|space|space	qsDay/full/None/baseline/|qsDay/half/baseline/None/|zwnj/boundary/None/None/|space/boundary/None/None/
ss03+ss05	E653:E653:200C:00B7	cell	boundary-echo	qsDay|qsDay.half.en-y0.ex-y0|space|periodcentered	qsDay/full/None/baseline/|qsDay/half/baseline/None/|zwnj/boundary/None/None/|namer-dot/boundary/None/None/
ss03+ss05	E653:E653:200C:200C	cell	boundary-echo	qsDay|qsDay.half.en-y0.ex-y0|space|space	qsDay/full/None/baseline/|qsDay/half/baseline/None/|zwnj/boundary/None/None/|zwnj/boundary/None/None/
ss03+ss05	E653:E653:200C:E650	cell	boundary-echo	qsDay|qsDay.half.en-y0.ex-y0|space|qsPea.noentry	qsDay/full/None/baseline/|qsDay/half/baseline/None/|zwnj/boundary/None/None/|qsPea/full/None/None/locked
ss03+ss05	E653:E653:200C:E652	cell	boundary-echo	qsDay|qsDay.half.en-y0.ex-y0|space|qsTea.noentry	qsDay/full/None/baseline/|qsDay/half/baseline/None/|zwnj/boundary/None/None/|qsTea/full/None/None/locked
ss03+ss05	E653:E653:200C:E653	cell	boundary-echo	qsDay|qsDay.half.en-y0.ex-y0|space|qsDay.noentry	qsDay/full/None/baseline/|qsDay/half/baseline/None/|zwnj/boundary/None/None/|qsDay/full/None/None/locked
ss03+ss05	E653:E653:200C:E668	cell	boundary-echo	qsDay|qsDay.half.en-y0.ex-y0|space|qsRoe.noentry	qsDay/full/None/baseline/|qsDay/half/baseline/None/|zwnj/boundary/None/None/|qsRoe/hapax/None/None/locked
ss03+ss05	E653:E653:E650:0020	cell	boundary-echo	qsDay|qsDay.half.en-y0.ex-y0|qsPea|space	qsDay/full/None/baseline/|qsDay/half/baseline/None/|qsPea/full/None/None/|space/boundary/None/None/
ss03+ss05	E653:E653:E650:00B7	cell	dangling-anchor-dropped	qsDay|qsDay.half.en-y0.ex-y0|qsPea|periodcentered	qsDay/full/None/baseline/|qsDay/half/baseline/None/|qsPea/full/None/None/|namer-dot/boundary/None/None/
ss03+ss05	E653:E653:E650:200C	cell	boundary-echo	qsDay|qsDay.half.en-y0.ex-y0|qsPea|space	qsDay/full/None/baseline/|qsDay/half/baseline/None/|qsPea/full/None/None/|zwnj/boundary/None/None/
ss03+ss05	E653:E653:E650:E650	cell	dangling-anchor-dropped	qsDay|qsDay.half.en-y0.ex-y0|qsPea.half.en-y6.ex-y6|qsPea.en-y6	qsDay/full/None/baseline/|qsDay/half/baseline/None/|qsPea/half/None/y6/|qsPea/full/y6/None/
ss03+ss05	E653:E653:E650:E652	cell	dangling-anchor-dropped	qsDay|qsDay.half.en-y0.ex-y0|qsPea|qsTea	qsDay/full/None/baseline/|qsDay/half/baseline/None/|qsPea/full/None/None/|qsTea/full/None/None/
ss03+ss05	E653:E653:E650:E653	cell	dangling-anchor-dropped	qsDay|qsDay.half.en-y0.ex-y0|qsPea|qsDay.half.en-y0.ex-y0	qsDay/full/None/baseline/|qsDay/half/baseline/None/|qsPea/full/None/baseline/|qsDay/half/baseline/None/
ss03+ss05	E653:E653:E650:E668	cell	dangling-anchor-dropped	qsDay|qsDay.half.en-y0.ex-y0|qsPea.half.ex-y5.ex-dips|qsRoe.en-y5.en-con-1	qsDay/full/None/baseline/|qsDay/half/baseline/None/|qsPea/half/None/x-height/|qsRoe/hapax/x-height/None/en-con-1
ss03+ss05	E653:E653:E652:0020	cell	boundary-echo	qsDay|qsDay.half.en-y0.ex-y0|qsTea.en-y0|space	qsDay/full/None/baseline/|qsDay/half/baseline/baseline/|qsTea/full/baseline/None/|space/boundary/None/None/
ss03+ss05	E653:E653:E652:00B7	cell	bare-name-live-join	qsDay|qsDay.half.en-y0.ex-y0|qsTea.en-y0|periodcentered	qsDay/full/None/baseline/|qsDay/half/baseline/baseline/|qsTea/full/baseline/None/|namer-dot/boundary/None/None/
ss03+ss05	E653:E653:E652:200C	cell	boundary-echo	qsDay|qsDay.half.en-y0.ex-y0|qsTea.en-y0|space	qsDay/full/None/baseline/|qsDay/half/baseline/baseline/|qsTea/full/baseline/None/|zwnj/boundary/None/None/
ss03+ss05	E653:E653:E652:E650	cell	bare-name-live-join	qsDay|qsDay.half.en-y0.ex-y0|qsTea.en-y0|qsPea	qsDay/full/None/baseline/|qsDay/half/baseline/baseline/|qsTea/full/baseline/None/|qsPea/full/None/None/
ss03+ss05	E653:E653:E652:E652	cell	bare-name-live-join	qsDay|qsDay.half.en-y0.ex-y0|qsTea.en-y0|qsTea	qsDay/full/None/baseline/|qsDay/half/baseline/baseline/|qsTea/full/baseline/None/|qsTea/full/None/None/
ss03+ss05	E653:E653:E652:E653	cell	dangling-anchor-dropped	qsDay|qsDay.half.en-y0.ex-y0|qsTea.ex-y0|qsDay.half.en-y0.ex-y0.en-ext-1	qsDay/full/None/baseline/|qsDay/half/baseline/None/|qsTea/full/None/baseline/|qsDay/half/baseline/None/en-ext-1
ss03+ss05	E653:E653:E652:E668	cell,seam	regrouping-floor-drift	qsDay|qsDay.half.en-y0.ex-y0|qsTea.half.ex-y5|qsRoe.en-y5.en-con-1	qsDay/full/None/baseline/|qsDay/half/baseline/baseline/|qsTea/full/baseline/None/|qsRoe/hapax/None/None/
ss03+ss05	E653:E653:E653:0020	cell	boundary-echo	qsDay|qsDay.half.en-y0.ex-y0|qsDay.half.en-y0.ex-y0|space	qsDay/full/None/baseline/|qsDay/half/baseline/baseline/|qsDay/half/baseline/None/|space/boundary/None/None/
ss03+ss05	E653:E653:E653:00B7	cell	dangling-anchor-dropped	qsDay|qsDay.half.en-y0.ex-y0|qsDay.half.en-y0.ex-y0|periodcentered	qsDay/full/None/baseline/|qsDay/half/baseline/baseline/|qsDay/half/baseline/None/|namer-dot/boundary/None/None/
ss03+ss05	E653:E653:E653:200C	cell	boundary-echo	qsDay|qsDay.half.en-y0.ex-y0|qsDay.half.en-y0.ex-y0|space	qsDay/full/None/baseline/|qsDay/half/baseline/baseline/|qsDay/half/baseline/None/|zwnj/boundary/None/None/
ss03+ss05	E653:E653:E653:E650	cell	dangling-anchor-dropped	qsDay|qsDay.half.en-y0.ex-y0|qsDay.half.en-y0.ex-y0|qsPea	qsDay/full/None/baseline/|qsDay/half/baseline/baseline/|qsDay/half/baseline/None/|qsPea/full/None/None/
ss03+ss05	E653:E653:E653:E652	cell	bare-name-live-join	qsDay|qsDay.half.en-y0.ex-y0|qsDay.half.en-y0.ex-y0|qsTea.en-y0	qsDay/full/None/baseline/|qsDay/half/baseline/baseline/|qsDay/half/baseline/baseline/|qsTea/full/baseline/None/
ss03+ss05	E653:E653:E653:E653	cell	dangling-anchor-dropped	qsDay|qsDay.half.en-y0.ex-y0|qsDay.half.en-y0.ex-y0|qsDay.half.en-y0.ex-y0	qsDay/full/None/baseline/|qsDay/half/baseline/baseline/|qsDay/half/baseline/baseline/|qsDay/half/baseline/None/
ss03+ss05	E653:E653:E653:E668	cell	bare-name-live-join	qsDay|qsDay.half.en-y0.ex-y0|qsDay.half.en-y0.ex-y0|qsRoe	qsDay/full/None/baseline/|qsDay/half/baseline/baseline/|qsDay/half/baseline/baseline/|qsRoe/hapax/baseline/None/
ss03+ss05	E653:E653:E668:0020	cell	boundary-echo	qsDay|qsDay.half.en-y0.ex-y0|qsRoe|space	qsDay/full/None/baseline/|qsDay/half/baseline/baseline/|qsRoe/hapax/baseline/None/|space/boundary/None/None/
ss03+ss05	E653:E653:E668:00B7	cell	bare-name-live-join	qsDay|qsDay.half.en-y0.ex-y0|qsRoe|periodcentered	qsDay/full/None/baseline/|qsDay/half/baseline/baseline/|qsRoe/hapax/baseline/None/|namer-dot/boundary/None/None/
ss03+ss05	E653:E653:E668:200C	cell	boundary-echo	qsDay|qsDay.half.en-y0.ex-y0|qsRoe|space	qsDay/full/None/baseline/|qsDay/half/baseline/baseline/|qsRoe/hapax/baseline/None/|zwnj/boundary/None/None/
ss03+ss05	E653:E653:E668:E650	cell	bare-name-live-join	qsDay|qsDay.half.en-y0.ex-y0|qsRoe|qsPea	qsDay/full/None/baseline/|qsDay/half/baseline/baseline/|qsRoe/hapax/baseline/None/|qsPea/full/None/None/
ss03+ss05	E653:E653:E668:E652	cell	bare-name-live-join	qsDay|qsDay.half.en-y0.ex-y0|qsRoe|qsTea	qsDay/full/None/baseline/|qsDay/half/baseline/baseline/|qsRoe/hapax/baseline/None/|qsTea/full/None/None/
ss03+ss05	E653:E653:E668:E653	cell	bare-name-live-join	qsDay|qsDay.half.en-y0.ex-y0|qsRoe|qsDay	qsDay/full/None/baseline/|qsDay/half/baseline/baseline/|qsRoe/hapax/baseline/None/|qsDay/full/None/None/
ss03+ss05	E653:E653:E668:E668	cell	bare-name-live-join	qsDay|qsDay.half.en-y0.ex-y0|qsRoe.en-y0.ex-y5|qsRoe	qsDay/full/None/baseline/|qsDay/half/baseline/baseline/|qsRoe/hapax/baseline/x-height/|qsRoe/hapax/x-height/None/
ss03+ss05	E653:E668:0020:0020	cell	boundary-echo	qsDay|qsRoe|space|space	qsDay/full/None/baseline/|qsRoe/hapax/baseline/None/|space/boundary/None/None/|space/boundary/None/None/
ss03+ss05	E653:E668:0020:00B7	cell	boundary-echo	qsDay|qsRoe|space|periodcentered	qsDay/full/None/baseline/|qsRoe/hapax/baseline/None/|space/boundary/None/None/|namer-dot/boundary/None/None/
ss03+ss05	E653:E668:0020:200C	cell	boundary-echo	qsDay|qsRoe|space|space	qsDay/full/None/baseline/|qsRoe/hapax/baseline/None/|space/boundary/None/None/|zwnj/boundary/None/None/
ss03+ss05	E653:E668:0020:E650	cell	boundary-echo	qsDay|qsRoe|space|qsPea	qsDay/full/None/baseline/|qsRoe/hapax/baseline/None/|space/boundary/None/None/|qsPea/full/None/None/
ss03+ss05	E653:E668:0020:E652	cell	boundary-echo	qsDay|qsRoe|space|qsTea	qsDay/full/None/baseline/|qsRoe/hapax/baseline/None/|space/boundary/None/None/|qsTea/full/None/None/
ss03+ss05	E653:E668:0020:E653	cell	boundary-echo	qsDay|qsRoe|space|qsDay	qsDay/full/None/baseline/|qsRoe/hapax/baseline/None/|space/boundary/None/None/|qsDay/full/None/None/
ss03+ss05	E653:E668:0020:E668	cell	boundary-echo	qsDay|qsRoe|space|qsRoe	qsDay/full/None/baseline/|qsRoe/hapax/baseline/None/|space/boundary/None/None/|qsRoe/hapax/None/None/
ss03+ss05	E653:E668:00B7:0020	cell	boundary-echo	qsDay|qsRoe|periodcentered|space	qsDay/full/None/baseline/|qsRoe/hapax/baseline/None/|namer-dot/boundary/None/None/|space/boundary/None/None/
ss03+ss05	E653:E668:00B7:00B7	cell	bare-name-live-join	qsDay|qsRoe|periodcentered|periodcentered	qsDay/full/None/baseline/|qsRoe/hapax/baseline/None/|namer-dot/boundary/None/None/|namer-dot/boundary/None/None/
ss03+ss05	E653:E668:00B7:200C	cell	boundary-echo	qsDay|qsRoe|periodcentered|space	qsDay/full/None/baseline/|qsRoe/hapax/baseline/None/|namer-dot/boundary/None/None/|zwnj/boundary/None/None/
ss03+ss05	E653:E668:00B7:E650	cell	bare-name-live-join	qsDay|qsRoe|periodcentered|qsPea	qsDay/full/None/baseline/|qsRoe/hapax/baseline/None/|namer-dot/boundary/None/None/|qsPea/full/None/None/
ss03+ss05	E653:E668:00B7:E652	cell	bare-name-live-join	qsDay|qsRoe|periodcentered|qsTea	qsDay/full/None/baseline/|qsRoe/hapax/baseline/None/|namer-dot/boundary/None/None/|qsTea/full/None/None/
ss03+ss05	E653:E668:00B7:E653	cell	bare-name-live-join	qsDay|qsRoe|periodcentered|qsDay	qsDay/full/None/baseline/|qsRoe/hapax/baseline/None/|namer-dot/boundary/None/None/|qsDay/full/None/None/
ss03+ss05	E653:E668:00B7:E668	cell	bare-name-live-join	qsDay|qsRoe|periodcentered.lowered|qsRoe	qsDay/full/None/baseline/|qsRoe/hapax/baseline/None/|namer-dot/boundary/None/None/|qsRoe/hapax/None/None/
ss03+ss05	E653:E668:200C:0020	cell	boundary-echo	qsDay|qsRoe|space|space	qsDay/full/None/baseline/|qsRoe/hapax/baseline/None/|zwnj/boundary/None/None/|space/boundary/None/None/
ss03+ss05	E653:E668:200C:00B7	cell	boundary-echo	qsDay|qsRoe|space|periodcentered	qsDay/full/None/baseline/|qsRoe/hapax/baseline/None/|zwnj/boundary/None/None/|namer-dot/boundary/None/None/
ss03+ss05	E653:E668:200C:200C	cell	boundary-echo	qsDay|qsRoe|space|space	qsDay/full/None/baseline/|qsRoe/hapax/baseline/None/|zwnj/boundary/None/None/|zwnj/boundary/None/None/
ss03+ss05	E653:E668:200C:E650	cell	boundary-echo	qsDay|qsRoe|space|qsPea.noentry	qsDay/full/None/baseline/|qsRoe/hapax/baseline/None/|zwnj/boundary/None/None/|qsPea/full/None/None/locked
ss03+ss05	E653:E668:200C:E652	cell	boundary-echo	qsDay|qsRoe|space|qsTea.noentry	qsDay/full/None/baseline/|qsRoe/hapax/baseline/None/|zwnj/boundary/None/None/|qsTea/full/None/None/locked
ss03+ss05	E653:E668:200C:E653	cell	boundary-echo	qsDay|qsRoe|space|qsDay.noentry	qsDay/full/None/baseline/|qsRoe/hapax/baseline/None/|zwnj/boundary/None/None/|qsDay/full/None/None/locked
ss03+ss05	E653:E668:200C:E668	cell	boundary-echo	qsDay|qsRoe|space|qsRoe.noentry	qsDay/full/None/baseline/|qsRoe/hapax/baseline/None/|zwnj/boundary/None/None/|qsRoe/hapax/None/None/locked
ss03+ss05	E653:E668:E650:0020	cell	boundary-echo	qsDay|qsRoe|qsPea|space	qsDay/full/None/baseline/|qsRoe/hapax/baseline/None/|qsPea/full/None/None/|space/boundary/None/None/
ss03+ss05	E653:E668:E650:00B7	cell	bare-name-live-join	qsDay|qsRoe|qsPea|periodcentered	qsDay/full/None/baseline/|qsRoe/hapax/baseline/None/|qsPea/full/None/None/|namer-dot/boundary/None/None/
ss03+ss05	E653:E668:E650:200C	cell	boundary-echo	qsDay|qsRoe|qsPea|space	qsDay/full/None/baseline/|qsRoe/hapax/baseline/None/|qsPea/full/None/None/|zwnj/boundary/None/None/
ss03+ss05	E653:E668:E650:E650	cell	dangling-anchor-dropped	qsDay|qsRoe|qsPea.half.en-y6.ex-y6|qsPea.en-y6	qsDay/full/None/baseline/|qsRoe/hapax/baseline/None/|qsPea/half/None/y6/|qsPea/full/y6/None/
ss03+ss05	E653:E668:E650:E652	cell	bare-name-live-join	qsDay|qsRoe|qsPea|qsTea	qsDay/full/None/baseline/|qsRoe/hapax/baseline/None/|qsPea/full/None/None/|qsTea/full/None/None/
ss03+ss05	E653:E668:E650:E653	cell	dangling-anchor-dropped	qsDay|qsRoe|qsPea|qsDay.half.en-y0.ex-y0	qsDay/full/None/baseline/|qsRoe/hapax/baseline/None/|qsPea/full/None/baseline/|qsDay/half/baseline/None/
ss03+ss05	E653:E668:E650:E668	cell	bare-name-live-join	qsDay|qsRoe|qsPea.half.ex-y5.ex-dips|qsRoe.en-y5.en-con-1	qsDay/full/None/baseline/|qsRoe/hapax/baseline/None/|qsPea/half/None/x-height/|qsRoe/hapax/x-height/None/en-con-1
ss03+ss05	E653:E668:E652:0020	cell	boundary-echo	qsDay|qsRoe|qsTea|space	qsDay/full/None/baseline/|qsRoe/hapax/baseline/None/|qsTea/full/None/None/|space/boundary/None/None/
ss03+ss05	E653:E668:E652:00B7	cell	bare-name-live-join	qsDay|qsRoe|qsTea|periodcentered	qsDay/full/None/baseline/|qsRoe/hapax/baseline/None/|qsTea/full/None/None/|namer-dot/boundary/None/None/
ss03+ss05	E653:E668:E652:200C	cell	boundary-echo	qsDay|qsRoe|qsTea|space	qsDay/full/None/baseline/|qsRoe/hapax/baseline/None/|qsTea/full/None/None/|zwnj/boundary/None/None/
ss03+ss05	E653:E668:E652:E650	cell	bare-name-live-join	qsDay|qsRoe|qsTea|qsPea	qsDay/full/None/baseline/|qsRoe/hapax/baseline/None/|qsTea/full/None/None/|qsPea/full/None/None/
ss03+ss05	E653:E668:E652:E652	cell	bare-name-live-join	qsDay|qsRoe|qsTea|qsTea	qsDay/full/None/baseline/|qsRoe/hapax/baseline/None/|qsTea/full/None/None/|qsTea/full/None/None/
ss03+ss05	E653:E668:E652:E653	cell	dangling-anchor-dropped	qsDay|qsRoe|qsTea.ex-y0|qsDay.half.en-y0.ex-y0.en-ext-1	qsDay/full/None/baseline/|qsRoe/hapax/baseline/None/|qsTea/full/None/baseline/|qsDay/half/baseline/None/en-ext-1
ss03+ss05	E653:E668:E652:E668	cell	bare-name-live-join	qsDay|qsRoe|qsTea.half.ex-y5|qsRoe.en-y5.en-con-1	qsDay/full/None/baseline/|qsRoe/hapax/baseline/None/|qsTea/half/None/x-height/|qsRoe/hapax/x-height/None/en-con-1
ss03+ss05	E653:E668:E653:0020	cell	boundary-echo	qsDay|qsRoe|qsDay|space	qsDay/full/None/baseline/|qsRoe/hapax/baseline/None/|qsDay/full/None/None/|space/boundary/None/None/
ss03+ss05	E653:E668:E653:00B7	cell	bare-name-live-join	qsDay|qsRoe|qsDay|periodcentered	qsDay/full/None/baseline/|qsRoe/hapax/baseline/None/|qsDay/full/None/None/|namer-dot/boundary/None/None/
ss03+ss05	E653:E668:E653:200C	cell	boundary-echo	qsDay|qsRoe|qsDay|space	qsDay/full/None/baseline/|qsRoe/hapax/baseline/None/|qsDay/full/None/None/|zwnj/boundary/None/None/
ss03+ss05	E653:E668:E653:E650	cell	bare-name-live-join	qsDay|qsRoe|qsDay|qsPea	qsDay/full/None/baseline/|qsRoe/hapax/baseline/None/|qsDay/full/None/None/|qsPea/full/None/None/
ss03+ss05	E653:E668:E653:E652	cell	bare-name-live-join	qsDay|qsRoe|qsDay|qsTea.en-y0	qsDay/full/None/baseline/|qsRoe/hapax/baseline/None/|qsDay/full/None/baseline/|qsTea/full/baseline/None/
ss03+ss05	E653:E668:E653:E653	cell	dangling-anchor-dropped	qsDay|qsRoe|qsDay|qsDay.half.en-y0.ex-y0	qsDay/full/None/baseline/|qsRoe/hapax/baseline/None/|qsDay/full/None/baseline/|qsDay/half/baseline/None/
ss03+ss05	E653:E668:E653:E668	cell	bare-name-live-join	qsDay|qsRoe|qsDay|qsRoe	qsDay/full/None/baseline/|qsRoe/hapax/baseline/None/|qsDay/full/None/baseline/|qsRoe/hapax/baseline/None/
ss03+ss05	E653:E668:E668:0020	cell	boundary-echo	qsDay|qsRoe.en-y0.ex-y5|qsRoe|space	qsDay/full/None/baseline/|qsRoe/hapax/baseline/x-height/|qsRoe/hapax/x-height/None/|space/boundary/None/None/
ss03+ss05	E653:E668:E668:00B7	cell	bare-name-live-join	qsDay|qsRoe.en-y0.ex-y5|qsRoe|periodcentered	qsDay/full/None/baseline/|qsRoe/hapax/baseline/x-height/|qsRoe/hapax/x-height/None/|namer-dot/boundary/None/None/
ss03+ss05	E653:E668:E668:200C	cell	boundary-echo	qsDay|qsRoe.en-y0.ex-y5|qsRoe|space	qsDay/full/None/baseline/|qsRoe/hapax/baseline/x-height/|qsRoe/hapax/x-height/None/|zwnj/boundary/None/None/
ss03+ss05	E653:E668:E668:E650	cell	bare-name-live-join	qsDay|qsRoe.en-y0.ex-y5|qsRoe|qsPea	qsDay/full/None/baseline/|qsRoe/hapax/baseline/x-height/|qsRoe/hapax/x-height/None/|qsPea/full/None/None/
ss03+ss05	E653:E668:E668:E652	cell	bare-name-live-join	qsDay|qsRoe.en-y0.ex-y5|qsRoe|qsTea	qsDay/full/None/baseline/|qsRoe/hapax/baseline/x-height/|qsRoe/hapax/x-height/None/|qsTea/full/None/None/
ss03+ss05	E653:E668:E668:E653	cell	bare-name-live-join	qsDay|qsRoe.en-y0.ex-y5|qsRoe|qsDay	qsDay/full/None/baseline/|qsRoe/hapax/baseline/x-height/|qsRoe/hapax/x-height/None/|qsDay/full/None/None/
ss03+ss05	E653:E668:E668:E668	cell	bare-name-live-join	qsDay|qsRoe.en-y0.ex-y5|qsRoe.ex-y0|qsRoe	qsDay/full/None/baseline/|qsRoe/hapax/baseline/x-height/|qsRoe/hapax/x-height/baseline/|qsRoe/hapax/baseline/None/
ss03+ss05	E665:E670:E652:E679	cell,seam	pre-ligature-cleanup-regularized	qsMay|qsIt|qsTea_qsOy	qsMay/loop/None/x-height/ex-ext-1|qsIt/hapax/x-height/None/|qsTea_qsOy/hapax/None/None/
ss03+ss05	E668:0020:E650:E650	cell	boundary-echo	qsRoe|space|qsPea.half.en-y6.ex-y6|qsPea.en-y6	qsRoe/hapax/None/None/|space/boundary/None/None/|qsPea/half/None/y6/|qsPea/full/y6/None/
ss03+ss05	E668:0020:E650:E653	cell	boundary-echo	qsRoe|space|qsPea|qsDay.half.en-y0.ex-y0	qsRoe/hapax/None/None/|space/boundary/None/None/|qsPea/full/None/baseline/|qsDay/half/baseline/None/
ss03+ss05	E668:0020:E652:E653	cell	boundary-echo	qsRoe|space|qsTea.ex-y0|qsDay.half.en-y0.ex-y0.en-ext-1	qsRoe/hapax/None/None/|space/boundary/None/None/|qsTea/full/None/baseline/|qsDay/half/baseline/None/en-ext-1
ss03+ss05	E668:0020:E653:E652	cell	boundary-echo	qsRoe|space|qsDay|qsTea.en-y0	qsRoe/hapax/None/None/|space/boundary/None/None/|qsDay/full/None/baseline/|qsTea/full/baseline/None/
ss03+ss05	E668:0020:E653:E653	cell	boundary-echo	qsRoe|space|qsDay|qsDay.half.en-y0.ex-y0	qsRoe/hapax/None/None/|space/boundary/None/None/|qsDay/full/None/baseline/|qsDay/half/baseline/None/
ss03+ss05	E668:0020:E653:E668	cell	boundary-echo	qsRoe|space|qsDay|qsRoe	qsRoe/hapax/None/None/|space/boundary/None/None/|qsDay/full/None/baseline/|qsRoe/hapax/baseline/None/
ss03+ss05	E668:0020:E668:E668	cell	boundary-echo	qsRoe|space|qsRoe.en-y0.ex-y5|qsRoe	qsRoe/hapax/None/None/|space/boundary/None/None/|qsRoe/hapax/None/x-height/|qsRoe/hapax/x-height/None/
ss03+ss05	E668:00B7:E650:E650	cell	dangling-anchor-dropped	qsRoe|periodcentered|qsPea.half.en-y6.ex-y6|qsPea.en-y6	qsRoe/hapax/None/None/|namer-dot/boundary/None/None/|qsPea/half/None/y6/|qsPea/full/y6/None/
ss03+ss05	E668:00B7:E650:E653	cell	dangling-anchor-dropped	qsRoe|periodcentered|qsPea|qsDay.half.en-y0.ex-y0	qsRoe/hapax/None/None/|namer-dot/boundary/None/None/|qsPea/full/None/baseline/|qsDay/half/baseline/None/
ss03+ss05	E668:00B7:E652:E653	cell	dangling-anchor-dropped	qsRoe|periodcentered|qsTea.ex-y0|qsDay.half.en-y0.ex-y0.en-ext-1	qsRoe/hapax/None/None/|namer-dot/boundary/None/None/|qsTea/full/None/baseline/|qsDay/half/baseline/None/en-ext-1
ss03+ss05	E668:00B7:E653:E652	cell	bare-name-live-join	qsRoe|periodcentered|qsDay|qsTea.en-y0	qsRoe/hapax/None/None/|namer-dot/boundary/None/None/|qsDay/full/None/baseline/|qsTea/full/baseline/None/
ss03+ss05	E668:00B7:E653:E653	cell	dangling-anchor-dropped	qsRoe|periodcentered|qsDay|qsDay.half.en-y0.ex-y0	qsRoe/hapax/None/None/|namer-dot/boundary/None/None/|qsDay/full/None/baseline/|qsDay/half/baseline/None/
ss03+ss05	E668:00B7:E653:E668	cell	bare-name-live-join	qsRoe|periodcentered|qsDay|qsRoe	qsRoe/hapax/None/None/|namer-dot/boundary/None/None/|qsDay/full/None/baseline/|qsRoe/hapax/baseline/None/
ss03+ss05	E668:00B7:E668:E668	cell	dangling-anchor-dropped	qsRoe|periodcentered.lowered|qsRoe.en-y0.ex-y5|qsRoe	qsRoe/hapax/None/None/|namer-dot/boundary/None/None/|qsRoe/hapax/None/x-height/|qsRoe/hapax/x-height/None/
ss03+ss05	E668:200C:E650:E653	cell	boundary-echo	qsRoe|space|qsPea.noentry|qsDay.half.en-y0.ex-y0	qsRoe/hapax/None/None/|zwnj/boundary/None/None/|qsPea/full/None/baseline/locked|qsDay/half/baseline/None/
ss03+ss05	E668:200C:E650:E668	cell	boundary-echo	qsRoe|space|qsPea.half.ex-y5.ex-dips|qsRoe.en-y5.en-con-1	qsRoe/hapax/None/None/|zwnj/boundary/None/None/|qsPea/half/None/x-height/locked|qsRoe/hapax/x-height/None/en-con-1
ss03+ss05	E668:200C:E652:E652	cell	boundary-echo	qsRoe|space|qsTea.ex-y0|qsTea	qsRoe/hapax/None/None/|zwnj/boundary/None/None/|qsTea/full/None/None/locked|qsTea/full/None/None/
ss03+ss05	E668:200C:E652:E653	cell	boundary-echo	qsRoe|space|qsTea.ex-y0|qsDay.half.en-y0.ex-y0.en-ext-1	qsRoe/hapax/None/None/|zwnj/boundary/None/None/|qsTea/full/None/baseline/locked|qsDay/half/baseline/None/en-ext-1
ss03+ss05	E668:200C:E653:E652	cell	boundary-echo	qsRoe|space|qsDay.noentry|qsTea.en-y0	qsRoe/hapax/None/None/|zwnj/boundary/None/None/|qsDay/full/None/baseline/locked|qsTea/full/baseline/None/
ss03+ss05	E668:200C:E653:E653	cell	boundary-echo	qsRoe|space|qsDay.noentry|qsDay.half.en-y0.ex-y0	qsRoe/hapax/None/None/|zwnj/boundary/None/None/|qsDay/full/None/baseline/locked|qsDay/half/baseline/None/
ss03+ss05	E668:200C:E653:E668	cell	boundary-echo	qsRoe|space|qsDay.noentry|qsRoe	qsRoe/hapax/None/None/|zwnj/boundary/None/None/|qsDay/full/None/baseline/locked|qsRoe/hapax/baseline/None/
ss03+ss05	E668:200C:E668:E668	cell	boundary-echo	qsRoe|space|qsRoe.en-y0.ex-y5.noentry|qsRoe	qsRoe/hapax/None/None/|zwnj/boundary/None/None/|qsRoe/hapax/None/x-height/locked|qsRoe/hapax/x-height/None/
ss03+ss05	E668:E650:E650:0020	cell	boundary-echo	qsRoe|qsPea.half.en-y6.ex-y6|qsPea.en-y6|space	qsRoe/hapax/None/None/|qsPea/half/None/y6/|qsPea/full/y6/None/|space/boundary/None/None/
ss03+ss05	E668:E650:E650:00B7	cell	dangling-anchor-dropped	qsRoe|qsPea.half.en-y6.ex-y6|qsPea.en-y6|periodcentered	qsRoe/hapax/None/None/|qsPea/half/None/y6/|qsPea/full/y6/None/|namer-dot/boundary/None/None/
ss03+ss05	E668:E650:E650:200C	cell	boundary-echo	qsRoe|qsPea.half.en-y6.ex-y6|qsPea.en-y6|space	qsRoe/hapax/None/None/|qsPea/half/None/y6/|qsPea/full/y6/None/|zwnj/boundary/None/None/
ss03+ss05	E668:E650:E650:E650	cell	dangling-anchor-dropped	qsRoe|qsPea.half.en-y6.ex-y6|qsPea.half.en-y6.ex-y6|qsPea.en-y6	qsRoe/hapax/None/None/|qsPea/half/None/y6/|qsPea/half/y6/y6/|qsPea/full/y6/None/
ss03+ss05	E668:E650:E650:E652	cell	dangling-anchor-dropped	qsRoe|qsPea.half.en-y6.ex-y6|qsPea.en-y6.ex-y0|qsTea	qsRoe/hapax/None/None/|qsPea/half/None/y6/|qsPea/full/y6/None/|qsTea/full/None/None/
ss03+ss05	E668:E650:E650:E653	cell	dangling-anchor-dropped	qsRoe|qsPea.half.en-y6.ex-y6|qsPea.en-y6.ex-y0|qsDay.half.en-y0.ex-y0	qsRoe/hapax/None/None/|qsPea/half/None/y6/|qsPea/full/y6/baseline/|qsDay/half/baseline/None/
ss03+ss05	E668:E650:E650:E668	cell	dangling-anchor-dropped	qsRoe|qsPea.half.en-y6.ex-y6|qsPea.half.en-y6.ex-y5.ex-dips|qsRoe.en-y5.en-con-1	qsRoe/hapax/None/None/|qsPea/half/None/y6/|qsPea/half/y6/x-height/|qsRoe/hapax/x-height/None/en-con-1
ss03+ss05	E668:E650:E652:E653	cell	dangling-anchor-dropped	qsRoe|qsPea|qsTea.ex-y0|qsDay.half.en-y0.ex-y0.en-ext-1	qsRoe/hapax/None/None/|qsPea/full/None/None/|qsTea/full/None/baseline/|qsDay/half/baseline/None/en-ext-1
ss03+ss05	E668:E650:E653:0020	cell	boundary-echo	qsRoe|qsPea|qsDay.half.en-y0.ex-y0|space	qsRoe/hapax/None/None/|qsPea/full/None/baseline/|qsDay/half/baseline/None/|space/boundary/None/None/
ss03+ss05	E668:E650:E653:00B7	cell	dangling-anchor-dropped	qsRoe|qsPea|qsDay.half.en-y0.ex-y0|periodcentered	qsRoe/hapax/None/None/|qsPea/full/None/baseline/|qsDay/half/baseline/None/|namer-dot/boundary/None/None/
ss03+ss05	E668:E650:E653:200C	cell	boundary-echo	qsRoe|qsPea|qsDay.half.en-y0.ex-y0|space	qsRoe/hapax/None/None/|qsPea/full/None/baseline/|qsDay/half/baseline/None/|zwnj/boundary/None/None/
ss03+ss05	E668:E650:E653:E650	cell	dangling-anchor-dropped	qsRoe|qsPea|qsDay.half.en-y0.ex-y0|qsPea	qsRoe/hapax/None/None/|qsPea/full/None/baseline/|qsDay/half/baseline/None/|qsPea/full/None/None/
ss03+ss05	E668:E650:E653:E652	cell	bare-name-live-join	qsRoe|qsPea|qsDay.half.en-y0.ex-y0|qsTea.en-y0	qsRoe/hapax/None/None/|qsPea/full/None/baseline/|qsDay/half/baseline/baseline/|qsTea/full/baseline/None/
ss03+ss05	E668:E650:E653:E653	cell	dangling-anchor-dropped	qsRoe|qsPea|qsDay.half.en-y0.ex-y0|qsDay.half.en-y0.ex-y0	qsRoe/hapax/None/None/|qsPea/full/None/baseline/|qsDay/half/baseline/baseline/|qsDay/half/baseline/None/
ss03+ss05	E668:E650:E653:E668	cell	bare-name-live-join	qsRoe|qsPea|qsDay.half.en-y0.ex-y0|qsRoe	qsRoe/hapax/None/None/|qsPea/full/None/baseline/|qsDay/half/baseline/baseline/|qsRoe/hapax/baseline/None/
ss03+ss05	E668:E650:E668:E668	cell,position	bare-name-live-join	qsRoe|qsPea.half.ex-y5.ex-dips|qsRoe.ex-y0|qsRoe	qsRoe/hapax/None/None/|qsPea/half/None/x-height/|qsRoe/hapax/x-height/baseline/en-con-1|qsRoe/hapax/baseline/None/
ss03+ss05	E668:E652:E650:E650	cell	dangling-anchor-dropped	qsRoe|qsTea|qsPea.half.en-y6.ex-y6|qsPea.en-y6	qsRoe/hapax/None/None/|qsTea/full/None/None/|qsPea/half/None/y6/|qsPea/full/y6/None/
ss03+ss05	E668:E652:E650:E653	cell	dangling-anchor-dropped	qsRoe|qsTea|qsPea|qsDay.half.en-y0.ex-y0	qsRoe/hapax/None/None/|qsTea/full/None/None/|qsPea/full/None/baseline/|qsDay/half/baseline/None/
ss03+ss05	E668:E652:E652:E653	cell	dangling-anchor-dropped	qsRoe|qsTea|qsTea.ex-y0|qsDay.half.en-y0.ex-y0.en-ext-1	qsRoe/hapax/None/None/|qsTea/full/None/None/|qsTea/full/None/baseline/|qsDay/half/baseline/None/en-ext-1
ss03+ss05	E668:E652:E653:0020	cell	boundary-echo	qsRoe|qsTea.ex-y0|qsDay.half.en-y0.ex-y0.en-ext-1|space	qsRoe/hapax/None/None/|qsTea/full/None/baseline/|qsDay/half/baseline/None/en-ext-1|space/boundary/None/None/
ss03+ss05	E668:E652:E653:00B7	cell	dangling-anchor-dropped	qsRoe|qsTea.ex-y0|qsDay.half.en-y0.ex-y0.en-ext-1|periodcentered	qsRoe/hapax/None/None/|qsTea/full/None/baseline/|qsDay/half/baseline/None/en-ext-1|namer-dot/boundary/None/None/
ss03+ss05	E668:E652:E653:200C	cell	boundary-echo	qsRoe|qsTea.ex-y0|qsDay.half.en-y0.ex-y0.en-ext-1|space	qsRoe/hapax/None/None/|qsTea/full/None/baseline/|qsDay/half/baseline/None/en-ext-1|zwnj/boundary/None/None/
ss03+ss05	E668:E652:E653:E650	cell	dangling-anchor-dropped	qsRoe|qsTea.ex-y0|qsDay.half.en-y0.ex-y0.en-ext-1|qsPea	qsRoe/hapax/None/None/|qsTea/full/None/baseline/|qsDay/half/baseline/None/en-ext-1|qsPea/full/None/None/
ss03+ss05	E668:E652:E653:E653	cell	dangling-anchor-dropped	qsRoe|qsTea.ex-y0|qsDay.half.en-y0.ex-y0.en-ext-1|qsDay.half.en-y0.ex-y0	qsRoe/hapax/None/None/|qsTea/full/None/baseline/|qsDay/half/baseline/baseline/en-ext-1|qsDay/half/baseline/None/
ss03+ss05	E668:E652:E653:E668	cell	bare-name-live-join	qsRoe|qsTea.ex-y0|qsDay.half.en-y0.ex-y0.en-ext-1|qsRoe	qsRoe/hapax/None/None/|qsTea/full/None/baseline/|qsDay/half/baseline/baseline/en-ext-1|qsRoe/hapax/baseline/None/
ss03+ss05	E668:E652:E668:E668	cell,position	UNMATCHED	qsRoe|qsTea.half.ex-y5|qsRoe.ex-y0|qsRoe	qsRoe/hapax/None/None/|qsTea/half/None/x-height/|qsRoe/hapax/x-height/baseline/en-con-1|qsRoe/hapax/baseline/None/
ss03+ss05	E668:E653:E650:E650	cell	dangling-anchor-dropped	qsRoe|qsDay|qsPea.half.en-y6.ex-y6|qsPea.en-y6	qsRoe/hapax/None/None/|qsDay/full/None/None/|qsPea/half/None/y6/|qsPea/full/y6/None/
ss03+ss05	E668:E653:E650:E653	cell	dangling-anchor-dropped	qsRoe|qsDay|qsPea|qsDay.half.en-y0.ex-y0	qsRoe/hapax/None/None/|qsDay/full/None/None/|qsPea/full/None/baseline/|qsDay/half/baseline/None/
ss03+ss05	E668:E653:E652:0020	cell	boundary-echo	qsRoe|qsDay|qsTea.en-y0|space	qsRoe/hapax/None/None/|qsDay/full/None/baseline/|qsTea/full/baseline/None/|space/boundary/None/None/
ss03+ss05	E668:E653:E652:00B7	cell	bare-name-live-join	qsRoe|qsDay|qsTea.en-y0|periodcentered	qsRoe/hapax/None/None/|qsDay/full/None/baseline/|qsTea/full/baseline/None/|namer-dot/boundary/None/None/
ss03+ss05	E668:E653:E652:200C	cell	boundary-echo	qsRoe|qsDay|qsTea.en-y0|space	qsRoe/hapax/None/None/|qsDay/full/None/baseline/|qsTea/full/baseline/None/|zwnj/boundary/None/None/
ss03+ss05	E668:E653:E652:E650	cell	bare-name-live-join	qsRoe|qsDay|qsTea.en-y0|qsPea	qsRoe/hapax/None/None/|qsDay/full/None/baseline/|qsTea/full/baseline/None/|qsPea/full/None/None/
ss03+ss05	E668:E653:E652:E652	cell	bare-name-live-join	qsRoe|qsDay|qsTea.en-y0|qsTea	qsRoe/hapax/None/None/|qsDay/full/None/baseline/|qsTea/full/baseline/None/|qsTea/full/None/None/
ss03+ss05	E668:E653:E652:E653	cell	dangling-anchor-dropped	qsRoe|qsDay|qsTea.ex-y0|qsDay.half.en-y0.ex-y0.en-ext-1	qsRoe/hapax/None/None/|qsDay/full/None/None/|qsTea/full/None/baseline/|qsDay/half/baseline/None/en-ext-1
ss03+ss05	E668:E653:E652:E668	cell,seam	regrouping-floor-drift	qsRoe|qsDay|qsTea.half.ex-y5|qsRoe.en-y5.en-con-1	qsRoe/hapax/None/None/|qsDay/full/None/baseline/|qsTea/full/baseline/None/|qsRoe/hapax/None/None/
ss03+ss05	E668:E653:E653:0020	cell	boundary-echo	qsRoe|qsDay|qsDay.half.en-y0.ex-y0|space	qsRoe/hapax/None/None/|qsDay/full/None/baseline/|qsDay/half/baseline/None/|space/boundary/None/None/
ss03+ss05	E668:E653:E653:00B7	cell	dangling-anchor-dropped	qsRoe|qsDay|qsDay.half.en-y0.ex-y0|periodcentered	qsRoe/hapax/None/None/|qsDay/full/None/baseline/|qsDay/half/baseline/None/|namer-dot/boundary/None/None/
ss03+ss05	E668:E653:E653:200C	cell	boundary-echo	qsRoe|qsDay|qsDay.half.en-y0.ex-y0|space	qsRoe/hapax/None/None/|qsDay/full/None/baseline/|qsDay/half/baseline/None/|zwnj/boundary/None/None/
ss03+ss05	E668:E653:E653:E650	cell	dangling-anchor-dropped	qsRoe|qsDay|qsDay.half.en-y0.ex-y0|qsPea	qsRoe/hapax/None/None/|qsDay/full/None/baseline/|qsDay/half/baseline/None/|qsPea/full/None/None/
ss03+ss05	E668:E653:E653:E652	cell	bare-name-live-join	qsRoe|qsDay|qsDay.half.en-y0.ex-y0|qsTea.en-y0	qsRoe/hapax/None/None/|qsDay/full/None/baseline/|qsDay/half/baseline/baseline/|qsTea/full/baseline/None/
ss03+ss05	E668:E653:E653:E653	cell	dangling-anchor-dropped	qsRoe|qsDay|qsDay.half.en-y0.ex-y0|qsDay.half.en-y0.ex-y0	qsRoe/hapax/None/None/|qsDay/full/None/baseline/|qsDay/half/baseline/baseline/|qsDay/half/baseline/None/
ss03+ss05	E668:E653:E653:E668	cell	bare-name-live-join	qsRoe|qsDay|qsDay.half.en-y0.ex-y0|qsRoe	qsRoe/hapax/None/None/|qsDay/full/None/baseline/|qsDay/half/baseline/baseline/|qsRoe/hapax/baseline/None/
ss03+ss05	E668:E653:E668:0020	cell	boundary-echo	qsRoe|qsDay|qsRoe|space	qsRoe/hapax/None/None/|qsDay/full/None/baseline/|qsRoe/hapax/baseline/None/|space/boundary/None/None/
ss03+ss05	E668:E653:E668:00B7	cell	bare-name-live-join	qsRoe|qsDay|qsRoe|periodcentered	qsRoe/hapax/None/None/|qsDay/full/None/baseline/|qsRoe/hapax/baseline/None/|namer-dot/boundary/None/None/
ss03+ss05	E668:E653:E668:200C	cell	boundary-echo	qsRoe|qsDay|qsRoe|space	qsRoe/hapax/None/None/|qsDay/full/None/baseline/|qsRoe/hapax/baseline/None/|zwnj/boundary/None/None/
ss03+ss05	E668:E653:E668:E650	cell	bare-name-live-join	qsRoe|qsDay|qsRoe|qsPea	qsRoe/hapax/None/None/|qsDay/full/None/baseline/|qsRoe/hapax/baseline/None/|qsPea/full/None/None/
ss03+ss05	E668:E653:E668:E652	cell	bare-name-live-join	qsRoe|qsDay|qsRoe|qsTea	qsRoe/hapax/None/None/|qsDay/full/None/baseline/|qsRoe/hapax/baseline/None/|qsTea/full/None/None/
ss03+ss05	E668:E653:E668:E653	cell	bare-name-live-join	qsRoe|qsDay|qsRoe|qsDay	qsRoe/hapax/None/None/|qsDay/full/None/baseline/|qsRoe/hapax/baseline/None/|qsDay/full/None/None/
ss03+ss05	E668:E653:E668:E668	cell	bare-name-live-join	qsRoe|qsDay|qsRoe.en-y0.ex-y5|qsRoe	qsRoe/hapax/None/None/|qsDay/full/None/baseline/|qsRoe/hapax/baseline/x-height/|qsRoe/hapax/x-height/None/
ss03+ss05	E668:E668:0020:0020	cell	boundary-echo	qsRoe.en-y0.ex-y5|qsRoe|space|space	qsRoe/hapax/None/x-height/|qsRoe/hapax/x-height/None/|space/boundary/None/None/|space/boundary/None/None/
ss03+ss05	E668:E668:0020:00B7	cell	boundary-echo	qsRoe.en-y0.ex-y5|qsRoe|space|periodcentered	qsRoe/hapax/None/x-height/|qsRoe/hapax/x-height/None/|space/boundary/None/None/|namer-dot/boundary/None/None/
ss03+ss05	E668:E668:0020:200C	cell	boundary-echo	qsRoe.en-y0.ex-y5|qsRoe|space|space	qsRoe/hapax/None/x-height/|qsRoe/hapax/x-height/None/|space/boundary/None/None/|zwnj/boundary/None/None/
ss03+ss05	E668:E668:0020:E650	cell	boundary-echo	qsRoe.en-y0.ex-y5|qsRoe|space|qsPea	qsRoe/hapax/None/x-height/|qsRoe/hapax/x-height/None/|space/boundary/None/None/|qsPea/full/None/None/
ss03+ss05	E668:E668:0020:E652	cell	boundary-echo	qsRoe.en-y0.ex-y5|qsRoe|space|qsTea	qsRoe/hapax/None/x-height/|qsRoe/hapax/x-height/None/|space/boundary/None/None/|qsTea/full/None/None/
ss03+ss05	E668:E668:0020:E653	cell	boundary-echo	qsRoe.en-y0.ex-y5|qsRoe|space|qsDay	qsRoe/hapax/None/x-height/|qsRoe/hapax/x-height/None/|space/boundary/None/None/|qsDay/full/None/None/
ss03+ss05	E668:E668:0020:E668	cell	boundary-echo	qsRoe.en-y0.ex-y5|qsRoe|space|qsRoe	qsRoe/hapax/None/x-height/|qsRoe/hapax/x-height/None/|space/boundary/None/None/|qsRoe/hapax/None/None/
ss03+ss05	E668:E668:00B7:0020	cell	boundary-echo	qsRoe.en-y0.ex-y5|qsRoe|periodcentered|space	qsRoe/hapax/None/x-height/|qsRoe/hapax/x-height/None/|namer-dot/boundary/None/None/|space/boundary/None/None/
ss03+ss05	E668:E668:00B7:00B7	cell	dangling-anchor-dropped	qsRoe.en-y0.ex-y5|qsRoe|periodcentered|periodcentered	qsRoe/hapax/None/x-height/|qsRoe/hapax/x-height/None/|namer-dot/boundary/None/None/|namer-dot/boundary/None/None/
ss03+ss05	E668:E668:00B7:200C	cell	boundary-echo	qsRoe.en-y0.ex-y5|qsRoe|periodcentered|space	qsRoe/hapax/None/x-height/|qsRoe/hapax/x-height/None/|namer-dot/boundary/None/None/|zwnj/boundary/None/None/
ss03+ss05	E668:E668:00B7:E650	cell	dangling-anchor-dropped	qsRoe.en-y0.ex-y5|qsRoe|periodcentered|qsPea	qsRoe/hapax/None/x-height/|qsRoe/hapax/x-height/None/|namer-dot/boundary/None/None/|qsPea/full/None/None/
ss03+ss05	E668:E668:00B7:E652	cell	dangling-anchor-dropped	qsRoe.en-y0.ex-y5|qsRoe|periodcentered|qsTea	qsRoe/hapax/None/x-height/|qsRoe/hapax/x-height/None/|namer-dot/boundary/None/None/|qsTea/full/None/None/
ss03+ss05	E668:E668:00B7:E653	cell	dangling-anchor-dropped	qsRoe.en-y0.ex-y5|qsRoe|periodcentered|qsDay	qsRoe/hapax/None/x-height/|qsRoe/hapax/x-height/None/|namer-dot/boundary/None/None/|qsDay/full/None/None/
ss03+ss05	E668:E668:00B7:E668	cell	dangling-anchor-dropped	qsRoe.en-y0.ex-y5|qsRoe|periodcentered.lowered|qsRoe	qsRoe/hapax/None/x-height/|qsRoe/hapax/x-height/None/|namer-dot/boundary/None/None/|qsRoe/hapax/None/None/
ss03+ss05	E668:E668:200C:0020	cell	boundary-echo	qsRoe.en-y0.ex-y5|qsRoe|space|space	qsRoe/hapax/None/x-height/|qsRoe/hapax/x-height/None/|zwnj/boundary/None/None/|space/boundary/None/None/
ss03+ss05	E668:E668:200C:00B7	cell	boundary-echo	qsRoe.en-y0.ex-y5|qsRoe|space|periodcentered	qsRoe/hapax/None/x-height/|qsRoe/hapax/x-height/None/|zwnj/boundary/None/None/|namer-dot/boundary/None/None/
ss03+ss05	E668:E668:200C:200C	cell	boundary-echo	qsRoe.en-y0.ex-y5|qsRoe|space|space	qsRoe/hapax/None/x-height/|qsRoe/hapax/x-height/None/|zwnj/boundary/None/None/|zwnj/boundary/None/None/
ss03+ss05	E668:E668:200C:E650	cell	boundary-echo	qsRoe.en-y0.ex-y5|qsRoe|space|qsPea.noentry	qsRoe/hapax/None/x-height/|qsRoe/hapax/x-height/None/|zwnj/boundary/None/None/|qsPea/full/None/None/locked
ss03+ss05	E668:E668:200C:E652	cell	boundary-echo	qsRoe.en-y0.ex-y5|qsRoe|space|qsTea.noentry	qsRoe/hapax/None/x-height/|qsRoe/hapax/x-height/None/|zwnj/boundary/None/None/|qsTea/full/None/None/locked
ss03+ss05	E668:E668:200C:E653	cell	boundary-echo	qsRoe.en-y0.ex-y5|qsRoe|space|qsDay.noentry	qsRoe/hapax/None/x-height/|qsRoe/hapax/x-height/None/|zwnj/boundary/None/None/|qsDay/full/None/None/locked
ss03+ss05	E668:E668:200C:E668	cell	boundary-echo	qsRoe.en-y0.ex-y5|qsRoe|space|qsRoe.noentry	qsRoe/hapax/None/x-height/|qsRoe/hapax/x-height/None/|zwnj/boundary/None/None/|qsRoe/hapax/None/None/locked
ss03+ss05	E668:E668:E650:0020	cell	boundary-echo	qsRoe.en-y0.ex-y5|qsRoe|qsPea|space	qsRoe/hapax/None/x-height/|qsRoe/hapax/x-height/None/|qsPea/full/None/None/|space/boundary/None/None/
ss03+ss05	E668:E668:E650:00B7	cell	dangling-anchor-dropped	qsRoe.en-y0.ex-y5|qsRoe|qsPea|periodcentered	qsRoe/hapax/None/x-height/|qsRoe/hapax/x-height/None/|qsPea/full/None/None/|namer-dot/boundary/None/None/
ss03+ss05	E668:E668:E650:200C	cell	boundary-echo	qsRoe.en-y0.ex-y5|qsRoe|qsPea|space	qsRoe/hapax/None/x-height/|qsRoe/hapax/x-height/None/|qsPea/full/None/None/|zwnj/boundary/None/None/
ss03+ss05	E668:E668:E650:E650	cell	dangling-anchor-dropped	qsRoe.en-y0.ex-y5|qsRoe|qsPea.half.en-y6.ex-y6|qsPea.en-y6	qsRoe/hapax/None/x-height/|qsRoe/hapax/x-height/None/|qsPea/half/None/y6/|qsPea/full/y6/None/
ss03+ss05	E668:E668:E650:E652	cell	dangling-anchor-dropped	qsRoe.en-y0.ex-y5|qsRoe|qsPea|qsTea	qsRoe/hapax/None/x-height/|qsRoe/hapax/x-height/None/|qsPea/full/None/None/|qsTea/full/None/None/
ss03+ss05	E668:E668:E650:E653	cell	dangling-anchor-dropped	qsRoe.en-y0.ex-y5|qsRoe|qsPea|qsDay.half.en-y0.ex-y0	qsRoe/hapax/None/x-height/|qsRoe/hapax/x-height/None/|qsPea/full/None/baseline/|qsDay/half/baseline/None/
ss03+ss05	E668:E668:E650:E668	cell	dangling-anchor-dropped	qsRoe.en-y0.ex-y5|qsRoe|qsPea.half.ex-y5.ex-dips|qsRoe.en-y5.en-con-1	qsRoe/hapax/None/x-height/|qsRoe/hapax/x-height/None/|qsPea/half/None/x-height/|qsRoe/hapax/x-height/None/en-con-1
ss03+ss05	E668:E668:E652:0020	cell	boundary-echo	qsRoe.en-y0.ex-y5|qsRoe|qsTea|space	qsRoe/hapax/None/x-height/|qsRoe/hapax/x-height/None/|qsTea/full/None/None/|space/boundary/None/None/
ss03+ss05	E668:E668:E652:00B7	cell	dangling-anchor-dropped	qsRoe.en-y0.ex-y5|qsRoe|qsTea|periodcentered	qsRoe/hapax/None/x-height/|qsRoe/hapax/x-height/None/|qsTea/full/None/None/|namer-dot/boundary/None/None/
ss03+ss05	E668:E668:E652:200C	cell	boundary-echo	qsRoe.en-y0.ex-y5|qsRoe|qsTea|space	qsRoe/hapax/None/x-height/|qsRoe/hapax/x-height/None/|qsTea/full/None/None/|zwnj/boundary/None/None/
ss03+ss05	E668:E668:E652:E650	cell	dangling-anchor-dropped	qsRoe.en-y0.ex-y5|qsRoe|qsTea|qsPea	qsRoe/hapax/None/x-height/|qsRoe/hapax/x-height/None/|qsTea/full/None/None/|qsPea/full/None/None/
ss03+ss05	E668:E668:E652:E652	cell	dangling-anchor-dropped	qsRoe.en-y0.ex-y5|qsRoe|qsTea|qsTea	qsRoe/hapax/None/x-height/|qsRoe/hapax/x-height/None/|qsTea/full/None/None/|qsTea/full/None/None/
ss03+ss05	E668:E668:E652:E653	cell	dangling-anchor-dropped	qsRoe.en-y0.ex-y5|qsRoe|qsTea.ex-y0|qsDay.half.en-y0.ex-y0.en-ext-1	qsRoe/hapax/None/x-height/|qsRoe/hapax/x-height/None/|qsTea/full/None/baseline/|qsDay/half/baseline/None/en-ext-1
ss03+ss05	E668:E668:E652:E668	cell	dangling-anchor-dropped	qsRoe.en-y0.ex-y5|qsRoe|qsTea.half.ex-y5|qsRoe.en-y5.en-con-1	qsRoe/hapax/None/x-height/|qsRoe/hapax/x-height/None/|qsTea/half/None/x-height/|qsRoe/hapax/x-height/None/en-con-1
ss03+ss05	E668:E668:E653:0020	cell	boundary-echo	qsRoe.en-y0.ex-y5|qsRoe|qsDay|space	qsRoe/hapax/None/x-height/|qsRoe/hapax/x-height/None/|qsDay/full/None/None/|space/boundary/None/None/
ss03+ss05	E668:E668:E653:00B7	cell	dangling-anchor-dropped	qsRoe.en-y0.ex-y5|qsRoe|qsDay|periodcentered	qsRoe/hapax/None/x-height/|qsRoe/hapax/x-height/None/|qsDay/full/None/None/|namer-dot/boundary/None/None/
ss03+ss05	E668:E668:E653:200C	cell	boundary-echo	qsRoe.en-y0.ex-y5|qsRoe|qsDay|space	qsRoe/hapax/None/x-height/|qsRoe/hapax/x-height/None/|qsDay/full/None/None/|zwnj/boundary/None/None/
ss03+ss05	E668:E668:E653:E650	cell	dangling-anchor-dropped	qsRoe.en-y0.ex-y5|qsRoe|qsDay|qsPea	qsRoe/hapax/None/x-height/|qsRoe/hapax/x-height/None/|qsDay/full/None/None/|qsPea/full/None/None/
ss03+ss05	E668:E668:E653:E652	cell	dangling-anchor-dropped	qsRoe.en-y0.ex-y5|qsRoe|qsDay|qsTea.en-y0	qsRoe/hapax/None/x-height/|qsRoe/hapax/x-height/None/|qsDay/full/None/baseline/|qsTea/full/baseline/None/
ss03+ss05	E668:E668:E653:E653	cell	dangling-anchor-dropped	qsRoe.en-y0.ex-y5|qsRoe|qsDay|qsDay.half.en-y0.ex-y0	qsRoe/hapax/None/x-height/|qsRoe/hapax/x-height/None/|qsDay/full/None/baseline/|qsDay/half/baseline/None/
ss03+ss05	E668:E668:E653:E668	cell	dangling-anchor-dropped	qsRoe.en-y0.ex-y5|qsRoe|qsDay|qsRoe	qsRoe/hapax/None/x-height/|qsRoe/hapax/x-height/None/|qsDay/full/None/baseline/|qsRoe/hapax/baseline/None/
ss03+ss05	E668:E668:E668:0020	cell	boundary-echo	qsRoe.en-y0.ex-y5|qsRoe.ex-y0|qsRoe|space	qsRoe/hapax/None/x-height/|qsRoe/hapax/x-height/baseline/|qsRoe/hapax/baseline/None/|space/boundary/None/None/
ss03+ss05	E668:E668:E668:00B7	cell	dangling-anchor-dropped	qsRoe.en-y0.ex-y5|qsRoe.ex-y0|qsRoe|periodcentered	qsRoe/hapax/None/x-height/|qsRoe/hapax/x-height/baseline/|qsRoe/hapax/baseline/None/|namer-dot/boundary/None/None/
ss03+ss05	E668:E668:E668:200C	cell	boundary-echo	qsRoe.en-y0.ex-y5|qsRoe.ex-y0|qsRoe|space	qsRoe/hapax/None/x-height/|qsRoe/hapax/x-height/baseline/|qsRoe/hapax/baseline/None/|zwnj/boundary/None/None/
ss03+ss05	E668:E668:E668:E650	cell	dangling-anchor-dropped	qsRoe.en-y0.ex-y5|qsRoe.ex-y0|qsRoe|qsPea	qsRoe/hapax/None/x-height/|qsRoe/hapax/x-height/baseline/|qsRoe/hapax/baseline/None/|qsPea/full/None/None/
ss03+ss05	E668:E668:E668:E652	cell	dangling-anchor-dropped	qsRoe.en-y0.ex-y5|qsRoe.ex-y0|qsRoe|qsTea	qsRoe/hapax/None/x-height/|qsRoe/hapax/x-height/baseline/|qsRoe/hapax/baseline/None/|qsTea/full/None/None/
ss03+ss05	E668:E668:E668:E653	cell	dangling-anchor-dropped	qsRoe.en-y0.ex-y5|qsRoe.ex-y0|qsRoe|qsDay	qsRoe/hapax/None/x-height/|qsRoe/hapax/x-height/baseline/|qsRoe/hapax/baseline/None/|qsDay/full/None/None/
ss03+ss05	E668:E668:E668:E668	cell	dangling-anchor-dropped	qsRoe.en-y0.ex-y5|qsRoe.ex-y0|qsRoe.en-y0.ex-y5|qsRoe	qsRoe/hapax/None/x-height/|qsRoe/hapax/x-height/baseline/|qsRoe/hapax/baseline/x-height/|qsRoe/hapax/x-height/None/
ss03+ss05	E670:E67A:E670:E665	cell	same-seam-extension-non-summing	qsIt.ex-y0.before-utter|qsUtter|qsIt.en-y5.ex-y0.ex-ext-1|qsMay.en-y0.ex-y5.en-ext-1	qsIt/hapax/None/baseline/|qsUtter/mono/baseline/x-height/|qsIt/hapax/x-height/baseline/|qsMay/loop/baseline/None/
