# treaty table, config default
left	right	junction	extension	kern
qsAh.hapax	qsAh.hapax	break	0	0
qsAh.hapax	qsAh.hapax.ex-y5	break	0	0
qsAh.hapax	qsAh.hapax.ex-y5.ex-ext-1	break	0	0
qsAh.hapax	qsFee.loop.ex-y5	break	0	0
qsAh.hapax	qsFee.loop.ex-y5.ex-ext-1	break	0	0
qsAh.hapax	qsFee.loop.ex-y5.ex-ext-3	break	0	0
qsAh.hapax	qsI.loop	break	0	0
qsAh.hapax	qsI.loop.ex-y5	break	0	0
qsAh.hapax	qsI.loop.ex-y5.ex-ext-1	break	0	0
qsAh.hapax	qsLow.hapax	break	0	0
qsAh.hapax	qsLow.hapax.ex-y5	break	0	0
qsAh.hapax	qsLow.hapax.ex-y5.ex-ext-1	break	0	0
qsAh.hapax	qsOut.normal	break	0	0
qsAh.hapax	qsOut.swept-up.ex-y5	break	0	0
qsAh.hapax	qsOut.swept-up.ex-y5.ex-ext-1	break	0	0
qsAh.hapax	qsOut_qsTea.hapax	break	0	0
qsAh.hapax	qsPea.full	break	0	0
qsAh.hapax	qsPea.full.ex-y0	break	0	0
qsAh.hapax	qsPea.half.ex-y5	break	0	0
qsAh.hapax	qsPea.half.ex-y6	break	0	0
qsAh.hapax	qsRoe.hapax.ex-y5	break	0	0
qsAh.hapax	qsSee.curled-over.ex-y6	break	0	0
qsAh.hapax	qsSee.normal	break	0	0
qsAh.hapax	qsSee.normal.ex-y8	break	0	0
qsAh.hapax	qsSee.straighter.ex-y0	break	0	0
qsAh.hapax	qsSee.straighter.ex-y0.ex-ext-2	break	0	0
qsAh.hapax	qsSee_qsUtter.hapax	break	0	0
qsAh.hapax	qsSee_qsUtter.hapax.ex-y5	break	0	0
qsAh.hapax	qsSee_qsUtter.hapax.ex-y5.ex-ext-1	break	0	0
qsAh.hapax	qsTea.full	break	0	0
qsAh.hapax	qsTea.full.ex-y0	break	0	0
qsAh.hapax	qsTea.half.ex-y5	break	0	0
qsAh.hapax	qsTea_qsOy.hapax	break	0	0
qsAh.hapax	qsTea_qsOy.hapax.ex-y0	break	0	0
qsAh.hapax	qsUtter.alternate.ex-y0	break	0	0
qsAh.hapax	qsUtter.mono	break	0	0
qsAh.hapax	qsUtter.mono.ex-y5	break	0	0
qsAh.hapax	qsUtter.mono.ex-y5.ex-ext-1	break	0	0
qsAh.hapax	qsVie.normal	break	0	0
qsAh.hapax	qsVie.swept-out.ex-y0	break	0	0
qsAh.hapax	qsVie_qsUtter.hapax	break	0	0
qsAh.hapax	qsVie_qsUtter.hapax.ex-y5	break	0	0
qsAh.hapax	qsVie_qsUtter.hapax.ex-y5.ex-ext-1	break	0	0
qsAh.hapax.en-y0	qsAh.hapax	break	0	0
qsAh.hapax.en-y0	qsAh.hapax.ex-y5	break	0	0
qsAh.hapax.en-y0	qsAh.hapax.ex-y5.ex-ext-1	break	0	0
qsAh.hapax.en-y0	qsFee.loop.ex-y5	break	0	0
qsAh.hapax.en-y0	qsFee.loop.ex-y5.ex-ext-1	break	0	0
qsAh.hapax.en-y0	qsFee.loop.ex-y5.ex-ext-3	break	0	0
qsAh.hapax.en-y0	qsI.loop	break	0	0
qsAh.hapax.en-y0	qsI.loop.ex-y5	break	0	0
qsAh.hapax.en-y0	qsI.loop.ex-y5.ex-ext-1	break	0	0
qsAh.hapax.en-y0	qsLow.hapax	break	0	0
qsAh.hapax.en-y0	qsLow.hapax.ex-y5	break	0	0
qsAh.hapax.en-y0	qsLow.hapax.ex-y5.ex-ext-1	break	0	0
qsAh.hapax.en-y0	qsOut.normal	break	0	0
qsAh.hapax.en-y0	qsOut.swept-up.ex-y5	break	0	0
qsAh.hapax.en-y0	qsOut.swept-up.ex-y5.ex-ext-1	break	0	0
qsAh.hapax.en-y0	qsOut_qsTea.hapax	break	0	0
qsAh.hapax.en-y0	qsPea.full	break	0	0
qsAh.hapax.en-y0	qsPea.full.ex-y0	break	0	0
qsAh.hapax.en-y0	qsPea.half.ex-y5	break	0	0
qsAh.hapax.en-y0	qsPea.half.ex-y6	break	0	0
qsAh.hapax.en-y0	qsRoe.hapax.ex-y5	break	0	0
qsAh.hapax.en-y0	qsSee.curled-over.ex-y6	break	0	0
qsAh.hapax.en-y0	qsSee.normal	break	0	0
qsAh.hapax.en-y0	qsSee.normal.ex-y8	break	0	0
qsAh.hapax.en-y0	qsSee.straighter.ex-y0	break	0	0
qsAh.hapax.en-y0	qsSee.straighter.ex-y0.ex-ext-2	break	0	0
qsAh.hapax.en-y0	qsSee_qsUtter.hapax	break	0	0
qsAh.hapax.en-y0	qsSee_qsUtter.hapax.ex-y5	break	0	0
qsAh.hapax.en-y0	qsSee_qsUtter.hapax.ex-y5.ex-ext-1	break	0	0
qsAh.hapax.en-y0	qsTea.full	break	0	0
qsAh.hapax.en-y0	qsTea.full.ex-y0	break	0	0
qsAh.hapax.en-y0	qsTea.half.ex-y5	break	0	0
qsAh.hapax.en-y0	qsTea_qsOy.hapax	break	0	0
qsAh.hapax.en-y0	qsTea_qsOy.hapax.ex-y0	break	0	0
qsAh.hapax.en-y0	qsUtter.alternate.ex-y0	break	0	0
qsAh.hapax.en-y0	qsUtter.mono	break	0	0
qsAh.hapax.en-y0	qsUtter.mono.ex-y5	break	0	0
qsAh.hapax.en-y0	qsUtter.mono.ex-y5.ex-ext-1	break	0	0
qsAh.hapax.en-y0	qsVie.normal	break	0	0
qsAh.hapax.en-y0	qsVie.swept-out.ex-y0	break	0	0
qsAh.hapax.en-y0	qsVie_qsUtter.hapax	break	0	0
qsAh.hapax.en-y0	qsVie_qsUtter.hapax.ex-y5	break	0	0
qsAh.hapax.en-y0	qsVie_qsUtter.hapax.ex-y5.ex-ext-1	break	0	0
qsAh.hapax.en-y0.ex-y5	qsAwe.hapax.en-y5	x-height	0	0
qsAh.hapax.en-y0.ex-y5	qsAwe.hapax.en-y5.ex-y0	x-height	0	0
qsAh.hapax.en-y0.ex-y5	qsDay.full.en-y5	x-height	0	0
qsAh.hapax.en-y0.ex-y5	qsDay.full.en-y5.ex-y0	x-height	0	0
qsAh.hapax.en-y0.ex-y5	qsDay_qsUtter.full.en-y5	x-height	0	0
qsAh.hapax.en-y0.ex-y5	qsDay_qsUtter.full.en-y5.ex-y5	x-height	0	0
qsAh.hapax.en-y0.ex-y5	qsDay_qsUtter.full.en-y5.ex-y5.ex-ext-1	x-height	0	0
qsAh.hapax.en-y0.ex-y5	qsEight.normal-sized-loop.en-y5	x-height	0	0
qsAh.hapax.en-y0.ex-y5	qsEight.normal-sized-loop.en-y5.ex-y0	x-height	0	0
qsAh.hapax.en-y0.ex-y5	qsEight.smaller-loop.en-y5.ex-y0	x-height	0	0
qsAh.hapax.en-y0.ex-y5	qsEt.hapax.en-y5	x-height	0	0
qsAh.hapax.en-y0.ex-y5	qsEt.hapax.en-y5.ex-y0	x-height	0	0
qsAh.hapax.en-y0.ex-y5	qsEt.hapax.en-y5.ex-y0.ex-con-1	x-height	0	0
qsAh.hapax.en-y0.ex-y5	qsIt.hapax.en-y5	x-height	0	0
qsAh.hapax.en-y0.ex-y5	qsIt.hapax.en-y5.ex-y0	x-height	0	0
qsAh.hapax.en-y0.ex-y5	qsIt.hapax.en-y5.ex-y0.ex-ext-1	x-height	0	0
qsAh.hapax.en-y0.ex-y5	qsJai.hapax.en-y5.en-con-2	x-height	-2	0
qsAh.hapax.en-y0.ex-y5	qsJai.hapax.en-y5.ex-y0.en-con-2	x-height	-2	0
qsAh.hapax.en-y0.ex-y5	qsJai.hapax.en-y5.ex-y0.en-con-2.ex-ext-1	x-height	-2	0
qsAh.hapax.en-y0.ex-y5	qsJai_qsUtter.hapax.en-y5.en-con-2	x-height	-2	0
qsAh.hapax.en-y0.ex-y5	qsJai_qsUtter.hapax.en-y5.ex-y5.en-con-2	x-height	-2	0
qsAh.hapax.en-y0.ex-y5	qsJai_qsUtter.hapax.en-y5.ex-y5.en-con-2.ex-ext-1	x-height	-2	0
qsAh.hapax.en-y0.ex-y5	qsNo.loop.en-y5	x-height	0	0
qsAh.hapax.en-y0.ex-y5	qsNo.loop.en-y5.ex-y5	x-height	0	0
qsAh.hapax.en-y0.ex-y5	qsNo.loop.en-y5.ex-y5.ex-ext-1	x-height	0	0
qsAh.hapax.en-y0.ex-y5	qsOx.hapax.en-y5	x-height	0	0
qsAh.hapax.en-y0.ex-y5	qsOx.hapax.en-y5.ex-y0	x-height	0	0
qsAh.hapax.en-y0.ex-y5	qsOy.hapax.en-y5	x-height	0	0
qsAh.hapax.en-y0.ex-y5	qsOy.hapax.en-y5.ex-y0	x-height	0	0
qsAh.hapax.en-y0.ex-y5	qsRoe.hapax.en-y5	x-height	0	0
qsAh.hapax.en-y0.ex-y5	qsRoe.hapax.en-y5.ex-y0	x-height	0	0
qsAh.hapax.en-y0.ex-y5	qsRoe.hapax.en-y5.ex-y0.ex-ext-1	x-height	0	0
qsAh.hapax.en-y0.ex-y5.ex-ext-1	qsFee.reversed-loop.en-y5	x-height	1	0
qsAh.hapax.en-y0.ex-y5.ex-ext-1	qsMay.grounded-loop.en-y5.ex-y0	x-height	1	0
qsAh.hapax.en-y0.ex-y5.ex-ext-1	qsMay.loop.en-y5	x-height	1	0
qsAh.hapax.ex-y5	qsAwe.hapax.en-y5	x-height	0	0
qsAh.hapax.ex-y5	qsAwe.hapax.en-y5.ex-y0	x-height	0	0
qsAh.hapax.ex-y5	qsDay.full.en-y5	x-height	0	0
qsAh.hapax.ex-y5	qsDay.full.en-y5.ex-y0	x-height	0	0
qsAh.hapax.ex-y5	qsDay_qsUtter.full.en-y5	x-height	0	0
qsAh.hapax.ex-y5	qsDay_qsUtter.full.en-y5.ex-y5	x-height	0	0
qsAh.hapax.ex-y5	qsDay_qsUtter.full.en-y5.ex-y5.ex-ext-1	x-height	0	0
qsAh.hapax.ex-y5	qsEight.normal-sized-loop.en-y5	x-height	0	0
qsAh.hapax.ex-y5	qsEight.normal-sized-loop.en-y5.ex-y0	x-height	0	0
qsAh.hapax.ex-y5	qsEight.smaller-loop.en-y5.ex-y0	x-height	0	0
qsAh.hapax.ex-y5	qsEt.hapax.en-y5	x-height	0	0
qsAh.hapax.ex-y5	qsEt.hapax.en-y5.ex-y0	x-height	0	0
qsAh.hapax.ex-y5	qsEt.hapax.en-y5.ex-y0.ex-con-1	x-height	0	0
qsAh.hapax.ex-y5	qsIt.hapax.en-y5	x-height	0	0
qsAh.hapax.ex-y5	qsIt.hapax.en-y5.ex-y0	x-height	0	0
qsAh.hapax.ex-y5	qsIt.hapax.en-y5.ex-y0.ex-ext-1	x-height	0	0
qsAh.hapax.ex-y5	qsJai.hapax.en-y5.en-con-2	x-height	-2	0
qsAh.hapax.ex-y5	qsJai.hapax.en-y5.ex-y0.en-con-2	x-height	-2	0
qsAh.hapax.ex-y5	qsJai.hapax.en-y5.ex-y0.en-con-2.ex-ext-1	x-height	-2	0
qsAh.hapax.ex-y5	qsJai_qsUtter.hapax.en-y5.en-con-2	x-height	-2	0
qsAh.hapax.ex-y5	qsJai_qsUtter.hapax.en-y5.ex-y5.en-con-2	x-height	-2	0
qsAh.hapax.ex-y5	qsJai_qsUtter.hapax.en-y5.ex-y5.en-con-2.ex-ext-1	x-height	-2	0
qsAh.hapax.ex-y5	qsNo.loop.en-y5	x-height	0	0
qsAh.hapax.ex-y5	qsNo.loop.en-y5.ex-y5	x-height	0	0
qsAh.hapax.ex-y5	qsNo.loop.en-y5.ex-y5.ex-ext-1	x-height	0	0
qsAh.hapax.ex-y5	qsOx.hapax.en-y5	x-height	0	0
qsAh.hapax.ex-y5	qsOx.hapax.en-y5.ex-y0	x-height	0	0
qsAh.hapax.ex-y5	qsOy.hapax.en-y5	x-height	0	0
qsAh.hapax.ex-y5	qsOy.hapax.en-y5.ex-y0	x-height	0	0
qsAh.hapax.ex-y5	qsRoe.hapax.en-y5	x-height	0	0
qsAh.hapax.ex-y5	qsRoe.hapax.en-y5.ex-y0	x-height	0	0
qsAh.hapax.ex-y5	qsRoe.hapax.en-y5.ex-y0.ex-ext-1	x-height	0	0
qsAh.hapax.ex-y5.ex-ext-1	qsFee.reversed-loop.en-y5	x-height	1	0
qsAh.hapax.ex-y5.ex-ext-1	qsMay.grounded-loop.en-y5.ex-y0	x-height	1	0
qsAh.hapax.ex-y5.ex-ext-1	qsMay.loop.en-y5	x-height	1	0
qsAh.hapax.ex-y5.locked	qsAwe.hapax.en-y5	x-height	0	0
qsAh.hapax.ex-y5.locked	qsAwe.hapax.en-y5.ex-y0	x-height	0	0
qsAh.hapax.ex-y5.locked	qsDay.full.en-y5	x-height	0	0
qsAh.hapax.ex-y5.locked	qsDay.full.en-y5.ex-y0	x-height	0	0
qsAh.hapax.ex-y5.locked	qsDay_qsUtter.full.en-y5	x-height	0	0
qsAh.hapax.ex-y5.locked	qsDay_qsUtter.full.en-y5.ex-y5	x-height	0	0
qsAh.hapax.ex-y5.locked	qsDay_qsUtter.full.en-y5.ex-y5.ex-ext-1	x-height	0	0
qsAh.hapax.ex-y5.locked	qsEight.normal-sized-loop.en-y5	x-height	0	0
qsAh.hapax.ex-y5.locked	qsEight.normal-sized-loop.en-y5.ex-y0	x-height	0	0
qsAh.hapax.ex-y5.locked	qsEight.smaller-loop.en-y5.ex-y0	x-height	0	0
qsAh.hapax.ex-y5.locked	qsEt.hapax.en-y5	x-height	0	0
qsAh.hapax.ex-y5.locked	qsEt.hapax.en-y5.ex-y0	x-height	0	0
qsAh.hapax.ex-y5.locked	qsEt.hapax.en-y5.ex-y0.ex-con-1	x-height	0	0
qsAh.hapax.ex-y5.locked	qsIt.hapax.en-y5	x-height	0	0
qsAh.hapax.ex-y5.locked	qsIt.hapax.en-y5.ex-y0	x-height	0	0
qsAh.hapax.ex-y5.locked	qsIt.hapax.en-y5.ex-y0.ex-ext-1	x-height	0	0
qsAh.hapax.ex-y5.locked	qsJai.hapax.en-y5.en-con-2	x-height	-2	0
qsAh.hapax.ex-y5.locked	qsJai.hapax.en-y5.ex-y0.en-con-2	x-height	-2	0
qsAh.hapax.ex-y5.locked	qsJai.hapax.en-y5.ex-y0.en-con-2.ex-ext-1	x-height	-2	0
qsAh.hapax.ex-y5.locked	qsJai_qsUtter.hapax.en-y5.en-con-2	x-height	-2	0
qsAh.hapax.ex-y5.locked	qsJai_qsUtter.hapax.en-y5.ex-y5.en-con-2	x-height	-2	0
qsAh.hapax.ex-y5.locked	qsJai_qsUtter.hapax.en-y5.ex-y5.en-con-2.ex-ext-1	x-height	-2	0
qsAh.hapax.ex-y5.locked	qsNo.loop.en-y5	x-height	0	0
qsAh.hapax.ex-y5.locked	qsNo.loop.en-y5.ex-y5	x-height	0	0
qsAh.hapax.ex-y5.locked	qsNo.loop.en-y5.ex-y5.ex-ext-1	x-height	0	0
qsAh.hapax.ex-y5.locked	qsOx.hapax.en-y5	x-height	0	0
qsAh.hapax.ex-y5.locked	qsOx.hapax.en-y5.ex-y0	x-height	0	0
qsAh.hapax.ex-y5.locked	qsOy.hapax.en-y5	x-height	0	0
qsAh.hapax.ex-y5.locked	qsOy.hapax.en-y5.ex-y0	x-height	0	0
qsAh.hapax.ex-y5.locked	qsRoe.hapax.en-y5	x-height	0	0
qsAh.hapax.ex-y5.locked	qsRoe.hapax.en-y5.ex-y0	x-height	0	0
qsAh.hapax.ex-y5.locked	qsRoe.hapax.en-y5.ex-y0.ex-ext-1	x-height	0	0
qsAh.hapax.ex-y5.locked.ex-ext-1	qsFee.reversed-loop.en-y5	x-height	1	0
qsAh.hapax.ex-y5.locked.ex-ext-1	qsMay.grounded-loop.en-y5.ex-y0	x-height	1	0
qsAh.hapax.ex-y5.locked.ex-ext-1	qsMay.loop.en-y5	x-height	1	0
qsAh.hapax.locked	qsAh.hapax	break	0	0
qsAh.hapax.locked	qsAh.hapax.ex-y5	break	0	0
qsAh.hapax.locked	qsAh.hapax.ex-y5.ex-ext-1	break	0	0
qsAh.hapax.locked	qsFee.loop.ex-y5	break	0	0
qsAh.hapax.locked	qsFee.loop.ex-y5.ex-ext-1	break	0	0
qsAh.hapax.locked	qsFee.loop.ex-y5.ex-ext-3	break	0	0
qsAh.hapax.locked	qsI.loop	break	0	0
qsAh.hapax.locked	qsI.loop.ex-y5	break	0	0
qsAh.hapax.locked	qsI.loop.ex-y5.ex-ext-1	break	0	0
qsAh.hapax.locked	qsLow.hapax	break	0	0
qsAh.hapax.locked	qsLow.hapax.ex-y5	break	0	0
qsAh.hapax.locked	qsLow.hapax.ex-y5.ex-ext-1	break	0	0
qsAh.hapax.locked	qsOut.normal	break	0	0
qsAh.hapax.locked	qsOut.swept-up.ex-y5	break	0	0
qsAh.hapax.locked	qsOut.swept-up.ex-y5.ex-ext-1	break	0	0
qsAh.hapax.locked	qsOut_qsTea.hapax	break	0	0
qsAh.hapax.locked	qsPea.full	break	0	0
qsAh.hapax.locked	qsPea.full.ex-y0	break	0	0
qsAh.hapax.locked	qsPea.half.ex-y5	break	0	0
qsAh.hapax.locked	qsPea.half.ex-y6	break	0	0
qsAh.hapax.locked	qsRoe.hapax.ex-y5	break	0	0
qsAh.hapax.locked	qsSee.curled-over.ex-y6	break	0	0
qsAh.hapax.locked	qsSee.normal	break	0	0
qsAh.hapax.locked	qsSee.normal.ex-y8	break	0	0
qsAh.hapax.locked	qsSee.straighter.ex-y0	break	0	0
qsAh.hapax.locked	qsSee.straighter.ex-y0.ex-ext-2	break	0	0
qsAh.hapax.locked	qsSee_qsUtter.hapax	break	0	0
qsAh.hapax.locked	qsSee_qsUtter.hapax.ex-y5	break	0	0
qsAh.hapax.locked	qsSee_qsUtter.hapax.ex-y5.ex-ext-1	break	0	0
qsAh.hapax.locked	qsTea.full	break	0	0
qsAh.hapax.locked	qsTea.full.ex-y0	break	0	0
qsAh.hapax.locked	qsTea.half.ex-y5	break	0	0
qsAh.hapax.locked	qsTea_qsOy.hapax	break	0	0
qsAh.hapax.locked	qsTea_qsOy.hapax.ex-y0	break	0	0
qsAh.hapax.locked	qsUtter.alternate.ex-y0	break	0	0
qsAh.hapax.locked	qsUtter.mono	break	0	0
qsAh.hapax.locked	qsUtter.mono.ex-y5	break	0	0
qsAh.hapax.locked	qsUtter.mono.ex-y5.ex-ext-1	break	0	0
qsAh.hapax.locked	qsVie.normal	break	0	0
qsAh.hapax.locked	qsVie.swept-out.ex-y0	break	0	0
qsAh.hapax.locked	qsVie_qsUtter.hapax	break	0	0
qsAh.hapax.locked	qsVie_qsUtter.hapax.ex-y5	break	0	0
qsAh.hapax.locked	qsVie_qsUtter.hapax.ex-y5.ex-ext-1	break	0	0
qsAwe.hapax	qsAwe.hapax	break	0	0
qsAwe.hapax	qsAwe.hapax.ex-y0	break	0	0
qsAwe.hapax	qsEight.normal-sized-loop	break	0	0
qsAwe.hapax	qsEight.normal-sized-loop.ex-y0	break	0	0
qsAwe.hapax	qsEight.smaller-loop.ex-y0	break	0	0
qsAwe.hapax	qsEt.hapax	break	0	0
qsAwe.hapax	qsEt.hapax.ex-y0	break	0	0
qsAwe.hapax	qsEt.hapax.ex-y0.ex-con-1	break	0	0
qsAwe.hapax	qsFee.loop	break	0	0
qsAwe.hapax	qsFee.loop.ex-y5	break	0	0
qsAwe.hapax	qsFee.loop.ex-y5.ex-ext-1	break	0	0
qsAwe.hapax	qsFee.loop.ex-y5.ex-ext-3	break	0	0
qsAwe.hapax	qsJai.hapax	break	0	0
qsAwe.hapax	qsJai.hapax.ex-y0	break	0	0
qsAwe.hapax	qsJai.hapax.ex-y0.ex-ext-1	break	0	0
qsAwe.hapax	qsJai_qsUtter.hapax	break	0	0
qsAwe.hapax	qsJai_qsUtter.hapax.ex-y5	break	0	0
qsAwe.hapax	qsJai_qsUtter.hapax.ex-y5.ex-ext-1	break	0	0
qsAwe.hapax	qsNo.loop.ex-y5	break	0	0
qsAwe.hapax	qsOx.hapax	break	0	0
qsAwe.hapax	qsOx.hapax.ex-y0	break	0	0
qsAwe.hapax	qsOy.hapax	break	0	0
qsAwe.hapax	qsOy.hapax.ex-y0	break	0	0
qsAwe.hapax	qsPea.full	break	0	0
qsAwe.hapax	qsPea.full.ex-y0	break	0	0
qsAwe.hapax	qsPea.half.ex-y5	break	0	0
qsAwe.hapax	qsPea.half.ex-y6	break	0	0
qsAwe.hapax	qsSee.straighter.ex-y0	break	0	0
qsAwe.hapax	qsSee.straighter.ex-y0.ex-ext-2	break	0	0
qsAwe.hapax	qsSee_qsUtter.hapax	break	0	0
qsAwe.hapax	qsSee_qsUtter.hapax.ex-y5	break	0	0
qsAwe.hapax	qsSee_qsUtter.hapax.ex-y5.ex-ext-1	break	0	0
qsAwe.hapax	qsTea.full	break	0	0
qsAwe.hapax	qsTea.full.ex-y0	break	0	0
qsAwe.hapax	qsTea.half.ex-y5	break	0	0
qsAwe.hapax	qsTea_qsOy.hapax	break	0	0
qsAwe.hapax	qsTea_qsOy.hapax.ex-y0	break	0	0
qsAwe.hapax	qsUtter.alternate.ex-y0	break	0	0
qsAwe.hapax.en-y5	qsAwe.hapax	break	0	0
qsAwe.hapax.en-y5	qsAwe.hapax.ex-y0	break	0	0
qsAwe.hapax.en-y5	qsEight.normal-sized-loop	break	0	0
qsAwe.hapax.en-y5	qsEight.normal-sized-loop.ex-y0	break	0	0
qsAwe.hapax.en-y5	qsEight.smaller-loop.ex-y0	break	0	0
qsAwe.hapax.en-y5	qsEt.hapax	break	0	0
qsAwe.hapax.en-y5	qsEt.hapax.ex-y0	break	0	0
qsAwe.hapax.en-y5	qsEt.hapax.ex-y0.ex-con-1	break	0	0
qsAwe.hapax.en-y5	qsFee.loop	break	0	0
qsAwe.hapax.en-y5	qsFee.loop.ex-y5	break	0	0
qsAwe.hapax.en-y5	qsFee.loop.ex-y5.ex-ext-1	break	0	0
qsAwe.hapax.en-y5	qsFee.loop.ex-y5.ex-ext-3	break	0	0
qsAwe.hapax.en-y5	qsJai.hapax	break	0	0
qsAwe.hapax.en-y5	qsJai.hapax.ex-y0	break	0	0
qsAwe.hapax.en-y5	qsJai.hapax.ex-y0.ex-ext-1	break	0	0
qsAwe.hapax.en-y5	qsJai_qsUtter.hapax	break	0	0
qsAwe.hapax.en-y5	qsJai_qsUtter.hapax.ex-y5	break	0	0
qsAwe.hapax.en-y5	qsJai_qsUtter.hapax.ex-y5.ex-ext-1	break	0	0
qsAwe.hapax.en-y5	qsNo.loop.ex-y5	break	0	0
qsAwe.hapax.en-y5	qsOx.hapax	break	0	0
qsAwe.hapax.en-y5	qsOx.hapax.ex-y0	break	0	0
qsAwe.hapax.en-y5	qsOy.hapax	break	0	0
qsAwe.hapax.en-y5	qsOy.hapax.ex-y0	break	0	0
qsAwe.hapax.en-y5	qsPea.full	break	0	0
qsAwe.hapax.en-y5	qsPea.full.ex-y0	break	0	0
qsAwe.hapax.en-y5	qsPea.half.ex-y5	break	0	0
qsAwe.hapax.en-y5	qsPea.half.ex-y6	break	0	0
qsAwe.hapax.en-y5	qsSee.straighter.ex-y0	break	0	0
qsAwe.hapax.en-y5	qsSee.straighter.ex-y0.ex-ext-2	break	0	0
qsAwe.hapax.en-y5	qsSee_qsUtter.hapax	break	0	0
qsAwe.hapax.en-y5	qsSee_qsUtter.hapax.ex-y5	break	0	0
qsAwe.hapax.en-y5	qsSee_qsUtter.hapax.ex-y5.ex-ext-1	break	0	0
qsAwe.hapax.en-y5	qsTea.full	break	0	0
qsAwe.hapax.en-y5	qsTea.full.ex-y0	break	0	0
qsAwe.hapax.en-y5	qsTea.half.ex-y5	break	0	0
qsAwe.hapax.en-y5	qsTea_qsOy.hapax	break	0	0
qsAwe.hapax.en-y5	qsTea_qsOy.hapax.ex-y0	break	0	0
qsAwe.hapax.en-y5	qsUtter.alternate.ex-y0	break	0	0
qsAwe.hapax.en-y5.en-ext-1	qsAwe.hapax	break	0	0
qsAwe.hapax.en-y5.en-ext-1	qsAwe.hapax.ex-y0	break	0	0
qsAwe.hapax.en-y5.en-ext-1	qsEight.normal-sized-loop	break	0	0
qsAwe.hapax.en-y5.en-ext-1	qsEight.normal-sized-loop.ex-y0	break	0	0
qsAwe.hapax.en-y5.en-ext-1	qsEight.smaller-loop.ex-y0	break	0	0
qsAwe.hapax.en-y5.en-ext-1	qsEt.hapax	break	0	0
qsAwe.hapax.en-y5.en-ext-1	qsEt.hapax.ex-y0	break	0	0
qsAwe.hapax.en-y5.en-ext-1	qsEt.hapax.ex-y0.ex-con-1	break	0	0
qsAwe.hapax.en-y5.en-ext-1	qsFee.loop	break	0	0
qsAwe.hapax.en-y5.en-ext-1	qsFee.loop.ex-y5	break	0	0
qsAwe.hapax.en-y5.en-ext-1	qsFee.loop.ex-y5.ex-ext-1	break	0	0
qsAwe.hapax.en-y5.en-ext-1	qsFee.loop.ex-y5.ex-ext-3	break	0	0
qsAwe.hapax.en-y5.en-ext-1	qsJai.hapax	break	0	0
qsAwe.hapax.en-y5.en-ext-1	qsJai.hapax.ex-y0	break	0	0
qsAwe.hapax.en-y5.en-ext-1	qsJai.hapax.ex-y0.ex-ext-1	break	0	0
qsAwe.hapax.en-y5.en-ext-1	qsJai_qsUtter.hapax	break	0	0
qsAwe.hapax.en-y5.en-ext-1	qsJai_qsUtter.hapax.ex-y5	break	0	0
qsAwe.hapax.en-y5.en-ext-1	qsJai_qsUtter.hapax.ex-y5.ex-ext-1	break	0	0
qsAwe.hapax.en-y5.en-ext-1	qsNo.loop.ex-y5	break	0	0
qsAwe.hapax.en-y5.en-ext-1	qsOx.hapax	break	0	0
qsAwe.hapax.en-y5.en-ext-1	qsOx.hapax.ex-y0	break	0	0
qsAwe.hapax.en-y5.en-ext-1	qsOy.hapax	break	0	0
qsAwe.hapax.en-y5.en-ext-1	qsOy.hapax.ex-y0	break	0	0
qsAwe.hapax.en-y5.en-ext-1	qsPea.full	break	0	0
qsAwe.hapax.en-y5.en-ext-1	qsPea.full.ex-y0	break	0	0
qsAwe.hapax.en-y5.en-ext-1	qsPea.half.ex-y5	break	0	0
qsAwe.hapax.en-y5.en-ext-1	qsPea.half.ex-y6	break	0	0
qsAwe.hapax.en-y5.en-ext-1	qsSee.straighter.ex-y0	break	0	0
qsAwe.hapax.en-y5.en-ext-1	qsSee.straighter.ex-y0.ex-ext-2	break	0	0
qsAwe.hapax.en-y5.en-ext-1	qsSee_qsUtter.hapax	break	0	0
qsAwe.hapax.en-y5.en-ext-1	qsSee_qsUtter.hapax.ex-y5	break	0	0
qsAwe.hapax.en-y5.en-ext-1	qsSee_qsUtter.hapax.ex-y5.ex-ext-1	break	0	0
qsAwe.hapax.en-y5.en-ext-1	qsTea.full	break	0	0
qsAwe.hapax.en-y5.en-ext-1	qsTea.full.ex-y0	break	0	0
qsAwe.hapax.en-y5.en-ext-1	qsTea.half.ex-y5	break	0	0
qsAwe.hapax.en-y5.en-ext-1	qsTea_qsOy.hapax	break	0	0
qsAwe.hapax.en-y5.en-ext-1	qsTea_qsOy.hapax.ex-y0	break	0	0
qsAwe.hapax.en-y5.en-ext-1	qsUtter.alternate.ex-y0	break	0	0
qsAwe.hapax.en-y5.ex-y0	qsAh.hapax.en-y0	baseline	0	0
qsAwe.hapax.en-y5.ex-y0	qsAh.hapax.en-y0.ex-y5	baseline	0	0
qsAwe.hapax.en-y5.ex-y0	qsAh.hapax.en-y0.ex-y5.ex-ext-1	baseline	0	0
qsAwe.hapax.en-y5.ex-y0	qsDay.half.en-y0	baseline	0	0
qsAwe.hapax.en-y5.ex-y0	qsDay.half.en-y0.ex-y0	baseline	0	0
qsAwe.hapax.en-y5.ex-y0	qsDay_qsUtter.half.en-y0	baseline	0	0
qsAwe.hapax.en-y5.ex-y0	qsDay_qsUtter.half.en-y0.ex-y5	baseline	0	0
qsAwe.hapax.en-y5.ex-y0	qsDay_qsUtter.half.en-y0.ex-y5.ex-ext-1	baseline	0	0
qsAwe.hapax.en-y5.ex-y0	qsI.loop.en-y0	baseline	0	0
qsAwe.hapax.en-y5.ex-y0	qsI.loop.en-y0.ex-y5	baseline	0	0
qsAwe.hapax.en-y5.ex-y0	qsI.loop.en-y0.ex-y5.ex-ext-1	baseline	0	0
qsAwe.hapax.en-y5.ex-y0	qsIt.hapax.en-y0	baseline	0	0
qsAwe.hapax.en-y5.ex-y0	qsIt.hapax.en-y0.ex-y5	baseline	0	0
qsAwe.hapax.en-y5.ex-y0	qsIt.hapax.en-y0.ex-y5.ex-ext-1	baseline	0	0
qsAwe.hapax.en-y5.ex-y0	qsLow.hapax.en-y0	baseline	0	0
qsAwe.hapax.en-y5.ex-y0	qsLow.hapax.en-y0.ex-y5	baseline	0	0
qsAwe.hapax.en-y5.ex-y0	qsLow.hapax.en-y0.ex-y5.ex-ext-1	baseline	0	0
qsAwe.hapax.en-y5.ex-y0	qsMay.loop.en-y0	baseline	0	0
qsAwe.hapax.en-y5.ex-y0	qsMay.loop.en-y0.ex-y5.ex-ext-1	baseline	0	0
qsAwe.hapax.en-y5.ex-y0	qsMay.loop.en-y0.ex-y5.ex-ext-2	baseline	0	0
qsAwe.hapax.en-y5.ex-y0	qsNo.flipped.en-y0	baseline	0	0
qsAwe.hapax.en-y5.ex-y0	qsNo.flipped.en-y0.ex-y0	baseline	0	0
qsAwe.hapax.en-y5.ex-y0	qsOut.normal.en-y0	baseline	0	0
qsAwe.hapax.en-y5.ex-y0	qsOut.swept-up.en-y0.ex-y5	baseline	0	0
qsAwe.hapax.en-y5.ex-y0	qsOut.swept-up.en-y0.ex-y5.ex-ext-1	baseline	0	0
qsAwe.hapax.en-y5.ex-y0	qsOut_qsTea.hapax.en-y0	baseline	0	0
qsAwe.hapax.en-y5.ex-y0	qsRoe.hapax.en-y0	baseline	0	0
qsAwe.hapax.en-y5.ex-y0	qsRoe.hapax.en-y0.ex-y5	baseline	0	0
qsAwe.hapax.en-y5.ex-y0	qsSee.curled-over.en-y0.ex-y6	baseline	0	0
qsAwe.hapax.en-y5.ex-y0	qsSee.normal.en-y0	baseline	0	0
qsAwe.hapax.en-y5.ex-y0	qsSee.normal.en-y0.ex-y8	baseline	0	0
qsAwe.hapax.en-y5.ex-y0	qsTea.full.en-y0	baseline	0	0
qsAwe.hapax.en-y5.ex-y0	qsUtter.mono.en-y0	baseline	0	0
qsAwe.hapax.en-y5.ex-y0	qsUtter.mono.en-y0.ex-y5	baseline	0	0
qsAwe.hapax.en-y5.ex-y0	qsUtter.mono.en-y0.ex-y5.ex-ext-1	baseline	0	0
qsAwe.hapax.en-y5.ex-y0	qsVie.normal.en-y0	baseline	0	0
qsAwe.hapax.en-y5.ex-y0	qsVie.swept-out.en-y0.ex-y0	baseline	0	0
qsAwe.hapax.en-y5.ex-y0	qsVie_qsUtter.hapax.en-y0	baseline	0	0
qsAwe.hapax.en-y5.ex-y0	qsVie_qsUtter.hapax.en-y0.ex-y5	baseline	0	0
qsAwe.hapax.en-y5.ex-y0	qsVie_qsUtter.hapax.en-y0.ex-y5.ex-ext-1	baseline	0	0
qsAwe.hapax.en-y5.ex-y0.en-ext-1	qsAh.hapax.en-y0	baseline	0	0
qsAwe.hapax.en-y5.ex-y0.en-ext-1	qsAh.hapax.en-y0.ex-y5	baseline	0	0
qsAwe.hapax.en-y5.ex-y0.en-ext-1	qsAh.hapax.en-y0.ex-y5.ex-ext-1	baseline	0	0
qsAwe.hapax.en-y5.ex-y0.en-ext-1	qsDay.half.en-y0	baseline	0	0
qsAwe.hapax.en-y5.ex-y0.en-ext-1	qsDay.half.en-y0.ex-y0	baseline	0	0
qsAwe.hapax.en-y5.ex-y0.en-ext-1	qsDay_qsUtter.half.en-y0	baseline	0	0
qsAwe.hapax.en-y5.ex-y0.en-ext-1	qsDay_qsUtter.half.en-y0.ex-y5	baseline	0	0
qsAwe.hapax.en-y5.ex-y0.en-ext-1	qsDay_qsUtter.half.en-y0.ex-y5.ex-ext-1	baseline	0	0
qsAwe.hapax.en-y5.ex-y0.en-ext-1	qsI.loop.en-y0	baseline	0	0
qsAwe.hapax.en-y5.ex-y0.en-ext-1	qsI.loop.en-y0.ex-y5	baseline	0	0
qsAwe.hapax.en-y5.ex-y0.en-ext-1	qsI.loop.en-y0.ex-y5.ex-ext-1	baseline	0	0
qsAwe.hapax.en-y5.ex-y0.en-ext-1	qsIt.hapax.en-y0	baseline	0	0
qsAwe.hapax.en-y5.ex-y0.en-ext-1	qsIt.hapax.en-y0.ex-y5	baseline	0	0
qsAwe.hapax.en-y5.ex-y0.en-ext-1	qsIt.hapax.en-y0.ex-y5.ex-ext-1	baseline	0	0
qsAwe.hapax.en-y5.ex-y0.en-ext-1	qsLow.hapax.en-y0	baseline	0	0
qsAwe.hapax.en-y5.ex-y0.en-ext-1	qsLow.hapax.en-y0.ex-y5	baseline	0	0
qsAwe.hapax.en-y5.ex-y0.en-ext-1	qsLow.hapax.en-y0.ex-y5.ex-ext-1	baseline	0	0
qsAwe.hapax.en-y5.ex-y0.en-ext-1	qsMay.loop.en-y0	baseline	0	0
qsAwe.hapax.en-y5.ex-y0.en-ext-1	qsMay.loop.en-y0.ex-y5.ex-ext-1	baseline	0	0
qsAwe.hapax.en-y5.ex-y0.en-ext-1	qsMay.loop.en-y0.ex-y5.ex-ext-2	baseline	0	0
qsAwe.hapax.en-y5.ex-y0.en-ext-1	qsNo.flipped.en-y0	baseline	0	0
qsAwe.hapax.en-y5.ex-y0.en-ext-1	qsNo.flipped.en-y0.ex-y0	baseline	0	0
qsAwe.hapax.en-y5.ex-y0.en-ext-1	qsOut.normal.en-y0	baseline	0	0
qsAwe.hapax.en-y5.ex-y0.en-ext-1	qsOut.swept-up.en-y0.ex-y5	baseline	0	0
qsAwe.hapax.en-y5.ex-y0.en-ext-1	qsOut.swept-up.en-y0.ex-y5.ex-ext-1	baseline	0	0
qsAwe.hapax.en-y5.ex-y0.en-ext-1	qsOut_qsTea.hapax.en-y0	baseline	0	0
qsAwe.hapax.en-y5.ex-y0.en-ext-1	qsRoe.hapax.en-y0	baseline	0	0
qsAwe.hapax.en-y5.ex-y0.en-ext-1	qsRoe.hapax.en-y0.ex-y5	baseline	0	0
qsAwe.hapax.en-y5.ex-y0.en-ext-1	qsSee.curled-over.en-y0.ex-y6	baseline	0	0
qsAwe.hapax.en-y5.ex-y0.en-ext-1	qsSee.normal.en-y0	baseline	0	0
qsAwe.hapax.en-y5.ex-y0.en-ext-1	qsSee.normal.en-y0.ex-y8	baseline	0	0
qsAwe.hapax.en-y5.ex-y0.en-ext-1	qsTea.full.en-y0	baseline	0	0
qsAwe.hapax.en-y5.ex-y0.en-ext-1	qsUtter.mono.en-y0	baseline	0	0
qsAwe.hapax.en-y5.ex-y0.en-ext-1	qsUtter.mono.en-y0.ex-y5	baseline	0	0
qsAwe.hapax.en-y5.ex-y0.en-ext-1	qsUtter.mono.en-y0.ex-y5.ex-ext-1	baseline	0	0
qsAwe.hapax.en-y5.ex-y0.en-ext-1	qsVie.normal.en-y0	baseline	0	0
qsAwe.hapax.en-y5.ex-y0.en-ext-1	qsVie.swept-out.en-y0.ex-y0	baseline	0	0
qsAwe.hapax.en-y5.ex-y0.en-ext-1	qsVie_qsUtter.hapax.en-y0	baseline	0	0
qsAwe.hapax.en-y5.ex-y0.en-ext-1	qsVie_qsUtter.hapax.en-y0.ex-y5	baseline	0	0
qsAwe.hapax.en-y5.ex-y0.en-ext-1	qsVie_qsUtter.hapax.en-y0.ex-y5.ex-ext-1	baseline	0	0
qsAwe.hapax.ex-y0	qsAh.hapax.en-y0	baseline	0	0
qsAwe.hapax.ex-y0	qsAh.hapax.en-y0.ex-y5	baseline	0	0
qsAwe.hapax.ex-y0	qsAh.hapax.en-y0.ex-y5.ex-ext-1	baseline	0	0
qsAwe.hapax.ex-y0	qsDay.half.en-y0	baseline	0	0
qsAwe.hapax.ex-y0	qsDay.half.en-y0.ex-y0	baseline	0	0
qsAwe.hapax.ex-y0	qsDay_qsUtter.half.en-y0	baseline	0	0
qsAwe.hapax.ex-y0	qsDay_qsUtter.half.en-y0.ex-y5	baseline	0	0
qsAwe.hapax.ex-y0	qsDay_qsUtter.half.en-y0.ex-y5.ex-ext-1	baseline	0	0
qsAwe.hapax.ex-y0	qsI.loop.en-y0	baseline	0	0
qsAwe.hapax.ex-y0	qsI.loop.en-y0.ex-y5	baseline	0	0
qsAwe.hapax.ex-y0	qsI.loop.en-y0.ex-y5.ex-ext-1	baseline	0	0
qsAwe.hapax.ex-y0	qsIt.hapax.en-y0	baseline	0	0
qsAwe.hapax.ex-y0	qsIt.hapax.en-y0.ex-y5	baseline	0	0
qsAwe.hapax.ex-y0	qsIt.hapax.en-y0.ex-y5.ex-ext-1	baseline	0	0
qsAwe.hapax.ex-y0	qsLow.hapax.en-y0	baseline	0	0
qsAwe.hapax.ex-y0	qsLow.hapax.en-y0.ex-y5	baseline	0	0
qsAwe.hapax.ex-y0	qsLow.hapax.en-y0.ex-y5.ex-ext-1	baseline	0	0
qsAwe.hapax.ex-y0	qsMay.loop.en-y0	baseline	0	0
qsAwe.hapax.ex-y0	qsMay.loop.en-y0.ex-y5.ex-ext-1	baseline	0	0
qsAwe.hapax.ex-y0	qsMay.loop.en-y0.ex-y5.ex-ext-2	baseline	0	0
qsAwe.hapax.ex-y0	qsNo.flipped.en-y0	baseline	0	0
qsAwe.hapax.ex-y0	qsNo.flipped.en-y0.ex-y0	baseline	0	0
qsAwe.hapax.ex-y0	qsOut.normal.en-y0	baseline	0	0
qsAwe.hapax.ex-y0	qsOut.swept-up.en-y0.ex-y5	baseline	0	0
qsAwe.hapax.ex-y0	qsOut.swept-up.en-y0.ex-y5.ex-ext-1	baseline	0	0
qsAwe.hapax.ex-y0	qsOut_qsTea.hapax.en-y0	baseline	0	0
qsAwe.hapax.ex-y0	qsRoe.hapax.en-y0	baseline	0	0
qsAwe.hapax.ex-y0	qsRoe.hapax.en-y0.ex-y5	baseline	0	0
qsAwe.hapax.ex-y0	qsSee.curled-over.en-y0.ex-y6	baseline	0	0
qsAwe.hapax.ex-y0	qsSee.normal.en-y0	baseline	0	0
qsAwe.hapax.ex-y0	qsSee.normal.en-y0.ex-y8	baseline	0	0
qsAwe.hapax.ex-y0	qsTea.full.en-y0	baseline	0	0
qsAwe.hapax.ex-y0	qsUtter.mono.en-y0	baseline	0	0
qsAwe.hapax.ex-y0	qsUtter.mono.en-y0.ex-y5	baseline	0	0
qsAwe.hapax.ex-y0	qsUtter.mono.en-y0.ex-y5.ex-ext-1	baseline	0	0
qsAwe.hapax.ex-y0	qsVie.normal.en-y0	baseline	0	0
qsAwe.hapax.ex-y0	qsVie.swept-out.en-y0.ex-y0	baseline	0	0
qsAwe.hapax.ex-y0	qsVie_qsUtter.hapax.en-y0	baseline	0	0
qsAwe.hapax.ex-y0	qsVie_qsUtter.hapax.en-y0.ex-y5	baseline	0	0
qsAwe.hapax.ex-y0	qsVie_qsUtter.hapax.en-y0.ex-y5.ex-ext-1	baseline	0	0
qsAwe.hapax.ex-y0.locked	qsAh.hapax.en-y0	baseline	0	0
qsAwe.hapax.ex-y0.locked	qsAh.hapax.en-y0.ex-y5	baseline	0	0
qsAwe.hapax.ex-y0.locked	qsAh.hapax.en-y0.ex-y5.ex-ext-1	baseline	0	0
qsAwe.hapax.ex-y0.locked	qsDay.half.en-y0	baseline	0	0
qsAwe.hapax.ex-y0.locked	qsDay.half.en-y0.ex-y0	baseline	0	0
qsAwe.hapax.ex-y0.locked	qsDay_qsUtter.half.en-y0	baseline	0	0
qsAwe.hapax.ex-y0.locked	qsDay_qsUtter.half.en-y0.ex-y5	baseline	0	0
qsAwe.hapax.ex-y0.locked	qsDay_qsUtter.half.en-y0.ex-y5.ex-ext-1	baseline	0	0
qsAwe.hapax.ex-y0.locked	qsI.loop.en-y0	baseline	0	0
qsAwe.hapax.ex-y0.locked	qsI.loop.en-y0.ex-y5	baseline	0	0
qsAwe.hapax.ex-y0.locked	qsI.loop.en-y0.ex-y5.ex-ext-1	baseline	0	0
qsAwe.hapax.ex-y0.locked	qsIt.hapax.en-y0	baseline	0	0
qsAwe.hapax.ex-y0.locked	qsIt.hapax.en-y0.ex-y5	baseline	0	0
qsAwe.hapax.ex-y0.locked	qsIt.hapax.en-y0.ex-y5.ex-ext-1	baseline	0	0
qsAwe.hapax.ex-y0.locked	qsLow.hapax.en-y0	baseline	0	0
qsAwe.hapax.ex-y0.locked	qsLow.hapax.en-y0.ex-y5	baseline	0	0
qsAwe.hapax.ex-y0.locked	qsLow.hapax.en-y0.ex-y5.ex-ext-1	baseline	0	0
qsAwe.hapax.ex-y0.locked	qsMay.loop.en-y0	baseline	0	0
qsAwe.hapax.ex-y0.locked	qsMay.loop.en-y0.ex-y5.ex-ext-1	baseline	0	0
qsAwe.hapax.ex-y0.locked	qsMay.loop.en-y0.ex-y5.ex-ext-2	baseline	0	0
qsAwe.hapax.ex-y0.locked	qsNo.flipped.en-y0	baseline	0	0
qsAwe.hapax.ex-y0.locked	qsNo.flipped.en-y0.ex-y0	baseline	0	0
qsAwe.hapax.ex-y0.locked	qsOut.normal.en-y0	baseline	0	0
qsAwe.hapax.ex-y0.locked	qsOut.swept-up.en-y0.ex-y5	baseline	0	0
qsAwe.hapax.ex-y0.locked	qsOut.swept-up.en-y0.ex-y5.ex-ext-1	baseline	0	0
qsAwe.hapax.ex-y0.locked	qsOut_qsTea.hapax.en-y0	baseline	0	0
qsAwe.hapax.ex-y0.locked	qsRoe.hapax.en-y0	baseline	0	0
qsAwe.hapax.ex-y0.locked	qsRoe.hapax.en-y0.ex-y5	baseline	0	0
qsAwe.hapax.ex-y0.locked	qsSee.curled-over.en-y0.ex-y6	baseline	0	0
qsAwe.hapax.ex-y0.locked	qsSee.normal.en-y0	baseline	0	0
qsAwe.hapax.ex-y0.locked	qsSee.normal.en-y0.ex-y8	baseline	0	0
qsAwe.hapax.ex-y0.locked	qsTea.full.en-y0	baseline	0	0
qsAwe.hapax.ex-y0.locked	qsUtter.mono.en-y0	baseline	0	0
qsAwe.hapax.ex-y0.locked	qsUtter.mono.en-y0.ex-y5	baseline	0	0
qsAwe.hapax.ex-y0.locked	qsUtter.mono.en-y0.ex-y5.ex-ext-1	baseline	0	0
qsAwe.hapax.ex-y0.locked	qsVie.normal.en-y0	baseline	0	0
qsAwe.hapax.ex-y0.locked	qsVie.swept-out.en-y0.ex-y0	baseline	0	0
qsAwe.hapax.ex-y0.locked	qsVie_qsUtter.hapax.en-y0	baseline	0	0
qsAwe.hapax.ex-y0.locked	qsVie_qsUtter.hapax.en-y0.ex-y5	baseline	0	0
qsAwe.hapax.ex-y0.locked	qsVie_qsUtter.hapax.en-y0.ex-y5.ex-ext-1	baseline	0	0
qsAwe.hapax.locked	qsAwe.hapax	break	0	0
qsAwe.hapax.locked	qsAwe.hapax.ex-y0	break	0	0
qsAwe.hapax.locked	qsEight.normal-sized-loop	break	0	0
qsAwe.hapax.locked	qsEight.normal-sized-loop.ex-y0	break	0	0
qsAwe.hapax.locked	qsEight.smaller-loop.ex-y0	break	0	0
qsAwe.hapax.locked	qsEt.hapax	break	0	0
qsAwe.hapax.locked	qsEt.hapax.ex-y0	break	0	0
qsAwe.hapax.locked	qsEt.hapax.ex-y0.ex-con-1	break	0	0
qsAwe.hapax.locked	qsFee.loop	break	0	0
qsAwe.hapax.locked	qsFee.loop.ex-y5	break	0	0
qsAwe.hapax.locked	qsFee.loop.ex-y5.ex-ext-1	break	0	0
qsAwe.hapax.locked	qsFee.loop.ex-y5.ex-ext-3	break	0	0
qsAwe.hapax.locked	qsJai.hapax	break	0	0
qsAwe.hapax.locked	qsJai.hapax.ex-y0	break	0	0
qsAwe.hapax.locked	qsJai.hapax.ex-y0.ex-ext-1	break	0	0
qsAwe.hapax.locked	qsJai_qsUtter.hapax	break	0	0
qsAwe.hapax.locked	qsJai_qsUtter.hapax.ex-y5	break	0	0
qsAwe.hapax.locked	qsJai_qsUtter.hapax.ex-y5.ex-ext-1	break	0	0
qsAwe.hapax.locked	qsNo.loop.ex-y5	break	0	0
qsAwe.hapax.locked	qsOx.hapax	break	0	0
qsAwe.hapax.locked	qsOx.hapax.ex-y0	break	0	0
qsAwe.hapax.locked	qsOy.hapax	break	0	0
qsAwe.hapax.locked	qsOy.hapax.ex-y0	break	0	0
qsAwe.hapax.locked	qsPea.full	break	0	0
qsAwe.hapax.locked	qsPea.full.ex-y0	break	0	0
qsAwe.hapax.locked	qsPea.half.ex-y5	break	0	0
qsAwe.hapax.locked	qsPea.half.ex-y6	break	0	0
qsAwe.hapax.locked	qsSee.straighter.ex-y0	break	0	0
qsAwe.hapax.locked	qsSee.straighter.ex-y0.ex-ext-2	break	0	0
qsAwe.hapax.locked	qsSee_qsUtter.hapax	break	0	0
qsAwe.hapax.locked	qsSee_qsUtter.hapax.ex-y5	break	0	0
qsAwe.hapax.locked	qsSee_qsUtter.hapax.ex-y5.ex-ext-1	break	0	0
qsAwe.hapax.locked	qsTea.full	break	0	0
qsAwe.hapax.locked	qsTea.full.ex-y0	break	0	0
qsAwe.hapax.locked	qsTea.half.ex-y5	break	0	0
qsAwe.hapax.locked	qsTea_qsOy.hapax	break	0	0
qsAwe.hapax.locked	qsTea_qsOy.hapax.ex-y0	break	0	0
qsAwe.hapax.locked	qsUtter.alternate.ex-y0	break	0	0
qsDay.full	qsAwe.hapax	break	0	0
qsDay.full	qsAwe.hapax.ex-y0	break	0	0
qsDay.full	qsEight.normal-sized-loop	break	0	0
qsDay.full	qsEight.normal-sized-loop.ex-y0	break	0	0
qsDay.full	qsEight.smaller-loop.ex-y0	break	0	0
qsDay.full	qsEt.hapax	break	0	0
qsDay.full	qsEt.hapax.ex-y0	break	0	0
qsDay.full	qsEt.hapax.ex-y0.ex-con-1	break	0	0
qsDay.full	qsFee.loop	break	0	0
qsDay.full	qsFee.loop.ex-y5	break	0	0
qsDay.full	qsFee.loop.ex-y5.ex-ext-1	break	0	0
qsDay.full	qsFee.loop.ex-y5.ex-ext-3	break	0	0
qsDay.full	qsIt.hapax	break	0	0
qsDay.full	qsIt.hapax.ex-y0	break	0	0
qsDay.full	qsJai.hapax	break	0	0
qsDay.full	qsJai.hapax.ex-y0	break	0	0
qsDay.full	qsJai.hapax.ex-y0.ex-ext-1	break	0	0
qsDay.full	qsJai_qsUtter.hapax	break	0	0
qsDay.full	qsJai_qsUtter.hapax.ex-y5	break	0	0
qsDay.full	qsJai_qsUtter.hapax.ex-y5.ex-ext-1	break	0	0
qsDay.full	qsNo.loop.ex-y5	break	0	0
qsDay.full	qsOx.hapax	break	0	0
qsDay.full	qsOx.hapax.ex-y0	break	0	0
qsDay.full	qsOy.hapax	break	0	0
qsDay.full	qsOy.hapax.ex-y0	break	0	0
qsDay.full	qsPea.full	break	0	0
qsDay.full	qsPea.full.ex-y0	break	0	0
qsDay.full	qsPea.half.ex-y5	break	0	0
qsDay.full	qsPea.half.ex-y6	break	0	0
qsDay.full	qsSee.straighter.ex-y0	break	0	0
qsDay.full	qsSee.straighter.ex-y0.ex-ext-2	break	0	0
qsDay.full	qsSee_qsUtter.hapax	break	0	0
qsDay.full	qsSee_qsUtter.hapax.ex-y5	break	0	0
qsDay.full	qsSee_qsUtter.hapax.ex-y5.ex-ext-1	break	0	0
qsDay.full	qsTea.full	break	0	0
qsDay.full	qsTea.full.ex-y0	break	0	0
qsDay.full	qsTea.half.ex-y5	break	0	0
qsDay.full	qsTea_qsOy.hapax	break	0	0
qsDay.full	qsTea_qsOy.hapax.ex-y0	break	0	0
qsDay.full	qsUtter.alternate.ex-y0	break	0	0
qsDay.full.en-y5	qsAwe.hapax	break	0	0
qsDay.full.en-y5	qsAwe.hapax.ex-y0	break	0	0
qsDay.full.en-y5	qsEight.normal-sized-loop	break	0	0
qsDay.full.en-y5	qsEight.normal-sized-loop.ex-y0	break	0	0
qsDay.full.en-y5	qsEight.smaller-loop.ex-y0	break	0	0
qsDay.full.en-y5	qsEt.hapax	break	0	0
qsDay.full.en-y5	qsEt.hapax.ex-y0	break	0	0
qsDay.full.en-y5	qsEt.hapax.ex-y0.ex-con-1	break	0	0
qsDay.full.en-y5	qsFee.loop	break	0	0
qsDay.full.en-y5	qsFee.loop.ex-y5	break	0	0
qsDay.full.en-y5	qsFee.loop.ex-y5.ex-ext-1	break	0	0
qsDay.full.en-y5	qsFee.loop.ex-y5.ex-ext-3	break	0	0
qsDay.full.en-y5	qsIt.hapax	break	0	0
qsDay.full.en-y5	qsIt.hapax.ex-y0	break	0	0
qsDay.full.en-y5	qsJai.hapax	break	0	0
qsDay.full.en-y5	qsJai.hapax.ex-y0	break	0	0
qsDay.full.en-y5	qsJai.hapax.ex-y0.ex-ext-1	break	0	0
qsDay.full.en-y5	qsJai_qsUtter.hapax	break	0	0
qsDay.full.en-y5	qsJai_qsUtter.hapax.ex-y5	break	0	0
qsDay.full.en-y5	qsJai_qsUtter.hapax.ex-y5.ex-ext-1	break	0	0
qsDay.full.en-y5	qsNo.loop.ex-y5	break	0	0
qsDay.full.en-y5	qsOx.hapax	break	0	0
qsDay.full.en-y5	qsOx.hapax.ex-y0	break	0	0
qsDay.full.en-y5	qsOy.hapax	break	0	0
qsDay.full.en-y5	qsOy.hapax.ex-y0	break	0	0
qsDay.full.en-y5	qsPea.full	break	0	0
qsDay.full.en-y5	qsPea.full.ex-y0	break	0	0
qsDay.full.en-y5	qsPea.half.ex-y5	break	0	0
qsDay.full.en-y5	qsPea.half.ex-y6	break	0	0
qsDay.full.en-y5	qsSee.straighter.ex-y0	break	0	0
qsDay.full.en-y5	qsSee.straighter.ex-y0.ex-ext-2	break	0	0
qsDay.full.en-y5	qsSee_qsUtter.hapax	break	0	0
qsDay.full.en-y5	qsSee_qsUtter.hapax.ex-y5	break	0	0
qsDay.full.en-y5	qsSee_qsUtter.hapax.ex-y5.ex-ext-1	break	0	0
qsDay.full.en-y5	qsTea.full	break	0	0
qsDay.full.en-y5	qsTea.full.ex-y0	break	0	0
qsDay.full.en-y5	qsTea.half.ex-y5	break	0	0
qsDay.full.en-y5	qsTea_qsOy.hapax	break	0	0
qsDay.full.en-y5	qsTea_qsOy.hapax.ex-y0	break	0	0
qsDay.full.en-y5	qsUtter.alternate.ex-y0	break	0	0
qsDay.full.en-y5.ex-y0	qsAh.hapax.en-y0	baseline	0	0
qsDay.full.en-y5.ex-y0	qsAh.hapax.en-y0.ex-y5	baseline	0	0
qsDay.full.en-y5.ex-y0	qsAh.hapax.en-y0.ex-y5.ex-ext-1	baseline	0	0
qsDay.full.en-y5.ex-y0	qsDay.half.en-y0	baseline	0	0
qsDay.full.en-y5.ex-y0	qsDay.half.en-y0.ex-y0	baseline	0	0
qsDay.full.en-y5.ex-y0	qsDay_qsUtter.half.en-y0	baseline	0	0
qsDay.full.en-y5.ex-y0	qsDay_qsUtter.half.en-y0.ex-y5	baseline	0	0
qsDay.full.en-y5.ex-y0	qsDay_qsUtter.half.en-y0.ex-y5.ex-ext-1	baseline	0	0
qsDay.full.en-y5.ex-y0	qsI.loop.en-y0	baseline	0	0
qsDay.full.en-y5.ex-y0	qsI.loop.en-y0.ex-y5	baseline	0	0
qsDay.full.en-y5.ex-y0	qsI.loop.en-y0.ex-y5.ex-ext-1	baseline	0	0
qsDay.full.en-y5.ex-y0	qsIt.hapax.en-y0	baseline	0	0
qsDay.full.en-y5.ex-y0	qsIt.hapax.en-y0.ex-y5	baseline	0	0
qsDay.full.en-y5.ex-y0	qsIt.hapax.en-y0.ex-y5.ex-ext-1	baseline	0	0
qsDay.full.en-y5.ex-y0	qsLow.hapax.en-y0	baseline	0	0
qsDay.full.en-y5.ex-y0	qsLow.hapax.en-y0.ex-y5	baseline	0	0
qsDay.full.en-y5.ex-y0	qsLow.hapax.en-y0.ex-y5.ex-ext-1	baseline	0	0
qsDay.full.en-y5.ex-y0	qsMay.loop.en-y0	baseline	0	0
qsDay.full.en-y5.ex-y0	qsMay.loop.en-y0.ex-y5.ex-ext-1	baseline	0	0
qsDay.full.en-y5.ex-y0	qsMay.loop.en-y0.ex-y5.ex-ext-2	baseline	0	0
qsDay.full.en-y5.ex-y0	qsNo.flipped.en-y0	baseline	0	0
qsDay.full.en-y5.ex-y0	qsNo.flipped.en-y0.ex-y0	baseline	0	0
qsDay.full.en-y5.ex-y0	qsOut.normal.en-y0	baseline	0	0
qsDay.full.en-y5.ex-y0	qsOut.swept-up.en-y0.ex-y5	baseline	0	0
qsDay.full.en-y5.ex-y0	qsOut.swept-up.en-y0.ex-y5.ex-ext-1	baseline	0	0
qsDay.full.en-y5.ex-y0	qsOut_qsTea.hapax.en-y0	baseline	0	0
qsDay.full.en-y5.ex-y0	qsRoe.hapax.en-y0	baseline	0	0
qsDay.full.en-y5.ex-y0	qsRoe.hapax.en-y0.ex-y5	baseline	0	0
qsDay.full.en-y5.ex-y0	qsSee.curled-over.en-y0.ex-y6	baseline	0	0
qsDay.full.en-y5.ex-y0	qsSee.normal.en-y0	baseline	0	0
qsDay.full.en-y5.ex-y0	qsSee.normal.en-y0.ex-y8	baseline	0	0
qsDay.full.en-y5.ex-y0	qsTea.full.en-y0	baseline	0	0
qsDay.full.en-y5.ex-y0	qsUtter.mono.en-y0	baseline	0	0
qsDay.full.en-y5.ex-y0	qsVie.normal.en-y0	baseline	0	0
qsDay.full.en-y5.ex-y0	qsVie.swept-out.en-y0.ex-y0	baseline	0	0
qsDay.full.en-y5.ex-y0	qsVie_qsUtter.hapax.en-y0	baseline	0	0
qsDay.full.en-y5.ex-y0	qsVie_qsUtter.hapax.en-y0.ex-y5	baseline	0	0
qsDay.full.en-y5.ex-y0	qsVie_qsUtter.hapax.en-y0.ex-y5.ex-ext-1	baseline	0	0
qsDay.full.ex-y0	qsAh.hapax.en-y0	baseline	0	0
qsDay.full.ex-y0	qsAh.hapax.en-y0.ex-y5	baseline	0	0
qsDay.full.ex-y0	qsAh.hapax.en-y0.ex-y5.ex-ext-1	baseline	0	0
qsDay.full.ex-y0	qsDay.half.en-y0	baseline	0	0
qsDay.full.ex-y0	qsDay.half.en-y0.ex-y0	baseline	0	0
qsDay.full.ex-y0	qsDay_qsUtter.half.en-y0	baseline	0	0
qsDay.full.ex-y0	qsDay_qsUtter.half.en-y0.ex-y5	baseline	0	0
qsDay.full.ex-y0	qsDay_qsUtter.half.en-y0.ex-y5.ex-ext-1	baseline	0	0
qsDay.full.ex-y0	qsI.loop.en-y0	baseline	0	0
qsDay.full.ex-y0	qsI.loop.en-y0.ex-y5	baseline	0	0
qsDay.full.ex-y0	qsI.loop.en-y0.ex-y5.ex-ext-1	baseline	0	0
qsDay.full.ex-y0	qsIt.hapax.en-y0	baseline	0	0
qsDay.full.ex-y0	qsIt.hapax.en-y0.ex-y5	baseline	0	0
qsDay.full.ex-y0	qsIt.hapax.en-y0.ex-y5.ex-ext-1	baseline	0	0
qsDay.full.ex-y0	qsLow.hapax.en-y0	baseline	0	0
qsDay.full.ex-y0	qsLow.hapax.en-y0.ex-y5	baseline	0	0
qsDay.full.ex-y0	qsLow.hapax.en-y0.ex-y5.ex-ext-1	baseline	0	0
qsDay.full.ex-y0	qsMay.loop.en-y0	baseline	0	0
qsDay.full.ex-y0	qsMay.loop.en-y0.ex-y5.ex-ext-1	baseline	0	0
qsDay.full.ex-y0	qsMay.loop.en-y0.ex-y5.ex-ext-2	baseline	0	0
qsDay.full.ex-y0	qsNo.flipped.en-y0	baseline	0	0
qsDay.full.ex-y0	qsNo.flipped.en-y0.ex-y0	baseline	0	0
qsDay.full.ex-y0	qsOut.normal.en-y0	baseline	0	0
qsDay.full.ex-y0	qsOut.swept-up.en-y0.ex-y5	baseline	0	0
qsDay.full.ex-y0	qsOut.swept-up.en-y0.ex-y5.ex-ext-1	baseline	0	0
qsDay.full.ex-y0	qsOut_qsTea.hapax.en-y0	baseline	0	0
qsDay.full.ex-y0	qsRoe.hapax.en-y0	baseline	0	0
qsDay.full.ex-y0	qsRoe.hapax.en-y0.ex-y5	baseline	0	0
qsDay.full.ex-y0	qsSee.curled-over.en-y0.ex-y6	baseline	0	0
qsDay.full.ex-y0	qsSee.normal.en-y0	baseline	0	0
qsDay.full.ex-y0	qsSee.normal.en-y0.ex-y8	baseline	0	0
qsDay.full.ex-y0	qsTea.full.en-y0	baseline	0	0
qsDay.full.ex-y0	qsUtter.mono.en-y0	baseline	0	0
qsDay.full.ex-y0	qsVie.normal.en-y0	baseline	0	0
qsDay.full.ex-y0	qsVie.swept-out.en-y0.ex-y0	baseline	0	0
qsDay.full.ex-y0	qsVie_qsUtter.hapax.en-y0	baseline	0	0
qsDay.full.ex-y0	qsVie_qsUtter.hapax.en-y0.ex-y5	baseline	0	0
qsDay.full.ex-y0	qsVie_qsUtter.hapax.en-y0.ex-y5.ex-ext-1	baseline	0	0
qsDay.full.ex-y0.locked	qsAh.hapax.en-y0	baseline	0	0
qsDay.full.ex-y0.locked	qsAh.hapax.en-y0.ex-y5	baseline	0	0
qsDay.full.ex-y0.locked	qsAh.hapax.en-y0.ex-y5.ex-ext-1	baseline	0	0
qsDay.full.ex-y0.locked	qsDay.half.en-y0	baseline	0	0
qsDay.full.ex-y0.locked	qsDay.half.en-y0.ex-y0	baseline	0	0
qsDay.full.ex-y0.locked	qsDay_qsUtter.half.en-y0	baseline	0	0
qsDay.full.ex-y0.locked	qsDay_qsUtter.half.en-y0.ex-y5	baseline	0	0
qsDay.full.ex-y0.locked	qsDay_qsUtter.half.en-y0.ex-y5.ex-ext-1	baseline	0	0
qsDay.full.ex-y0.locked	qsI.loop.en-y0	baseline	0	0
qsDay.full.ex-y0.locked	qsI.loop.en-y0.ex-y5	baseline	0	0
qsDay.full.ex-y0.locked	qsI.loop.en-y0.ex-y5.ex-ext-1	baseline	0	0
qsDay.full.ex-y0.locked	qsIt.hapax.en-y0	baseline	0	0
qsDay.full.ex-y0.locked	qsIt.hapax.en-y0.ex-y5	baseline	0	0
qsDay.full.ex-y0.locked	qsIt.hapax.en-y0.ex-y5.ex-ext-1	baseline	0	0
qsDay.full.ex-y0.locked	qsLow.hapax.en-y0	baseline	0	0
qsDay.full.ex-y0.locked	qsLow.hapax.en-y0.ex-y5	baseline	0	0
qsDay.full.ex-y0.locked	qsLow.hapax.en-y0.ex-y5.ex-ext-1	baseline	0	0
qsDay.full.ex-y0.locked	qsMay.loop.en-y0	baseline	0	0
qsDay.full.ex-y0.locked	qsMay.loop.en-y0.ex-y5.ex-ext-1	baseline	0	0
qsDay.full.ex-y0.locked	qsMay.loop.en-y0.ex-y5.ex-ext-2	baseline	0	0
qsDay.full.ex-y0.locked	qsNo.flipped.en-y0	baseline	0	0
qsDay.full.ex-y0.locked	qsNo.flipped.en-y0.ex-y0	baseline	0	0
qsDay.full.ex-y0.locked	qsOut.normal.en-y0	baseline	0	0
qsDay.full.ex-y0.locked	qsOut.swept-up.en-y0.ex-y5	baseline	0	0
qsDay.full.ex-y0.locked	qsOut.swept-up.en-y0.ex-y5.ex-ext-1	baseline	0	0
qsDay.full.ex-y0.locked	qsOut_qsTea.hapax.en-y0	baseline	0	0
qsDay.full.ex-y0.locked	qsRoe.hapax.en-y0	baseline	0	0
qsDay.full.ex-y0.locked	qsRoe.hapax.en-y0.ex-y5	baseline	0	0
qsDay.full.ex-y0.locked	qsSee.curled-over.en-y0.ex-y6	baseline	0	0
qsDay.full.ex-y0.locked	qsSee.normal.en-y0	baseline	0	0
qsDay.full.ex-y0.locked	qsSee.normal.en-y0.ex-y8	baseline	0	0
qsDay.full.ex-y0.locked	qsTea.full.en-y0	baseline	0	0
qsDay.full.ex-y0.locked	qsUtter.mono.en-y0	baseline	0	0
qsDay.full.ex-y0.locked	qsVie.normal.en-y0	baseline	0	0
qsDay.full.ex-y0.locked	qsVie.swept-out.en-y0.ex-y0	baseline	0	0
qsDay.full.ex-y0.locked	qsVie_qsUtter.hapax.en-y0	baseline	0	0
qsDay.full.ex-y0.locked	qsVie_qsUtter.hapax.en-y0.ex-y5	baseline	0	0
qsDay.full.ex-y0.locked	qsVie_qsUtter.hapax.en-y0.ex-y5.ex-ext-1	baseline	0	0
qsDay.full.locked	qsAwe.hapax	break	0	0
qsDay.full.locked	qsAwe.hapax.ex-y0	break	0	0
qsDay.full.locked	qsEight.normal-sized-loop	break	0	0
qsDay.full.locked	qsEight.normal-sized-loop.ex-y0	break	0	0
qsDay.full.locked	qsEight.smaller-loop.ex-y0	break	0	0
qsDay.full.locked	qsEt.hapax	break	0	0
qsDay.full.locked	qsEt.hapax.ex-y0	break	0	0
qsDay.full.locked	qsEt.hapax.ex-y0.ex-con-1	break	0	0
qsDay.full.locked	qsFee.loop	break	0	0
qsDay.full.locked	qsFee.loop.ex-y5	break	0	0
qsDay.full.locked	qsFee.loop.ex-y5.ex-ext-1	break	0	0
qsDay.full.locked	qsFee.loop.ex-y5.ex-ext-3	break	0	0
qsDay.full.locked	qsIt.hapax	break	0	0
qsDay.full.locked	qsIt.hapax.ex-y0	break	0	0
qsDay.full.locked	qsJai.hapax	break	0	0
qsDay.full.locked	qsJai.hapax.ex-y0	break	0	0
qsDay.full.locked	qsJai.hapax.ex-y0.ex-ext-1	break	0	0
qsDay.full.locked	qsJai_qsUtter.hapax	break	0	0
qsDay.full.locked	qsJai_qsUtter.hapax.ex-y5	break	0	0
qsDay.full.locked	qsJai_qsUtter.hapax.ex-y5.ex-ext-1	break	0	0
qsDay.full.locked	qsNo.loop.ex-y5	break	0	0
qsDay.full.locked	qsOx.hapax	break	0	0
qsDay.full.locked	qsOx.hapax.ex-y0	break	0	0
qsDay.full.locked	qsOy.hapax	break	0	0
qsDay.full.locked	qsOy.hapax.ex-y0	break	0	0
qsDay.full.locked	qsPea.full	break	0	0
qsDay.full.locked	qsPea.full.ex-y0	break	0	0
qsDay.full.locked	qsPea.half.ex-y5	break	0	0
qsDay.full.locked	qsPea.half.ex-y6	break	0	0
qsDay.full.locked	qsSee.straighter.ex-y0	break	0	0
qsDay.full.locked	qsSee.straighter.ex-y0.ex-ext-2	break	0	0
qsDay.full.locked	qsSee_qsUtter.hapax	break	0	0
qsDay.full.locked	qsSee_qsUtter.hapax.ex-y5	break	0	0
qsDay.full.locked	qsSee_qsUtter.hapax.ex-y5.ex-ext-1	break	0	0
qsDay.full.locked	qsTea.full	break	0	0
qsDay.full.locked	qsTea.full.ex-y0	break	0	0
qsDay.full.locked	qsTea.half.ex-y5	break	0	0
qsDay.full.locked	qsTea_qsOy.hapax	break	0	0
qsDay.full.locked	qsTea_qsOy.hapax.ex-y0	break	0	0
qsDay.full.locked	qsUtter.alternate.ex-y0	break	0	0
qsDay.half.en-y0	qsAwe.hapax	break	0	0
qsDay.half.en-y0	qsAwe.hapax.ex-y0	break	0	0
qsDay.half.en-y0	qsEight.normal-sized-loop	break	0	0
qsDay.half.en-y0	qsEight.normal-sized-loop.ex-y0	break	0	0
qsDay.half.en-y0	qsEight.smaller-loop.ex-y0	break	0	0
qsDay.half.en-y0	qsEt.hapax	break	0	0
qsDay.half.en-y0	qsEt.hapax.ex-y0	break	0	0
qsDay.half.en-y0	qsEt.hapax.ex-y0.ex-con-1	break	0	0
qsDay.half.en-y0	qsFee.loop	break	0	0
qsDay.half.en-y0	qsFee.loop.ex-y5	break	0	0
qsDay.half.en-y0	qsFee.loop.ex-y5.ex-ext-1	break	0	0
qsDay.half.en-y0	qsFee.loop.ex-y5.ex-ext-3	break	0	0
qsDay.half.en-y0	qsIt.hapax	break	0	0
qsDay.half.en-y0	qsIt.hapax.ex-y0	break	0	0
qsDay.half.en-y0	qsJai.hapax	break	0	0
qsDay.half.en-y0	qsJai.hapax.ex-y0	break	0	0
qsDay.half.en-y0	qsJai.hapax.ex-y0.ex-ext-1	break	0	0
qsDay.half.en-y0	qsJai_qsUtter.hapax	break	0	0
qsDay.half.en-y0	qsJai_qsUtter.hapax.ex-y5	break	0	0
qsDay.half.en-y0	qsJai_qsUtter.hapax.ex-y5.ex-ext-1	break	0	0
qsDay.half.en-y0	qsNo.loop.ex-y5	break	0	0
qsDay.half.en-y0	qsOx.hapax	break	0	0
qsDay.half.en-y0	qsOx.hapax.ex-y0	break	0	0
qsDay.half.en-y0	qsOy.hapax	break	0	0
qsDay.half.en-y0	qsOy.hapax.ex-y0	break	0	0
qsDay.half.en-y0	qsPea.full	break	0	0
qsDay.half.en-y0	qsPea.full.ex-y0	break	0	0
qsDay.half.en-y0	qsPea.half.ex-y5	break	0	0
qsDay.half.en-y0	qsPea.half.ex-y6	break	0	0
qsDay.half.en-y0	qsSee.straighter.ex-y0	break	0	0
qsDay.half.en-y0	qsSee.straighter.ex-y0.ex-ext-2	break	0	0
qsDay.half.en-y0	qsSee_qsUtter.hapax	break	0	0
qsDay.half.en-y0	qsSee_qsUtter.hapax.ex-y5	break	0	0
qsDay.half.en-y0	qsSee_qsUtter.hapax.ex-y5.ex-ext-1	break	0	0
qsDay.half.en-y0	qsTea.full	break	0	0
qsDay.half.en-y0	qsTea.full.ex-y0	break	0	0
qsDay.half.en-y0	qsTea.half.ex-y5	break	0	0
qsDay.half.en-y0	qsTea_qsOy.hapax	break	0	0
qsDay.half.en-y0	qsTea_qsOy.hapax.ex-y0	break	0	0
qsDay.half.en-y0	qsUtter.alternate.ex-y0	break	0	0
qsDay.half.en-y0.en-ext-1	qsAwe.hapax	break	0	0
qsDay.half.en-y0.en-ext-1	qsAwe.hapax.ex-y0	break	0	0
qsDay.half.en-y0.en-ext-1	qsEight.normal-sized-loop	break	0	0
qsDay.half.en-y0.en-ext-1	qsEight.normal-sized-loop.ex-y0	break	0	0
qsDay.half.en-y0.en-ext-1	qsEight.smaller-loop.ex-y0	break	0	0
qsDay.half.en-y0.en-ext-1	qsEt.hapax	break	0	0
qsDay.half.en-y0.en-ext-1	qsEt.hapax.ex-y0	break	0	0
qsDay.half.en-y0.en-ext-1	qsEt.hapax.ex-y0.ex-con-1	break	0	0
qsDay.half.en-y0.en-ext-1	qsFee.loop	break	0	0
qsDay.half.en-y0.en-ext-1	qsFee.loop.ex-y5	break	0	0
qsDay.half.en-y0.en-ext-1	qsFee.loop.ex-y5.ex-ext-1	break	0	0
qsDay.half.en-y0.en-ext-1	qsFee.loop.ex-y5.ex-ext-3	break	0	0
qsDay.half.en-y0.en-ext-1	qsIt.hapax	break	0	0
qsDay.half.en-y0.en-ext-1	qsIt.hapax.ex-y0	break	0	0
qsDay.half.en-y0.en-ext-1	qsJai.hapax	break	0	0
qsDay.half.en-y0.en-ext-1	qsJai.hapax.ex-y0	break	0	0
qsDay.half.en-y0.en-ext-1	qsJai.hapax.ex-y0.ex-ext-1	break	0	0
qsDay.half.en-y0.en-ext-1	qsJai_qsUtter.hapax	break	0	0
qsDay.half.en-y0.en-ext-1	qsJai_qsUtter.hapax.ex-y5	break	0	0
qsDay.half.en-y0.en-ext-1	qsJai_qsUtter.hapax.ex-y5.ex-ext-1	break	0	0
qsDay.half.en-y0.en-ext-1	qsNo.loop.ex-y5	break	0	0
qsDay.half.en-y0.en-ext-1	qsOx.hapax	break	0	0
qsDay.half.en-y0.en-ext-1	qsOx.hapax.ex-y0	break	0	0
qsDay.half.en-y0.en-ext-1	qsOy.hapax	break	0	0
qsDay.half.en-y0.en-ext-1	qsOy.hapax.ex-y0	break	0	0
qsDay.half.en-y0.en-ext-1	qsPea.full	break	0	0
qsDay.half.en-y0.en-ext-1	qsPea.full.ex-y0	break	0	0
qsDay.half.en-y0.en-ext-1	qsPea.half.ex-y5	break	0	0
qsDay.half.en-y0.en-ext-1	qsPea.half.ex-y6	break	0	0
qsDay.half.en-y0.en-ext-1	qsSee.straighter.ex-y0	break	0	0
qsDay.half.en-y0.en-ext-1	qsSee.straighter.ex-y0.ex-ext-2	break	0	0
qsDay.half.en-y0.en-ext-1	qsSee_qsUtter.hapax	break	0	0
qsDay.half.en-y0.en-ext-1	qsSee_qsUtter.hapax.ex-y5	break	0	0
qsDay.half.en-y0.en-ext-1	qsSee_qsUtter.hapax.ex-y5.ex-ext-1	break	0	0
qsDay.half.en-y0.en-ext-1	qsTea.full	break	0	0
qsDay.half.en-y0.en-ext-1	qsTea.full.ex-y0	break	0	0
qsDay.half.en-y0.en-ext-1	qsTea.half.ex-y5	break	0	0
qsDay.half.en-y0.en-ext-1	qsTea_qsOy.hapax	break	0	0
qsDay.half.en-y0.en-ext-1	qsTea_qsOy.hapax.ex-y0	break	0	0
qsDay.half.en-y0.en-ext-1	qsUtter.alternate.ex-y0	break	0	0
qsDay.half.en-y0.ex-y0	qsAh.hapax.en-y0	baseline	0	0
qsDay.half.en-y0.ex-y0	qsAh.hapax.en-y0.ex-y5	baseline	0	0
qsDay.half.en-y0.ex-y0	qsAh.hapax.en-y0.ex-y5.ex-ext-1	baseline	0	0
qsDay.half.en-y0.ex-y0	qsDay.half.en-y0	baseline	0	0
qsDay.half.en-y0.ex-y0	qsDay.half.en-y0.ex-y0	baseline	0	0
qsDay.half.en-y0.ex-y0	qsDay_qsUtter.half.en-y0	baseline	0	0
qsDay.half.en-y0.ex-y0	qsDay_qsUtter.half.en-y0.ex-y5	baseline	0	0
qsDay.half.en-y0.ex-y0	qsDay_qsUtter.half.en-y0.ex-y5.ex-ext-1	baseline	0	0
qsDay.half.en-y0.ex-y0	qsI.loop.en-y0	baseline	0	0
qsDay.half.en-y0.ex-y0	qsI.loop.en-y0.ex-y5	baseline	0	0
qsDay.half.en-y0.ex-y0	qsI.loop.en-y0.ex-y5.ex-ext-1	baseline	0	0
qsDay.half.en-y0.ex-y0	qsIt.hapax.en-y0	baseline	0	0
qsDay.half.en-y0.ex-y0	qsIt.hapax.en-y0.ex-y5	baseline	0	0
qsDay.half.en-y0.ex-y0	qsIt.hapax.en-y0.ex-y5.ex-ext-1	baseline	0	0
qsDay.half.en-y0.ex-y0	qsLow.hapax.en-y0	baseline	0	0
qsDay.half.en-y0.ex-y0	qsLow.hapax.en-y0.ex-y5	baseline	0	0
qsDay.half.en-y0.ex-y0	qsLow.hapax.en-y0.ex-y5.ex-ext-1	baseline	0	0
qsDay.half.en-y0.ex-y0	qsMay.loop.en-y0	baseline	0	0
qsDay.half.en-y0.ex-y0	qsMay.loop.en-y0.ex-y5.ex-ext-1	baseline	0	0
qsDay.half.en-y0.ex-y0	qsMay.loop.en-y0.ex-y5.ex-ext-2	baseline	0	0
qsDay.half.en-y0.ex-y0	qsNo.flipped.en-y0	baseline	0	0
qsDay.half.en-y0.ex-y0	qsNo.flipped.en-y0.ex-y0	baseline	0	0
qsDay.half.en-y0.ex-y0	qsOut.normal.en-y0	baseline	0	0
qsDay.half.en-y0.ex-y0	qsOut.swept-up.en-y0.ex-y5	baseline	0	0
qsDay.half.en-y0.ex-y0	qsOut.swept-up.en-y0.ex-y5.ex-ext-1	baseline	0	0
qsDay.half.en-y0.ex-y0	qsOut_qsTea.hapax.en-y0	baseline	0	0
qsDay.half.en-y0.ex-y0	qsRoe.hapax.en-y0	baseline	0	0
qsDay.half.en-y0.ex-y0	qsRoe.hapax.en-y0.ex-y5	baseline	0	0
qsDay.half.en-y0.ex-y0	qsSee.curled-over.en-y0.ex-y6	baseline	0	0
qsDay.half.en-y0.ex-y0	qsSee.normal.en-y0	baseline	0	0
qsDay.half.en-y0.ex-y0	qsSee.normal.en-y0.ex-y8	baseline	0	0
qsDay.half.en-y0.ex-y0	qsTea.full.en-y0	baseline	0	0
qsDay.half.en-y0.ex-y0	qsUtter.mono.en-y0	baseline	0	0
qsDay.half.en-y0.ex-y0	qsVie.normal.en-y0	baseline	0	0
qsDay.half.en-y0.ex-y0	qsVie.swept-out.en-y0.ex-y0	baseline	0	0
qsDay.half.en-y0.ex-y0	qsVie_qsUtter.hapax.en-y0	baseline	0	0
qsDay.half.en-y0.ex-y0	qsVie_qsUtter.hapax.en-y0.ex-y5	baseline	0	0
qsDay.half.en-y0.ex-y0	qsVie_qsUtter.hapax.en-y0.ex-y5.ex-ext-1	baseline	0	0
qsDay.half.en-y0.ex-y0.en-ext-1	qsAh.hapax.en-y0	baseline	0	0
qsDay.half.en-y0.ex-y0.en-ext-1	qsAh.hapax.en-y0.ex-y5	baseline	0	0
qsDay.half.en-y0.ex-y0.en-ext-1	qsAh.hapax.en-y0.ex-y5.ex-ext-1	baseline	0	0
qsDay.half.en-y0.ex-y0.en-ext-1	qsDay.half.en-y0	baseline	0	0
qsDay.half.en-y0.ex-y0.en-ext-1	qsDay.half.en-y0.ex-y0	baseline	0	0
qsDay.half.en-y0.ex-y0.en-ext-1	qsDay_qsUtter.half.en-y0	baseline	0	0
qsDay.half.en-y0.ex-y0.en-ext-1	qsDay_qsUtter.half.en-y0.ex-y5	baseline	0	0
qsDay.half.en-y0.ex-y0.en-ext-1	qsDay_qsUtter.half.en-y0.ex-y5.ex-ext-1	baseline	0	0
qsDay.half.en-y0.ex-y0.en-ext-1	qsI.loop.en-y0	baseline	0	0
qsDay.half.en-y0.ex-y0.en-ext-1	qsI.loop.en-y0.ex-y5	baseline	0	0
qsDay.half.en-y0.ex-y0.en-ext-1	qsI.loop.en-y0.ex-y5.ex-ext-1	baseline	0	0
qsDay.half.en-y0.ex-y0.en-ext-1	qsIt.hapax.en-y0	baseline	0	0
qsDay.half.en-y0.ex-y0.en-ext-1	qsIt.hapax.en-y0.ex-y5	baseline	0	0
qsDay.half.en-y0.ex-y0.en-ext-1	qsIt.hapax.en-y0.ex-y5.ex-ext-1	baseline	0	0
qsDay.half.en-y0.ex-y0.en-ext-1	qsLow.hapax.en-y0	baseline	0	0
qsDay.half.en-y0.ex-y0.en-ext-1	qsLow.hapax.en-y0.ex-y5	baseline	0	0
qsDay.half.en-y0.ex-y0.en-ext-1	qsLow.hapax.en-y0.ex-y5.ex-ext-1	baseline	0	0
qsDay.half.en-y0.ex-y0.en-ext-1	qsMay.loop.en-y0	baseline	0	0
qsDay.half.en-y0.ex-y0.en-ext-1	qsMay.loop.en-y0.ex-y5.ex-ext-1	baseline	0	0
qsDay.half.en-y0.ex-y0.en-ext-1	qsMay.loop.en-y0.ex-y5.ex-ext-2	baseline	0	0
qsDay.half.en-y0.ex-y0.en-ext-1	qsNo.flipped.en-y0	baseline	0	0
qsDay.half.en-y0.ex-y0.en-ext-1	qsNo.flipped.en-y0.ex-y0	baseline	0	0
qsDay.half.en-y0.ex-y0.en-ext-1	qsOut.normal.en-y0	baseline	0	0
qsDay.half.en-y0.ex-y0.en-ext-1	qsOut.swept-up.en-y0.ex-y5	baseline	0	0
qsDay.half.en-y0.ex-y0.en-ext-1	qsOut.swept-up.en-y0.ex-y5.ex-ext-1	baseline	0	0
qsDay.half.en-y0.ex-y0.en-ext-1	qsOut_qsTea.hapax.en-y0	baseline	0	0
qsDay.half.en-y0.ex-y0.en-ext-1	qsRoe.hapax.en-y0	baseline	0	0
qsDay.half.en-y0.ex-y0.en-ext-1	qsRoe.hapax.en-y0.ex-y5	baseline	0	0
qsDay.half.en-y0.ex-y0.en-ext-1	qsSee.curled-over.en-y0.ex-y6	baseline	0	0
qsDay.half.en-y0.ex-y0.en-ext-1	qsSee.normal.en-y0	baseline	0	0
qsDay.half.en-y0.ex-y0.en-ext-1	qsSee.normal.en-y0.ex-y8	baseline	0	0
qsDay.half.en-y0.ex-y0.en-ext-1	qsTea.full.en-y0	baseline	0	0
qsDay.half.en-y0.ex-y0.en-ext-1	qsUtter.mono.en-y0	baseline	0	0
qsDay.half.en-y0.ex-y0.en-ext-1	qsVie.normal.en-y0	baseline	0	0
qsDay.half.en-y0.ex-y0.en-ext-1	qsVie.swept-out.en-y0.ex-y0	baseline	0	0
qsDay.half.en-y0.ex-y0.en-ext-1	qsVie_qsUtter.hapax.en-y0	baseline	0	0
qsDay.half.en-y0.ex-y0.en-ext-1	qsVie_qsUtter.hapax.en-y0.ex-y5	baseline	0	0
qsDay.half.en-y0.ex-y0.en-ext-1	qsVie_qsUtter.hapax.en-y0.ex-y5.ex-ext-1	baseline	0	0
qsDay_qsUtter.full	qsFee.loop.ex-y5	break	0	0
qsDay_qsUtter.full	qsFee.loop.ex-y5.ex-ext-1	break	0	0
qsDay_qsUtter.full	qsFee.loop.ex-y5.ex-ext-3	break	0	0
qsDay_qsUtter.full	qsRoe.hapax.ex-y5	break	0	0
qsDay_qsUtter.full	qsSee.normal	break	0	0
qsDay_qsUtter.full	qsSee.straighter.ex-y0	break	0	0
qsDay_qsUtter.full	qsSee.straighter.ex-y0.ex-ext-2	break	0	0
qsDay_qsUtter.full	qsSee_qsUtter.hapax	break	0	0
qsDay_qsUtter.full	qsSee_qsUtter.hapax.ex-y5	break	0	0
qsDay_qsUtter.full	qsSee_qsUtter.hapax.ex-y5.ex-ext-1	break	0	0
qsDay_qsUtter.full	qsTea.full	break	0	0
qsDay_qsUtter.full	qsTea.full.ex-y0	break	0	0
qsDay_qsUtter.full	qsTea.half.ex-y5	break	0	0
qsDay_qsUtter.full	qsTea_qsOy.hapax	break	0	0
qsDay_qsUtter.full	qsTea_qsOy.hapax.ex-y0	break	0	0
qsDay_qsUtter.full	qsUtter.mono	break	0	0
qsDay_qsUtter.full	qsUtter.mono.ex-y5	break	0	0
qsDay_qsUtter.full	qsUtter.mono.ex-y5.ex-ext-1	break	0	0
qsDay_qsUtter.full.en-y5	qsFee.loop.ex-y5	break	0	0
qsDay_qsUtter.full.en-y5	qsFee.loop.ex-y5.ex-ext-1	break	0	0
qsDay_qsUtter.full.en-y5	qsFee.loop.ex-y5.ex-ext-3	break	0	0
qsDay_qsUtter.full.en-y5	qsRoe.hapax.ex-y5	break	0	0
qsDay_qsUtter.full.en-y5	qsSee.normal	break	0	0
qsDay_qsUtter.full.en-y5	qsSee.straighter.ex-y0	break	0	0
qsDay_qsUtter.full.en-y5	qsSee.straighter.ex-y0.ex-ext-2	break	0	0
qsDay_qsUtter.full.en-y5	qsSee_qsUtter.hapax	break	0	0
qsDay_qsUtter.full.en-y5	qsSee_qsUtter.hapax.ex-y5	break	0	0
qsDay_qsUtter.full.en-y5	qsSee_qsUtter.hapax.ex-y5.ex-ext-1	break	0	0
qsDay_qsUtter.full.en-y5	qsTea.full	break	0	0
qsDay_qsUtter.full.en-y5	qsTea.full.ex-y0	break	0	0
qsDay_qsUtter.full.en-y5	qsTea.half.ex-y5	break	0	0
qsDay_qsUtter.full.en-y5	qsTea_qsOy.hapax	break	0	0
qsDay_qsUtter.full.en-y5	qsTea_qsOy.hapax.ex-y0	break	0	0
qsDay_qsUtter.full.en-y5	qsUtter.mono	break	0	0
qsDay_qsUtter.full.en-y5	qsUtter.mono.ex-y5	break	0	0
qsDay_qsUtter.full.en-y5	qsUtter.mono.ex-y5.ex-ext-1	break	0	0
qsDay_qsUtter.full.en-y5.ex-y5	qsAwe.hapax.en-y5	x-height	0	0
qsDay_qsUtter.full.en-y5.ex-y5	qsAwe.hapax.en-y5.ex-y0	x-height	0	0
qsDay_qsUtter.full.en-y5.ex-y5	qsDay.full.en-y5	x-height	0	0
qsDay_qsUtter.full.en-y5.ex-y5	qsDay.full.en-y5.ex-y0	x-height	0	0
qsDay_qsUtter.full.en-y5.ex-y5	qsDay_qsUtter.full.en-y5	x-height	0	0
qsDay_qsUtter.full.en-y5.ex-y5	qsDay_qsUtter.full.en-y5.ex-y5	x-height	0	0
qsDay_qsUtter.full.en-y5.ex-y5	qsDay_qsUtter.full.en-y5.ex-y5.ex-ext-1	x-height	0	0
qsDay_qsUtter.full.en-y5.ex-y5	qsEight.normal-sized-loop.en-y5	x-height	0	0
qsDay_qsUtter.full.en-y5.ex-y5	qsEight.normal-sized-loop.en-y5.ex-y0	x-height	0	0
qsDay_qsUtter.full.en-y5.ex-y5	qsEight.smaller-loop.en-y5.ex-y0	x-height	0	0
qsDay_qsUtter.full.en-y5.ex-y5	qsEt.hapax.en-y5	x-height	0	0
qsDay_qsUtter.full.en-y5.ex-y5	qsEt.hapax.en-y5.ex-y0	x-height	0	0
qsDay_qsUtter.full.en-y5.ex-y5	qsEt.hapax.en-y5.ex-y0.ex-con-1	x-height	0	0
qsDay_qsUtter.full.en-y5.ex-y5	qsIt.hapax.en-y5	x-height	0	0
qsDay_qsUtter.full.en-y5.ex-y5	qsIt.hapax.en-y5.ex-y0	x-height	0	0
qsDay_qsUtter.full.en-y5.ex-y5	qsIt.hapax.en-y5.ex-y0.ex-ext-1	x-height	0	0
qsDay_qsUtter.full.en-y5.ex-y5	qsJai.hapax.en-y5.en-con-2	x-height	-2	0
qsDay_qsUtter.full.en-y5.ex-y5	qsJai.hapax.en-y5.ex-y0.en-con-2	x-height	-2	0
qsDay_qsUtter.full.en-y5.ex-y5	qsJai.hapax.en-y5.ex-y0.en-con-2.ex-ext-1	x-height	-2	0
qsDay_qsUtter.full.en-y5.ex-y5	qsJai_qsUtter.hapax.en-y5.en-con-2	x-height	-2	0
qsDay_qsUtter.full.en-y5.ex-y5	qsJai_qsUtter.hapax.en-y5.ex-y5.en-con-2	x-height	-2	0
qsDay_qsUtter.full.en-y5.ex-y5	qsJai_qsUtter.hapax.en-y5.ex-y5.en-con-2.ex-ext-1	x-height	-2	0
qsDay_qsUtter.full.en-y5.ex-y5	qsMay.grounded-loop.en-y5.ex-y0	x-height	0	0
qsDay_qsUtter.full.en-y5.ex-y5	qsMay.loop.en-y5	x-height	0	0
qsDay_qsUtter.full.en-y5.ex-y5	qsNo.loop.en-y5	x-height	0	0
qsDay_qsUtter.full.en-y5.ex-y5	qsNo.loop.en-y5.ex-y5	x-height	0	0
qsDay_qsUtter.full.en-y5.ex-y5	qsNo.loop.en-y5.ex-y5.ex-ext-1	x-height	0	0
qsDay_qsUtter.full.en-y5.ex-y5	qsOx.hapax.en-y5	x-height	0	0
qsDay_qsUtter.full.en-y5.ex-y5	qsOx.hapax.en-y5.ex-y0	x-height	0	0
qsDay_qsUtter.full.en-y5.ex-y5	qsOy.hapax.en-y5	x-height	0	0
qsDay_qsUtter.full.en-y5.ex-y5	qsOy.hapax.en-y5.ex-y0	x-height	0	0
qsDay_qsUtter.full.en-y5.ex-y5	qsPea.full.en-y5	x-height	0	0
qsDay_qsUtter.full.en-y5.ex-y5	qsPea.full.en-y5.ex-y0	x-height	0	0
qsDay_qsUtter.full.en-y5.ex-y5	qsPea.half.en-y5.ex-y5	x-height	0	0
qsDay_qsUtter.full.en-y5.ex-y5	qsPea.half.en-y5.ex-y6	x-height	0	0
qsDay_qsUtter.full.en-y5.ex-y5	qsRoe.hapax.en-y5	x-height	0	0
qsDay_qsUtter.full.en-y5.ex-y5	qsRoe.hapax.en-y5.ex-y0	x-height	0	0
qsDay_qsUtter.full.en-y5.ex-y5	qsRoe.hapax.en-y5.ex-y0.ex-ext-1	x-height	0	0
qsDay_qsUtter.full.en-y5.ex-y5	qsUtter.alternate.en-y5.ex-y0	x-height	0	0
qsDay_qsUtter.full.en-y5.ex-y5.ex-ext-1	qsFee.reversed-loop.en-y5	x-height	1	0
qsDay_qsUtter.full.ex-y5	qsAwe.hapax.en-y5	x-height	0	0
qsDay_qsUtter.full.ex-y5	qsAwe.hapax.en-y5.ex-y0	x-height	0	0
qsDay_qsUtter.full.ex-y5	qsDay.full.en-y5	x-height	0	0
qsDay_qsUtter.full.ex-y5	qsDay.full.en-y5.ex-y0	x-height	0	0
qsDay_qsUtter.full.ex-y5	qsDay_qsUtter.full.en-y5	x-height	0	0
qsDay_qsUtter.full.ex-y5	qsDay_qsUtter.full.en-y5.ex-y5	x-height	0	0
qsDay_qsUtter.full.ex-y5	qsDay_qsUtter.full.en-y5.ex-y5.ex-ext-1	x-height	0	0
qsDay_qsUtter.full.ex-y5	qsEight.normal-sized-loop.en-y5	x-height	0	0
qsDay_qsUtter.full.ex-y5	qsEight.normal-sized-loop.en-y5.ex-y0	x-height	0	0
qsDay_qsUtter.full.ex-y5	qsEight.smaller-loop.en-y5.ex-y0	x-height	0	0
qsDay_qsUtter.full.ex-y5	qsEt.hapax.en-y5	x-height	0	0
qsDay_qsUtter.full.ex-y5	qsEt.hapax.en-y5.ex-y0	x-height	0	0
qsDay_qsUtter.full.ex-y5	qsEt.hapax.en-y5.ex-y0.ex-con-1	x-height	0	0
qsDay_qsUtter.full.ex-y5	qsIt.hapax.en-y5	x-height	0	0
qsDay_qsUtter.full.ex-y5	qsIt.hapax.en-y5.ex-y0	x-height	0	0
qsDay_qsUtter.full.ex-y5	qsIt.hapax.en-y5.ex-y0.ex-ext-1	x-height	0	0
qsDay_qsUtter.full.ex-y5	qsJai.hapax.en-y5.en-con-2	x-height	-2	0
qsDay_qsUtter.full.ex-y5	qsJai.hapax.en-y5.ex-y0.en-con-2	x-height	-2	0
qsDay_qsUtter.full.ex-y5	qsJai.hapax.en-y5.ex-y0.en-con-2.ex-ext-1	x-height	-2	0
qsDay_qsUtter.full.ex-y5	qsJai_qsUtter.hapax.en-y5.en-con-2	x-height	-2	0
qsDay_qsUtter.full.ex-y5	qsJai_qsUtter.hapax.en-y5.ex-y5.en-con-2	x-height	-2	0
qsDay_qsUtter.full.ex-y5	qsJai_qsUtter.hapax.en-y5.ex-y5.en-con-2.ex-ext-1	x-height	-2	0
qsDay_qsUtter.full.ex-y5	qsMay.grounded-loop.en-y5.ex-y0	x-height	0	0
qsDay_qsUtter.full.ex-y5	qsMay.loop.en-y5	x-height	0	0
qsDay_qsUtter.full.ex-y5	qsNo.loop.en-y5	x-height	0	0
qsDay_qsUtter.full.ex-y5	qsNo.loop.en-y5.ex-y5	x-height	0	0
qsDay_qsUtter.full.ex-y5	qsNo.loop.en-y5.ex-y5.ex-ext-1	x-height	0	0
qsDay_qsUtter.full.ex-y5	qsOx.hapax.en-y5	x-height	0	0
qsDay_qsUtter.full.ex-y5	qsOx.hapax.en-y5.ex-y0	x-height	0	0
qsDay_qsUtter.full.ex-y5	qsOy.hapax.en-y5	x-height	0	0
qsDay_qsUtter.full.ex-y5	qsOy.hapax.en-y5.ex-y0	x-height	0	0
qsDay_qsUtter.full.ex-y5	qsPea.full.en-y5	x-height	0	0
qsDay_qsUtter.full.ex-y5	qsPea.full.en-y5.ex-y0	x-height	0	0
qsDay_qsUtter.full.ex-y5	qsPea.half.en-y5.ex-y5	x-height	0	0
qsDay_qsUtter.full.ex-y5	qsPea.half.en-y5.ex-y6	x-height	0	0
qsDay_qsUtter.full.ex-y5	qsRoe.hapax.en-y5	x-height	0	0
qsDay_qsUtter.full.ex-y5	qsRoe.hapax.en-y5.ex-y0	x-height	0	0
qsDay_qsUtter.full.ex-y5	qsRoe.hapax.en-y5.ex-y0.ex-ext-1	x-height	0	0
qsDay_qsUtter.full.ex-y5	qsUtter.alternate.en-y5.ex-y0	x-height	0	0
qsDay_qsUtter.full.ex-y5.ex-ext-1	qsFee.reversed-loop.en-y5	x-height	1	0
qsDay_qsUtter.full.ex-y5.locked	qsAwe.hapax.en-y5	x-height	0	0
qsDay_qsUtter.full.ex-y5.locked	qsAwe.hapax.en-y5.ex-y0	x-height	0	0
qsDay_qsUtter.full.ex-y5.locked	qsDay.full.en-y5	x-height	0	0
qsDay_qsUtter.full.ex-y5.locked	qsDay.full.en-y5.ex-y0	x-height	0	0
qsDay_qsUtter.full.ex-y5.locked	qsDay_qsUtter.full.en-y5	x-height	0	0
qsDay_qsUtter.full.ex-y5.locked	qsDay_qsUtter.full.en-y5.ex-y5	x-height	0	0
qsDay_qsUtter.full.ex-y5.locked	qsDay_qsUtter.full.en-y5.ex-y5.ex-ext-1	x-height	0	0
qsDay_qsUtter.full.ex-y5.locked	qsEight.normal-sized-loop.en-y5	x-height	0	0
qsDay_qsUtter.full.ex-y5.locked	qsEight.normal-sized-loop.en-y5.ex-y0	x-height	0	0
qsDay_qsUtter.full.ex-y5.locked	qsEight.smaller-loop.en-y5.ex-y0	x-height	0	0
qsDay_qsUtter.full.ex-y5.locked	qsEt.hapax.en-y5	x-height	0	0
qsDay_qsUtter.full.ex-y5.locked	qsEt.hapax.en-y5.ex-y0	x-height	0	0
qsDay_qsUtter.full.ex-y5.locked	qsEt.hapax.en-y5.ex-y0.ex-con-1	x-height	0	0
qsDay_qsUtter.full.ex-y5.locked	qsIt.hapax.en-y5	x-height	0	0
qsDay_qsUtter.full.ex-y5.locked	qsIt.hapax.en-y5.ex-y0	x-height	0	0
qsDay_qsUtter.full.ex-y5.locked	qsIt.hapax.en-y5.ex-y0.ex-ext-1	x-height	0	0
qsDay_qsUtter.full.ex-y5.locked	qsJai.hapax.en-y5.en-con-2	x-height	-2	0
qsDay_qsUtter.full.ex-y5.locked	qsJai.hapax.en-y5.ex-y0.en-con-2	x-height	-2	0
qsDay_qsUtter.full.ex-y5.locked	qsJai.hapax.en-y5.ex-y0.en-con-2.ex-ext-1	x-height	-2	0
qsDay_qsUtter.full.ex-y5.locked	qsJai_qsUtter.hapax.en-y5.en-con-2	x-height	-2	0
qsDay_qsUtter.full.ex-y5.locked	qsJai_qsUtter.hapax.en-y5.ex-y5.en-con-2	x-height	-2	0
qsDay_qsUtter.full.ex-y5.locked	qsJai_qsUtter.hapax.en-y5.ex-y5.en-con-2.ex-ext-1	x-height	-2	0
qsDay_qsUtter.full.ex-y5.locked	qsMay.grounded-loop.en-y5.ex-y0	x-height	0	0
qsDay_qsUtter.full.ex-y5.locked	qsMay.loop.en-y5	x-height	0	0
qsDay_qsUtter.full.ex-y5.locked	qsNo.loop.en-y5	x-height	0	0
qsDay_qsUtter.full.ex-y5.locked	qsNo.loop.en-y5.ex-y5	x-height	0	0
qsDay_qsUtter.full.ex-y5.locked	qsNo.loop.en-y5.ex-y5.ex-ext-1	x-height	0	0
qsDay_qsUtter.full.ex-y5.locked	qsOx.hapax.en-y5	x-height	0	0
qsDay_qsUtter.full.ex-y5.locked	qsOx.hapax.en-y5.ex-y0	x-height	0	0
qsDay_qsUtter.full.ex-y5.locked	qsOy.hapax.en-y5	x-height	0	0
qsDay_qsUtter.full.ex-y5.locked	qsOy.hapax.en-y5.ex-y0	x-height	0	0
qsDay_qsUtter.full.ex-y5.locked	qsPea.full.en-y5	x-height	0	0
qsDay_qsUtter.full.ex-y5.locked	qsPea.full.en-y5.ex-y0	x-height	0	0
qsDay_qsUtter.full.ex-y5.locked	qsPea.half.en-y5.ex-y5	x-height	0	0
qsDay_qsUtter.full.ex-y5.locked	qsPea.half.en-y5.ex-y6	x-height	0	0
qsDay_qsUtter.full.ex-y5.locked	qsRoe.hapax.en-y5	x-height	0	0
qsDay_qsUtter.full.ex-y5.locked	qsRoe.hapax.en-y5.ex-y0	x-height	0	0
qsDay_qsUtter.full.ex-y5.locked	qsRoe.hapax.en-y5.ex-y0.ex-ext-1	x-height	0	0
qsDay_qsUtter.full.ex-y5.locked	qsUtter.alternate.en-y5.ex-y0	x-height	0	0
qsDay_qsUtter.full.ex-y5.locked.ex-ext-1	qsFee.reversed-loop.en-y5	x-height	1	0
qsDay_qsUtter.full.locked	qsFee.loop.ex-y5	break	0	0
qsDay_qsUtter.full.locked	qsFee.loop.ex-y5.ex-ext-1	break	0	0
qsDay_qsUtter.full.locked	qsFee.loop.ex-y5.ex-ext-3	break	0	0
qsDay_qsUtter.full.locked	qsRoe.hapax.ex-y5	break	0	0
qsDay_qsUtter.full.locked	qsSee.normal	break	0	0
qsDay_qsUtter.full.locked	qsSee.straighter.ex-y0	break	0	0
qsDay_qsUtter.full.locked	qsSee.straighter.ex-y0.ex-ext-2	break	0	0
qsDay_qsUtter.full.locked	qsSee_qsUtter.hapax	break	0	0
qsDay_qsUtter.full.locked	qsSee_qsUtter.hapax.ex-y5	break	0	0
qsDay_qsUtter.full.locked	qsSee_qsUtter.hapax.ex-y5.ex-ext-1	break	0	0
qsDay_qsUtter.full.locked	qsTea.full	break	0	0
qsDay_qsUtter.full.locked	qsTea.full.ex-y0	break	0	0
qsDay_qsUtter.full.locked	qsTea.half.ex-y5	break	0	0
qsDay_qsUtter.full.locked	qsTea_qsOy.hapax	break	0	0
qsDay_qsUtter.full.locked	qsTea_qsOy.hapax.ex-y0	break	0	0
qsDay_qsUtter.full.locked	qsUtter.mono	break	0	0
qsDay_qsUtter.full.locked	qsUtter.mono.ex-y5	break	0	0
qsDay_qsUtter.full.locked	qsUtter.mono.ex-y5.ex-ext-1	break	0	0
qsDay_qsUtter.half.en-y0	qsFee.loop.ex-y5	break	0	0
qsDay_qsUtter.half.en-y0	qsFee.loop.ex-y5.ex-ext-1	break	0	0
qsDay_qsUtter.half.en-y0	qsFee.loop.ex-y5.ex-ext-3	break	0	0
qsDay_qsUtter.half.en-y0	qsRoe.hapax.ex-y5	break	0	0
qsDay_qsUtter.half.en-y0	qsSee.normal	break	0	0
qsDay_qsUtter.half.en-y0	qsSee.straighter.ex-y0	break	0	0
qsDay_qsUtter.half.en-y0	qsSee.straighter.ex-y0.ex-ext-2	break	0	0
qsDay_qsUtter.half.en-y0	qsSee_qsUtter.hapax	break	0	0
qsDay_qsUtter.half.en-y0	qsSee_qsUtter.hapax.ex-y5	break	0	0
qsDay_qsUtter.half.en-y0	qsSee_qsUtter.hapax.ex-y5.ex-ext-1	break	0	0
qsDay_qsUtter.half.en-y0	qsTea.full	break	0	0
qsDay_qsUtter.half.en-y0	qsTea.full.ex-y0	break	0	0
qsDay_qsUtter.half.en-y0	qsTea.half.ex-y5	break	0	0
qsDay_qsUtter.half.en-y0	qsTea_qsOy.hapax	break	0	0
qsDay_qsUtter.half.en-y0	qsTea_qsOy.hapax.ex-y0	break	0	0
qsDay_qsUtter.half.en-y0	qsUtter.mono	break	0	0
qsDay_qsUtter.half.en-y0	qsUtter.mono.ex-y5	break	0	0
qsDay_qsUtter.half.en-y0	qsUtter.mono.ex-y5.ex-ext-1	break	0	0
qsDay_qsUtter.half.en-y0.en-ext-1	qsFee.loop.ex-y5	break	0	0
qsDay_qsUtter.half.en-y0.en-ext-1	qsFee.loop.ex-y5.ex-ext-1	break	0	0
qsDay_qsUtter.half.en-y0.en-ext-1	qsFee.loop.ex-y5.ex-ext-3	break	0	0
qsDay_qsUtter.half.en-y0.en-ext-1	qsRoe.hapax.ex-y5	break	0	0
qsDay_qsUtter.half.en-y0.en-ext-1	qsSee.normal	break	0	0
qsDay_qsUtter.half.en-y0.en-ext-1	qsSee.straighter.ex-y0	break	0	0
qsDay_qsUtter.half.en-y0.en-ext-1	qsSee.straighter.ex-y0.ex-ext-2	break	0	0
qsDay_qsUtter.half.en-y0.en-ext-1	qsSee_qsUtter.hapax	break	0	0
qsDay_qsUtter.half.en-y0.en-ext-1	qsSee_qsUtter.hapax.ex-y5	break	0	0
qsDay_qsUtter.half.en-y0.en-ext-1	qsSee_qsUtter.hapax.ex-y5.ex-ext-1	break	0	0
qsDay_qsUtter.half.en-y0.en-ext-1	qsTea.full	break	0	0
qsDay_qsUtter.half.en-y0.en-ext-1	qsTea.full.ex-y0	break	0	0
qsDay_qsUtter.half.en-y0.en-ext-1	qsTea.half.ex-y5	break	0	0
qsDay_qsUtter.half.en-y0.en-ext-1	qsTea_qsOy.hapax	break	0	0
qsDay_qsUtter.half.en-y0.en-ext-1	qsTea_qsOy.hapax.ex-y0	break	0	0
qsDay_qsUtter.half.en-y0.en-ext-1	qsUtter.mono	break	0	0
qsDay_qsUtter.half.en-y0.en-ext-1	qsUtter.mono.ex-y5	break	0	0
qsDay_qsUtter.half.en-y0.en-ext-1	qsUtter.mono.ex-y5.ex-ext-1	break	0	0
qsDay_qsUtter.half.en-y0.ex-y5	qsAwe.hapax.en-y5	x-height	0	0
qsDay_qsUtter.half.en-y0.ex-y5	qsAwe.hapax.en-y5.ex-y0	x-height	0	0
qsDay_qsUtter.half.en-y0.ex-y5	qsDay.full.en-y5	x-height	0	0
qsDay_qsUtter.half.en-y0.ex-y5	qsDay.full.en-y5.ex-y0	x-height	0	0
qsDay_qsUtter.half.en-y0.ex-y5	qsDay_qsUtter.full.en-y5	x-height	0	0
qsDay_qsUtter.half.en-y0.ex-y5	qsDay_qsUtter.full.en-y5.ex-y5	x-height	0	0
qsDay_qsUtter.half.en-y0.ex-y5	qsDay_qsUtter.full.en-y5.ex-y5.ex-ext-1	x-height	0	0
qsDay_qsUtter.half.en-y0.ex-y5	qsEight.normal-sized-loop.en-y5	x-height	0	0
qsDay_qsUtter.half.en-y0.ex-y5	qsEight.normal-sized-loop.en-y5.ex-y0	x-height	0	0
qsDay_qsUtter.half.en-y0.ex-y5	qsEight.smaller-loop.en-y5.ex-y0	x-height	0	0
qsDay_qsUtter.half.en-y0.ex-y5	qsEt.hapax.en-y5	x-height	0	0
qsDay_qsUtter.half.en-y0.ex-y5	qsEt.hapax.en-y5.ex-y0	x-height	0	0
qsDay_qsUtter.half.en-y0.ex-y5	qsEt.hapax.en-y5.ex-y0.ex-con-1	x-height	0	0
qsDay_qsUtter.half.en-y0.ex-y5	qsIt.hapax.en-y5	x-height	0	0
qsDay_qsUtter.half.en-y0.ex-y5	qsIt.hapax.en-y5.ex-y0	x-height	0	0
qsDay_qsUtter.half.en-y0.ex-y5	qsIt.hapax.en-y5.ex-y0.ex-ext-1	x-height	0	0
qsDay_qsUtter.half.en-y0.ex-y5	qsJai.hapax.en-y5.en-con-2	x-height	-2	0
qsDay_qsUtter.half.en-y0.ex-y5	qsJai.hapax.en-y5.ex-y0.en-con-2	x-height	-2	0
qsDay_qsUtter.half.en-y0.ex-y5	qsJai.hapax.en-y5.ex-y0.en-con-2.ex-ext-1	x-height	-2	0
qsDay_qsUtter.half.en-y0.ex-y5	qsJai_qsUtter.hapax.en-y5.en-con-2	x-height	-2	0
qsDay_qsUtter.half.en-y0.ex-y5	qsJai_qsUtter.hapax.en-y5.ex-y5.en-con-2	x-height	-2	0
qsDay_qsUtter.half.en-y0.ex-y5	qsJai_qsUtter.hapax.en-y5.ex-y5.en-con-2.ex-ext-1	x-height	-2	0
qsDay_qsUtter.half.en-y0.ex-y5	qsMay.grounded-loop.en-y5.ex-y0	x-height	0	0
qsDay_qsUtter.half.en-y0.ex-y5	qsMay.loop.en-y5	x-height	0	0
qsDay_qsUtter.half.en-y0.ex-y5	qsNo.loop.en-y5	x-height	0	0
qsDay_qsUtter.half.en-y0.ex-y5	qsNo.loop.en-y5.ex-y5	x-height	0	0
qsDay_qsUtter.half.en-y0.ex-y5	qsNo.loop.en-y5.ex-y5.ex-ext-1	x-height	0	0
qsDay_qsUtter.half.en-y0.ex-y5	qsOx.hapax.en-y5	x-height	0	0
qsDay_qsUtter.half.en-y0.ex-y5	qsOx.hapax.en-y5.ex-y0	x-height	0	0
qsDay_qsUtter.half.en-y0.ex-y5	qsOy.hapax.en-y5	x-height	0	0
qsDay_qsUtter.half.en-y0.ex-y5	qsOy.hapax.en-y5.ex-y0	x-height	0	0
qsDay_qsUtter.half.en-y0.ex-y5	qsPea.full.en-y5	x-height	0	0
qsDay_qsUtter.half.en-y0.ex-y5	qsPea.full.en-y5.ex-y0	x-height	0	0
qsDay_qsUtter.half.en-y0.ex-y5	qsPea.half.en-y5.ex-y5	x-height	0	0
qsDay_qsUtter.half.en-y0.ex-y5	qsPea.half.en-y5.ex-y6	x-height	0	0
qsDay_qsUtter.half.en-y0.ex-y5	qsRoe.hapax.en-y5	x-height	0	0
qsDay_qsUtter.half.en-y0.ex-y5	qsRoe.hapax.en-y5.ex-y0	x-height	0	0
qsDay_qsUtter.half.en-y0.ex-y5	qsRoe.hapax.en-y5.ex-y0.ex-ext-1	x-height	0	0
qsDay_qsUtter.half.en-y0.ex-y5	qsUtter.alternate.en-y5.ex-y0	x-height	0	0
qsDay_qsUtter.half.en-y0.ex-y5.en-ext-1	qsAwe.hapax.en-y5	x-height	0	0
qsDay_qsUtter.half.en-y0.ex-y5.en-ext-1	qsAwe.hapax.en-y5.ex-y0	x-height	0	0
qsDay_qsUtter.half.en-y0.ex-y5.en-ext-1	qsDay.full.en-y5	x-height	0	0
qsDay_qsUtter.half.en-y0.ex-y5.en-ext-1	qsDay.full.en-y5.ex-y0	x-height	0	0
qsDay_qsUtter.half.en-y0.ex-y5.en-ext-1	qsDay_qsUtter.full.en-y5	x-height	0	0
qsDay_qsUtter.half.en-y0.ex-y5.en-ext-1	qsDay_qsUtter.full.en-y5.ex-y5	x-height	0	0
qsDay_qsUtter.half.en-y0.ex-y5.en-ext-1	qsDay_qsUtter.full.en-y5.ex-y5.ex-ext-1	x-height	0	0
qsDay_qsUtter.half.en-y0.ex-y5.en-ext-1	qsEight.normal-sized-loop.en-y5	x-height	0	0
qsDay_qsUtter.half.en-y0.ex-y5.en-ext-1	qsEight.normal-sized-loop.en-y5.ex-y0	x-height	0	0
qsDay_qsUtter.half.en-y0.ex-y5.en-ext-1	qsEight.smaller-loop.en-y5.ex-y0	x-height	0	0
qsDay_qsUtter.half.en-y0.ex-y5.en-ext-1	qsEt.hapax.en-y5	x-height	0	0
qsDay_qsUtter.half.en-y0.ex-y5.en-ext-1	qsEt.hapax.en-y5.ex-y0	x-height	0	0
qsDay_qsUtter.half.en-y0.ex-y5.en-ext-1	qsEt.hapax.en-y5.ex-y0.ex-con-1	x-height	0	0
qsDay_qsUtter.half.en-y0.ex-y5.en-ext-1	qsIt.hapax.en-y5	x-height	0	0
qsDay_qsUtter.half.en-y0.ex-y5.en-ext-1	qsIt.hapax.en-y5.ex-y0	x-height	0	0
qsDay_qsUtter.half.en-y0.ex-y5.en-ext-1	qsIt.hapax.en-y5.ex-y0.ex-ext-1	x-height	0	0
qsDay_qsUtter.half.en-y0.ex-y5.en-ext-1	qsJai.hapax.en-y5.en-con-2	x-height	-2	0
qsDay_qsUtter.half.en-y0.ex-y5.en-ext-1	qsJai.hapax.en-y5.ex-y0.en-con-2	x-height	-2	0
qsDay_qsUtter.half.en-y0.ex-y5.en-ext-1	qsJai.hapax.en-y5.ex-y0.en-con-2.ex-ext-1	x-height	-2	0
qsDay_qsUtter.half.en-y0.ex-y5.en-ext-1	qsJai_qsUtter.hapax.en-y5.en-con-2	x-height	-2	0
qsDay_qsUtter.half.en-y0.ex-y5.en-ext-1	qsJai_qsUtter.hapax.en-y5.ex-y5.en-con-2	x-height	-2	0
qsDay_qsUtter.half.en-y0.ex-y5.en-ext-1	qsJai_qsUtter.hapax.en-y5.ex-y5.en-con-2.ex-ext-1	x-height	-2	0
qsDay_qsUtter.half.en-y0.ex-y5.en-ext-1	qsMay.grounded-loop.en-y5.ex-y0	x-height	0	0
qsDay_qsUtter.half.en-y0.ex-y5.en-ext-1	qsMay.loop.en-y5	x-height	0	0
qsDay_qsUtter.half.en-y0.ex-y5.en-ext-1	qsNo.loop.en-y5	x-height	0	0
qsDay_qsUtter.half.en-y0.ex-y5.en-ext-1	qsNo.loop.en-y5.ex-y5	x-height	0	0
qsDay_qsUtter.half.en-y0.ex-y5.en-ext-1	qsNo.loop.en-y5.ex-y5.ex-ext-1	x-height	0	0
qsDay_qsUtter.half.en-y0.ex-y5.en-ext-1	qsOx.hapax.en-y5	x-height	0	0
qsDay_qsUtter.half.en-y0.ex-y5.en-ext-1	qsOx.hapax.en-y5.ex-y0	x-height	0	0
qsDay_qsUtter.half.en-y0.ex-y5.en-ext-1	qsOy.hapax.en-y5	x-height	0	0
qsDay_qsUtter.half.en-y0.ex-y5.en-ext-1	qsOy.hapax.en-y5.ex-y0	x-height	0	0
qsDay_qsUtter.half.en-y0.ex-y5.en-ext-1	qsPea.full.en-y5	x-height	0	0
qsDay_qsUtter.half.en-y0.ex-y5.en-ext-1	qsPea.full.en-y5.ex-y0	x-height	0	0
qsDay_qsUtter.half.en-y0.ex-y5.en-ext-1	qsPea.half.en-y5.ex-y5	x-height	0	0
qsDay_qsUtter.half.en-y0.ex-y5.en-ext-1	qsPea.half.en-y5.ex-y6	x-height	0	0
qsDay_qsUtter.half.en-y0.ex-y5.en-ext-1	qsRoe.hapax.en-y5	x-height	0	0
qsDay_qsUtter.half.en-y0.ex-y5.en-ext-1	qsRoe.hapax.en-y5.ex-y0	x-height	0	0
qsDay_qsUtter.half.en-y0.ex-y5.en-ext-1	qsRoe.hapax.en-y5.ex-y0.ex-ext-1	x-height	0	0
qsDay_qsUtter.half.en-y0.ex-y5.en-ext-1	qsUtter.alternate.en-y5.ex-y0	x-height	0	0
qsDay_qsUtter.half.en-y0.ex-y5.ex-ext-1	qsFee.reversed-loop.en-y5	x-height	1	0
qsEight.normal-sized-loop	qsAwe.hapax	break	0	0
qsEight.normal-sized-loop	qsAwe.hapax.ex-y0	break	0	0
qsEight.normal-sized-loop	qsEight.normal-sized-loop	break	0	0
qsEight.normal-sized-loop	qsEight.normal-sized-loop.ex-y0	break	0	0
qsEight.normal-sized-loop	qsEight.smaller-loop.ex-y0	break	0	0
qsEight.normal-sized-loop	qsEt.hapax	break	0	0
qsEight.normal-sized-loop	qsEt.hapax.ex-y0	break	0	0
qsEight.normal-sized-loop	qsEt.hapax.ex-y0.ex-con-1	break	0	0
qsEight.normal-sized-loop	qsFee.loop	break	0	0
qsEight.normal-sized-loop	qsFee.loop.ex-y5	break	0	0
qsEight.normal-sized-loop	qsFee.loop.ex-y5.ex-ext-1	break	0	0
qsEight.normal-sized-loop	qsFee.loop.ex-y5.ex-ext-3	break	0	0
qsEight.normal-sized-loop	qsIt.hapax	break	0	0
qsEight.normal-sized-loop	qsIt.hapax.ex-y0	break	0	0
qsEight.normal-sized-loop	qsJai.hapax	break	0	0
qsEight.normal-sized-loop	qsJai.hapax.ex-y0	break	0	0
qsEight.normal-sized-loop	qsJai.hapax.ex-y0.ex-ext-1	break	0	0
qsEight.normal-sized-loop	qsJai_qsUtter.hapax	break	0	0
qsEight.normal-sized-loop	qsJai_qsUtter.hapax.ex-y5	break	0	0
qsEight.normal-sized-loop	qsJai_qsUtter.hapax.ex-y5.ex-ext-1	break	0	0
qsEight.normal-sized-loop	qsNo.loop.ex-y5	break	0	0
qsEight.normal-sized-loop	qsOx.hapax	break	0	0
qsEight.normal-sized-loop	qsOx.hapax.ex-y0	break	0	0
qsEight.normal-sized-loop	qsOy.hapax	break	0	0
qsEight.normal-sized-loop	qsOy.hapax.ex-y0	break	0	0
qsEight.normal-sized-loop	qsPea.full	break	0	0
qsEight.normal-sized-loop	qsPea.full.ex-y0	break	0	0
qsEight.normal-sized-loop	qsPea.half.ex-y5	break	0	0
qsEight.normal-sized-loop	qsPea.half.ex-y6	break	0	0
qsEight.normal-sized-loop	qsSee.straighter.ex-y0	break	0	0
qsEight.normal-sized-loop	qsSee.straighter.ex-y0.ex-ext-2	break	0	0
qsEight.normal-sized-loop	qsSee_qsUtter.hapax	break	0	0
qsEight.normal-sized-loop	qsSee_qsUtter.hapax.ex-y5	break	0	0
qsEight.normal-sized-loop	qsSee_qsUtter.hapax.ex-y5.ex-ext-1	break	0	0
qsEight.normal-sized-loop	qsTea.full	break	0	0
qsEight.normal-sized-loop	qsTea.full.ex-y0	break	0	0
qsEight.normal-sized-loop	qsTea.half.ex-y5	break	0	0
qsEight.normal-sized-loop	qsTea_qsOy.hapax	break	0	0
qsEight.normal-sized-loop	qsTea_qsOy.hapax.ex-y0	break	0	0
qsEight.normal-sized-loop	qsUtter.alternate.ex-y0	break	0	0
qsEight.normal-sized-loop.en-y5	qsAwe.hapax	break	0	0
qsEight.normal-sized-loop.en-y5	qsAwe.hapax.ex-y0	break	0	0
qsEight.normal-sized-loop.en-y5	qsEight.normal-sized-loop	break	0	0
qsEight.normal-sized-loop.en-y5	qsEight.normal-sized-loop.ex-y0	break	0	0
qsEight.normal-sized-loop.en-y5	qsEight.smaller-loop.ex-y0	break	0	0
qsEight.normal-sized-loop.en-y5	qsEt.hapax	break	0	0
qsEight.normal-sized-loop.en-y5	qsEt.hapax.ex-y0	break	0	0
qsEight.normal-sized-loop.en-y5	qsEt.hapax.ex-y0.ex-con-1	break	0	0
qsEight.normal-sized-loop.en-y5	qsFee.loop	break	0	0
qsEight.normal-sized-loop.en-y5	qsFee.loop.ex-y5	break	0	0
qsEight.normal-sized-loop.en-y5	qsFee.loop.ex-y5.ex-ext-1	break	0	0
qsEight.normal-sized-loop.en-y5	qsFee.loop.ex-y5.ex-ext-3	break	0	0
qsEight.normal-sized-loop.en-y5	qsIt.hapax	break	0	0
qsEight.normal-sized-loop.en-y5	qsIt.hapax.ex-y0	break	0	0
qsEight.normal-sized-loop.en-y5	qsJai.hapax	break	0	0
qsEight.normal-sized-loop.en-y5	qsJai.hapax.ex-y0	break	0	0
qsEight.normal-sized-loop.en-y5	qsJai.hapax.ex-y0.ex-ext-1	break	0	0
qsEight.normal-sized-loop.en-y5	qsJai_qsUtter.hapax	break	0	0
qsEight.normal-sized-loop.en-y5	qsJai_qsUtter.hapax.ex-y5	break	0	0
qsEight.normal-sized-loop.en-y5	qsJai_qsUtter.hapax.ex-y5.ex-ext-1	break	0	0
qsEight.normal-sized-loop.en-y5	qsNo.loop.ex-y5	break	0	0
qsEight.normal-sized-loop.en-y5	qsOx.hapax	break	0	0
qsEight.normal-sized-loop.en-y5	qsOx.hapax.ex-y0	break	0	0
qsEight.normal-sized-loop.en-y5	qsOy.hapax	break	0	0
qsEight.normal-sized-loop.en-y5	qsOy.hapax.ex-y0	break	0	0
qsEight.normal-sized-loop.en-y5	qsPea.full	break	0	0
qsEight.normal-sized-loop.en-y5	qsPea.full.ex-y0	break	0	0
qsEight.normal-sized-loop.en-y5	qsPea.half.ex-y5	break	0	0
qsEight.normal-sized-loop.en-y5	qsPea.half.ex-y6	break	0	0
qsEight.normal-sized-loop.en-y5	qsSee.straighter.ex-y0	break	0	0
qsEight.normal-sized-loop.en-y5	qsSee.straighter.ex-y0.ex-ext-2	break	0	0
qsEight.normal-sized-loop.en-y5	qsSee_qsUtter.hapax	break	0	0
qsEight.normal-sized-loop.en-y5	qsSee_qsUtter.hapax.ex-y5	break	0	0
qsEight.normal-sized-loop.en-y5	qsSee_qsUtter.hapax.ex-y5.ex-ext-1	break	0	0
qsEight.normal-sized-loop.en-y5	qsTea.full	break	0	0
qsEight.normal-sized-loop.en-y5	qsTea.full.ex-y0	break	0	0
qsEight.normal-sized-loop.en-y5	qsTea.half.ex-y5	break	0	0
qsEight.normal-sized-loop.en-y5	qsTea_qsOy.hapax	break	0	0
qsEight.normal-sized-loop.en-y5	qsTea_qsOy.hapax.ex-y0	break	0	0
qsEight.normal-sized-loop.en-y5	qsUtter.alternate.ex-y0	break	0	0
qsEight.normal-sized-loop.en-y5.en-ext-1	qsAwe.hapax	break	0	0
qsEight.normal-sized-loop.en-y5.en-ext-1	qsAwe.hapax.ex-y0	break	0	0
qsEight.normal-sized-loop.en-y5.en-ext-1	qsEight.normal-sized-loop	break	0	0
qsEight.normal-sized-loop.en-y5.en-ext-1	qsEight.normal-sized-loop.ex-y0	break	0	0
qsEight.normal-sized-loop.en-y5.en-ext-1	qsEight.smaller-loop.ex-y0	break	0	0
qsEight.normal-sized-loop.en-y5.en-ext-1	qsEt.hapax	break	0	0
qsEight.normal-sized-loop.en-y5.en-ext-1	qsEt.hapax.ex-y0	break	0	0
qsEight.normal-sized-loop.en-y5.en-ext-1	qsEt.hapax.ex-y0.ex-con-1	break	0	0
qsEight.normal-sized-loop.en-y5.en-ext-1	qsFee.loop	break	0	0
qsEight.normal-sized-loop.en-y5.en-ext-1	qsFee.loop.ex-y5	break	0	0
qsEight.normal-sized-loop.en-y5.en-ext-1	qsFee.loop.ex-y5.ex-ext-1	break	0	0
qsEight.normal-sized-loop.en-y5.en-ext-1	qsFee.loop.ex-y5.ex-ext-3	break	0	0
qsEight.normal-sized-loop.en-y5.en-ext-1	qsIt.hapax	break	0	0
qsEight.normal-sized-loop.en-y5.en-ext-1	qsIt.hapax.ex-y0	break	0	0
qsEight.normal-sized-loop.en-y5.en-ext-1	qsJai.hapax	break	0	0
qsEight.normal-sized-loop.en-y5.en-ext-1	qsJai.hapax.ex-y0	break	0	0
qsEight.normal-sized-loop.en-y5.en-ext-1	qsJai.hapax.ex-y0.ex-ext-1	break	0	0
qsEight.normal-sized-loop.en-y5.en-ext-1	qsJai_qsUtter.hapax	break	0	0
qsEight.normal-sized-loop.en-y5.en-ext-1	qsJai_qsUtter.hapax.ex-y5	break	0	0
qsEight.normal-sized-loop.en-y5.en-ext-1	qsJai_qsUtter.hapax.ex-y5.ex-ext-1	break	0	0
qsEight.normal-sized-loop.en-y5.en-ext-1	qsNo.loop.ex-y5	break	0	0
qsEight.normal-sized-loop.en-y5.en-ext-1	qsOx.hapax	break	0	0
qsEight.normal-sized-loop.en-y5.en-ext-1	qsOx.hapax.ex-y0	break	0	0
qsEight.normal-sized-loop.en-y5.en-ext-1	qsOy.hapax	break	0	0
qsEight.normal-sized-loop.en-y5.en-ext-1	qsOy.hapax.ex-y0	break	0	0
qsEight.normal-sized-loop.en-y5.en-ext-1	qsPea.full	break	0	0
qsEight.normal-sized-loop.en-y5.en-ext-1	qsPea.full.ex-y0	break	0	0
qsEight.normal-sized-loop.en-y5.en-ext-1	qsPea.half.ex-y5	break	0	0
qsEight.normal-sized-loop.en-y5.en-ext-1	qsPea.half.ex-y6	break	0	0
qsEight.normal-sized-loop.en-y5.en-ext-1	qsSee.straighter.ex-y0	break	0	0
qsEight.normal-sized-loop.en-y5.en-ext-1	qsSee.straighter.ex-y0.ex-ext-2	break	0	0
qsEight.normal-sized-loop.en-y5.en-ext-1	qsSee_qsUtter.hapax	break	0	0
qsEight.normal-sized-loop.en-y5.en-ext-1	qsSee_qsUtter.hapax.ex-y5	break	0	0
qsEight.normal-sized-loop.en-y5.en-ext-1	qsSee_qsUtter.hapax.ex-y5.ex-ext-1	break	0	0
qsEight.normal-sized-loop.en-y5.en-ext-1	qsTea.full	break	0	0
qsEight.normal-sized-loop.en-y5.en-ext-1	qsTea.full.ex-y0	break	0	0
qsEight.normal-sized-loop.en-y5.en-ext-1	qsTea.half.ex-y5	break	0	0
qsEight.normal-sized-loop.en-y5.en-ext-1	qsTea_qsOy.hapax	break	0	0
qsEight.normal-sized-loop.en-y5.en-ext-1	qsTea_qsOy.hapax.ex-y0	break	0	0
qsEight.normal-sized-loop.en-y5.en-ext-1	qsUtter.alternate.ex-y0	break	0	0
qsEight.normal-sized-loop.en-y5.ex-y0	qsAh.hapax.en-y0	baseline	0	0
qsEight.normal-sized-loop.en-y5.ex-y0	qsAh.hapax.en-y0.ex-y5	baseline	0	0
qsEight.normal-sized-loop.en-y5.ex-y0	qsAh.hapax.en-y0.ex-y5.ex-ext-1	baseline	0	0
qsEight.normal-sized-loop.en-y5.ex-y0	qsDay.half.en-y0	baseline	0	0
qsEight.normal-sized-loop.en-y5.ex-y0	qsDay.half.en-y0.ex-y0	baseline	0	0
qsEight.normal-sized-loop.en-y5.ex-y0	qsDay_qsUtter.half.en-y0	baseline	0	0
qsEight.normal-sized-loop.en-y5.ex-y0	qsDay_qsUtter.half.en-y0.ex-y5	baseline	0	0
qsEight.normal-sized-loop.en-y5.ex-y0	qsDay_qsUtter.half.en-y0.ex-y5.ex-ext-1	baseline	0	0
qsEight.normal-sized-loop.en-y5.ex-y0	qsI.loop.en-y0	baseline	0	0
qsEight.normal-sized-loop.en-y5.ex-y0	qsI.loop.en-y0.ex-y5	baseline	0	0
qsEight.normal-sized-loop.en-y5.ex-y0	qsI.loop.en-y0.ex-y5.ex-ext-1	baseline	0	0
qsEight.normal-sized-loop.en-y5.ex-y0	qsLow.hapax.en-y0	baseline	0	0
qsEight.normal-sized-loop.en-y5.ex-y0	qsLow.hapax.en-y0.ex-y5	baseline	0	0
qsEight.normal-sized-loop.en-y5.ex-y0	qsLow.hapax.en-y0.ex-y5.ex-ext-1	baseline	0	0
qsEight.normal-sized-loop.en-y5.ex-y0	qsMay.loop.en-y0	baseline	0	0
qsEight.normal-sized-loop.en-y5.ex-y0	qsMay.loop.en-y0.ex-y5.ex-ext-1	baseline	0	0
qsEight.normal-sized-loop.en-y5.ex-y0	qsMay.loop.en-y0.ex-y5.ex-ext-2	baseline	0	0
qsEight.normal-sized-loop.en-y5.ex-y0	qsNo.flipped.en-y0	baseline	0	0
qsEight.normal-sized-loop.en-y5.ex-y0	qsNo.flipped.en-y0.ex-y0	baseline	0	0
qsEight.normal-sized-loop.en-y5.ex-y0	qsOut.normal.en-y0	baseline	0	0
qsEight.normal-sized-loop.en-y5.ex-y0	qsOut.swept-up.en-y0.ex-y5	baseline	0	0
qsEight.normal-sized-loop.en-y5.ex-y0	qsOut.swept-up.en-y0.ex-y5.ex-ext-1	baseline	0	0
qsEight.normal-sized-loop.en-y5.ex-y0	qsOut_qsTea.hapax.en-y0	baseline	0	0
qsEight.normal-sized-loop.en-y5.ex-y0	qsRoe.hapax.en-y0.en-ext-1	baseline	1	0
qsEight.normal-sized-loop.en-y5.ex-y0	qsRoe.hapax.en-y0.ex-y5.en-ext-1	baseline	1	0
qsEight.normal-sized-loop.en-y5.ex-y0	qsSee.curled-over.en-y0.ex-y6	baseline	0	0
qsEight.normal-sized-loop.en-y5.ex-y0	qsSee.normal.en-y0	baseline	0	0
qsEight.normal-sized-loop.en-y5.ex-y0	qsSee.normal.en-y0.ex-y8	baseline	0	0
qsEight.normal-sized-loop.en-y5.ex-y0	qsUtter.mono.en-y0	baseline	0	0
qsEight.normal-sized-loop.en-y5.ex-y0	qsUtter.mono.en-y0.ex-y5	baseline	0	0
qsEight.normal-sized-loop.en-y5.ex-y0	qsUtter.mono.en-y0.ex-y5.ex-ext-1	baseline	0	0
qsEight.normal-sized-loop.en-y5.ex-y0	qsVie.normal.en-y0	baseline	0	0
qsEight.normal-sized-loop.en-y5.ex-y0	qsVie.swept-out.en-y0.ex-y0	baseline	0	0
qsEight.normal-sized-loop.en-y5.ex-y0	qsVie_qsUtter.hapax.en-y0	baseline	0	0
qsEight.normal-sized-loop.en-y5.ex-y0	qsVie_qsUtter.hapax.en-y0.ex-y5	baseline	0	0
qsEight.normal-sized-loop.en-y5.ex-y0	qsVie_qsUtter.hapax.en-y0.ex-y5.ex-ext-1	baseline	0	0
qsEight.normal-sized-loop.en-y5.ex-y0.en-ext-1	qsAh.hapax.en-y0	baseline	0	0
qsEight.normal-sized-loop.en-y5.ex-y0.en-ext-1	qsAh.hapax.en-y0.ex-y5	baseline	0	0
qsEight.normal-sized-loop.en-y5.ex-y0.en-ext-1	qsAh.hapax.en-y0.ex-y5.ex-ext-1	baseline	0	0
qsEight.normal-sized-loop.en-y5.ex-y0.en-ext-1	qsDay.half.en-y0	baseline	0	0
qsEight.normal-sized-loop.en-y5.ex-y0.en-ext-1	qsDay.half.en-y0.ex-y0	baseline	0	0
qsEight.normal-sized-loop.en-y5.ex-y0.en-ext-1	qsDay_qsUtter.half.en-y0	baseline	0	0
qsEight.normal-sized-loop.en-y5.ex-y0.en-ext-1	qsDay_qsUtter.half.en-y0.ex-y5	baseline	0	0
qsEight.normal-sized-loop.en-y5.ex-y0.en-ext-1	qsDay_qsUtter.half.en-y0.ex-y5.ex-ext-1	baseline	0	0
qsEight.normal-sized-loop.en-y5.ex-y0.en-ext-1	qsI.loop.en-y0	baseline	0	0
qsEight.normal-sized-loop.en-y5.ex-y0.en-ext-1	qsI.loop.en-y0.ex-y5	baseline	0	0
qsEight.normal-sized-loop.en-y5.ex-y0.en-ext-1	qsI.loop.en-y0.ex-y5.ex-ext-1	baseline	0	0
qsEight.normal-sized-loop.en-y5.ex-y0.en-ext-1	qsLow.hapax.en-y0	baseline	0	0
qsEight.normal-sized-loop.en-y5.ex-y0.en-ext-1	qsLow.hapax.en-y0.ex-y5	baseline	0	0
qsEight.normal-sized-loop.en-y5.ex-y0.en-ext-1	qsLow.hapax.en-y0.ex-y5.ex-ext-1	baseline	0	0
qsEight.normal-sized-loop.en-y5.ex-y0.en-ext-1	qsMay.loop.en-y0	baseline	0	0
qsEight.normal-sized-loop.en-y5.ex-y0.en-ext-1	qsMay.loop.en-y0.ex-y5.ex-ext-1	baseline	0	0
qsEight.normal-sized-loop.en-y5.ex-y0.en-ext-1	qsMay.loop.en-y0.ex-y5.ex-ext-2	baseline	0	0
qsEight.normal-sized-loop.en-y5.ex-y0.en-ext-1	qsNo.flipped.en-y0	baseline	0	0
qsEight.normal-sized-loop.en-y5.ex-y0.en-ext-1	qsNo.flipped.en-y0.ex-y0	baseline	0	0
qsEight.normal-sized-loop.en-y5.ex-y0.en-ext-1	qsOut.normal.en-y0	baseline	0	0
qsEight.normal-sized-loop.en-y5.ex-y0.en-ext-1	qsOut.swept-up.en-y0.ex-y5	baseline	0	0
qsEight.normal-sized-loop.en-y5.ex-y0.en-ext-1	qsOut.swept-up.en-y0.ex-y5.ex-ext-1	baseline	0	0
qsEight.normal-sized-loop.en-y5.ex-y0.en-ext-1	qsOut_qsTea.hapax.en-y0	baseline	0	0
qsEight.normal-sized-loop.en-y5.ex-y0.en-ext-1	qsRoe.hapax.en-y0.en-ext-1	baseline	1	0
qsEight.normal-sized-loop.en-y5.ex-y0.en-ext-1	qsRoe.hapax.en-y0.ex-y5.en-ext-1	baseline	1	0
qsEight.normal-sized-loop.en-y5.ex-y0.en-ext-1	qsSee.curled-over.en-y0.ex-y6	baseline	0	0
qsEight.normal-sized-loop.en-y5.ex-y0.en-ext-1	qsSee.normal.en-y0	baseline	0	0
qsEight.normal-sized-loop.en-y5.ex-y0.en-ext-1	qsSee.normal.en-y0.ex-y8	baseline	0	0
qsEight.normal-sized-loop.en-y5.ex-y0.en-ext-1	qsUtter.mono.en-y0	baseline	0	0
qsEight.normal-sized-loop.en-y5.ex-y0.en-ext-1	qsUtter.mono.en-y0.ex-y5	baseline	0	0
qsEight.normal-sized-loop.en-y5.ex-y0.en-ext-1	qsUtter.mono.en-y0.ex-y5.ex-ext-1	baseline	0	0
qsEight.normal-sized-loop.en-y5.ex-y0.en-ext-1	qsVie.normal.en-y0	baseline	0	0
qsEight.normal-sized-loop.en-y5.ex-y0.en-ext-1	qsVie.swept-out.en-y0.ex-y0	baseline	0	0
qsEight.normal-sized-loop.en-y5.ex-y0.en-ext-1	qsVie_qsUtter.hapax.en-y0	baseline	0	0
qsEight.normal-sized-loop.en-y5.ex-y0.en-ext-1	qsVie_qsUtter.hapax.en-y0.ex-y5	baseline	0	0
qsEight.normal-sized-loop.en-y5.ex-y0.en-ext-1	qsVie_qsUtter.hapax.en-y0.ex-y5.ex-ext-1	baseline	0	0
qsEight.normal-sized-loop.ex-y0	qsAh.hapax.en-y0	baseline	0	0
qsEight.normal-sized-loop.ex-y0	qsAh.hapax.en-y0.ex-y5	baseline	0	0
qsEight.normal-sized-loop.ex-y0	qsAh.hapax.en-y0.ex-y5.ex-ext-1	baseline	0	0
qsEight.normal-sized-loop.ex-y0	qsDay.half.en-y0	baseline	0	0
qsEight.normal-sized-loop.ex-y0	qsDay.half.en-y0.ex-y0	baseline	0	0
qsEight.normal-sized-loop.ex-y0	qsDay_qsUtter.half.en-y0	baseline	0	0
qsEight.normal-sized-loop.ex-y0	qsDay_qsUtter.half.en-y0.ex-y5	baseline	0	0
qsEight.normal-sized-loop.ex-y0	qsDay_qsUtter.half.en-y0.ex-y5.ex-ext-1	baseline	0	0
qsEight.normal-sized-loop.ex-y0	qsI.loop.en-y0	baseline	0	0
qsEight.normal-sized-loop.ex-y0	qsI.loop.en-y0.ex-y5	baseline	0	0
qsEight.normal-sized-loop.ex-y0	qsI.loop.en-y0.ex-y5.ex-ext-1	baseline	0	0
qsEight.normal-sized-loop.ex-y0	qsLow.hapax.en-y0	baseline	0	0
qsEight.normal-sized-loop.ex-y0	qsLow.hapax.en-y0.ex-y5	baseline	0	0
qsEight.normal-sized-loop.ex-y0	qsLow.hapax.en-y0.ex-y5.ex-ext-1	baseline	0	0
qsEight.normal-sized-loop.ex-y0	qsMay.loop.en-y0	baseline	0	0
qsEight.normal-sized-loop.ex-y0	qsMay.loop.en-y0.ex-y5.ex-ext-1	baseline	0	0
qsEight.normal-sized-loop.ex-y0	qsMay.loop.en-y0.ex-y5.ex-ext-2	baseline	0	0
qsEight.normal-sized-loop.ex-y0	qsNo.flipped.en-y0	baseline	0	0
qsEight.normal-sized-loop.ex-y0	qsNo.flipped.en-y0.ex-y0	baseline	0	0
qsEight.normal-sized-loop.ex-y0	qsOut.normal.en-y0	baseline	0	0
qsEight.normal-sized-loop.ex-y0	qsOut.swept-up.en-y0.ex-y5	baseline	0	0
qsEight.normal-sized-loop.ex-y0	qsOut.swept-up.en-y0.ex-y5.ex-ext-1	baseline	0	0
qsEight.normal-sized-loop.ex-y0	qsOut_qsTea.hapax.en-y0	baseline	0	0
qsEight.normal-sized-loop.ex-y0	qsRoe.hapax.en-y0.en-ext-1	baseline	1	0
qsEight.normal-sized-loop.ex-y0	qsRoe.hapax.en-y0.ex-y5.en-ext-1	baseline	1	0
qsEight.normal-sized-loop.ex-y0	qsSee.curled-over.en-y0.ex-y6	baseline	0	0
qsEight.normal-sized-loop.ex-y0	qsSee.normal.en-y0	baseline	0	0
qsEight.normal-sized-loop.ex-y0	qsSee.normal.en-y0.ex-y8	baseline	0	0
qsEight.normal-sized-loop.ex-y0	qsUtter.mono.en-y0	baseline	0	0
qsEight.normal-sized-loop.ex-y0	qsUtter.mono.en-y0.ex-y5	baseline	0	0
qsEight.normal-sized-loop.ex-y0	qsUtter.mono.en-y0.ex-y5.ex-ext-1	baseline	0	0
qsEight.normal-sized-loop.ex-y0	qsVie.normal.en-y0	baseline	0	0
qsEight.normal-sized-loop.ex-y0	qsVie.swept-out.en-y0.ex-y0	baseline	0	0
qsEight.normal-sized-loop.ex-y0	qsVie_qsUtter.hapax.en-y0	baseline	0	0
qsEight.normal-sized-loop.ex-y0	qsVie_qsUtter.hapax.en-y0.ex-y5	baseline	0	0
qsEight.normal-sized-loop.ex-y0	qsVie_qsUtter.hapax.en-y0.ex-y5.ex-ext-1	baseline	0	0
qsEight.normal-sized-loop.ex-y0.locked	qsAh.hapax.en-y0	baseline	0	0
qsEight.normal-sized-loop.ex-y0.locked	qsAh.hapax.en-y0.ex-y5	baseline	0	0
qsEight.normal-sized-loop.ex-y0.locked	qsAh.hapax.en-y0.ex-y5.ex-ext-1	baseline	0	0
qsEight.normal-sized-loop.ex-y0.locked	qsDay.half.en-y0	baseline	0	0
qsEight.normal-sized-loop.ex-y0.locked	qsDay.half.en-y0.ex-y0	baseline	0	0
qsEight.normal-sized-loop.ex-y0.locked	qsDay_qsUtter.half.en-y0	baseline	0	0
qsEight.normal-sized-loop.ex-y0.locked	qsDay_qsUtter.half.en-y0.ex-y5	baseline	0	0
qsEight.normal-sized-loop.ex-y0.locked	qsDay_qsUtter.half.en-y0.ex-y5.ex-ext-1	baseline	0	0
qsEight.normal-sized-loop.ex-y0.locked	qsI.loop.en-y0	baseline	0	0
qsEight.normal-sized-loop.ex-y0.locked	qsI.loop.en-y0.ex-y5	baseline	0	0
qsEight.normal-sized-loop.ex-y0.locked	qsI.loop.en-y0.ex-y5.ex-ext-1	baseline	0	0
qsEight.normal-sized-loop.ex-y0.locked	qsLow.hapax.en-y0	baseline	0	0
qsEight.normal-sized-loop.ex-y0.locked	qsLow.hapax.en-y0.ex-y5	baseline	0	0
qsEight.normal-sized-loop.ex-y0.locked	qsLow.hapax.en-y0.ex-y5.ex-ext-1	baseline	0	0
qsEight.normal-sized-loop.ex-y0.locked	qsMay.loop.en-y0	baseline	0	0
qsEight.normal-sized-loop.ex-y0.locked	qsMay.loop.en-y0.ex-y5.ex-ext-1	baseline	0	0
qsEight.normal-sized-loop.ex-y0.locked	qsMay.loop.en-y0.ex-y5.ex-ext-2	baseline	0	0
qsEight.normal-sized-loop.ex-y0.locked	qsNo.flipped.en-y0	baseline	0	0
qsEight.normal-sized-loop.ex-y0.locked	qsNo.flipped.en-y0.ex-y0	baseline	0	0
qsEight.normal-sized-loop.ex-y0.locked	qsOut.normal.en-y0	baseline	0	0
qsEight.normal-sized-loop.ex-y0.locked	qsOut.swept-up.en-y0.ex-y5	baseline	0	0
qsEight.normal-sized-loop.ex-y0.locked	qsOut.swept-up.en-y0.ex-y5.ex-ext-1	baseline	0	0
qsEight.normal-sized-loop.ex-y0.locked	qsOut_qsTea.hapax.en-y0	baseline	0	0
qsEight.normal-sized-loop.ex-y0.locked	qsRoe.hapax.en-y0.en-ext-1	baseline	1	0
qsEight.normal-sized-loop.ex-y0.locked	qsRoe.hapax.en-y0.ex-y5.en-ext-1	baseline	1	0
qsEight.normal-sized-loop.ex-y0.locked	qsSee.curled-over.en-y0.ex-y6	baseline	0	0
qsEight.normal-sized-loop.ex-y0.locked	qsSee.normal.en-y0	baseline	0	0
qsEight.normal-sized-loop.ex-y0.locked	qsSee.normal.en-y0.ex-y8	baseline	0	0
qsEight.normal-sized-loop.ex-y0.locked	qsUtter.mono.en-y0	baseline	0	0
qsEight.normal-sized-loop.ex-y0.locked	qsUtter.mono.en-y0.ex-y5	baseline	0	0
qsEight.normal-sized-loop.ex-y0.locked	qsUtter.mono.en-y0.ex-y5.ex-ext-1	baseline	0	0
qsEight.normal-sized-loop.ex-y0.locked	qsVie.normal.en-y0	baseline	0	0
qsEight.normal-sized-loop.ex-y0.locked	qsVie.swept-out.en-y0.ex-y0	baseline	0	0
qsEight.normal-sized-loop.ex-y0.locked	qsVie_qsUtter.hapax.en-y0	baseline	0	0
qsEight.normal-sized-loop.ex-y0.locked	qsVie_qsUtter.hapax.en-y0.ex-y5	baseline	0	0
qsEight.normal-sized-loop.ex-y0.locked	qsVie_qsUtter.hapax.en-y0.ex-y5.ex-ext-1	baseline	0	0
qsEight.normal-sized-loop.locked	qsAwe.hapax	break	0	0
qsEight.normal-sized-loop.locked	qsAwe.hapax.ex-y0	break	0	0
qsEight.normal-sized-loop.locked	qsEight.normal-sized-loop	break	0	0
qsEight.normal-sized-loop.locked	qsEight.normal-sized-loop.ex-y0	break	0	0
qsEight.normal-sized-loop.locked	qsEight.smaller-loop.ex-y0	break	0	0
qsEight.normal-sized-loop.locked	qsEt.hapax	break	0	0
qsEight.normal-sized-loop.locked	qsEt.hapax.ex-y0	break	0	0
qsEight.normal-sized-loop.locked	qsEt.hapax.ex-y0.ex-con-1	break	0	0
qsEight.normal-sized-loop.locked	qsFee.loop	break	0	0
qsEight.normal-sized-loop.locked	qsFee.loop.ex-y5	break	0	0
qsEight.normal-sized-loop.locked	qsFee.loop.ex-y5.ex-ext-1	break	0	0
qsEight.normal-sized-loop.locked	qsFee.loop.ex-y5.ex-ext-3	break	0	0
qsEight.normal-sized-loop.locked	qsIt.hapax	break	0	0
qsEight.normal-sized-loop.locked	qsIt.hapax.ex-y0	break	0	0
qsEight.normal-sized-loop.locked	qsJai.hapax	break	0	0
qsEight.normal-sized-loop.locked	qsJai.hapax.ex-y0	break	0	0
qsEight.normal-sized-loop.locked	qsJai.hapax.ex-y0.ex-ext-1	break	0	0
qsEight.normal-sized-loop.locked	qsJai_qsUtter.hapax	break	0	0
qsEight.normal-sized-loop.locked	qsJai_qsUtter.hapax.ex-y5	break	0	0
qsEight.normal-sized-loop.locked	qsJai_qsUtter.hapax.ex-y5.ex-ext-1	break	0	0
qsEight.normal-sized-loop.locked	qsNo.loop.ex-y5	break	0	0
qsEight.normal-sized-loop.locked	qsOx.hapax	break	0	0
qsEight.normal-sized-loop.locked	qsOx.hapax.ex-y0	break	0	0
qsEight.normal-sized-loop.locked	qsOy.hapax	break	0	0
qsEight.normal-sized-loop.locked	qsOy.hapax.ex-y0	break	0	0
qsEight.normal-sized-loop.locked	qsPea.full	break	0	0
qsEight.normal-sized-loop.locked	qsPea.full.ex-y0	break	0	0
qsEight.normal-sized-loop.locked	qsPea.half.ex-y5	break	0	0
qsEight.normal-sized-loop.locked	qsPea.half.ex-y6	break	0	0
qsEight.normal-sized-loop.locked	qsSee.straighter.ex-y0	break	0	0
qsEight.normal-sized-loop.locked	qsSee.straighter.ex-y0.ex-ext-2	break	0	0
qsEight.normal-sized-loop.locked	qsSee_qsUtter.hapax	break	0	0
qsEight.normal-sized-loop.locked	qsSee_qsUtter.hapax.ex-y5	break	0	0
qsEight.normal-sized-loop.locked	qsSee_qsUtter.hapax.ex-y5.ex-ext-1	break	0	0
qsEight.normal-sized-loop.locked	qsTea.full	break	0	0
qsEight.normal-sized-loop.locked	qsTea.full.ex-y0	break	0	0
qsEight.normal-sized-loop.locked	qsTea.half.ex-y5	break	0	0
qsEight.normal-sized-loop.locked	qsTea_qsOy.hapax	break	0	0
qsEight.normal-sized-loop.locked	qsTea_qsOy.hapax.ex-y0	break	0	0
qsEight.normal-sized-loop.locked	qsUtter.alternate.ex-y0	break	0	0
qsEight.smaller-loop.en-y5.ex-y0	qsIt.hapax.en-y0	baseline	0	0
qsEight.smaller-loop.en-y5.ex-y0	qsIt.hapax.en-y0.ex-y5	baseline	0	0
qsEight.smaller-loop.en-y5.ex-y0	qsIt.hapax.en-y0.ex-y5.ex-ext-1	baseline	0	0
qsEight.smaller-loop.en-y5.ex-y0	qsTea.full.en-y0	baseline	0	0
qsEight.smaller-loop.en-y5.ex-y0.en-ext-1	qsIt.hapax.en-y0	baseline	0	0
qsEight.smaller-loop.en-y5.ex-y0.en-ext-1	qsIt.hapax.en-y0.ex-y5	baseline	0	0
qsEight.smaller-loop.en-y5.ex-y0.en-ext-1	qsIt.hapax.en-y0.ex-y5.ex-ext-1	baseline	0	0
qsEight.smaller-loop.en-y5.ex-y0.en-ext-1	qsTea.full.en-y0	baseline	0	0
qsEight.smaller-loop.ex-y0	qsIt.hapax.en-y0	baseline	0	0
qsEight.smaller-loop.ex-y0	qsIt.hapax.en-y0.ex-y5	baseline	0	0
qsEight.smaller-loop.ex-y0	qsIt.hapax.en-y0.ex-y5.ex-ext-1	baseline	0	0
qsEight.smaller-loop.ex-y0	qsTea.full.en-y0	baseline	0	0
qsEight.smaller-loop.ex-y0.locked	qsIt.hapax.en-y0	baseline	0	0
qsEight.smaller-loop.ex-y0.locked	qsIt.hapax.en-y0.ex-y5	baseline	0	0
qsEight.smaller-loop.ex-y0.locked	qsIt.hapax.en-y0.ex-y5.ex-ext-1	baseline	0	0
qsEight.smaller-loop.ex-y0.locked	qsTea.full.en-y0	baseline	0	0
qsEt.hapax	qsAwe.hapax	break	0	0
qsEt.hapax	qsAwe.hapax.ex-y0	break	0	0
qsEt.hapax	qsEight.normal-sized-loop	break	0	0
qsEt.hapax	qsEight.normal-sized-loop.ex-y0	break	0	0
qsEt.hapax	qsEight.smaller-loop.ex-y0	break	0	0
qsEt.hapax	qsEt.hapax	break	0	0
qsEt.hapax	qsEt.hapax.ex-y0	break	0	0
qsEt.hapax	qsEt.hapax.ex-y0.ex-con-1	break	0	0
qsEt.hapax	qsFee.loop	break	0	0
qsEt.hapax	qsFee.loop.ex-y5	break	0	0
qsEt.hapax	qsFee.loop.ex-y5.ex-ext-1	break	0	0
qsEt.hapax	qsFee.loop.ex-y5.ex-ext-3	break	0	0
qsEt.hapax	qsJai.hapax	break	0	0
qsEt.hapax	qsJai.hapax.ex-y0	break	0	0
qsEt.hapax	qsJai.hapax.ex-y0.ex-ext-1	break	0	0
qsEt.hapax	qsJai_qsUtter.hapax	break	0	0
qsEt.hapax	qsJai_qsUtter.hapax.ex-y5	break	0	0
qsEt.hapax	qsJai_qsUtter.hapax.ex-y5.ex-ext-1	break	0	0
qsEt.hapax	qsNo.loop.ex-y5	break	0	0
qsEt.hapax	qsOx.hapax	break	0	0
qsEt.hapax	qsOx.hapax.ex-y0	break	0	0
qsEt.hapax	qsOy.hapax	break	0	0
qsEt.hapax	qsOy.hapax.ex-y0	break	0	0
qsEt.hapax	qsPea.half.ex-y5	break	0	0
qsEt.hapax	qsPea.half.ex-y6	break	0	0
qsEt.hapax	qsSee.straighter.ex-y0	break	0	0
qsEt.hapax	qsSee.straighter.ex-y0.ex-ext-2	break	0	0
qsEt.hapax	qsSee_qsUtter.hapax	break	0	0
qsEt.hapax	qsSee_qsUtter.hapax.ex-y5	break	0	0
qsEt.hapax	qsSee_qsUtter.hapax.ex-y5.ex-ext-1	break	0	0
qsEt.hapax	qsTea_qsOy.hapax	break	0	0
qsEt.hapax	qsTea_qsOy.hapax.ex-y0	break	0	0
qsEt.hapax	qsUtter.alternate.ex-y0	break	0	0
qsEt.hapax.en-y5	qsAwe.hapax	break	0	0
qsEt.hapax.en-y5	qsAwe.hapax.ex-y0	break	0	0
qsEt.hapax.en-y5	qsEight.normal-sized-loop	break	0	0
qsEt.hapax.en-y5	qsEight.normal-sized-loop.ex-y0	break	0	0
qsEt.hapax.en-y5	qsEight.smaller-loop.ex-y0	break	0	0
qsEt.hapax.en-y5	qsEt.hapax	break	0	0
qsEt.hapax.en-y5	qsEt.hapax.ex-y0	break	0	0
qsEt.hapax.en-y5	qsEt.hapax.ex-y0.ex-con-1	break	0	0
qsEt.hapax.en-y5	qsFee.loop	break	0	0
qsEt.hapax.en-y5	qsFee.loop.ex-y5	break	0	0
qsEt.hapax.en-y5	qsFee.loop.ex-y5.ex-ext-1	break	0	0
qsEt.hapax.en-y5	qsFee.loop.ex-y5.ex-ext-3	break	0	0
qsEt.hapax.en-y5	qsJai.hapax	break	0	0
qsEt.hapax.en-y5	qsJai.hapax.ex-y0	break	0	0
qsEt.hapax.en-y5	qsJai.hapax.ex-y0.ex-ext-1	break	0	0
qsEt.hapax.en-y5	qsJai_qsUtter.hapax	break	0	0
qsEt.hapax.en-y5	qsJai_qsUtter.hapax.ex-y5	break	0	0
qsEt.hapax.en-y5	qsJai_qsUtter.hapax.ex-y5.ex-ext-1	break	0	0
qsEt.hapax.en-y5	qsNo.loop.ex-y5	break	0	0
qsEt.hapax.en-y5	qsOx.hapax	break	0	0
qsEt.hapax.en-y5	qsOx.hapax.ex-y0	break	0	0
qsEt.hapax.en-y5	qsOy.hapax	break	0	0
qsEt.hapax.en-y5	qsOy.hapax.ex-y0	break	0	0
qsEt.hapax.en-y5	qsPea.half.ex-y5	break	0	0
qsEt.hapax.en-y5	qsPea.half.ex-y6	break	0	0
qsEt.hapax.en-y5	qsSee.straighter.ex-y0	break	0	0
qsEt.hapax.en-y5	qsSee.straighter.ex-y0.ex-ext-2	break	0	0
qsEt.hapax.en-y5	qsSee_qsUtter.hapax	break	0	0
qsEt.hapax.en-y5	qsSee_qsUtter.hapax.ex-y5	break	0	0
qsEt.hapax.en-y5	qsSee_qsUtter.hapax.ex-y5.ex-ext-1	break	0	0
qsEt.hapax.en-y5	qsTea_qsOy.hapax	break	0	0
qsEt.hapax.en-y5	qsTea_qsOy.hapax.ex-y0	break	0	0
qsEt.hapax.en-y5	qsUtter.alternate.ex-y0	break	0	0
qsEt.hapax.en-y5.en-ext-1	qsAwe.hapax	break	0	0
qsEt.hapax.en-y5.en-ext-1	qsAwe.hapax.ex-y0	break	0	0
qsEt.hapax.en-y5.en-ext-1	qsEight.normal-sized-loop	break	0	0
qsEt.hapax.en-y5.en-ext-1	qsEight.normal-sized-loop.ex-y0	break	0	0
qsEt.hapax.en-y5.en-ext-1	qsEight.smaller-loop.ex-y0	break	0	0
qsEt.hapax.en-y5.en-ext-1	qsEt.hapax	break	0	0
qsEt.hapax.en-y5.en-ext-1	qsEt.hapax.ex-y0	break	0	0
qsEt.hapax.en-y5.en-ext-1	qsEt.hapax.ex-y0.ex-con-1	break	0	0
qsEt.hapax.en-y5.en-ext-1	qsFee.loop	break	0	0
qsEt.hapax.en-y5.en-ext-1	qsFee.loop.ex-y5	break	0	0
qsEt.hapax.en-y5.en-ext-1	qsFee.loop.ex-y5.ex-ext-1	break	0	0
qsEt.hapax.en-y5.en-ext-1	qsFee.loop.ex-y5.ex-ext-3	break	0	0
qsEt.hapax.en-y5.en-ext-1	qsJai.hapax	break	0	0
qsEt.hapax.en-y5.en-ext-1	qsJai.hapax.ex-y0	break	0	0
qsEt.hapax.en-y5.en-ext-1	qsJai.hapax.ex-y0.ex-ext-1	break	0	0
qsEt.hapax.en-y5.en-ext-1	qsJai_qsUtter.hapax	break	0	0
qsEt.hapax.en-y5.en-ext-1	qsJai_qsUtter.hapax.ex-y5	break	0	0
qsEt.hapax.en-y5.en-ext-1	qsJai_qsUtter.hapax.ex-y5.ex-ext-1	break	0	0
qsEt.hapax.en-y5.en-ext-1	qsNo.loop.ex-y5	break	0	0
qsEt.hapax.en-y5.en-ext-1	qsOx.hapax	break	0	0
qsEt.hapax.en-y5.en-ext-1	qsOx.hapax.ex-y0	break	0	0
qsEt.hapax.en-y5.en-ext-1	qsOy.hapax	break	0	0
qsEt.hapax.en-y5.en-ext-1	qsOy.hapax.ex-y0	break	0	0
qsEt.hapax.en-y5.en-ext-1	qsPea.half.ex-y5	break	0	0
qsEt.hapax.en-y5.en-ext-1	qsPea.half.ex-y6	break	0	0
qsEt.hapax.en-y5.en-ext-1	qsSee.straighter.ex-y0	break	0	0
qsEt.hapax.en-y5.en-ext-1	qsSee.straighter.ex-y0.ex-ext-2	break	0	0
qsEt.hapax.en-y5.en-ext-1	qsSee_qsUtter.hapax	break	0	0
qsEt.hapax.en-y5.en-ext-1	qsSee_qsUtter.hapax.ex-y5	break	0	0
qsEt.hapax.en-y5.en-ext-1	qsSee_qsUtter.hapax.ex-y5.ex-ext-1	break	0	0
qsEt.hapax.en-y5.en-ext-1	qsTea_qsOy.hapax	break	0	0
qsEt.hapax.en-y5.en-ext-1	qsTea_qsOy.hapax.ex-y0	break	0	0
qsEt.hapax.en-y5.en-ext-1	qsUtter.alternate.ex-y0	break	0	0
qsEt.hapax.en-y5.ex-y0	qsAh.hapax.en-y0	baseline	0	0
qsEt.hapax.en-y5.ex-y0	qsAh.hapax.en-y0.ex-y5	baseline	0	0
qsEt.hapax.en-y5.ex-y0	qsAh.hapax.en-y0.ex-y5.ex-ext-1	baseline	0	0
qsEt.hapax.en-y5.ex-y0	qsDay.half.en-y0	baseline	0	0
qsEt.hapax.en-y5.ex-y0	qsDay.half.en-y0.ex-y0	baseline	0	0
qsEt.hapax.en-y5.ex-y0	qsDay_qsUtter.half.en-y0	baseline	0	0
qsEt.hapax.en-y5.ex-y0	qsDay_qsUtter.half.en-y0.ex-y5	baseline	0	0
qsEt.hapax.en-y5.ex-y0	qsDay_qsUtter.half.en-y0.ex-y5.ex-ext-1	baseline	0	0
qsEt.hapax.en-y5.ex-y0	qsI.loop.en-y0	baseline	0	0
qsEt.hapax.en-y5.ex-y0	qsI.loop.en-y0.ex-y5	baseline	0	0
qsEt.hapax.en-y5.ex-y0	qsI.loop.en-y0.ex-y5.ex-ext-1	baseline	0	0
qsEt.hapax.en-y5.ex-y0	qsIt.hapax.en-y0	baseline	0	0
qsEt.hapax.en-y5.ex-y0	qsIt.hapax.en-y0.ex-y5	baseline	0	0
qsEt.hapax.en-y5.ex-y0	qsIt.hapax.en-y0.ex-y5.ex-ext-1	baseline	0	0
qsEt.hapax.en-y5.ex-y0	qsLow.hapax.en-y0	baseline	0	0
qsEt.hapax.en-y5.ex-y0	qsLow.hapax.en-y0.ex-y5	baseline	0	0
qsEt.hapax.en-y5.ex-y0	qsLow.hapax.en-y0.ex-y5.ex-ext-1	baseline	0	0
qsEt.hapax.en-y5.ex-y0	qsNo.flipped.en-y0	baseline	0	0
qsEt.hapax.en-y5.ex-y0	qsNo.flipped.en-y0.ex-y0	baseline	0	0
qsEt.hapax.en-y5.ex-y0	qsOut.normal.en-y0	baseline	0	0
qsEt.hapax.en-y5.ex-y0	qsOut.swept-up.en-y0.ex-y5	baseline	0	0
qsEt.hapax.en-y5.ex-y0	qsOut.swept-up.en-y0.ex-y5.ex-ext-1	baseline	0	0
qsEt.hapax.en-y5.ex-y0	qsOut_qsTea.hapax.en-y0	baseline	0	0
qsEt.hapax.en-y5.ex-y0	qsPea.full.en-y0	baseline	0	0
qsEt.hapax.en-y5.ex-y0	qsRoe.hapax.en-y0	baseline	0	0
qsEt.hapax.en-y5.ex-y0	qsRoe.hapax.en-y0.ex-y5	baseline	0	0
qsEt.hapax.en-y5.ex-y0	qsSee.curled-over.en-y0.ex-y6	baseline	0	0
qsEt.hapax.en-y5.ex-y0	qsSee.normal.en-y0	baseline	0	0
qsEt.hapax.en-y5.ex-y0	qsSee.normal.en-y0.ex-y8	baseline	0	0
qsEt.hapax.en-y5.ex-y0	qsTea.full.en-y0	baseline	0	0
qsEt.hapax.en-y5.ex-y0	qsUtter.mono.en-y0	baseline	0	0
qsEt.hapax.en-y5.ex-y0	qsUtter.mono.en-y0.ex-y5	baseline	0	0
qsEt.hapax.en-y5.ex-y0	qsUtter.mono.en-y0.ex-y5.ex-ext-1	baseline	0	0
qsEt.hapax.en-y5.ex-y0	qsVie.normal.en-y0	baseline	0	0
qsEt.hapax.en-y5.ex-y0	qsVie.swept-out.en-y0.ex-y0	baseline	0	0
qsEt.hapax.en-y5.ex-y0	qsVie_qsUtter.hapax.en-y0	baseline	0	0
qsEt.hapax.en-y5.ex-y0	qsVie_qsUtter.hapax.en-y0.ex-y5	baseline	0	0
qsEt.hapax.en-y5.ex-y0	qsVie_qsUtter.hapax.en-y0.ex-y5.ex-ext-1	baseline	0	0
qsEt.hapax.en-y5.ex-y0.en-ext-1	qsAh.hapax.en-y0	baseline	0	0
qsEt.hapax.en-y5.ex-y0.en-ext-1	qsAh.hapax.en-y0.ex-y5	baseline	0	0
qsEt.hapax.en-y5.ex-y0.en-ext-1	qsAh.hapax.en-y0.ex-y5.ex-ext-1	baseline	0	0
qsEt.hapax.en-y5.ex-y0.en-ext-1	qsDay.half.en-y0	baseline	0	0
qsEt.hapax.en-y5.ex-y0.en-ext-1	qsDay.half.en-y0.ex-y0	baseline	0	0
qsEt.hapax.en-y5.ex-y0.en-ext-1	qsDay_qsUtter.half.en-y0	baseline	0	0
qsEt.hapax.en-y5.ex-y0.en-ext-1	qsDay_qsUtter.half.en-y0.ex-y5	baseline	0	0
qsEt.hapax.en-y5.ex-y0.en-ext-1	qsDay_qsUtter.half.en-y0.ex-y5.ex-ext-1	baseline	0	0
qsEt.hapax.en-y5.ex-y0.en-ext-1	qsI.loop.en-y0	baseline	0	0
qsEt.hapax.en-y5.ex-y0.en-ext-1	qsI.loop.en-y0.ex-y5	baseline	0	0
qsEt.hapax.en-y5.ex-y0.en-ext-1	qsI.loop.en-y0.ex-y5.ex-ext-1	baseline	0	0
qsEt.hapax.en-y5.ex-y0.en-ext-1	qsIt.hapax.en-y0	baseline	0	0
qsEt.hapax.en-y5.ex-y0.en-ext-1	qsIt.hapax.en-y0.ex-y5	baseline	0	0
qsEt.hapax.en-y5.ex-y0.en-ext-1	qsIt.hapax.en-y0.ex-y5.ex-ext-1	baseline	0	0
qsEt.hapax.en-y5.ex-y0.en-ext-1	qsLow.hapax.en-y0	baseline	0	0
qsEt.hapax.en-y5.ex-y0.en-ext-1	qsLow.hapax.en-y0.ex-y5	baseline	0	0
qsEt.hapax.en-y5.ex-y0.en-ext-1	qsLow.hapax.en-y0.ex-y5.ex-ext-1	baseline	0	0
qsEt.hapax.en-y5.ex-y0.en-ext-1	qsNo.flipped.en-y0	baseline	0	0
qsEt.hapax.en-y5.ex-y0.en-ext-1	qsNo.flipped.en-y0.ex-y0	baseline	0	0
qsEt.hapax.en-y5.ex-y0.en-ext-1	qsOut.normal.en-y0	baseline	0	0
qsEt.hapax.en-y5.ex-y0.en-ext-1	qsOut.swept-up.en-y0.ex-y5	baseline	0	0
qsEt.hapax.en-y5.ex-y0.en-ext-1	qsOut.swept-up.en-y0.ex-y5.ex-ext-1	baseline	0	0
qsEt.hapax.en-y5.ex-y0.en-ext-1	qsOut_qsTea.hapax.en-y0	baseline	0	0
qsEt.hapax.en-y5.ex-y0.en-ext-1	qsPea.full.en-y0	baseline	0	0
qsEt.hapax.en-y5.ex-y0.en-ext-1	qsRoe.hapax.en-y0	baseline	0	0
qsEt.hapax.en-y5.ex-y0.en-ext-1	qsRoe.hapax.en-y0.ex-y5	baseline	0	0
qsEt.hapax.en-y5.ex-y0.en-ext-1	qsSee.curled-over.en-y0.ex-y6	baseline	0	0
qsEt.hapax.en-y5.ex-y0.en-ext-1	qsSee.normal.en-y0	baseline	0	0
qsEt.hapax.en-y5.ex-y0.en-ext-1	qsSee.normal.en-y0.ex-y8	baseline	0	0
qsEt.hapax.en-y5.ex-y0.en-ext-1	qsTea.full.en-y0	baseline	0	0
qsEt.hapax.en-y5.ex-y0.en-ext-1	qsUtter.mono.en-y0	baseline	0	0
qsEt.hapax.en-y5.ex-y0.en-ext-1	qsUtter.mono.en-y0.ex-y5	baseline	0	0
qsEt.hapax.en-y5.ex-y0.en-ext-1	qsUtter.mono.en-y0.ex-y5.ex-ext-1	baseline	0	0
qsEt.hapax.en-y5.ex-y0.en-ext-1	qsVie.normal.en-y0	baseline	0	0
qsEt.hapax.en-y5.ex-y0.en-ext-1	qsVie.swept-out.en-y0.ex-y0	baseline	0	0
qsEt.hapax.en-y5.ex-y0.en-ext-1	qsVie_qsUtter.hapax.en-y0	baseline	0	0
qsEt.hapax.en-y5.ex-y0.en-ext-1	qsVie_qsUtter.hapax.en-y0.ex-y5	baseline	0	0
qsEt.hapax.en-y5.ex-y0.en-ext-1	qsVie_qsUtter.hapax.en-y0.ex-y5.ex-ext-1	baseline	0	0
qsEt.hapax.en-y5.ex-y0.en-ext-1.ex-con-1	qsMay.loop.en-y0	baseline	-1	0
qsEt.hapax.en-y5.ex-y0.en-ext-1.ex-con-1	qsMay.loop.en-y0.ex-y5.ex-ext-1	baseline	-1	0
qsEt.hapax.en-y5.ex-y0.en-ext-1.ex-con-1	qsMay.loop.en-y0.ex-y5.ex-ext-2	baseline	-1	0
qsEt.hapax.en-y5.ex-y0.ex-con-1	qsMay.loop.en-y0	baseline	-1	0
qsEt.hapax.en-y5.ex-y0.ex-con-1	qsMay.loop.en-y0.ex-y5.ex-ext-1	baseline	-1	0
qsEt.hapax.en-y5.ex-y0.ex-con-1	qsMay.loop.en-y0.ex-y5.ex-ext-2	baseline	-1	0
qsEt.hapax.ex-y0	qsAh.hapax.en-y0	baseline	0	0
qsEt.hapax.ex-y0	qsAh.hapax.en-y0.ex-y5	baseline	0	0
qsEt.hapax.ex-y0	qsAh.hapax.en-y0.ex-y5.ex-ext-1	baseline	0	0
qsEt.hapax.ex-y0	qsDay.half.en-y0	baseline	0	0
qsEt.hapax.ex-y0	qsDay.half.en-y0.ex-y0	baseline	0	0
qsEt.hapax.ex-y0	qsDay_qsUtter.half.en-y0	baseline	0	0
qsEt.hapax.ex-y0	qsDay_qsUtter.half.en-y0.ex-y5	baseline	0	0
qsEt.hapax.ex-y0	qsDay_qsUtter.half.en-y0.ex-y5.ex-ext-1	baseline	0	0
qsEt.hapax.ex-y0	qsI.loop.en-y0	baseline	0	0
qsEt.hapax.ex-y0	qsI.loop.en-y0.ex-y5	baseline	0	0
qsEt.hapax.ex-y0	qsI.loop.en-y0.ex-y5.ex-ext-1	baseline	0	0
qsEt.hapax.ex-y0	qsIt.hapax.en-y0	baseline	0	0
qsEt.hapax.ex-y0	qsIt.hapax.en-y0.ex-y5	baseline	0	0
qsEt.hapax.ex-y0	qsIt.hapax.en-y0.ex-y5.ex-ext-1	baseline	0	0
qsEt.hapax.ex-y0	qsLow.hapax.en-y0	baseline	0	0
qsEt.hapax.ex-y0	qsLow.hapax.en-y0.ex-y5	baseline	0	0
qsEt.hapax.ex-y0	qsLow.hapax.en-y0.ex-y5.ex-ext-1	baseline	0	0
qsEt.hapax.ex-y0	qsNo.flipped.en-y0	baseline	0	0
qsEt.hapax.ex-y0	qsNo.flipped.en-y0.ex-y0	baseline	0	0
qsEt.hapax.ex-y0	qsOut.normal.en-y0	baseline	0	0
qsEt.hapax.ex-y0	qsOut.swept-up.en-y0.ex-y5	baseline	0	0
qsEt.hapax.ex-y0	qsOut.swept-up.en-y0.ex-y5.ex-ext-1	baseline	0	0
qsEt.hapax.ex-y0	qsOut_qsTea.hapax.en-y0	baseline	0	0
qsEt.hapax.ex-y0	qsPea.full.en-y0	baseline	0	0
qsEt.hapax.ex-y0	qsRoe.hapax.en-y0	baseline	0	0
qsEt.hapax.ex-y0	qsRoe.hapax.en-y0.ex-y5	baseline	0	0
qsEt.hapax.ex-y0	qsSee.curled-over.en-y0.ex-y6	baseline	0	0
qsEt.hapax.ex-y0	qsSee.normal.en-y0	baseline	0	0
qsEt.hapax.ex-y0	qsSee.normal.en-y0.ex-y8	baseline	0	0
qsEt.hapax.ex-y0	qsTea.full.en-y0	baseline	0	0
qsEt.hapax.ex-y0	qsUtter.mono.en-y0	baseline	0	0
qsEt.hapax.ex-y0	qsUtter.mono.en-y0.ex-y5	baseline	0	0
qsEt.hapax.ex-y0	qsUtter.mono.en-y0.ex-y5.ex-ext-1	baseline	0	0
qsEt.hapax.ex-y0	qsVie.normal.en-y0	baseline	0	0
qsEt.hapax.ex-y0	qsVie.swept-out.en-y0.ex-y0	baseline	0	0
qsEt.hapax.ex-y0	qsVie_qsUtter.hapax.en-y0	baseline	0	0
qsEt.hapax.ex-y0	qsVie_qsUtter.hapax.en-y0.ex-y5	baseline	0	0
qsEt.hapax.ex-y0	qsVie_qsUtter.hapax.en-y0.ex-y5.ex-ext-1	baseline	0	0
qsEt.hapax.ex-y0.ex-con-1	qsMay.loop.en-y0	baseline	-1	0
qsEt.hapax.ex-y0.ex-con-1	qsMay.loop.en-y0.ex-y5.ex-ext-1	baseline	-1	0
qsEt.hapax.ex-y0.ex-con-1	qsMay.loop.en-y0.ex-y5.ex-ext-2	baseline	-1	0
qsEt.hapax.ex-y0.locked	qsAh.hapax.en-y0	baseline	0	0
qsEt.hapax.ex-y0.locked	qsAh.hapax.en-y0.ex-y5	baseline	0	0
qsEt.hapax.ex-y0.locked	qsAh.hapax.en-y0.ex-y5.ex-ext-1	baseline	0	0
qsEt.hapax.ex-y0.locked	qsDay.half.en-y0	baseline	0	0
qsEt.hapax.ex-y0.locked	qsDay.half.en-y0.ex-y0	baseline	0	0
qsEt.hapax.ex-y0.locked	qsDay_qsUtter.half.en-y0	baseline	0	0
qsEt.hapax.ex-y0.locked	qsDay_qsUtter.half.en-y0.ex-y5	baseline	0	0
qsEt.hapax.ex-y0.locked	qsDay_qsUtter.half.en-y0.ex-y5.ex-ext-1	baseline	0	0
qsEt.hapax.ex-y0.locked	qsI.loop.en-y0	baseline	0	0
qsEt.hapax.ex-y0.locked	qsI.loop.en-y0.ex-y5	baseline	0	0
qsEt.hapax.ex-y0.locked	qsI.loop.en-y0.ex-y5.ex-ext-1	baseline	0	0
qsEt.hapax.ex-y0.locked	qsIt.hapax.en-y0	baseline	0	0
qsEt.hapax.ex-y0.locked	qsIt.hapax.en-y0.ex-y5	baseline	0	0
qsEt.hapax.ex-y0.locked	qsIt.hapax.en-y0.ex-y5.ex-ext-1	baseline	0	0
qsEt.hapax.ex-y0.locked	qsLow.hapax.en-y0	baseline	0	0
qsEt.hapax.ex-y0.locked	qsLow.hapax.en-y0.ex-y5	baseline	0	0
qsEt.hapax.ex-y0.locked	qsLow.hapax.en-y0.ex-y5.ex-ext-1	baseline	0	0
qsEt.hapax.ex-y0.locked	qsNo.flipped.en-y0	baseline	0	0
qsEt.hapax.ex-y0.locked	qsNo.flipped.en-y0.ex-y0	baseline	0	0
qsEt.hapax.ex-y0.locked	qsOut.normal.en-y0	baseline	0	0
qsEt.hapax.ex-y0.locked	qsOut.swept-up.en-y0.ex-y5	baseline	0	0
qsEt.hapax.ex-y0.locked	qsOut.swept-up.en-y0.ex-y5.ex-ext-1	baseline	0	0
qsEt.hapax.ex-y0.locked	qsOut_qsTea.hapax.en-y0	baseline	0	0
qsEt.hapax.ex-y0.locked	qsPea.full.en-y0	baseline	0	0
qsEt.hapax.ex-y0.locked	qsRoe.hapax.en-y0	baseline	0	0
qsEt.hapax.ex-y0.locked	qsRoe.hapax.en-y0.ex-y5	baseline	0	0
qsEt.hapax.ex-y0.locked	qsSee.curled-over.en-y0.ex-y6	baseline	0	0
qsEt.hapax.ex-y0.locked	qsSee.normal.en-y0	baseline	0	0
qsEt.hapax.ex-y0.locked	qsSee.normal.en-y0.ex-y8	baseline	0	0
qsEt.hapax.ex-y0.locked	qsTea.full.en-y0	baseline	0	0
qsEt.hapax.ex-y0.locked	qsUtter.mono.en-y0	baseline	0	0
qsEt.hapax.ex-y0.locked	qsUtter.mono.en-y0.ex-y5	baseline	0	0
qsEt.hapax.ex-y0.locked	qsUtter.mono.en-y0.ex-y5.ex-ext-1	baseline	0	0
qsEt.hapax.ex-y0.locked	qsVie.normal.en-y0	baseline	0	0
qsEt.hapax.ex-y0.locked	qsVie.swept-out.en-y0.ex-y0	baseline	0	0
qsEt.hapax.ex-y0.locked	qsVie_qsUtter.hapax.en-y0	baseline	0	0
qsEt.hapax.ex-y0.locked	qsVie_qsUtter.hapax.en-y0.ex-y5	baseline	0	0
qsEt.hapax.ex-y0.locked	qsVie_qsUtter.hapax.en-y0.ex-y5.ex-ext-1	baseline	0	0
qsEt.hapax.ex-y0.locked.ex-con-1	qsMay.loop.en-y0	baseline	-1	0
qsEt.hapax.ex-y0.locked.ex-con-1	qsMay.loop.en-y0.ex-y5.ex-ext-1	baseline	-1	0
qsEt.hapax.ex-y0.locked.ex-con-1	qsMay.loop.en-y0.ex-y5.ex-ext-2	baseline	-1	0
qsEt.hapax.locked	qsAwe.hapax	break	0	0
qsEt.hapax.locked	qsAwe.hapax.ex-y0	break	0	0
qsEt.hapax.locked	qsEight.normal-sized-loop	break	0	0
qsEt.hapax.locked	qsEight.normal-sized-loop.ex-y0	break	0	0
qsEt.hapax.locked	qsEight.smaller-loop.ex-y0	break	0	0
qsEt.hapax.locked	qsEt.hapax	break	0	0
qsEt.hapax.locked	qsEt.hapax.ex-y0	break	0	0
qsEt.hapax.locked	qsEt.hapax.ex-y0.ex-con-1	break	0	0
qsEt.hapax.locked	qsFee.loop	break	0	0
qsEt.hapax.locked	qsFee.loop.ex-y5	break	0	0
qsEt.hapax.locked	qsFee.loop.ex-y5.ex-ext-1	break	0	0
qsEt.hapax.locked	qsFee.loop.ex-y5.ex-ext-3	break	0	0
qsEt.hapax.locked	qsJai.hapax	break	0	0
qsEt.hapax.locked	qsJai.hapax.ex-y0	break	0	0
qsEt.hapax.locked	qsJai.hapax.ex-y0.ex-ext-1	break	0	0
qsEt.hapax.locked	qsJai_qsUtter.hapax	break	0	0
qsEt.hapax.locked	qsJai_qsUtter.hapax.ex-y5	break	0	0
qsEt.hapax.locked	qsJai_qsUtter.hapax.ex-y5.ex-ext-1	break	0	0
qsEt.hapax.locked	qsNo.loop.ex-y5	break	0	0
qsEt.hapax.locked	qsOx.hapax	break	0	0
qsEt.hapax.locked	qsOx.hapax.ex-y0	break	0	0
qsEt.hapax.locked	qsOy.hapax	break	0	0
qsEt.hapax.locked	qsOy.hapax.ex-y0	break	0	0
qsEt.hapax.locked	qsPea.half.ex-y5	break	0	0
qsEt.hapax.locked	qsPea.half.ex-y6	break	0	0
qsEt.hapax.locked	qsSee.straighter.ex-y0	break	0	0
qsEt.hapax.locked	qsSee.straighter.ex-y0.ex-ext-2	break	0	0
qsEt.hapax.locked	qsSee_qsUtter.hapax	break	0	0
qsEt.hapax.locked	qsSee_qsUtter.hapax.ex-y5	break	0	0
qsEt.hapax.locked	qsSee_qsUtter.hapax.ex-y5.ex-ext-1	break	0	0
qsEt.hapax.locked	qsTea_qsOy.hapax	break	0	0
qsEt.hapax.locked	qsTea_qsOy.hapax.ex-y0	break	0	0
qsEt.hapax.locked	qsUtter.alternate.ex-y0	break	0	0
qsFee.loop	qsAh.hapax	break	0	0
qsFee.loop	qsAh.hapax.ex-y5	break	0	0
qsFee.loop	qsAh.hapax.ex-y5.ex-ext-1	break	0	0
qsFee.loop	qsFee.loop	break	0	0
qsFee.loop	qsFee.loop.ex-y5	break	0	0
qsFee.loop	qsFee.loop.ex-y5.ex-ext-1	break	0	0
qsFee.loop	qsFee.loop.ex-y5.ex-ext-3	break	0	0
qsFee.loop	qsI.loop	break	0	0
qsFee.loop	qsI.loop.ex-y5	break	0	0
qsFee.loop	qsI.loop.ex-y5.ex-ext-1	break	0	0
qsFee.loop	qsLow.hapax	break	0	0
qsFee.loop	qsLow.hapax.ex-y5	break	0	0
qsFee.loop	qsLow.hapax.ex-y5.ex-ext-1	break	0	0
qsFee.loop	qsOut.normal	break	0	0
qsFee.loop	qsOut.swept-up.ex-y5	break	0	0
qsFee.loop	qsOut.swept-up.ex-y5.ex-ext-1	break	0	0
qsFee.loop	qsOut_qsTea.hapax	break	0	0
qsFee.loop	qsPea.full	break	0	0
qsFee.loop	qsPea.full.ex-y0	break	0	0
qsFee.loop	qsPea.half.ex-y5	break	0	0
qsFee.loop	qsPea.half.ex-y6	break	0	0
qsFee.loop	qsRoe.hapax.ex-y5	break	0	0
qsFee.loop	qsSee.curled-over.ex-y6	break	0	0
qsFee.loop	qsSee.normal	break	0	0
qsFee.loop	qsSee.normal.ex-y8	break	0	0
qsFee.loop	qsSee.straighter.ex-y0	break	0	0
qsFee.loop	qsSee.straighter.ex-y0.ex-ext-2	break	0	0
qsFee.loop	qsSee_qsUtter.hapax	break	0	0
qsFee.loop	qsSee_qsUtter.hapax.ex-y5	break	0	0
qsFee.loop	qsSee_qsUtter.hapax.ex-y5.ex-ext-1	break	0	0
qsFee.loop	qsTea.full	break	0	0
qsFee.loop	qsTea.full.ex-y0	break	0	0
qsFee.loop	qsTea.half.ex-y5	break	0	0
qsFee.loop	qsTea_qsOy.hapax	break	0	0
qsFee.loop	qsTea_qsOy.hapax.ex-y0	break	0	0
qsFee.loop	qsUtter.mono	break	0	0
qsFee.loop	qsUtter.mono.ex-y5	break	0	0
qsFee.loop	qsUtter.mono.ex-y5.ex-ext-1	break	0	0
qsFee.loop	qsVie.normal	break	0	0
qsFee.loop	qsVie.swept-out.ex-y0	break	0	0
qsFee.loop	qsVie_qsUtter.hapax	break	0	0
qsFee.loop	qsVie_qsUtter.hapax.ex-y5	break	0	0
qsFee.loop	qsVie_qsUtter.hapax.ex-y5.ex-ext-1	break	0	0
qsFee.loop.en-y8	qsAh.hapax	break	0	0
qsFee.loop.en-y8	qsAh.hapax.ex-y5	break	0	0
qsFee.loop.en-y8	qsAh.hapax.ex-y5.ex-ext-1	break	0	0
qsFee.loop.en-y8	qsFee.loop	break	0	0
qsFee.loop.en-y8	qsFee.loop.ex-y5	break	0	0
qsFee.loop.en-y8	qsFee.loop.ex-y5.ex-ext-1	break	0	0
qsFee.loop.en-y8	qsFee.loop.ex-y5.ex-ext-3	break	0	0
qsFee.loop.en-y8	qsI.loop	break	0	0
qsFee.loop.en-y8	qsI.loop.ex-y5	break	0	0
qsFee.loop.en-y8	qsI.loop.ex-y5.ex-ext-1	break	0	0
qsFee.loop.en-y8	qsLow.hapax	break	0	0
qsFee.loop.en-y8	qsLow.hapax.ex-y5	break	0	0
qsFee.loop.en-y8	qsLow.hapax.ex-y5.ex-ext-1	break	0	0
qsFee.loop.en-y8	qsOut.normal	break	0	0
qsFee.loop.en-y8	qsOut.swept-up.ex-y5	break	0	0
qsFee.loop.en-y8	qsOut.swept-up.ex-y5.ex-ext-1	break	0	0
qsFee.loop.en-y8	qsOut_qsTea.hapax	break	0	0
qsFee.loop.en-y8	qsPea.full	break	0	0
qsFee.loop.en-y8	qsPea.full.ex-y0	break	0	0
qsFee.loop.en-y8	qsPea.half.ex-y5	break	0	0
qsFee.loop.en-y8	qsPea.half.ex-y6	break	0	0
qsFee.loop.en-y8	qsRoe.hapax.ex-y5	break	0	0
qsFee.loop.en-y8	qsSee.curled-over.ex-y6	break	0	0
qsFee.loop.en-y8	qsSee.normal	break	0	0
qsFee.loop.en-y8	qsSee.normal.ex-y8	break	0	0
qsFee.loop.en-y8	qsSee.straighter.ex-y0	break	0	0
qsFee.loop.en-y8	qsSee.straighter.ex-y0.ex-ext-2	break	0	0
qsFee.loop.en-y8	qsSee_qsUtter.hapax	break	0	0
qsFee.loop.en-y8	qsSee_qsUtter.hapax.ex-y5	break	0	0
qsFee.loop.en-y8	qsSee_qsUtter.hapax.ex-y5.ex-ext-1	break	0	0
qsFee.loop.en-y8	qsTea.full	break	0	0
qsFee.loop.en-y8	qsTea.full.ex-y0	break	0	0
qsFee.loop.en-y8	qsTea.half.ex-y5	break	0	0
qsFee.loop.en-y8	qsTea_qsOy.hapax	break	0	0
qsFee.loop.en-y8	qsTea_qsOy.hapax.ex-y0	break	0	0
qsFee.loop.en-y8	qsUtter.mono	break	0	0
qsFee.loop.en-y8	qsUtter.mono.ex-y5	break	0	0
qsFee.loop.en-y8	qsUtter.mono.ex-y5.ex-ext-1	break	0	0
qsFee.loop.en-y8	qsVie.normal	break	0	0
qsFee.loop.en-y8	qsVie.swept-out.ex-y0	break	0	0
qsFee.loop.en-y8	qsVie_qsUtter.hapax	break	0	0
qsFee.loop.en-y8	qsVie_qsUtter.hapax.ex-y5	break	0	0
qsFee.loop.en-y8	qsVie_qsUtter.hapax.ex-y5.ex-ext-1	break	0	0
qsFee.loop.en-y8.ex-y5	qsAwe.hapax.en-y5	x-height	0	0
qsFee.loop.en-y8.ex-y5	qsAwe.hapax.en-y5.ex-y0	x-height	0	0
qsFee.loop.en-y8.ex-y5	qsJai.hapax.en-y5	x-height	0	0
qsFee.loop.en-y8.ex-y5	qsJai.hapax.en-y5.ex-y0	x-height	0	0
qsFee.loop.en-y8.ex-y5	qsJai.hapax.en-y5.ex-y0.ex-ext-1	x-height	0	0
qsFee.loop.en-y8.ex-y5	qsJai_qsUtter.hapax.en-y5	x-height	0	0
qsFee.loop.en-y8.ex-y5	qsJai_qsUtter.hapax.en-y5.ex-y5	x-height	0	0
qsFee.loop.en-y8.ex-y5	qsJai_qsUtter.hapax.en-y5.ex-y5.ex-ext-1	x-height	0	0
qsFee.loop.en-y8.ex-y5	qsOx.hapax.en-y5	x-height	0	0
qsFee.loop.en-y8.ex-y5	qsOx.hapax.en-y5.ex-y0	x-height	0	0
qsFee.loop.en-y8.ex-y5	qsOy.hapax.en-y5	x-height	0	0
qsFee.loop.en-y8.ex-y5	qsOy.hapax.en-y5.ex-y0	x-height	0	0
qsFee.loop.en-y8.ex-y5	qsUtter.alternate.en-y5.ex-y0	x-height	0	0
qsFee.loop.en-y8.ex-y5.ex-ext-1	qsDay.full.en-y5	x-height	1	0
qsFee.loop.en-y8.ex-y5.ex-ext-1	qsDay.full.en-y5.ex-y0	x-height	1	0
qsFee.loop.en-y8.ex-y5.ex-ext-1	qsDay_qsUtter.full.en-y5	x-height	1	0
qsFee.loop.en-y8.ex-y5.ex-ext-1	qsDay_qsUtter.full.en-y5.ex-y5	x-height	1	0
qsFee.loop.en-y8.ex-y5.ex-ext-1	qsDay_qsUtter.full.en-y5.ex-y5.ex-ext-1	x-height	1	0
qsFee.loop.en-y8.ex-y5.ex-ext-1	qsEight.normal-sized-loop.en-y5	x-height	1	0
qsFee.loop.en-y8.ex-y5.ex-ext-1	qsEight.normal-sized-loop.en-y5.ex-y0	x-height	1	0
qsFee.loop.en-y8.ex-y5.ex-ext-1	qsEight.smaller-loop.en-y5.ex-y0	x-height	1	0
qsFee.loop.en-y8.ex-y5.ex-ext-1	qsEt.hapax.en-y5	x-height	1	0
qsFee.loop.en-y8.ex-y5.ex-ext-1	qsEt.hapax.en-y5.ex-y0	x-height	1	0
qsFee.loop.en-y8.ex-y5.ex-ext-1	qsEt.hapax.en-y5.ex-y0.ex-con-1	x-height	1	0
qsFee.loop.en-y8.ex-y5.ex-ext-1	qsIt.hapax.en-y5	x-height	1	0
qsFee.loop.en-y8.ex-y5.ex-ext-1	qsIt.hapax.en-y5.ex-y0	x-height	1	0
qsFee.loop.en-y8.ex-y5.ex-ext-1	qsIt.hapax.en-y5.ex-y0.ex-ext-1	x-height	1	0
qsFee.loop.en-y8.ex-y5.ex-ext-1	qsNo.loop.en-y5	x-height	1	0
qsFee.loop.en-y8.ex-y5.ex-ext-1	qsNo.loop.en-y5.ex-y5	x-height	1	0
qsFee.loop.en-y8.ex-y5.ex-ext-1	qsNo.loop.en-y5.ex-y5.ex-ext-1	x-height	1	0
qsFee.loop.en-y8.ex-y5.ex-ext-1	qsRoe.hapax.en-y5	x-height	1	0
qsFee.loop.en-y8.ex-y5.ex-ext-1	qsRoe.hapax.en-y5.ex-y0	x-height	1	0
qsFee.loop.en-y8.ex-y5.ex-ext-1	qsRoe.hapax.en-y5.ex-y0.ex-ext-1	x-height	1	0
qsFee.loop.en-y8.ex-y5.ex-ext-3	qsMay.loop.en-y5	x-height	3	0
qsFee.loop.ex-y5	qsAwe.hapax.en-y5	x-height	0	0
qsFee.loop.ex-y5	qsAwe.hapax.en-y5.ex-y0	x-height	0	0
qsFee.loop.ex-y5	qsJai.hapax.en-y5	x-height	0	0
qsFee.loop.ex-y5	qsJai.hapax.en-y5.ex-y0	x-height	0	0
qsFee.loop.ex-y5	qsJai.hapax.en-y5.ex-y0.ex-ext-1	x-height	0	0
qsFee.loop.ex-y5	qsJai_qsUtter.hapax.en-y5	x-height	0	0
qsFee.loop.ex-y5	qsJai_qsUtter.hapax.en-y5.ex-y5	x-height	0	0
qsFee.loop.ex-y5	qsJai_qsUtter.hapax.en-y5.ex-y5.ex-ext-1	x-height	0	0
qsFee.loop.ex-y5	qsOx.hapax.en-y5	x-height	0	0
qsFee.loop.ex-y5	qsOx.hapax.en-y5.ex-y0	x-height	0	0
qsFee.loop.ex-y5	qsOy.hapax.en-y5	x-height	0	0
qsFee.loop.ex-y5	qsOy.hapax.en-y5.ex-y0	x-height	0	0
qsFee.loop.ex-y5	qsUtter.alternate.en-y5.ex-y0	x-height	0	0
qsFee.loop.ex-y5.ex-ext-1	qsDay.full.en-y5	x-height	1	0
qsFee.loop.ex-y5.ex-ext-1	qsDay.full.en-y5.ex-y0	x-height	1	0
qsFee.loop.ex-y5.ex-ext-1	qsDay_qsUtter.full.en-y5	x-height	1	0
qsFee.loop.ex-y5.ex-ext-1	qsDay_qsUtter.full.en-y5.ex-y5	x-height	1	0
qsFee.loop.ex-y5.ex-ext-1	qsDay_qsUtter.full.en-y5.ex-y5.ex-ext-1	x-height	1	0
qsFee.loop.ex-y5.ex-ext-1	qsEight.normal-sized-loop.en-y5	x-height	1	0
qsFee.loop.ex-y5.ex-ext-1	qsEight.normal-sized-loop.en-y5.ex-y0	x-height	1	0
qsFee.loop.ex-y5.ex-ext-1	qsEight.smaller-loop.en-y5.ex-y0	x-height	1	0
qsFee.loop.ex-y5.ex-ext-1	qsEt.hapax.en-y5	x-height	1	0
qsFee.loop.ex-y5.ex-ext-1	qsEt.hapax.en-y5.ex-y0	x-height	1	0
qsFee.loop.ex-y5.ex-ext-1	qsEt.hapax.en-y5.ex-y0.ex-con-1	x-height	1	0
qsFee.loop.ex-y5.ex-ext-1	qsIt.hapax.en-y5	x-height	1	0
qsFee.loop.ex-y5.ex-ext-1	qsIt.hapax.en-y5.ex-y0	x-height	1	0
qsFee.loop.ex-y5.ex-ext-1	qsIt.hapax.en-y5.ex-y0.ex-ext-1	x-height	1	0
qsFee.loop.ex-y5.ex-ext-1	qsNo.loop.en-y5	x-height	1	0
qsFee.loop.ex-y5.ex-ext-1	qsNo.loop.en-y5.ex-y5	x-height	1	0
qsFee.loop.ex-y5.ex-ext-1	qsNo.loop.en-y5.ex-y5.ex-ext-1	x-height	1	0
qsFee.loop.ex-y5.ex-ext-1	qsRoe.hapax.en-y5	x-height	1	0
qsFee.loop.ex-y5.ex-ext-1	qsRoe.hapax.en-y5.ex-y0	x-height	1	0
qsFee.loop.ex-y5.ex-ext-1	qsRoe.hapax.en-y5.ex-y0.ex-ext-1	x-height	1	0
qsFee.loop.ex-y5.ex-ext-3	qsMay.loop.en-y5	x-height	3	0
qsFee.loop.ex-y5.locked	qsAwe.hapax.en-y5	x-height	0	0
qsFee.loop.ex-y5.locked	qsAwe.hapax.en-y5.ex-y0	x-height	0	0
qsFee.loop.ex-y5.locked	qsJai.hapax.en-y5	x-height	0	0
qsFee.loop.ex-y5.locked	qsJai.hapax.en-y5.ex-y0	x-height	0	0
qsFee.loop.ex-y5.locked	qsJai.hapax.en-y5.ex-y0.ex-ext-1	x-height	0	0
qsFee.loop.ex-y5.locked	qsJai_qsUtter.hapax.en-y5	x-height	0	0
qsFee.loop.ex-y5.locked	qsJai_qsUtter.hapax.en-y5.ex-y5	x-height	0	0
qsFee.loop.ex-y5.locked	qsJai_qsUtter.hapax.en-y5.ex-y5.ex-ext-1	x-height	0	0
qsFee.loop.ex-y5.locked	qsOx.hapax.en-y5	x-height	0	0
qsFee.loop.ex-y5.locked	qsOx.hapax.en-y5.ex-y0	x-height	0	0
qsFee.loop.ex-y5.locked	qsOy.hapax.en-y5	x-height	0	0
qsFee.loop.ex-y5.locked	qsOy.hapax.en-y5.ex-y0	x-height	0	0
qsFee.loop.ex-y5.locked	qsUtter.alternate.en-y5.ex-y0	x-height	0	0
qsFee.loop.ex-y5.locked.ex-ext-1	qsDay.full.en-y5	x-height	1	0
qsFee.loop.ex-y5.locked.ex-ext-1	qsDay.full.en-y5.ex-y0	x-height	1	0
qsFee.loop.ex-y5.locked.ex-ext-1	qsDay_qsUtter.full.en-y5	x-height	1	0
qsFee.loop.ex-y5.locked.ex-ext-1	qsDay_qsUtter.full.en-y5.ex-y5	x-height	1	0
qsFee.loop.ex-y5.locked.ex-ext-1	qsDay_qsUtter.full.en-y5.ex-y5.ex-ext-1	x-height	1	0
qsFee.loop.ex-y5.locked.ex-ext-1	qsEight.normal-sized-loop.en-y5	x-height	1	0
qsFee.loop.ex-y5.locked.ex-ext-1	qsEight.normal-sized-loop.en-y5.ex-y0	x-height	1	0
qsFee.loop.ex-y5.locked.ex-ext-1	qsEight.smaller-loop.en-y5.ex-y0	x-height	1	0
qsFee.loop.ex-y5.locked.ex-ext-1	qsEt.hapax.en-y5	x-height	1	0
qsFee.loop.ex-y5.locked.ex-ext-1	qsEt.hapax.en-y5.ex-y0	x-height	1	0
qsFee.loop.ex-y5.locked.ex-ext-1	qsEt.hapax.en-y5.ex-y0.ex-con-1	x-height	1	0
qsFee.loop.ex-y5.locked.ex-ext-1	qsIt.hapax.en-y5	x-height	1	0
qsFee.loop.ex-y5.locked.ex-ext-1	qsIt.hapax.en-y5.ex-y0	x-height	1	0
qsFee.loop.ex-y5.locked.ex-ext-1	qsIt.hapax.en-y5.ex-y0.ex-ext-1	x-height	1	0
qsFee.loop.ex-y5.locked.ex-ext-1	qsNo.loop.en-y5	x-height	1	0
qsFee.loop.ex-y5.locked.ex-ext-1	qsNo.loop.en-y5.ex-y5	x-height	1	0
qsFee.loop.ex-y5.locked.ex-ext-1	qsNo.loop.en-y5.ex-y5.ex-ext-1	x-height	1	0
qsFee.loop.ex-y5.locked.ex-ext-1	qsRoe.hapax.en-y5	x-height	1	0
qsFee.loop.ex-y5.locked.ex-ext-1	qsRoe.hapax.en-y5.ex-y0	x-height	1	0
qsFee.loop.ex-y5.locked.ex-ext-1	qsRoe.hapax.en-y5.ex-y0.ex-ext-1	x-height	1	0
qsFee.loop.ex-y5.locked.ex-ext-3	qsMay.loop.en-y5	x-height	3	0
qsFee.loop.locked	qsAh.hapax	break	0	0
qsFee.loop.locked	qsAh.hapax.ex-y5	break	0	0
qsFee.loop.locked	qsAh.hapax.ex-y5.ex-ext-1	break	0	0
qsFee.loop.locked	qsFee.loop	break	0	0
qsFee.loop.locked	qsFee.loop.ex-y5	break	0	0
qsFee.loop.locked	qsFee.loop.ex-y5.ex-ext-1	break	0	0
qsFee.loop.locked	qsFee.loop.ex-y5.ex-ext-3	break	0	0
qsFee.loop.locked	qsI.loop	break	0	0
qsFee.loop.locked	qsI.loop.ex-y5	break	0	0
qsFee.loop.locked	qsI.loop.ex-y5.ex-ext-1	break	0	0
qsFee.loop.locked	qsLow.hapax	break	0	0
qsFee.loop.locked	qsLow.hapax.ex-y5	break	0	0
qsFee.loop.locked	qsLow.hapax.ex-y5.ex-ext-1	break	0	0
qsFee.loop.locked	qsOut.normal	break	0	0
qsFee.loop.locked	qsOut.swept-up.ex-y5	break	0	0
qsFee.loop.locked	qsOut.swept-up.ex-y5.ex-ext-1	break	0	0
qsFee.loop.locked	qsOut_qsTea.hapax	break	0	0
qsFee.loop.locked	qsPea.full	break	0	0
qsFee.loop.locked	qsPea.full.ex-y0	break	0	0
qsFee.loop.locked	qsPea.half.ex-y5	break	0	0
qsFee.loop.locked	qsPea.half.ex-y6	break	0	0
qsFee.loop.locked	qsRoe.hapax.ex-y5	break	0	0
qsFee.loop.locked	qsSee.curled-over.ex-y6	break	0	0
qsFee.loop.locked	qsSee.normal	break	0	0
qsFee.loop.locked	qsSee.normal.ex-y8	break	0	0
qsFee.loop.locked	qsSee.straighter.ex-y0	break	0	0
qsFee.loop.locked	qsSee.straighter.ex-y0.ex-ext-2	break	0	0
qsFee.loop.locked	qsSee_qsUtter.hapax	break	0	0
qsFee.loop.locked	qsSee_qsUtter.hapax.ex-y5	break	0	0
qsFee.loop.locked	qsSee_qsUtter.hapax.ex-y5.ex-ext-1	break	0	0
qsFee.loop.locked	qsTea.full	break	0	0
qsFee.loop.locked	qsTea.full.ex-y0	break	0	0
qsFee.loop.locked	qsTea.half.ex-y5	break	0	0
qsFee.loop.locked	qsTea_qsOy.hapax	break	0	0
qsFee.loop.locked	qsTea_qsOy.hapax.ex-y0	break	0	0
qsFee.loop.locked	qsUtter.mono	break	0	0
qsFee.loop.locked	qsUtter.mono.ex-y5	break	0	0
qsFee.loop.locked	qsUtter.mono.ex-y5.ex-ext-1	break	0	0
qsFee.loop.locked	qsVie.normal	break	0	0
qsFee.loop.locked	qsVie.swept-out.ex-y0	break	0	0
qsFee.loop.locked	qsVie_qsUtter.hapax	break	0	0
qsFee.loop.locked	qsVie_qsUtter.hapax.ex-y5	break	0	0
qsFee.loop.locked	qsVie_qsUtter.hapax.ex-y5.ex-ext-1	break	0	0
qsFee.reversed-loop.en-y5	qsAh.hapax	break	0	0
qsFee.reversed-loop.en-y5	qsAh.hapax.ex-y5	break	0	0
qsFee.reversed-loop.en-y5	qsAh.hapax.ex-y5.ex-ext-1	break	0	0
qsFee.reversed-loop.en-y5	qsFee.loop	break	0	0
qsFee.reversed-loop.en-y5	qsFee.loop.ex-y5	break	0	0
qsFee.reversed-loop.en-y5	qsFee.loop.ex-y5.ex-ext-1	break	0	0
qsFee.reversed-loop.en-y5	qsFee.loop.ex-y5.ex-ext-3	break	0	0
qsFee.reversed-loop.en-y5	qsI.loop	break	0	0
qsFee.reversed-loop.en-y5	qsI.loop.ex-y5	break	0	0
qsFee.reversed-loop.en-y5	qsI.loop.ex-y5.ex-ext-1	break	0	0
qsFee.reversed-loop.en-y5	qsLow.hapax	break	0	0
qsFee.reversed-loop.en-y5	qsLow.hapax.ex-y5	break	0	0
qsFee.reversed-loop.en-y5	qsLow.hapax.ex-y5.ex-ext-1	break	0	0
qsFee.reversed-loop.en-y5	qsOut.normal	break	0	0
qsFee.reversed-loop.en-y5	qsOut.swept-up.ex-y5	break	0	0
qsFee.reversed-loop.en-y5	qsOut.swept-up.ex-y5.ex-ext-1	break	0	0
qsFee.reversed-loop.en-y5	qsOut_qsTea.hapax	break	0	0
qsFee.reversed-loop.en-y5	qsPea.full	break	0	0
qsFee.reversed-loop.en-y5	qsPea.full.ex-y0	break	0	0
qsFee.reversed-loop.en-y5	qsPea.half.ex-y5	break	0	0
qsFee.reversed-loop.en-y5	qsPea.half.ex-y6	break	0	0
qsFee.reversed-loop.en-y5	qsRoe.hapax.ex-y5	break	0	0
qsFee.reversed-loop.en-y5	qsSee.curled-over.ex-y6	break	0	0
qsFee.reversed-loop.en-y5	qsSee.normal	break	0	0
qsFee.reversed-loop.en-y5	qsSee.normal.ex-y8	break	0	0
qsFee.reversed-loop.en-y5	qsSee.straighter.ex-y0	break	0	0
qsFee.reversed-loop.en-y5	qsSee.straighter.ex-y0.ex-ext-2	break	0	0
qsFee.reversed-loop.en-y5	qsSee_qsUtter.hapax	break	0	0
qsFee.reversed-loop.en-y5	qsSee_qsUtter.hapax.ex-y5	break	0	0
qsFee.reversed-loop.en-y5	qsSee_qsUtter.hapax.ex-y5.ex-ext-1	break	0	0
qsFee.reversed-loop.en-y5	qsTea.full	break	0	0
qsFee.reversed-loop.en-y5	qsTea.full.ex-y0	break	0	0
qsFee.reversed-loop.en-y5	qsTea.half.ex-y5	break	0	0
qsFee.reversed-loop.en-y5	qsTea_qsOy.hapax	break	0	0
qsFee.reversed-loop.en-y5	qsTea_qsOy.hapax.ex-y0	break	0	0
qsFee.reversed-loop.en-y5	qsUtter.mono	break	0	0
qsFee.reversed-loop.en-y5	qsUtter.mono.ex-y5	break	0	0
qsFee.reversed-loop.en-y5	qsUtter.mono.ex-y5.ex-ext-1	break	0	0
qsFee.reversed-loop.en-y5	qsVie.normal	break	0	0
qsFee.reversed-loop.en-y5	qsVie.swept-out.ex-y0	break	0	0
qsFee.reversed-loop.en-y5	qsVie_qsUtter.hapax	break	0	0
qsFee.reversed-loop.en-y5	qsVie_qsUtter.hapax.ex-y5	break	0	0
qsFee.reversed-loop.en-y5	qsVie_qsUtter.hapax.ex-y5.ex-ext-1	break	0	0
qsI.loop	qsAh.hapax	break	0	0
qsI.loop	qsAh.hapax.ex-y5	break	0	0
qsI.loop	qsAh.hapax.ex-y5.ex-ext-1	break	0	0
qsI.loop	qsFee.loop.ex-y5	break	0	0
qsI.loop	qsFee.loop.ex-y5.ex-ext-1	break	0	0
qsI.loop	qsFee.loop.ex-y5.ex-ext-3	break	0	0
qsI.loop	qsI.loop	break	0	0
qsI.loop	qsI.loop.ex-y5	break	0	0
qsI.loop	qsI.loop.ex-y5.ex-ext-1	break	0	0
qsI.loop	qsLow.hapax	break	0	0
qsI.loop	qsLow.hapax.ex-y5	break	0	0
qsI.loop	qsLow.hapax.ex-y5.ex-ext-1	break	0	0
qsI.loop	qsOut.normal	break	0	0
qsI.loop	qsOut.swept-up.ex-y5	break	0	0
qsI.loop	qsOut.swept-up.ex-y5.ex-ext-1	break	0	0
qsI.loop	qsOut_qsTea.hapax	break	0	0
qsI.loop	qsPea.full	break	0	0
qsI.loop	qsPea.full.ex-y0	break	0	0
qsI.loop	qsPea.half.ex-y5	break	0	0
qsI.loop	qsPea.half.ex-y6	break	0	0
qsI.loop	qsRoe.hapax.ex-y5	break	0	0
qsI.loop	qsSee.curled-over.ex-y6	break	0	0
qsI.loop	qsSee.normal	break	0	0
qsI.loop	qsSee.normal.ex-y8	break	0	0
qsI.loop	qsSee.straighter.ex-y0	break	0	0
qsI.loop	qsSee.straighter.ex-y0.ex-ext-2	break	0	0
qsI.loop	qsSee_qsUtter.hapax	break	0	0
qsI.loop	qsSee_qsUtter.hapax.ex-y5	break	0	0
qsI.loop	qsSee_qsUtter.hapax.ex-y5.ex-ext-1	break	0	0
qsI.loop	qsTea.full	break	0	0
qsI.loop	qsTea.full.ex-y0	break	0	0
qsI.loop	qsTea.half.ex-y5	break	0	0
qsI.loop	qsTea_qsOy.hapax	break	0	0
qsI.loop	qsTea_qsOy.hapax.ex-y0	break	0	0
qsI.loop	qsUtter.alternate.ex-y0	break	0	0
qsI.loop	qsUtter.mono	break	0	0
qsI.loop	qsUtter.mono.ex-y5	break	0	0
qsI.loop	qsUtter.mono.ex-y5.ex-ext-1	break	0	0
qsI.loop	qsVie.normal	break	0	0
qsI.loop	qsVie.swept-out.ex-y0	break	0	0
qsI.loop	qsVie_qsUtter.hapax	break	0	0
qsI.loop	qsVie_qsUtter.hapax.ex-y5	break	0	0
qsI.loop	qsVie_qsUtter.hapax.ex-y5.ex-ext-1	break	0	0
qsI.loop.en-y0	qsAh.hapax	break	0	0
qsI.loop.en-y0	qsAh.hapax.ex-y5	break	0	0
qsI.loop.en-y0	qsAh.hapax.ex-y5.ex-ext-1	break	0	0
qsI.loop.en-y0	qsFee.loop.ex-y5	break	0	0
qsI.loop.en-y0	qsFee.loop.ex-y5.ex-ext-1	break	0	0
qsI.loop.en-y0	qsFee.loop.ex-y5.ex-ext-3	break	0	0
qsI.loop.en-y0	qsI.loop	break	0	0
qsI.loop.en-y0	qsI.loop.ex-y5	break	0	0
qsI.loop.en-y0	qsI.loop.ex-y5.ex-ext-1	break	0	0
qsI.loop.en-y0	qsLow.hapax	break	0	0
qsI.loop.en-y0	qsLow.hapax.ex-y5	break	0	0
qsI.loop.en-y0	qsLow.hapax.ex-y5.ex-ext-1	break	0	0
qsI.loop.en-y0	qsOut.normal	break	0	0
qsI.loop.en-y0	qsOut.swept-up.ex-y5	break	0	0
qsI.loop.en-y0	qsOut.swept-up.ex-y5.ex-ext-1	break	0	0
qsI.loop.en-y0	qsOut_qsTea.hapax	break	0	0
qsI.loop.en-y0	qsPea.full	break	0	0
qsI.loop.en-y0	qsPea.full.ex-y0	break	0	0
qsI.loop.en-y0	qsPea.half.ex-y5	break	0	0
qsI.loop.en-y0	qsPea.half.ex-y6	break	0	0
qsI.loop.en-y0	qsRoe.hapax.ex-y5	break	0	0
qsI.loop.en-y0	qsSee.curled-over.ex-y6	break	0	0
qsI.loop.en-y0	qsSee.normal	break	0	0
qsI.loop.en-y0	qsSee.normal.ex-y8	break	0	0
qsI.loop.en-y0	qsSee.straighter.ex-y0	break	0	0
qsI.loop.en-y0	qsSee.straighter.ex-y0.ex-ext-2	break	0	0
qsI.loop.en-y0	qsSee_qsUtter.hapax	break	0	0
qsI.loop.en-y0	qsSee_qsUtter.hapax.ex-y5	break	0	0
qsI.loop.en-y0	qsSee_qsUtter.hapax.ex-y5.ex-ext-1	break	0	0
qsI.loop.en-y0	qsTea.full	break	0	0
qsI.loop.en-y0	qsTea.full.ex-y0	break	0	0
qsI.loop.en-y0	qsTea.half.ex-y5	break	0	0
qsI.loop.en-y0	qsTea_qsOy.hapax	break	0	0
qsI.loop.en-y0	qsTea_qsOy.hapax.ex-y0	break	0	0
qsI.loop.en-y0	qsUtter.alternate.ex-y0	break	0	0
qsI.loop.en-y0	qsUtter.mono	break	0	0
qsI.loop.en-y0	qsUtter.mono.ex-y5	break	0	0
qsI.loop.en-y0	qsUtter.mono.ex-y5.ex-ext-1	break	0	0
qsI.loop.en-y0	qsVie.normal	break	0	0
qsI.loop.en-y0	qsVie.swept-out.ex-y0	break	0	0
qsI.loop.en-y0	qsVie_qsUtter.hapax	break	0	0
qsI.loop.en-y0	qsVie_qsUtter.hapax.ex-y5	break	0	0
qsI.loop.en-y0	qsVie_qsUtter.hapax.ex-y5.ex-ext-1	break	0	0
qsI.loop.en-y0.ex-y5	qsAwe.hapax.en-y5	x-height	0	0
qsI.loop.en-y0.ex-y5	qsAwe.hapax.en-y5.ex-y0	x-height	0	0
qsI.loop.en-y0.ex-y5	qsDay_qsUtter.full.en-y5	x-height	0	0
qsI.loop.en-y0.ex-y5	qsDay_qsUtter.full.en-y5.ex-y5	x-height	0	0
qsI.loop.en-y0.ex-y5	qsDay_qsUtter.full.en-y5.ex-y5.ex-ext-1	x-height	0	0
qsI.loop.en-y0.ex-y5	qsJai.hapax.en-y5.en-con-1	x-height	-1	0
qsI.loop.en-y0.ex-y5	qsJai.hapax.en-y5.ex-y0.en-con-1	x-height	-1	0
qsI.loop.en-y0.ex-y5	qsJai.hapax.en-y5.ex-y0.en-con-1.ex-ext-1	x-height	-1	0
qsI.loop.en-y0.ex-y5	qsJai_qsUtter.hapax.en-y5.en-con-1	x-height	-1	0
qsI.loop.en-y0.ex-y5	qsJai_qsUtter.hapax.en-y5.ex-y5.en-con-1	x-height	-1	0
qsI.loop.en-y0.ex-y5	qsJai_qsUtter.hapax.en-y5.ex-y5.en-con-1.ex-ext-1	x-height	-1	0
qsI.loop.en-y0.ex-y5	qsOx.hapax.en-y5	x-height	0	0
qsI.loop.en-y0.ex-y5	qsOx.hapax.en-y5.ex-y0	x-height	0	0
qsI.loop.en-y0.ex-y5	qsOy.hapax.en-y5	x-height	0	0
qsI.loop.en-y0.ex-y5	qsOy.hapax.en-y5.ex-y0	x-height	0	0
qsI.loop.en-y0.ex-y5.ex-ext-1	qsDay.full.en-y5	x-height	1	0
qsI.loop.en-y0.ex-y5.ex-ext-1	qsDay.full.en-y5.ex-y0	x-height	1	0
qsI.loop.en-y0.ex-y5.ex-ext-1	qsEight.normal-sized-loop.en-y5	x-height	1	0
qsI.loop.en-y0.ex-y5.ex-ext-1	qsEight.normal-sized-loop.en-y5.ex-y0	x-height	1	0
qsI.loop.en-y0.ex-y5.ex-ext-1	qsEight.smaller-loop.en-y5.ex-y0	x-height	1	0
qsI.loop.en-y0.ex-y5.ex-ext-1	qsEt.hapax.en-y5	x-height	1	0
qsI.loop.en-y0.ex-y5.ex-ext-1	qsEt.hapax.en-y5.ex-y0	x-height	1	0
qsI.loop.en-y0.ex-y5.ex-ext-1	qsEt.hapax.en-y5.ex-y0.ex-con-1	x-height	1	0
qsI.loop.en-y0.ex-y5.ex-ext-1	qsFee.reversed-loop.en-y5	x-height	1	0
qsI.loop.en-y0.ex-y5.ex-ext-1	qsIt.hapax.en-y5	x-height	1	0
qsI.loop.en-y0.ex-y5.ex-ext-1	qsIt.hapax.en-y5.ex-y0	x-height	1	0
qsI.loop.en-y0.ex-y5.ex-ext-1	qsIt.hapax.en-y5.ex-y0.ex-ext-1	x-height	1	0
qsI.loop.en-y0.ex-y5.ex-ext-1	qsMay.grounded-loop.en-y5.ex-y0	x-height	1	0
qsI.loop.en-y0.ex-y5.ex-ext-1	qsMay.loop.en-y5	x-height	1	0
qsI.loop.en-y0.ex-y5.ex-ext-1	qsNo.loop.en-y5	x-height	1	0
qsI.loop.en-y0.ex-y5.ex-ext-1	qsNo.loop.en-y5.ex-y5	x-height	1	0
qsI.loop.en-y0.ex-y5.ex-ext-1	qsNo.loop.en-y5.ex-y5.ex-ext-1	x-height	1	0
qsI.loop.en-y0.ex-y5.ex-ext-1	qsRoe.hapax.en-y5	x-height	1	0
qsI.loop.en-y0.ex-y5.ex-ext-1	qsRoe.hapax.en-y5.ex-y0	x-height	1	0
qsI.loop.en-y0.ex-y5.ex-ext-1	qsRoe.hapax.en-y5.ex-y0.ex-ext-1	x-height	1	0
qsI.loop.ex-y5	qsAwe.hapax.en-y5	x-height	0	0
qsI.loop.ex-y5	qsAwe.hapax.en-y5.ex-y0	x-height	0	0
qsI.loop.ex-y5	qsDay_qsUtter.full.en-y5	x-height	0	0
qsI.loop.ex-y5	qsDay_qsUtter.full.en-y5.ex-y5	x-height	0	0
qsI.loop.ex-y5	qsDay_qsUtter.full.en-y5.ex-y5.ex-ext-1	x-height	0	0
qsI.loop.ex-y5	qsJai.hapax.en-y5.en-con-1	x-height	-1	0
qsI.loop.ex-y5	qsJai.hapax.en-y5.ex-y0.en-con-1	x-height	-1	0
qsI.loop.ex-y5	qsJai.hapax.en-y5.ex-y0.en-con-1.ex-ext-1	x-height	-1	0
qsI.loop.ex-y5	qsJai_qsUtter.hapax.en-y5.en-con-1	x-height	-1	0
qsI.loop.ex-y5	qsJai_qsUtter.hapax.en-y5.ex-y5.en-con-1	x-height	-1	0
qsI.loop.ex-y5	qsJai_qsUtter.hapax.en-y5.ex-y5.en-con-1.ex-ext-1	x-height	-1	0
qsI.loop.ex-y5	qsOx.hapax.en-y5	x-height	0	0
qsI.loop.ex-y5	qsOx.hapax.en-y5.ex-y0	x-height	0	0
qsI.loop.ex-y5	qsOy.hapax.en-y5	x-height	0	0
qsI.loop.ex-y5	qsOy.hapax.en-y5.ex-y0	x-height	0	0
qsI.loop.ex-y5.ex-ext-1	qsDay.full.en-y5	x-height	1	0
qsI.loop.ex-y5.ex-ext-1	qsDay.full.en-y5.ex-y0	x-height	1	0
qsI.loop.ex-y5.ex-ext-1	qsEight.normal-sized-loop.en-y5	x-height	1	0
qsI.loop.ex-y5.ex-ext-1	qsEight.normal-sized-loop.en-y5.ex-y0	x-height	1	0
qsI.loop.ex-y5.ex-ext-1	qsEight.smaller-loop.en-y5.ex-y0	x-height	1	0
qsI.loop.ex-y5.ex-ext-1	qsEt.hapax.en-y5	x-height	1	0
qsI.loop.ex-y5.ex-ext-1	qsEt.hapax.en-y5.ex-y0	x-height	1	0
qsI.loop.ex-y5.ex-ext-1	qsEt.hapax.en-y5.ex-y0.ex-con-1	x-height	1	0
qsI.loop.ex-y5.ex-ext-1	qsFee.reversed-loop.en-y5	x-height	1	0
qsI.loop.ex-y5.ex-ext-1	qsIt.hapax.en-y5	x-height	1	0
qsI.loop.ex-y5.ex-ext-1	qsIt.hapax.en-y5.ex-y0	x-height	1	0
qsI.loop.ex-y5.ex-ext-1	qsIt.hapax.en-y5.ex-y0.ex-ext-1	x-height	1	0
qsI.loop.ex-y5.ex-ext-1	qsMay.grounded-loop.en-y5.ex-y0	x-height	1	0
qsI.loop.ex-y5.ex-ext-1	qsMay.loop.en-y5	x-height	1	0
qsI.loop.ex-y5.ex-ext-1	qsNo.loop.en-y5	x-height	1	0
qsI.loop.ex-y5.ex-ext-1	qsNo.loop.en-y5.ex-y5	x-height	1	0
qsI.loop.ex-y5.ex-ext-1	qsNo.loop.en-y5.ex-y5.ex-ext-1	x-height	1	0
qsI.loop.ex-y5.ex-ext-1	qsRoe.hapax.en-y5	x-height	1	0
qsI.loop.ex-y5.ex-ext-1	qsRoe.hapax.en-y5.ex-y0	x-height	1	0
qsI.loop.ex-y5.ex-ext-1	qsRoe.hapax.en-y5.ex-y0.ex-ext-1	x-height	1	0
qsI.loop.ex-y5.locked	qsAwe.hapax.en-y5	x-height	0	0
qsI.loop.ex-y5.locked	qsAwe.hapax.en-y5.ex-y0	x-height	0	0
qsI.loop.ex-y5.locked	qsDay_qsUtter.full.en-y5	x-height	0	0
qsI.loop.ex-y5.locked	qsDay_qsUtter.full.en-y5.ex-y5	x-height	0	0
qsI.loop.ex-y5.locked	qsDay_qsUtter.full.en-y5.ex-y5.ex-ext-1	x-height	0	0
qsI.loop.ex-y5.locked	qsJai.hapax.en-y5.en-con-1	x-height	-1	0
qsI.loop.ex-y5.locked	qsJai.hapax.en-y5.ex-y0.en-con-1	x-height	-1	0
qsI.loop.ex-y5.locked	qsJai.hapax.en-y5.ex-y0.en-con-1.ex-ext-1	x-height	-1	0
qsI.loop.ex-y5.locked	qsJai_qsUtter.hapax.en-y5.en-con-1	x-height	-1	0
qsI.loop.ex-y5.locked	qsJai_qsUtter.hapax.en-y5.ex-y5.en-con-1	x-height	-1	0
qsI.loop.ex-y5.locked	qsJai_qsUtter.hapax.en-y5.ex-y5.en-con-1.ex-ext-1	x-height	-1	0
qsI.loop.ex-y5.locked	qsOx.hapax.en-y5	x-height	0	0
qsI.loop.ex-y5.locked	qsOx.hapax.en-y5.ex-y0	x-height	0	0
qsI.loop.ex-y5.locked	qsOy.hapax.en-y5	x-height	0	0
qsI.loop.ex-y5.locked	qsOy.hapax.en-y5.ex-y0	x-height	0	0
qsI.loop.ex-y5.locked.ex-ext-1	qsDay.full.en-y5	x-height	1	0
qsI.loop.ex-y5.locked.ex-ext-1	qsDay.full.en-y5.ex-y0	x-height	1	0
qsI.loop.ex-y5.locked.ex-ext-1	qsEight.normal-sized-loop.en-y5	x-height	1	0
qsI.loop.ex-y5.locked.ex-ext-1	qsEight.normal-sized-loop.en-y5.ex-y0	x-height	1	0
qsI.loop.ex-y5.locked.ex-ext-1	qsEight.smaller-loop.en-y5.ex-y0	x-height	1	0
qsI.loop.ex-y5.locked.ex-ext-1	qsEt.hapax.en-y5	x-height	1	0
qsI.loop.ex-y5.locked.ex-ext-1	qsEt.hapax.en-y5.ex-y0	x-height	1	0
qsI.loop.ex-y5.locked.ex-ext-1	qsEt.hapax.en-y5.ex-y0.ex-con-1	x-height	1	0
qsI.loop.ex-y5.locked.ex-ext-1	qsFee.reversed-loop.en-y5	x-height	1	0
qsI.loop.ex-y5.locked.ex-ext-1	qsIt.hapax.en-y5	x-height	1	0
qsI.loop.ex-y5.locked.ex-ext-1	qsIt.hapax.en-y5.ex-y0	x-height	1	0
qsI.loop.ex-y5.locked.ex-ext-1	qsIt.hapax.en-y5.ex-y0.ex-ext-1	x-height	1	0
qsI.loop.ex-y5.locked.ex-ext-1	qsMay.grounded-loop.en-y5.ex-y0	x-height	1	0
qsI.loop.ex-y5.locked.ex-ext-1	qsMay.loop.en-y5	x-height	1	0
qsI.loop.ex-y5.locked.ex-ext-1	qsNo.loop.en-y5	x-height	1	0
qsI.loop.ex-y5.locked.ex-ext-1	qsNo.loop.en-y5.ex-y5	x-height	1	0
qsI.loop.ex-y5.locked.ex-ext-1	qsNo.loop.en-y5.ex-y5.ex-ext-1	x-height	1	0
qsI.loop.ex-y5.locked.ex-ext-1	qsRoe.hapax.en-y5	x-height	1	0
qsI.loop.ex-y5.locked.ex-ext-1	qsRoe.hapax.en-y5.ex-y0	x-height	1	0
qsI.loop.ex-y5.locked.ex-ext-1	qsRoe.hapax.en-y5.ex-y0.ex-ext-1	x-height	1	0
qsI.loop.locked	qsAh.hapax	break	0	0
qsI.loop.locked	qsAh.hapax.ex-y5	break	0	0
qsI.loop.locked	qsAh.hapax.ex-y5.ex-ext-1	break	0	0
qsI.loop.locked	qsFee.loop.ex-y5	break	0	0
qsI.loop.locked	qsFee.loop.ex-y5.ex-ext-1	break	0	0
qsI.loop.locked	qsFee.loop.ex-y5.ex-ext-3	break	0	0
qsI.loop.locked	qsI.loop	break	0	0
qsI.loop.locked	qsI.loop.ex-y5	break	0	0
qsI.loop.locked	qsI.loop.ex-y5.ex-ext-1	break	0	0
qsI.loop.locked	qsLow.hapax	break	0	0
qsI.loop.locked	qsLow.hapax.ex-y5	break	0	0
qsI.loop.locked	qsLow.hapax.ex-y5.ex-ext-1	break	0	0
qsI.loop.locked	qsOut.normal	break	0	0
qsI.loop.locked	qsOut.swept-up.ex-y5	break	0	0
qsI.loop.locked	qsOut.swept-up.ex-y5.ex-ext-1	break	0	0
qsI.loop.locked	qsOut_qsTea.hapax	break	0	0
qsI.loop.locked	qsPea.full	break	0	0
qsI.loop.locked	qsPea.full.ex-y0	break	0	0
qsI.loop.locked	qsPea.half.ex-y5	break	0	0
qsI.loop.locked	qsPea.half.ex-y6	break	0	0
qsI.loop.locked	qsRoe.hapax.ex-y5	break	0	0
qsI.loop.locked	qsSee.curled-over.ex-y6	break	0	0
qsI.loop.locked	qsSee.normal	break	0	0
qsI.loop.locked	qsSee.normal.ex-y8	break	0	0
qsI.loop.locked	qsSee.straighter.ex-y0	break	0	0
qsI.loop.locked	qsSee.straighter.ex-y0.ex-ext-2	break	0	0
qsI.loop.locked	qsSee_qsUtter.hapax	break	0	0
qsI.loop.locked	qsSee_qsUtter.hapax.ex-y5	break	0	0
qsI.loop.locked	qsSee_qsUtter.hapax.ex-y5.ex-ext-1	break	0	0
qsI.loop.locked	qsTea.full	break	0	0
qsI.loop.locked	qsTea.full.ex-y0	break	0	0
qsI.loop.locked	qsTea.half.ex-y5	break	0	0
qsI.loop.locked	qsTea_qsOy.hapax	break	0	0
qsI.loop.locked	qsTea_qsOy.hapax.ex-y0	break	0	0
qsI.loop.locked	qsUtter.alternate.ex-y0	break	0	0
qsI.loop.locked	qsUtter.mono	break	0	0
qsI.loop.locked	qsUtter.mono.ex-y5	break	0	0
qsI.loop.locked	qsUtter.mono.ex-y5.ex-ext-1	break	0	0
qsI.loop.locked	qsVie.normal	break	0	0
qsI.loop.locked	qsVie.swept-out.ex-y0	break	0	0
qsI.loop.locked	qsVie_qsUtter.hapax	break	0	0
qsI.loop.locked	qsVie_qsUtter.hapax.ex-y5	break	0	0
qsI.loop.locked	qsVie_qsUtter.hapax.ex-y5.ex-ext-1	break	0	0
qsI.smaller-loop.en-y0	qsAh.hapax	break	0	0
qsI.smaller-loop.en-y0	qsAh.hapax.ex-y5	break	0	0
qsI.smaller-loop.en-y0	qsAh.hapax.ex-y5.ex-ext-1	break	0	0
qsI.smaller-loop.en-y0	qsFee.loop.ex-y5	break	0	0
qsI.smaller-loop.en-y0	qsFee.loop.ex-y5.ex-ext-1	break	0	0
qsI.smaller-loop.en-y0	qsFee.loop.ex-y5.ex-ext-3	break	0	0
qsI.smaller-loop.en-y0	qsI.loop	break	0	0
qsI.smaller-loop.en-y0	qsI.loop.ex-y5	break	0	0
qsI.smaller-loop.en-y0	qsI.loop.ex-y5.ex-ext-1	break	0	0
qsI.smaller-loop.en-y0	qsLow.hapax	break	0	0
qsI.smaller-loop.en-y0	qsLow.hapax.ex-y5	break	0	0
qsI.smaller-loop.en-y0	qsLow.hapax.ex-y5.ex-ext-1	break	0	0
qsI.smaller-loop.en-y0	qsOut.normal	break	0	0
qsI.smaller-loop.en-y0	qsOut.swept-up.ex-y5	break	0	0
qsI.smaller-loop.en-y0	qsOut.swept-up.ex-y5.ex-ext-1	break	0	0
qsI.smaller-loop.en-y0	qsOut_qsTea.hapax	break	0	0
qsI.smaller-loop.en-y0	qsPea.full	break	0	0
qsI.smaller-loop.en-y0	qsPea.full.ex-y0	break	0	0
qsI.smaller-loop.en-y0	qsPea.half.ex-y5	break	0	0
qsI.smaller-loop.en-y0	qsPea.half.ex-y6	break	0	0
qsI.smaller-loop.en-y0	qsRoe.hapax.ex-y5	break	0	0
qsI.smaller-loop.en-y0	qsSee.curled-over.ex-y6	break	0	0
qsI.smaller-loop.en-y0	qsSee.normal	break	0	0
qsI.smaller-loop.en-y0	qsSee.normal.ex-y8	break	0	0
qsI.smaller-loop.en-y0	qsSee.straighter.ex-y0	break	0	0
qsI.smaller-loop.en-y0	qsSee.straighter.ex-y0.ex-ext-2	break	0	0
qsI.smaller-loop.en-y0	qsSee_qsUtter.hapax	break	0	0
qsI.smaller-loop.en-y0	qsSee_qsUtter.hapax.ex-y5	break	0	0
qsI.smaller-loop.en-y0	qsSee_qsUtter.hapax.ex-y5.ex-ext-1	break	0	0
qsI.smaller-loop.en-y0	qsTea.full	break	0	0
qsI.smaller-loop.en-y0	qsTea.full.ex-y0	break	0	0
qsI.smaller-loop.en-y0	qsTea.half.ex-y5	break	0	0
qsI.smaller-loop.en-y0	qsTea_qsOy.hapax	break	0	0
qsI.smaller-loop.en-y0	qsTea_qsOy.hapax.ex-y0	break	0	0
qsI.smaller-loop.en-y0	qsUtter.alternate.ex-y0	break	0	0
qsI.smaller-loop.en-y0	qsUtter.mono	break	0	0
qsI.smaller-loop.en-y0	qsUtter.mono.ex-y5	break	0	0
qsI.smaller-loop.en-y0	qsUtter.mono.ex-y5.ex-ext-1	break	0	0
qsI.smaller-loop.en-y0	qsVie.normal	break	0	0
qsI.smaller-loop.en-y0	qsVie.swept-out.ex-y0	break	0	0
qsI.smaller-loop.en-y0	qsVie_qsUtter.hapax	break	0	0
qsI.smaller-loop.en-y0	qsVie_qsUtter.hapax.ex-y5	break	0	0
qsI.smaller-loop.en-y0	qsVie_qsUtter.hapax.ex-y5.ex-ext-1	break	0	0
qsI.smaller-loop.en-y0.ex-y5	qsAwe.hapax.en-y5	x-height	0	0
qsI.smaller-loop.en-y0.ex-y5	qsAwe.hapax.en-y5.ex-y0	x-height	0	0
qsI.smaller-loop.en-y0.ex-y5	qsDay_qsUtter.full.en-y5	x-height	0	0
qsI.smaller-loop.en-y0.ex-y5	qsDay_qsUtter.full.en-y5.ex-y5	x-height	0	0
qsI.smaller-loop.en-y0.ex-y5	qsDay_qsUtter.full.en-y5.ex-y5.ex-ext-1	x-height	0	0
qsI.smaller-loop.en-y0.ex-y5	qsJai.hapax.en-y5.en-con-1	x-height	-1	0
qsI.smaller-loop.en-y0.ex-y5	qsJai.hapax.en-y5.ex-y0.en-con-1	x-height	-1	0
qsI.smaller-loop.en-y0.ex-y5	qsJai.hapax.en-y5.ex-y0.en-con-1.ex-ext-1	x-height	-1	0
qsI.smaller-loop.en-y0.ex-y5	qsJai_qsUtter.hapax.en-y5.en-con-1	x-height	-1	0
qsI.smaller-loop.en-y0.ex-y5	qsJai_qsUtter.hapax.en-y5.ex-y5.en-con-1	x-height	-1	0
qsI.smaller-loop.en-y0.ex-y5	qsJai_qsUtter.hapax.en-y5.ex-y5.en-con-1.ex-ext-1	x-height	-1	0
qsI.smaller-loop.en-y0.ex-y5	qsOx.hapax.en-y5	x-height	0	0
qsI.smaller-loop.en-y0.ex-y5	qsOx.hapax.en-y5.ex-y0	x-height	0	0
qsI.smaller-loop.en-y0.ex-y5	qsOy.hapax.en-y5	x-height	0	0
qsI.smaller-loop.en-y0.ex-y5	qsOy.hapax.en-y5.ex-y0	x-height	0	0
qsI.smaller-loop.en-y0.ex-y5.ex-ext-1	qsDay.full.en-y5	x-height	1	0
qsI.smaller-loop.en-y0.ex-y5.ex-ext-1	qsDay.full.en-y5.ex-y0	x-height	1	0
qsI.smaller-loop.en-y0.ex-y5.ex-ext-1	qsEight.normal-sized-loop.en-y5	x-height	1	0
qsI.smaller-loop.en-y0.ex-y5.ex-ext-1	qsEight.normal-sized-loop.en-y5.ex-y0	x-height	1	0
qsI.smaller-loop.en-y0.ex-y5.ex-ext-1	qsEight.smaller-loop.en-y5.ex-y0	x-height	1	0
qsI.smaller-loop.en-y0.ex-y5.ex-ext-1	qsEt.hapax.en-y5	x-height	1	0
qsI.smaller-loop.en-y0.ex-y5.ex-ext-1	qsEt.hapax.en-y5.ex-y0	x-height	1	0
qsI.smaller-loop.en-y0.ex-y5.ex-ext-1	qsEt.hapax.en-y5.ex-y0.ex-con-1	x-height	1	0
qsI.smaller-loop.en-y0.ex-y5.ex-ext-1	qsFee.reversed-loop.en-y5	x-height	1	0
qsI.smaller-loop.en-y0.ex-y5.ex-ext-1	qsIt.hapax.en-y5	x-height	1	0
qsI.smaller-loop.en-y0.ex-y5.ex-ext-1	qsIt.hapax.en-y5.ex-y0	x-height	1	0
qsI.smaller-loop.en-y0.ex-y5.ex-ext-1	qsIt.hapax.en-y5.ex-y0.ex-ext-1	x-height	1	0
qsI.smaller-loop.en-y0.ex-y5.ex-ext-1	qsMay.grounded-loop.en-y5.ex-y0	x-height	1	0
qsI.smaller-loop.en-y0.ex-y5.ex-ext-1	qsMay.loop.en-y5	x-height	1	0
qsI.smaller-loop.en-y0.ex-y5.ex-ext-1	qsNo.loop.en-y5	x-height	1	0
qsI.smaller-loop.en-y0.ex-y5.ex-ext-1	qsNo.loop.en-y5.ex-y5	x-height	1	0
qsI.smaller-loop.en-y0.ex-y5.ex-ext-1	qsNo.loop.en-y5.ex-y5.ex-ext-1	x-height	1	0
qsI.smaller-loop.en-y0.ex-y5.ex-ext-1	qsRoe.hapax.en-y5	x-height	1	0
qsI.smaller-loop.en-y0.ex-y5.ex-ext-1	qsRoe.hapax.en-y5.ex-y0	x-height	1	0
qsI.smaller-loop.en-y0.ex-y5.ex-ext-1	qsRoe.hapax.en-y5.ex-y0.ex-ext-1	x-height	1	0
qsIt.hapax	qsEt.hapax	break	0	0
qsIt.hapax	qsEt.hapax.ex-y0	break	0	0
qsIt.hapax	qsEt.hapax.ex-y0.ex-con-1	break	0	0
qsIt.hapax	qsFee.loop	break	0	0
qsIt.hapax	qsFee.loop.ex-y5	break	0	0
qsIt.hapax	qsFee.loop.ex-y5.ex-ext-1	break	0	0
qsIt.hapax	qsFee.loop.ex-y5.ex-ext-3	break	0	0
qsIt.hapax	qsIt.hapax	break	0	0
qsIt.hapax	qsIt.hapax.ex-y0	break	0	0
qsIt.hapax	qsIt.hapax.ex-y5	break	0	0
qsIt.hapax	qsIt.hapax.ex-y5.ex-ext-1	break	0	0
qsIt.hapax	qsOy.hapax	break	0	0
qsIt.hapax	qsOy.hapax.ex-y0	break	0	0
qsIt.hapax	qsPea.full	break	0	0
qsIt.hapax	qsPea.full.ex-y0	break	0	0
qsIt.hapax	qsPea.half.ex-y5	break	0	0
qsIt.hapax	qsPea.half.ex-y6	break	0	0
qsIt.hapax	qsRoe.hapax.ex-y5	break	0	0
qsIt.hapax	qsSee_qsUtter.hapax	break	0	0
qsIt.hapax	qsSee_qsUtter.hapax.ex-y5	break	0	0
qsIt.hapax	qsSee_qsUtter.hapax.ex-y5.ex-ext-1	break	0	0
qsIt.hapax	qsTea.full	break	0	0
qsIt.hapax	qsTea.full.ex-y0	break	0	0
qsIt.hapax	qsTea.half.ex-y5	break	0	0
qsIt.hapax	qsTea_qsOy.hapax	break	0	0
qsIt.hapax	qsTea_qsOy.hapax.ex-y0	break	0	0
qsIt.hapax	qsUtter.alternate.ex-y0	break	0	0
qsIt.hapax.en-y0	qsAh.hapax	break	0	0
qsIt.hapax.en-y0	qsAh.hapax.ex-y5	break	0	0
qsIt.hapax.en-y0	qsAh.hapax.ex-y5.ex-ext-1	break	0	0
qsIt.hapax.en-y0	qsDay.full	break	0	0
qsIt.hapax.en-y0	qsDay.full.ex-y0	break	0	0
qsIt.hapax.en-y0	qsDay_qsUtter.full	break	0	0
qsIt.hapax.en-y0	qsDay_qsUtter.full.ex-y5	break	0	0
qsIt.hapax.en-y0	qsDay_qsUtter.full.ex-y5.ex-ext-1	break	0	0
qsIt.hapax.en-y0	qsEt.hapax	break	0	0
qsIt.hapax.en-y0	qsEt.hapax.ex-y0	break	0	0
qsIt.hapax.en-y0	qsEt.hapax.ex-y0.ex-con-1	break	0	0
qsIt.hapax.en-y0	qsFee.loop	break	0	0
qsIt.hapax.en-y0	qsFee.loop.ex-y5	break	0	0
qsIt.hapax.en-y0	qsFee.loop.ex-y5.ex-ext-1	break	0	0
qsIt.hapax.en-y0	qsFee.loop.ex-y5.ex-ext-3	break	0	0
qsIt.hapax.en-y0	qsI.loop	break	0	0
qsIt.hapax.en-y0	qsI.loop.ex-y5	break	0	0
qsIt.hapax.en-y0	qsI.loop.ex-y5.ex-ext-1	break	0	0
qsIt.hapax.en-y0	qsIt.hapax	break	0	0
qsIt.hapax.en-y0	qsIt.hapax.ex-y0	break	0	0
qsIt.hapax.en-y0	qsIt.hapax.ex-y5	break	0	0
qsIt.hapax.en-y0	qsIt.hapax.ex-y5.ex-ext-1	break	0	0
qsIt.hapax.en-y0	qsLow.hapax	break	0	0
qsIt.hapax.en-y0	qsLow.hapax.ex-y5	break	0	0
qsIt.hapax.en-y0	qsLow.hapax.ex-y5.ex-ext-1	break	0	0
qsIt.hapax.en-y0	qsMay.grounded-loop.ex-y0	break	0	0
qsIt.hapax.en-y0	qsMay.loop	break	0	0
qsIt.hapax.en-y0	qsMay.loop.ex-y5	break	0	0
qsIt.hapax.en-y0	qsMay.loop.ex-y5.ex-ext-1	break	0	0
qsIt.hapax.en-y0	qsMay.loop.ex-y5.ex-ext-2	break	0	0
qsIt.hapax.en-y0	qsNo.flipped.ex-y0	break	0	0
qsIt.hapax.en-y0	qsNo.loop	break	0	0
qsIt.hapax.en-y0	qsOut.normal	break	0	0
qsIt.hapax.en-y0	qsOut.swept-up.ex-y5	break	0	0
qsIt.hapax.en-y0	qsOut.swept-up.ex-y5.ex-ext-1	break	0	0
qsIt.hapax.en-y0	qsOut_qsTea.hapax	break	0	0
qsIt.hapax.en-y0	qsOy.hapax	break	0	0
qsIt.hapax.en-y0	qsOy.hapax.ex-y0	break	0	0
qsIt.hapax.en-y0	qsPea.full	break	0	0
qsIt.hapax.en-y0	qsPea.full.ex-y0	break	0	0
qsIt.hapax.en-y0	qsPea.half.ex-y5	break	0	0
qsIt.hapax.en-y0	qsPea.half.ex-y6	break	0	0
qsIt.hapax.en-y0	qsRoe.hapax.ex-y5	break	0	0
qsIt.hapax.en-y0	qsSee.curled-over.ex-y6	break	0	0
qsIt.hapax.en-y0	qsSee.normal	break	0	0
qsIt.hapax.en-y0	qsSee.normal.ex-y8	break	0	0
qsIt.hapax.en-y0	qsSee.straighter.ex-y0	break	0	0
qsIt.hapax.en-y0	qsSee.straighter.ex-y0.ex-ext-2	break	0	0
qsIt.hapax.en-y0	qsSee_qsUtter.hapax	break	0	0
qsIt.hapax.en-y0	qsSee_qsUtter.hapax.ex-y5	break	0	0
qsIt.hapax.en-y0	qsSee_qsUtter.hapax.ex-y5.ex-ext-1	break	0	0
qsIt.hapax.en-y0	qsTea.full	break	0	0
qsIt.hapax.en-y0	qsTea.full.ex-y0	break	0	0
qsIt.hapax.en-y0	qsTea.half.ex-y5	break	0	0
qsIt.hapax.en-y0	qsTea_qsOy.hapax	break	0	0
qsIt.hapax.en-y0	qsTea_qsOy.hapax.ex-y0	break	0	0
qsIt.hapax.en-y0	qsUtter.alternate.ex-y0	break	0	0
qsIt.hapax.en-y0	qsUtter.mono	break	0	0
qsIt.hapax.en-y0	qsUtter.mono.ex-y5	break	0	0
qsIt.hapax.en-y0	qsUtter.mono.ex-y5.ex-ext-1	break	0	0
qsIt.hapax.en-y0	qsVie.normal	break	0	0
qsIt.hapax.en-y0	qsVie.swept-out.ex-y0	break	0	0
qsIt.hapax.en-y0	qsVie_qsUtter.hapax	break	0	0
qsIt.hapax.en-y0	qsVie_qsUtter.hapax.ex-y5	break	0	0
qsIt.hapax.en-y0	qsVie_qsUtter.hapax.ex-y5.ex-ext-1	break	0	0
qsIt.hapax.en-y0.ex-y5	qsAwe.hapax.en-y5	x-height	0	0
qsIt.hapax.en-y0.ex-y5	qsAwe.hapax.en-y5.ex-y0	x-height	0	0
qsIt.hapax.en-y0.ex-y5	qsEight.normal-sized-loop.en-y5	x-height	0	0
qsIt.hapax.en-y0.ex-y5	qsEight.normal-sized-loop.en-y5.ex-y0	x-height	0	0
qsIt.hapax.en-y0.ex-y5	qsEight.smaller-loop.en-y5.ex-y0	x-height	0	0
qsIt.hapax.en-y0.ex-y5	qsNo.loop.en-y5	x-height	0	0
qsIt.hapax.en-y0.ex-y5	qsNo.loop.en-y5.ex-y5	x-height	0	0
qsIt.hapax.en-y0.ex-y5	qsNo.loop.en-y5.ex-y5.ex-ext-1	x-height	0	0
qsIt.hapax.en-y0.ex-y5	qsOx.hapax.en-y5	x-height	0	0
qsIt.hapax.en-y0.ex-y5	qsOx.hapax.en-y5.ex-y0	x-height	0	0
qsIt.hapax.en-y0.ex-y5	qsRoe.hapax.en-y5.en-ext-1	x-height	1	0
qsIt.hapax.en-y0.ex-y5	qsRoe.hapax.en-y5.ex-y0.en-ext-1	x-height	1	0
qsIt.hapax.en-y0.ex-y5	qsRoe.hapax.en-y5.ex-y0.en-ext-1.ex-ext-1	x-height	1	0
qsIt.hapax.en-y0.ex-y5.ex-ext-1	qsJai.hapax.en-y5	x-height	1	0
qsIt.hapax.en-y0.ex-y5.ex-ext-1	qsJai.hapax.en-y5.ex-y0	x-height	1	0
qsIt.hapax.en-y0.ex-y5.ex-ext-1	qsJai.hapax.en-y5.ex-y0.ex-ext-1	x-height	1	0
qsIt.hapax.en-y0.ex-y5.ex-ext-1	qsJai_qsUtter.hapax.en-y5	x-height	1	0
qsIt.hapax.en-y0.ex-y5.ex-ext-1	qsJai_qsUtter.hapax.en-y5.ex-y5	x-height	1	0
qsIt.hapax.en-y0.ex-y5.ex-ext-1	qsJai_qsUtter.hapax.en-y5.ex-y5.ex-ext-1	x-height	1	0
qsIt.hapax.en-y5	qsAwe.hapax	break	0	0
qsIt.hapax.en-y5	qsAwe.hapax.ex-y0	break	0	0
qsIt.hapax.en-y5	qsEight.normal-sized-loop	break	0	0
qsIt.hapax.en-y5	qsEight.normal-sized-loop.ex-y0	break	0	0
qsIt.hapax.en-y5	qsEight.smaller-loop.ex-y0	break	0	0
qsIt.hapax.en-y5	qsEt.hapax	break	0	0
qsIt.hapax.en-y5	qsEt.hapax.ex-y0	break	0	0
qsIt.hapax.en-y5	qsEt.hapax.ex-y0.ex-con-1	break	0	0
qsIt.hapax.en-y5	qsFee.loop	break	0	0
qsIt.hapax.en-y5	qsFee.loop.ex-y5	break	0	0
qsIt.hapax.en-y5	qsFee.loop.ex-y5.ex-ext-1	break	0	0
qsIt.hapax.en-y5	qsFee.loop.ex-y5.ex-ext-3	break	0	0
qsIt.hapax.en-y5	qsIt.hapax	break	0	0
qsIt.hapax.en-y5	qsIt.hapax.ex-y0	break	0	0
qsIt.hapax.en-y5	qsIt.hapax.ex-y5	break	0	0
qsIt.hapax.en-y5	qsIt.hapax.ex-y5.ex-ext-1	break	0	0
qsIt.hapax.en-y5	qsJai.hapax	break	0	0
qsIt.hapax.en-y5	qsJai.hapax.ex-y0	break	0	0
qsIt.hapax.en-y5	qsJai.hapax.ex-y0.ex-ext-1	break	0	0
qsIt.hapax.en-y5	qsJai_qsUtter.hapax	break	0	0
qsIt.hapax.en-y5	qsJai_qsUtter.hapax.ex-y5	break	0	0
qsIt.hapax.en-y5	qsJai_qsUtter.hapax.ex-y5.ex-ext-1	break	0	0
qsIt.hapax.en-y5	qsOx.hapax	break	0	0
qsIt.hapax.en-y5	qsOx.hapax.ex-y0	break	0	0
qsIt.hapax.en-y5	qsOy.hapax	break	0	0
qsIt.hapax.en-y5	qsOy.hapax.ex-y0	break	0	0
qsIt.hapax.en-y5	qsPea.full	break	0	0
qsIt.hapax.en-y5	qsPea.full.ex-y0	break	0	0
qsIt.hapax.en-y5	qsPea.half.ex-y5	break	0	0
qsIt.hapax.en-y5	qsPea.half.ex-y6	break	0	0
qsIt.hapax.en-y5	qsSee_qsUtter.hapax	break	0	0
qsIt.hapax.en-y5	qsSee_qsUtter.hapax.ex-y5	break	0	0
qsIt.hapax.en-y5	qsSee_qsUtter.hapax.ex-y5.ex-ext-1	break	0	0
qsIt.hapax.en-y5	qsTea.full	break	0	0
qsIt.hapax.en-y5	qsTea.full.ex-y0	break	0	0
qsIt.hapax.en-y5	qsTea.half.ex-y5	break	0	0
qsIt.hapax.en-y5	qsTea_qsOy.hapax	break	0	0
qsIt.hapax.en-y5	qsTea_qsOy.hapax.ex-y0	break	0	0
qsIt.hapax.en-y5	qsUtter.alternate.ex-y0	break	0	0
qsIt.hapax.en-y5.ex-y0	qsDay.half.en-y0	baseline	0	0
qsIt.hapax.en-y5.ex-y0	qsDay.half.en-y0.ex-y0	baseline	0	0
qsIt.hapax.en-y5.ex-y0	qsDay_qsUtter.half.en-y0	baseline	0	0
qsIt.hapax.en-y5.ex-y0	qsDay_qsUtter.half.en-y0.ex-y5	baseline	0	0
qsIt.hapax.en-y5.ex-y0	qsDay_qsUtter.half.en-y0.ex-y5.ex-ext-1	baseline	0	0
qsIt.hapax.en-y5.ex-y0	qsI.smaller-loop.en-y0	baseline	0	0
qsIt.hapax.en-y5.ex-y0	qsI.smaller-loop.en-y0.ex-y5	baseline	0	0
qsIt.hapax.en-y5.ex-y0	qsI.smaller-loop.en-y0.ex-y5.ex-ext-1	baseline	0	0
qsIt.hapax.en-y5.ex-y0	qsLow.hapax.en-y0	baseline	0	0
qsIt.hapax.en-y5.ex-y0	qsLow.hapax.en-y0.ex-y5	baseline	0	0
qsIt.hapax.en-y5.ex-y0	qsLow.hapax.en-y0.ex-y5.ex-ext-1	baseline	0	0
qsIt.hapax.en-y5.ex-y0	qsMay.loop.en-y0	baseline	0	0
qsIt.hapax.en-y5.ex-y0	qsMay.loop.en-y0.ex-y5.ex-ext-1	baseline	0	0
qsIt.hapax.en-y5.ex-y0	qsMay.loop.en-y0.ex-y5.ex-ext-2	baseline	0	0
qsIt.hapax.en-y5.ex-y0	qsUtter.mono.en-y0	baseline	0	0
qsIt.hapax.en-y5.ex-y0	qsUtter.mono.en-y0.ex-y5	baseline	0	0
qsIt.hapax.en-y5.ex-y0	qsUtter.mono.en-y0.ex-y5.ex-ext-1	baseline	0	0
qsIt.hapax.en-y5.ex-y0	qsVie.normal.en-y0	baseline	0	0
qsIt.hapax.en-y5.ex-y0	qsVie.swept-out.en-y0.ex-y0	baseline	0	0
qsIt.hapax.en-y5.ex-y0	qsVie_qsUtter.hapax.en-y0	baseline	0	0
qsIt.hapax.en-y5.ex-y0	qsVie_qsUtter.hapax.en-y0.ex-y5	baseline	0	0
qsIt.hapax.en-y5.ex-y0	qsVie_qsUtter.hapax.en-y0.ex-y5.ex-ext-1	baseline	0	0
qsIt.hapax.en-y5.ex-y0.ex-ext-1	qsAh.hapax.en-y0	baseline	1	0
qsIt.hapax.en-y5.ex-y0.ex-ext-1	qsAh.hapax.en-y0.ex-y5	baseline	1	0
qsIt.hapax.en-y5.ex-y0.ex-ext-1	qsAh.hapax.en-y0.ex-y5.ex-ext-1	baseline	1	0
qsIt.hapax.en-y5.ex-y0.ex-ext-1	qsNo.flipped.en-y0	baseline	1	0
qsIt.hapax.en-y5.ex-y0.ex-ext-1	qsNo.flipped.en-y0.ex-y0	baseline	1	0
qsIt.hapax.en-y5.ex-y0.ex-ext-1	qsOut.normal.en-y0	baseline	1	0
qsIt.hapax.en-y5.ex-y0.ex-ext-1	qsOut.swept-up.en-y0.ex-y5	baseline	1	0
qsIt.hapax.en-y5.ex-y0.ex-ext-1	qsOut.swept-up.en-y0.ex-y5.ex-ext-1	baseline	1	0
qsIt.hapax.en-y5.ex-y0.ex-ext-1	qsOut_qsTea.hapax.en-y0	baseline	1	0
qsIt.hapax.en-y5.ex-y0.ex-ext-1	qsRoe.hapax.en-y0	baseline	1	0
qsIt.hapax.en-y5.ex-y0.ex-ext-1	qsRoe.hapax.en-y0.ex-y5	baseline	1	0
qsIt.hapax.en-y5.ex-y0.ex-ext-1	qsSee.curled-over.en-y0.ex-y6	baseline	1	0
qsIt.hapax.en-y5.ex-y0.ex-ext-1	qsSee.normal.en-y0	baseline	1	0
qsIt.hapax.en-y5.ex-y0.ex-ext-1	qsSee.normal.en-y0.ex-y8	baseline	1	0
qsIt.hapax.ex-y0	qsAh.hapax.en-y0	baseline	0	0
qsIt.hapax.ex-y0	qsAh.hapax.en-y0.ex-y5	baseline	0	0
qsIt.hapax.ex-y0	qsAh.hapax.en-y0.ex-y5.ex-ext-1	baseline	0	0
qsIt.hapax.ex-y0	qsDay.half.en-y0	baseline	0	0
qsIt.hapax.ex-y0	qsDay.half.en-y0.ex-y0	baseline	0	0
qsIt.hapax.ex-y0	qsDay_qsUtter.half.en-y0	baseline	0	0
qsIt.hapax.ex-y0	qsDay_qsUtter.half.en-y0.ex-y5	baseline	0	0
qsIt.hapax.ex-y0	qsDay_qsUtter.half.en-y0.ex-y5.ex-ext-1	baseline	0	0
qsIt.hapax.ex-y0	qsI.smaller-loop.en-y0	baseline	0	0
qsIt.hapax.ex-y0	qsI.smaller-loop.en-y0.ex-y5	baseline	0	0
qsIt.hapax.ex-y0	qsI.smaller-loop.en-y0.ex-y5.ex-ext-1	baseline	0	0
qsIt.hapax.ex-y0	qsLow.hapax.en-y0	baseline	0	0
qsIt.hapax.ex-y0	qsLow.hapax.en-y0.ex-y5	baseline	0	0
qsIt.hapax.ex-y0	qsLow.hapax.en-y0.ex-y5.ex-ext-1	baseline	0	0
qsIt.hapax.ex-y0	qsMay.loop.en-y0	baseline	0	0
qsIt.hapax.ex-y0	qsMay.loop.en-y0.ex-y5.ex-ext-1	baseline	0	0
qsIt.hapax.ex-y0	qsMay.loop.en-y0.ex-y5.ex-ext-2	baseline	0	0
qsIt.hapax.ex-y0	qsNo.flipped.en-y0	baseline	0	0
qsIt.hapax.ex-y0	qsNo.flipped.en-y0.ex-y0	baseline	0	0
qsIt.hapax.ex-y0	qsOut.normal.en-y0	baseline	0	0
qsIt.hapax.ex-y0	qsOut.swept-up.en-y0.ex-y5	baseline	0	0
qsIt.hapax.ex-y0	qsOut.swept-up.en-y0.ex-y5.ex-ext-1	baseline	0	0
qsIt.hapax.ex-y0	qsOut_qsTea.hapax.en-y0	baseline	0	0
qsIt.hapax.ex-y0	qsSee.curled-over.en-y0.ex-y6	baseline	0	0
qsIt.hapax.ex-y0	qsSee.normal.en-y0	baseline	0	0
qsIt.hapax.ex-y0	qsSee.normal.en-y0.ex-y8	baseline	0	0
qsIt.hapax.ex-y0	qsUtter.mono.en-y0	baseline	0	0
qsIt.hapax.ex-y0	qsUtter.mono.en-y0.ex-y5	baseline	0	0
qsIt.hapax.ex-y0	qsUtter.mono.en-y0.ex-y5.ex-ext-1	baseline	0	0
qsIt.hapax.ex-y0	qsVie.normal.en-y0	baseline	0	0
qsIt.hapax.ex-y0	qsVie.swept-out.en-y0.ex-y0	baseline	0	0
qsIt.hapax.ex-y0	qsVie_qsUtter.hapax.en-y0	baseline	0	0
qsIt.hapax.ex-y0	qsVie_qsUtter.hapax.en-y0.ex-y5	baseline	0	0
qsIt.hapax.ex-y0	qsVie_qsUtter.hapax.en-y0.ex-y5.ex-ext-1	baseline	0	0
qsIt.hapax.ex-y0.locked	qsAh.hapax.en-y0	baseline	0	0
qsIt.hapax.ex-y0.locked	qsAh.hapax.en-y0.ex-y5	baseline	0	0
qsIt.hapax.ex-y0.locked	qsAh.hapax.en-y0.ex-y5.ex-ext-1	baseline	0	0
qsIt.hapax.ex-y0.locked	qsDay.half.en-y0	baseline	0	0
qsIt.hapax.ex-y0.locked	qsDay.half.en-y0.ex-y0	baseline	0	0
qsIt.hapax.ex-y0.locked	qsDay_qsUtter.half.en-y0	baseline	0	0
qsIt.hapax.ex-y0.locked	qsDay_qsUtter.half.en-y0.ex-y5	baseline	0	0
qsIt.hapax.ex-y0.locked	qsDay_qsUtter.half.en-y0.ex-y5.ex-ext-1	baseline	0	0
qsIt.hapax.ex-y0.locked	qsI.smaller-loop.en-y0	baseline	0	0
qsIt.hapax.ex-y0.locked	qsI.smaller-loop.en-y0.ex-y5	baseline	0	0
qsIt.hapax.ex-y0.locked	qsI.smaller-loop.en-y0.ex-y5.ex-ext-1	baseline	0	0
qsIt.hapax.ex-y0.locked	qsLow.hapax.en-y0	baseline	0	0
qsIt.hapax.ex-y0.locked	qsLow.hapax.en-y0.ex-y5	baseline	0	0
qsIt.hapax.ex-y0.locked	qsLow.hapax.en-y0.ex-y5.ex-ext-1	baseline	0	0
qsIt.hapax.ex-y0.locked	qsMay.loop.en-y0	baseline	0	0
qsIt.hapax.ex-y0.locked	qsMay.loop.en-y0.ex-y5.ex-ext-1	baseline	0	0
qsIt.hapax.ex-y0.locked	qsMay.loop.en-y0.ex-y5.ex-ext-2	baseline	0	0
qsIt.hapax.ex-y0.locked	qsNo.flipped.en-y0	baseline	0	0
qsIt.hapax.ex-y0.locked	qsNo.flipped.en-y0.ex-y0	baseline	0	0
qsIt.hapax.ex-y0.locked	qsOut.normal.en-y0	baseline	0	0
qsIt.hapax.ex-y0.locked	qsOut.swept-up.en-y0.ex-y5	baseline	0	0
qsIt.hapax.ex-y0.locked	qsOut.swept-up.en-y0.ex-y5.ex-ext-1	baseline	0	0
qsIt.hapax.ex-y0.locked	qsOut_qsTea.hapax.en-y0	baseline	0	0
qsIt.hapax.ex-y0.locked	qsSee.curled-over.en-y0.ex-y6	baseline	0	0
qsIt.hapax.ex-y0.locked	qsSee.normal.en-y0	baseline	0	0
qsIt.hapax.ex-y0.locked	qsSee.normal.en-y0.ex-y8	baseline	0	0
qsIt.hapax.ex-y0.locked	qsUtter.mono.en-y0	baseline	0	0
qsIt.hapax.ex-y0.locked	qsUtter.mono.en-y0.ex-y5	baseline	0	0
qsIt.hapax.ex-y0.locked	qsUtter.mono.en-y0.ex-y5.ex-ext-1	baseline	0	0
qsIt.hapax.ex-y0.locked	qsVie.normal.en-y0	baseline	0	0
qsIt.hapax.ex-y0.locked	qsVie.swept-out.en-y0.ex-y0	baseline	0	0
qsIt.hapax.ex-y0.locked	qsVie_qsUtter.hapax.en-y0	baseline	0	0
qsIt.hapax.ex-y0.locked	qsVie_qsUtter.hapax.en-y0.ex-y5	baseline	0	0
qsIt.hapax.ex-y0.locked	qsVie_qsUtter.hapax.en-y0.ex-y5.ex-ext-1	baseline	0	0
qsIt.hapax.ex-y5	qsAwe.hapax.en-y5	x-height	0	0
qsIt.hapax.ex-y5	qsAwe.hapax.en-y5.ex-y0	x-height	0	0
qsIt.hapax.ex-y5	qsEight.normal-sized-loop.en-y5	x-height	0	0
qsIt.hapax.ex-y5	qsEight.normal-sized-loop.en-y5.ex-y0	x-height	0	0
qsIt.hapax.ex-y5	qsEight.smaller-loop.en-y5.ex-y0	x-height	0	0
qsIt.hapax.ex-y5	qsNo.loop.en-y5	x-height	0	0
qsIt.hapax.ex-y5	qsNo.loop.en-y5.ex-y5	x-height	0	0
qsIt.hapax.ex-y5	qsNo.loop.en-y5.ex-y5.ex-ext-1	x-height	0	0
qsIt.hapax.ex-y5	qsOx.hapax.en-y5	x-height	0	0
qsIt.hapax.ex-y5	qsOx.hapax.en-y5.ex-y0	x-height	0	0
qsIt.hapax.ex-y5	qsRoe.hapax.en-y5.en-ext-1	x-height	1	0
qsIt.hapax.ex-y5	qsRoe.hapax.en-y5.ex-y0.en-ext-1	x-height	1	0
qsIt.hapax.ex-y5	qsRoe.hapax.en-y5.ex-y0.en-ext-1.ex-ext-1	x-height	1	0
qsIt.hapax.ex-y5.ex-ext-1	qsJai.hapax.en-y5	x-height	1	0
qsIt.hapax.ex-y5.ex-ext-1	qsJai.hapax.en-y5.ex-y0	x-height	1	0
qsIt.hapax.ex-y5.ex-ext-1	qsJai.hapax.en-y5.ex-y0.ex-ext-1	x-height	1	0
qsIt.hapax.ex-y5.ex-ext-1	qsJai_qsUtter.hapax.en-y5	x-height	1	0
qsIt.hapax.ex-y5.ex-ext-1	qsJai_qsUtter.hapax.en-y5.ex-y5	x-height	1	0
qsIt.hapax.ex-y5.ex-ext-1	qsJai_qsUtter.hapax.en-y5.ex-y5.ex-ext-1	x-height	1	0
qsIt.hapax.ex-y5.locked	qsAwe.hapax.en-y5	x-height	0	0
qsIt.hapax.ex-y5.locked	qsAwe.hapax.en-y5.ex-y0	x-height	0	0
qsIt.hapax.ex-y5.locked	qsEight.normal-sized-loop.en-y5	x-height	0	0
qsIt.hapax.ex-y5.locked	qsEight.normal-sized-loop.en-y5.ex-y0	x-height	0	0
qsIt.hapax.ex-y5.locked	qsEight.smaller-loop.en-y5.ex-y0	x-height	0	0
qsIt.hapax.ex-y5.locked	qsNo.loop.en-y5	x-height	0	0
qsIt.hapax.ex-y5.locked	qsNo.loop.en-y5.ex-y5	x-height	0	0
qsIt.hapax.ex-y5.locked	qsNo.loop.en-y5.ex-y5.ex-ext-1	x-height	0	0
qsIt.hapax.ex-y5.locked	qsOx.hapax.en-y5	x-height	0	0
qsIt.hapax.ex-y5.locked	qsOx.hapax.en-y5.ex-y0	x-height	0	0
qsIt.hapax.ex-y5.locked	qsRoe.hapax.en-y5.en-ext-1	x-height	1	0
qsIt.hapax.ex-y5.locked	qsRoe.hapax.en-y5.ex-y0.en-ext-1	x-height	1	0
qsIt.hapax.ex-y5.locked	qsRoe.hapax.en-y5.ex-y0.en-ext-1.ex-ext-1	x-height	1	0
qsIt.hapax.ex-y5.locked.ex-ext-1	qsJai.hapax.en-y5	x-height	1	0
qsIt.hapax.ex-y5.locked.ex-ext-1	qsJai.hapax.en-y5.ex-y0	x-height	1	0
qsIt.hapax.ex-y5.locked.ex-ext-1	qsJai.hapax.en-y5.ex-y0.ex-ext-1	x-height	1	0
qsIt.hapax.ex-y5.locked.ex-ext-1	qsJai_qsUtter.hapax.en-y5	x-height	1	0
qsIt.hapax.ex-y5.locked.ex-ext-1	qsJai_qsUtter.hapax.en-y5.ex-y5	x-height	1	0
qsIt.hapax.ex-y5.locked.ex-ext-1	qsJai_qsUtter.hapax.en-y5.ex-y5.ex-ext-1	x-height	1	0
qsIt.hapax.locked	qsEt.hapax	break	0	0
qsIt.hapax.locked	qsEt.hapax.ex-y0	break	0	0
qsIt.hapax.locked	qsEt.hapax.ex-y0.ex-con-1	break	0	0
qsIt.hapax.locked	qsFee.loop	break	0	0
qsIt.hapax.locked	qsFee.loop.ex-y5	break	0	0
qsIt.hapax.locked	qsFee.loop.ex-y5.ex-ext-1	break	0	0
qsIt.hapax.locked	qsFee.loop.ex-y5.ex-ext-3	break	0	0
qsIt.hapax.locked	qsIt.hapax	break	0	0
qsIt.hapax.locked	qsIt.hapax.ex-y0	break	0	0
qsIt.hapax.locked	qsIt.hapax.ex-y5	break	0	0
qsIt.hapax.locked	qsIt.hapax.ex-y5.ex-ext-1	break	0	0
qsIt.hapax.locked	qsOy.hapax	break	0	0
qsIt.hapax.locked	qsOy.hapax.ex-y0	break	0	0
qsIt.hapax.locked	qsPea.full	break	0	0
qsIt.hapax.locked	qsPea.full.ex-y0	break	0	0
qsIt.hapax.locked	qsPea.half.ex-y5	break	0	0
qsIt.hapax.locked	qsPea.half.ex-y6	break	0	0
qsIt.hapax.locked	qsRoe.hapax.ex-y5	break	0	0
qsIt.hapax.locked	qsSee_qsUtter.hapax	break	0	0
qsIt.hapax.locked	qsSee_qsUtter.hapax.ex-y5	break	0	0
qsIt.hapax.locked	qsSee_qsUtter.hapax.ex-y5.ex-ext-1	break	0	0
qsIt.hapax.locked	qsTea.full	break	0	0
qsIt.hapax.locked	qsTea.full.ex-y0	break	0	0
qsIt.hapax.locked	qsTea.half.ex-y5	break	0	0
qsIt.hapax.locked	qsTea_qsOy.hapax	break	0	0
qsIt.hapax.locked	qsTea_qsOy.hapax.ex-y0	break	0	0
qsIt.hapax.locked	qsUtter.alternate.ex-y0	break	0	0
qsJai.hapax	qsAwe.hapax	break	0	0
qsJai.hapax	qsAwe.hapax.ex-y0	break	0	0
qsJai.hapax	qsEight.normal-sized-loop	break	0	0
qsJai.hapax	qsEight.normal-sized-loop.ex-y0	break	0	0
qsJai.hapax	qsEight.smaller-loop.ex-y0	break	0	0
qsJai.hapax	qsEt.hapax	break	0	0
qsJai.hapax	qsEt.hapax.ex-y0	break	0	0
qsJai.hapax	qsEt.hapax.ex-y0.ex-con-1	break	0	0
qsJai.hapax	qsFee.loop	break	0	0
qsJai.hapax	qsFee.loop.ex-y5	break	0	0
qsJai.hapax	qsFee.loop.ex-y5.ex-ext-1	break	0	0
qsJai.hapax	qsFee.loop.ex-y5.ex-ext-3	break	0	0
qsJai.hapax	qsJai.hapax	break	0	0
qsJai.hapax	qsJai.hapax.ex-y0	break	0	0
qsJai.hapax	qsJai.hapax.ex-y0.ex-ext-1	break	0	0
qsJai.hapax	qsJai_qsUtter.hapax	break	0	0
qsJai.hapax	qsJai_qsUtter.hapax.ex-y5	break	0	0
qsJai.hapax	qsJai_qsUtter.hapax.ex-y5.ex-ext-1	break	0	0
qsJai.hapax	qsNo.loop.ex-y5	break	0	0
qsJai.hapax	qsOx.hapax	break	0	0
qsJai.hapax	qsOx.hapax.ex-y0	break	0	0
qsJai.hapax	qsOy.hapax	break	0	0
qsJai.hapax	qsOy.hapax.ex-y0	break	0	0
qsJai.hapax	qsPea.full	break	0	0
qsJai.hapax	qsPea.full.ex-y0	break	0	0
qsJai.hapax	qsPea.half.ex-y5	break	0	0
qsJai.hapax	qsPea.half.ex-y6	break	0	0
qsJai.hapax	qsSee.straighter.ex-y0	break	0	0
qsJai.hapax	qsSee.straighter.ex-y0.ex-ext-2	break	0	0
qsJai.hapax	qsSee_qsUtter.hapax	break	0	0
qsJai.hapax	qsSee_qsUtter.hapax.ex-y5	break	0	0
qsJai.hapax	qsSee_qsUtter.hapax.ex-y5.ex-ext-1	break	0	0
qsJai.hapax	qsTea.full	break	0	0
qsJai.hapax	qsTea.full.ex-y0	break	0	0
qsJai.hapax	qsTea.half.ex-y5	break	0	0
qsJai.hapax	qsTea_qsOy.hapax	break	0	0
qsJai.hapax	qsTea_qsOy.hapax.ex-y0	break	0	0
qsJai.hapax	qsUtter.alternate.ex-y0	break	0	0
qsJai.hapax.en-y5	qsAwe.hapax	break	0	0
qsJai.hapax.en-y5	qsAwe.hapax.ex-y0	break	0	0
qsJai.hapax.en-y5	qsEight.normal-sized-loop	break	0	0
qsJai.hapax.en-y5	qsEight.normal-sized-loop.ex-y0	break	0	0
qsJai.hapax.en-y5	qsEight.smaller-loop.ex-y0	break	0	0
qsJai.hapax.en-y5	qsEt.hapax	break	0	0
qsJai.hapax.en-y5	qsEt.hapax.ex-y0	break	0	0
qsJai.hapax.en-y5	qsEt.hapax.ex-y0.ex-con-1	break	0	0
qsJai.hapax.en-y5	qsFee.loop	break	0	0
qsJai.hapax.en-y5	qsFee.loop.ex-y5	break	0	0
qsJai.hapax.en-y5	qsFee.loop.ex-y5.ex-ext-1	break	0	0
qsJai.hapax.en-y5	qsFee.loop.ex-y5.ex-ext-3	break	0	0
qsJai.hapax.en-y5	qsJai.hapax	break	0	0
qsJai.hapax.en-y5	qsJai.hapax.ex-y0	break	0	0
qsJai.hapax.en-y5	qsJai.hapax.ex-y0.ex-ext-1	break	0	0
qsJai.hapax.en-y5	qsJai_qsUtter.hapax	break	0	0
qsJai.hapax.en-y5	qsJai_qsUtter.hapax.ex-y5	break	0	0
qsJai.hapax.en-y5	qsJai_qsUtter.hapax.ex-y5.ex-ext-1	break	0	0
qsJai.hapax.en-y5	qsNo.loop.ex-y5	break	0	0
qsJai.hapax.en-y5	qsOx.hapax	break	0	0
qsJai.hapax.en-y5	qsOx.hapax.ex-y0	break	0	0
qsJai.hapax.en-y5	qsOy.hapax	break	0	0
qsJai.hapax.en-y5	qsOy.hapax.ex-y0	break	0	0
qsJai.hapax.en-y5	qsPea.full	break	0	0
qsJai.hapax.en-y5	qsPea.full.ex-y0	break	0	0
qsJai.hapax.en-y5	qsPea.half.ex-y5	break	0	0
qsJai.hapax.en-y5	qsPea.half.ex-y6	break	0	0
qsJai.hapax.en-y5	qsSee.straighter.ex-y0	break	0	0
qsJai.hapax.en-y5	qsSee.straighter.ex-y0.ex-ext-2	break	0	0
qsJai.hapax.en-y5	qsSee_qsUtter.hapax	break	0	0
qsJai.hapax.en-y5	qsSee_qsUtter.hapax.ex-y5	break	0	0
qsJai.hapax.en-y5	qsSee_qsUtter.hapax.ex-y5.ex-ext-1	break	0	0
qsJai.hapax.en-y5	qsTea.full	break	0	0
qsJai.hapax.en-y5	qsTea.full.ex-y0	break	0	0
qsJai.hapax.en-y5	qsTea.half.ex-y5	break	0	0
qsJai.hapax.en-y5	qsTea_qsOy.hapax	break	0	0
qsJai.hapax.en-y5	qsTea_qsOy.hapax.ex-y0	break	0	0
qsJai.hapax.en-y5	qsUtter.alternate.ex-y0	break	0	0
qsJai.hapax.en-y5.en-con-1	qsAwe.hapax	break	0	0
qsJai.hapax.en-y5.en-con-1	qsAwe.hapax.ex-y0	break	0	0
qsJai.hapax.en-y5.en-con-1	qsEight.normal-sized-loop	break	0	0
qsJai.hapax.en-y5.en-con-1	qsEight.normal-sized-loop.ex-y0	break	0	0
qsJai.hapax.en-y5.en-con-1	qsEight.smaller-loop.ex-y0	break	0	0
qsJai.hapax.en-y5.en-con-1	qsEt.hapax	break	0	0
qsJai.hapax.en-y5.en-con-1	qsEt.hapax.ex-y0	break	0	0
qsJai.hapax.en-y5.en-con-1	qsEt.hapax.ex-y0.ex-con-1	break	0	0
qsJai.hapax.en-y5.en-con-1	qsFee.loop	break	0	0
qsJai.hapax.en-y5.en-con-1	qsFee.loop.ex-y5	break	0	0
qsJai.hapax.en-y5.en-con-1	qsFee.loop.ex-y5.ex-ext-1	break	0	0
qsJai.hapax.en-y5.en-con-1	qsFee.loop.ex-y5.ex-ext-3	break	0	0
qsJai.hapax.en-y5.en-con-1	qsJai.hapax	break	0	0
qsJai.hapax.en-y5.en-con-1	qsJai.hapax.ex-y0	break	0	0
qsJai.hapax.en-y5.en-con-1	qsJai.hapax.ex-y0.ex-ext-1	break	0	0
qsJai.hapax.en-y5.en-con-1	qsJai_qsUtter.hapax	break	0	0
qsJai.hapax.en-y5.en-con-1	qsJai_qsUtter.hapax.ex-y5	break	0	0
qsJai.hapax.en-y5.en-con-1	qsJai_qsUtter.hapax.ex-y5.ex-ext-1	break	0	0
qsJai.hapax.en-y5.en-con-1	qsNo.loop.ex-y5	break	0	0
qsJai.hapax.en-y5.en-con-1	qsOx.hapax	break	0	0
qsJai.hapax.en-y5.en-con-1	qsOx.hapax.ex-y0	break	0	0
qsJai.hapax.en-y5.en-con-1	qsOy.hapax	break	0	0
qsJai.hapax.en-y5.en-con-1	qsOy.hapax.ex-y0	break	0	0
qsJai.hapax.en-y5.en-con-1	qsPea.full	break	0	0
qsJai.hapax.en-y5.en-con-1	qsPea.full.ex-y0	break	0	0
qsJai.hapax.en-y5.en-con-1	qsPea.half.ex-y5	break	0	0
qsJai.hapax.en-y5.en-con-1	qsPea.half.ex-y6	break	0	0
qsJai.hapax.en-y5.en-con-1	qsSee.straighter.ex-y0	break	0	0
qsJai.hapax.en-y5.en-con-1	qsSee.straighter.ex-y0.ex-ext-2	break	0	0
qsJai.hapax.en-y5.en-con-1	qsSee_qsUtter.hapax	break	0	0
qsJai.hapax.en-y5.en-con-1	qsSee_qsUtter.hapax.ex-y5	break	0	0
qsJai.hapax.en-y5.en-con-1	qsSee_qsUtter.hapax.ex-y5.ex-ext-1	break	0	0
qsJai.hapax.en-y5.en-con-1	qsTea.full	break	0	0
qsJai.hapax.en-y5.en-con-1	qsTea.full.ex-y0	break	0	0
qsJai.hapax.en-y5.en-con-1	qsTea.half.ex-y5	break	0	0
qsJai.hapax.en-y5.en-con-1	qsTea_qsOy.hapax	break	0	0
qsJai.hapax.en-y5.en-con-1	qsTea_qsOy.hapax.ex-y0	break	0	0
qsJai.hapax.en-y5.en-con-1	qsUtter.alternate.ex-y0	break	0	0
qsJai.hapax.en-y5.en-con-2	qsAwe.hapax	break	0	0
qsJai.hapax.en-y5.en-con-2	qsAwe.hapax.ex-y0	break	0	0
qsJai.hapax.en-y5.en-con-2	qsEight.normal-sized-loop	break	0	0
qsJai.hapax.en-y5.en-con-2	qsEight.normal-sized-loop.ex-y0	break	0	0
qsJai.hapax.en-y5.en-con-2	qsEight.smaller-loop.ex-y0	break	0	0
qsJai.hapax.en-y5.en-con-2	qsEt.hapax	break	0	0
qsJai.hapax.en-y5.en-con-2	qsEt.hapax.ex-y0	break	0	0
qsJai.hapax.en-y5.en-con-2	qsEt.hapax.ex-y0.ex-con-1	break	0	0
qsJai.hapax.en-y5.en-con-2	qsFee.loop	break	0	0
qsJai.hapax.en-y5.en-con-2	qsFee.loop.ex-y5	break	0	0
qsJai.hapax.en-y5.en-con-2	qsFee.loop.ex-y5.ex-ext-1	break	0	0
qsJai.hapax.en-y5.en-con-2	qsFee.loop.ex-y5.ex-ext-3	break	0	0
qsJai.hapax.en-y5.en-con-2	qsJai.hapax	break	0	0
qsJai.hapax.en-y5.en-con-2	qsJai.hapax.ex-y0	break	0	0
qsJai.hapax.en-y5.en-con-2	qsJai.hapax.ex-y0.ex-ext-1	break	0	0
qsJai.hapax.en-y5.en-con-2	qsJai_qsUtter.hapax	break	0	0
qsJai.hapax.en-y5.en-con-2	qsJai_qsUtter.hapax.ex-y5	break	0	0
qsJai.hapax.en-y5.en-con-2	qsJai_qsUtter.hapax.ex-y5.ex-ext-1	break	0	0
qsJai.hapax.en-y5.en-con-2	qsNo.loop.ex-y5	break	0	0
qsJai.hapax.en-y5.en-con-2	qsOx.hapax	break	0	0
qsJai.hapax.en-y5.en-con-2	qsOx.hapax.ex-y0	break	0	0
qsJai.hapax.en-y5.en-con-2	qsOy.hapax	break	0	0
qsJai.hapax.en-y5.en-con-2	qsOy.hapax.ex-y0	break	0	0
qsJai.hapax.en-y5.en-con-2	qsPea.full	break	0	0
qsJai.hapax.en-y5.en-con-2	qsPea.full.ex-y0	break	0	0
qsJai.hapax.en-y5.en-con-2	qsPea.half.ex-y5	break	0	0
qsJai.hapax.en-y5.en-con-2	qsPea.half.ex-y6	break	0	0
qsJai.hapax.en-y5.en-con-2	qsSee.straighter.ex-y0	break	0	0
qsJai.hapax.en-y5.en-con-2	qsSee.straighter.ex-y0.ex-ext-2	break	0	0
qsJai.hapax.en-y5.en-con-2	qsSee_qsUtter.hapax	break	0	0
qsJai.hapax.en-y5.en-con-2	qsSee_qsUtter.hapax.ex-y5	break	0	0
qsJai.hapax.en-y5.en-con-2	qsSee_qsUtter.hapax.ex-y5.ex-ext-1	break	0	0
qsJai.hapax.en-y5.en-con-2	qsTea.full	break	0	0
qsJai.hapax.en-y5.en-con-2	qsTea.full.ex-y0	break	0	0
qsJai.hapax.en-y5.en-con-2	qsTea.half.ex-y5	break	0	0
qsJai.hapax.en-y5.en-con-2	qsTea_qsOy.hapax	break	0	0
qsJai.hapax.en-y5.en-con-2	qsTea_qsOy.hapax.ex-y0	break	0	0
qsJai.hapax.en-y5.en-con-2	qsUtter.alternate.ex-y0	break	0	0
qsJai.hapax.en-y5.ex-y0	qsAh.hapax.en-y0	baseline	0	0
qsJai.hapax.en-y5.ex-y0	qsAh.hapax.en-y0.ex-y5	baseline	0	0
qsJai.hapax.en-y5.ex-y0	qsAh.hapax.en-y0.ex-y5.ex-ext-1	baseline	0	0
qsJai.hapax.en-y5.ex-y0	qsDay.half.en-y0	baseline	0	0
qsJai.hapax.en-y5.ex-y0	qsDay.half.en-y0.ex-y0	baseline	0	0
qsJai.hapax.en-y5.ex-y0	qsDay_qsUtter.half.en-y0	baseline	0	0
qsJai.hapax.en-y5.ex-y0	qsDay_qsUtter.half.en-y0.ex-y5	baseline	0	0
qsJai.hapax.en-y5.ex-y0	qsDay_qsUtter.half.en-y0.ex-y5.ex-ext-1	baseline	0	0
qsJai.hapax.en-y5.ex-y0	qsLow.hapax.en-y0	baseline	0	0
qsJai.hapax.en-y5.ex-y0	qsLow.hapax.en-y0.ex-y5	baseline	0	0
qsJai.hapax.en-y5.ex-y0	qsLow.hapax.en-y0.ex-y5.ex-ext-1	baseline	0	0
qsJai.hapax.en-y5.ex-y0	qsMay.loop.en-y0	baseline	0	0
qsJai.hapax.en-y5.ex-y0	qsMay.loop.en-y0.ex-y5.ex-ext-1	baseline	0	0
qsJai.hapax.en-y5.ex-y0	qsMay.loop.en-y0.ex-y5.ex-ext-2	baseline	0	0
qsJai.hapax.en-y5.ex-y0	qsNo.flipped.en-y0	baseline	0	0
qsJai.hapax.en-y5.ex-y0	qsNo.flipped.en-y0.ex-y0	baseline	0	0
qsJai.hapax.en-y5.ex-y0	qsOut.normal.en-y0	baseline	0	0
qsJai.hapax.en-y5.ex-y0	qsOut.swept-up.en-y0.ex-y5	baseline	0	0
qsJai.hapax.en-y5.ex-y0	qsOut.swept-up.en-y0.ex-y5.ex-ext-1	baseline	0	0
qsJai.hapax.en-y5.ex-y0	qsOut_qsTea.hapax.en-y0	baseline	0	0
qsJai.hapax.en-y5.ex-y0	qsSee.curled-over.en-y0.ex-y6	baseline	0	0
qsJai.hapax.en-y5.ex-y0	qsSee.normal.en-y0	baseline	0	0
qsJai.hapax.en-y5.ex-y0	qsSee.normal.en-y0.ex-y8	baseline	0	0
qsJai.hapax.en-y5.ex-y0	qsVie.normal.en-y0	baseline	0	0
qsJai.hapax.en-y5.ex-y0	qsVie.swept-out.en-y0.ex-y0	baseline	0	0
qsJai.hapax.en-y5.ex-y0	qsVie_qsUtter.hapax.en-y0	baseline	0	0
qsJai.hapax.en-y5.ex-y0	qsVie_qsUtter.hapax.en-y0.ex-y5	baseline	0	0
qsJai.hapax.en-y5.ex-y0	qsVie_qsUtter.hapax.en-y0.ex-y5.ex-ext-1	baseline	0	0
qsJai.hapax.en-y5.ex-y0.en-con-1	qsAh.hapax.en-y0	baseline	0	0
qsJai.hapax.en-y5.ex-y0.en-con-1	qsAh.hapax.en-y0.ex-y5	baseline	0	0
qsJai.hapax.en-y5.ex-y0.en-con-1	qsAh.hapax.en-y0.ex-y5.ex-ext-1	baseline	0	0
qsJai.hapax.en-y5.ex-y0.en-con-1	qsDay.half.en-y0	baseline	0	0
qsJai.hapax.en-y5.ex-y0.en-con-1	qsDay.half.en-y0.ex-y0	baseline	0	0
qsJai.hapax.en-y5.ex-y0.en-con-1	qsDay_qsUtter.half.en-y0	baseline	0	0
qsJai.hapax.en-y5.ex-y0.en-con-1	qsDay_qsUtter.half.en-y0.ex-y5	baseline	0	0
qsJai.hapax.en-y5.ex-y0.en-con-1	qsDay_qsUtter.half.en-y0.ex-y5.ex-ext-1	baseline	0	0
qsJai.hapax.en-y5.ex-y0.en-con-1	qsLow.hapax.en-y0	baseline	0	0
qsJai.hapax.en-y5.ex-y0.en-con-1	qsLow.hapax.en-y0.ex-y5	baseline	0	0
qsJai.hapax.en-y5.ex-y0.en-con-1	qsLow.hapax.en-y0.ex-y5.ex-ext-1	baseline	0	0
qsJai.hapax.en-y5.ex-y0.en-con-1	qsMay.loop.en-y0	baseline	0	0
qsJai.hapax.en-y5.ex-y0.en-con-1	qsMay.loop.en-y0.ex-y5.ex-ext-1	baseline	0	0
qsJai.hapax.en-y5.ex-y0.en-con-1	qsMay.loop.en-y0.ex-y5.ex-ext-2	baseline	0	0
qsJai.hapax.en-y5.ex-y0.en-con-1	qsNo.flipped.en-y0	baseline	0	0
qsJai.hapax.en-y5.ex-y0.en-con-1	qsNo.flipped.en-y0.ex-y0	baseline	0	0
qsJai.hapax.en-y5.ex-y0.en-con-1	qsOut.normal.en-y0	baseline	0	0
qsJai.hapax.en-y5.ex-y0.en-con-1	qsOut.swept-up.en-y0.ex-y5	baseline	0	0
qsJai.hapax.en-y5.ex-y0.en-con-1	qsOut.swept-up.en-y0.ex-y5.ex-ext-1	baseline	0	0
qsJai.hapax.en-y5.ex-y0.en-con-1	qsOut_qsTea.hapax.en-y0	baseline	0	0
qsJai.hapax.en-y5.ex-y0.en-con-1	qsSee.curled-over.en-y0.ex-y6	baseline	0	0
qsJai.hapax.en-y5.ex-y0.en-con-1	qsSee.normal.en-y0	baseline	0	0
qsJai.hapax.en-y5.ex-y0.en-con-1	qsSee.normal.en-y0.ex-y8	baseline	0	0
qsJai.hapax.en-y5.ex-y0.en-con-1	qsVie.normal.en-y0	baseline	0	0
qsJai.hapax.en-y5.ex-y0.en-con-1	qsVie.swept-out.en-y0.ex-y0	baseline	0	0
qsJai.hapax.en-y5.ex-y0.en-con-1	qsVie_qsUtter.hapax.en-y0	baseline	0	0
qsJai.hapax.en-y5.ex-y0.en-con-1	qsVie_qsUtter.hapax.en-y0.ex-y5	baseline	0	0
qsJai.hapax.en-y5.ex-y0.en-con-1	qsVie_qsUtter.hapax.en-y0.ex-y5.ex-ext-1	baseline	0	0
qsJai.hapax.en-y5.ex-y0.en-con-1.ex-ext-1	qsI.loop.en-y0	baseline	1	0
qsJai.hapax.en-y5.ex-y0.en-con-1.ex-ext-1	qsI.loop.en-y0.ex-y5	baseline	1	0
qsJai.hapax.en-y5.ex-y0.en-con-1.ex-ext-1	qsI.loop.en-y0.ex-y5.ex-ext-1	baseline	1	0
qsJai.hapax.en-y5.ex-y0.en-con-1.ex-ext-1	qsIt.hapax.en-y0	baseline	1	0
qsJai.hapax.en-y5.ex-y0.en-con-1.ex-ext-1	qsIt.hapax.en-y0.ex-y5	baseline	1	0
qsJai.hapax.en-y5.ex-y0.en-con-1.ex-ext-1	qsIt.hapax.en-y0.ex-y5.ex-ext-1	baseline	1	0
qsJai.hapax.en-y5.ex-y0.en-con-1.ex-ext-1	qsRoe.hapax.en-y0	baseline	1	0
qsJai.hapax.en-y5.ex-y0.en-con-1.ex-ext-1	qsRoe.hapax.en-y0.ex-y5	baseline	1	0
qsJai.hapax.en-y5.ex-y0.en-con-1.ex-ext-1	qsTea.full.en-y0	baseline	1	0
qsJai.hapax.en-y5.ex-y0.en-con-2	qsAh.hapax.en-y0	baseline	0	0
qsJai.hapax.en-y5.ex-y0.en-con-2	qsAh.hapax.en-y0.ex-y5	baseline	0	0
qsJai.hapax.en-y5.ex-y0.en-con-2	qsAh.hapax.en-y0.ex-y5.ex-ext-1	baseline	0	0
qsJai.hapax.en-y5.ex-y0.en-con-2	qsDay.half.en-y0	baseline	0	0
qsJai.hapax.en-y5.ex-y0.en-con-2	qsDay.half.en-y0.ex-y0	baseline	0	0
qsJai.hapax.en-y5.ex-y0.en-con-2	qsDay_qsUtter.half.en-y0	baseline	0	0
qsJai.hapax.en-y5.ex-y0.en-con-2	qsDay_qsUtter.half.en-y0.ex-y5	baseline	0	0
qsJai.hapax.en-y5.ex-y0.en-con-2	qsDay_qsUtter.half.en-y0.ex-y5.ex-ext-1	baseline	0	0
qsJai.hapax.en-y5.ex-y0.en-con-2	qsLow.hapax.en-y0	baseline	0	0
qsJai.hapax.en-y5.ex-y0.en-con-2	qsLow.hapax.en-y0.ex-y5	baseline	0	0
qsJai.hapax.en-y5.ex-y0.en-con-2	qsLow.hapax.en-y0.ex-y5.ex-ext-1	baseline	0	0
qsJai.hapax.en-y5.ex-y0.en-con-2	qsMay.loop.en-y0	baseline	0	0
qsJai.hapax.en-y5.ex-y0.en-con-2	qsMay.loop.en-y0.ex-y5.ex-ext-1	baseline	0	0
qsJai.hapax.en-y5.ex-y0.en-con-2	qsMay.loop.en-y0.ex-y5.ex-ext-2	baseline	0	0
qsJai.hapax.en-y5.ex-y0.en-con-2	qsNo.flipped.en-y0	baseline	0	0
qsJai.hapax.en-y5.ex-y0.en-con-2	qsNo.flipped.en-y0.ex-y0	baseline	0	0
qsJai.hapax.en-y5.ex-y0.en-con-2	qsOut.normal.en-y0	baseline	0	0
qsJai.hapax.en-y5.ex-y0.en-con-2	qsOut.swept-up.en-y0.ex-y5	baseline	0	0
qsJai.hapax.en-y5.ex-y0.en-con-2	qsOut.swept-up.en-y0.ex-y5.ex-ext-1	baseline	0	0
qsJai.hapax.en-y5.ex-y0.en-con-2	qsOut_qsTea.hapax.en-y0	baseline	0	0
qsJai.hapax.en-y5.ex-y0.en-con-2	qsSee.curled-over.en-y0.ex-y6	baseline	0	0
qsJai.hapax.en-y5.ex-y0.en-con-2	qsSee.normal.en-y0	baseline	0	0
qsJai.hapax.en-y5.ex-y0.en-con-2	qsSee.normal.en-y0.ex-y8	baseline	0	0
qsJai.hapax.en-y5.ex-y0.en-con-2	qsVie.normal.en-y0	baseline	0	0
qsJai.hapax.en-y5.ex-y0.en-con-2	qsVie.swept-out.en-y0.ex-y0	baseline	0	0
qsJai.hapax.en-y5.ex-y0.en-con-2	qsVie_qsUtter.hapax.en-y0	baseline	0	0
qsJai.hapax.en-y5.ex-y0.en-con-2	qsVie_qsUtter.hapax.en-y0.ex-y5	baseline	0	0
qsJai.hapax.en-y5.ex-y0.en-con-2	qsVie_qsUtter.hapax.en-y0.ex-y5.ex-ext-1	baseline	0	0
qsJai.hapax.en-y5.ex-y0.en-con-2.ex-ext-1	qsI.loop.en-y0	baseline	1	0
qsJai.hapax.en-y5.ex-y0.en-con-2.ex-ext-1	qsI.loop.en-y0.ex-y5	baseline	1	0
qsJai.hapax.en-y5.ex-y0.en-con-2.ex-ext-1	qsI.loop.en-y0.ex-y5.ex-ext-1	baseline	1	0
qsJai.hapax.en-y5.ex-y0.en-con-2.ex-ext-1	qsIt.hapax.en-y0	baseline	1	0
qsJai.hapax.en-y5.ex-y0.en-con-2.ex-ext-1	qsIt.hapax.en-y0.ex-y5	baseline	1	0
qsJai.hapax.en-y5.ex-y0.en-con-2.ex-ext-1	qsIt.hapax.en-y0.ex-y5.ex-ext-1	baseline	1	0
qsJai.hapax.en-y5.ex-y0.en-con-2.ex-ext-1	qsRoe.hapax.en-y0	baseline	1	0
qsJai.hapax.en-y5.ex-y0.en-con-2.ex-ext-1	qsRoe.hapax.en-y0.ex-y5	baseline	1	0
qsJai.hapax.en-y5.ex-y0.en-con-2.ex-ext-1	qsTea.full.en-y0	baseline	1	0
qsJai.hapax.en-y5.ex-y0.ex-ext-1	qsI.loop.en-y0	baseline	1	0
qsJai.hapax.en-y5.ex-y0.ex-ext-1	qsI.loop.en-y0.ex-y5	baseline	1	0
qsJai.hapax.en-y5.ex-y0.ex-ext-1	qsI.loop.en-y0.ex-y5.ex-ext-1	baseline	1	0
qsJai.hapax.en-y5.ex-y0.ex-ext-1	qsIt.hapax.en-y0	baseline	1	0
qsJai.hapax.en-y5.ex-y0.ex-ext-1	qsIt.hapax.en-y0.ex-y5	baseline	1	0
qsJai.hapax.en-y5.ex-y0.ex-ext-1	qsIt.hapax.en-y0.ex-y5.ex-ext-1	baseline	1	0
qsJai.hapax.en-y5.ex-y0.ex-ext-1	qsRoe.hapax.en-y0	baseline	1	0
qsJai.hapax.en-y5.ex-y0.ex-ext-1	qsRoe.hapax.en-y0.ex-y5	baseline	1	0
qsJai.hapax.en-y5.ex-y0.ex-ext-1	qsTea.full.en-y0	baseline	1	0
qsJai.hapax.ex-y0	qsAh.hapax.en-y0	baseline	0	0
qsJai.hapax.ex-y0	qsAh.hapax.en-y0.ex-y5	baseline	0	0
qsJai.hapax.ex-y0	qsAh.hapax.en-y0.ex-y5.ex-ext-1	baseline	0	0
qsJai.hapax.ex-y0	qsDay.half.en-y0	baseline	0	0
qsJai.hapax.ex-y0	qsDay.half.en-y0.ex-y0	baseline	0	0
qsJai.hapax.ex-y0	qsDay_qsUtter.half.en-y0	baseline	0	0
qsJai.hapax.ex-y0	qsDay_qsUtter.half.en-y0.ex-y5	baseline	0	0
qsJai.hapax.ex-y0	qsDay_qsUtter.half.en-y0.ex-y5.ex-ext-1	baseline	0	0
qsJai.hapax.ex-y0	qsLow.hapax.en-y0	baseline	0	0
qsJai.hapax.ex-y0	qsLow.hapax.en-y0.ex-y5	baseline	0	0
qsJai.hapax.ex-y0	qsLow.hapax.en-y0.ex-y5.ex-ext-1	baseline	0	0
qsJai.hapax.ex-y0	qsMay.loop.en-y0	baseline	0	0
qsJai.hapax.ex-y0	qsMay.loop.en-y0.ex-y5.ex-ext-1	baseline	0	0
qsJai.hapax.ex-y0	qsMay.loop.en-y0.ex-y5.ex-ext-2	baseline	0	0
qsJai.hapax.ex-y0	qsNo.flipped.en-y0	baseline	0	0
qsJai.hapax.ex-y0	qsNo.flipped.en-y0.ex-y0	baseline	0	0
qsJai.hapax.ex-y0	qsOut.normal.en-y0	baseline	0	0
qsJai.hapax.ex-y0	qsOut.swept-up.en-y0.ex-y5	baseline	0	0
qsJai.hapax.ex-y0	qsOut.swept-up.en-y0.ex-y5.ex-ext-1	baseline	0	0
qsJai.hapax.ex-y0	qsOut_qsTea.hapax.en-y0	baseline	0	0
qsJai.hapax.ex-y0	qsSee.curled-over.en-y0.ex-y6	baseline	0	0
qsJai.hapax.ex-y0	qsSee.normal.en-y0	baseline	0	0
qsJai.hapax.ex-y0	qsSee.normal.en-y0.ex-y8	baseline	0	0
qsJai.hapax.ex-y0	qsVie.normal.en-y0	baseline	0	0
qsJai.hapax.ex-y0	qsVie.swept-out.en-y0.ex-y0	baseline	0	0
qsJai.hapax.ex-y0	qsVie_qsUtter.hapax.en-y0	baseline	0	0
qsJai.hapax.ex-y0	qsVie_qsUtter.hapax.en-y0.ex-y5	baseline	0	0
qsJai.hapax.ex-y0	qsVie_qsUtter.hapax.en-y0.ex-y5.ex-ext-1	baseline	0	0
qsJai.hapax.ex-y0.ex-ext-1	qsI.loop.en-y0	baseline	1	0
qsJai.hapax.ex-y0.ex-ext-1	qsI.loop.en-y0.ex-y5	baseline	1	0
qsJai.hapax.ex-y0.ex-ext-1	qsI.loop.en-y0.ex-y5.ex-ext-1	baseline	1	0
qsJai.hapax.ex-y0.ex-ext-1	qsIt.hapax.en-y0	baseline	1	0
qsJai.hapax.ex-y0.ex-ext-1	qsIt.hapax.en-y0.ex-y5	baseline	1	0
qsJai.hapax.ex-y0.ex-ext-1	qsIt.hapax.en-y0.ex-y5.ex-ext-1	baseline	1	0
qsJai.hapax.ex-y0.ex-ext-1	qsRoe.hapax.en-y0	baseline	1	0
qsJai.hapax.ex-y0.ex-ext-1	qsRoe.hapax.en-y0.ex-y5	baseline	1	0
qsJai.hapax.ex-y0.ex-ext-1	qsTea.full.en-y0	baseline	1	0
qsJai.hapax.ex-y0.locked	qsAh.hapax.en-y0	baseline	0	0
qsJai.hapax.ex-y0.locked	qsAh.hapax.en-y0.ex-y5	baseline	0	0
qsJai.hapax.ex-y0.locked	qsAh.hapax.en-y0.ex-y5.ex-ext-1	baseline	0	0
qsJai.hapax.ex-y0.locked	qsDay.half.en-y0	baseline	0	0
qsJai.hapax.ex-y0.locked	qsDay.half.en-y0.ex-y0	baseline	0	0
qsJai.hapax.ex-y0.locked	qsDay_qsUtter.half.en-y0	baseline	0	0
qsJai.hapax.ex-y0.locked	qsDay_qsUtter.half.en-y0.ex-y5	baseline	0	0
qsJai.hapax.ex-y0.locked	qsDay_qsUtter.half.en-y0.ex-y5.ex-ext-1	baseline	0	0
qsJai.hapax.ex-y0.locked	qsLow.hapax.en-y0	baseline	0	0
qsJai.hapax.ex-y0.locked	qsLow.hapax.en-y0.ex-y5	baseline	0	0
qsJai.hapax.ex-y0.locked	qsLow.hapax.en-y0.ex-y5.ex-ext-1	baseline	0	0
qsJai.hapax.ex-y0.locked	qsMay.loop.en-y0	baseline	0	0
qsJai.hapax.ex-y0.locked	qsMay.loop.en-y0.ex-y5.ex-ext-1	baseline	0	0
qsJai.hapax.ex-y0.locked	qsMay.loop.en-y0.ex-y5.ex-ext-2	baseline	0	0
qsJai.hapax.ex-y0.locked	qsNo.flipped.en-y0	baseline	0	0
qsJai.hapax.ex-y0.locked	qsNo.flipped.en-y0.ex-y0	baseline	0	0
qsJai.hapax.ex-y0.locked	qsOut.normal.en-y0	baseline	0	0
qsJai.hapax.ex-y0.locked	qsOut.swept-up.en-y0.ex-y5	baseline	0	0
qsJai.hapax.ex-y0.locked	qsOut.swept-up.en-y0.ex-y5.ex-ext-1	baseline	0	0
qsJai.hapax.ex-y0.locked	qsOut_qsTea.hapax.en-y0	baseline	0	0
qsJai.hapax.ex-y0.locked	qsSee.curled-over.en-y0.ex-y6	baseline	0	0
qsJai.hapax.ex-y0.locked	qsSee.normal.en-y0	baseline	0	0
qsJai.hapax.ex-y0.locked	qsSee.normal.en-y0.ex-y8	baseline	0	0
qsJai.hapax.ex-y0.locked	qsVie.normal.en-y0	baseline	0	0
qsJai.hapax.ex-y0.locked	qsVie.swept-out.en-y0.ex-y0	baseline	0	0
qsJai.hapax.ex-y0.locked	qsVie_qsUtter.hapax.en-y0	baseline	0	0
qsJai.hapax.ex-y0.locked	qsVie_qsUtter.hapax.en-y0.ex-y5	baseline	0	0
qsJai.hapax.ex-y0.locked	qsVie_qsUtter.hapax.en-y0.ex-y5.ex-ext-1	baseline	0	0
qsJai.hapax.ex-y0.locked.ex-ext-1	qsI.loop.en-y0	baseline	1	0
qsJai.hapax.ex-y0.locked.ex-ext-1	qsI.loop.en-y0.ex-y5	baseline	1	0
qsJai.hapax.ex-y0.locked.ex-ext-1	qsI.loop.en-y0.ex-y5.ex-ext-1	baseline	1	0
qsJai.hapax.ex-y0.locked.ex-ext-1	qsIt.hapax.en-y0	baseline	1	0
qsJai.hapax.ex-y0.locked.ex-ext-1	qsIt.hapax.en-y0.ex-y5	baseline	1	0
qsJai.hapax.ex-y0.locked.ex-ext-1	qsIt.hapax.en-y0.ex-y5.ex-ext-1	baseline	1	0
qsJai.hapax.ex-y0.locked.ex-ext-1	qsRoe.hapax.en-y0	baseline	1	0
qsJai.hapax.ex-y0.locked.ex-ext-1	qsRoe.hapax.en-y0.ex-y5	baseline	1	0
qsJai.hapax.ex-y0.locked.ex-ext-1	qsTea.full.en-y0	baseline	1	0
qsJai.hapax.locked	qsAwe.hapax	break	0	0
qsJai.hapax.locked	qsAwe.hapax.ex-y0	break	0	0
qsJai.hapax.locked	qsEight.normal-sized-loop	break	0	0
qsJai.hapax.locked	qsEight.normal-sized-loop.ex-y0	break	0	0
qsJai.hapax.locked	qsEight.smaller-loop.ex-y0	break	0	0
qsJai.hapax.locked	qsEt.hapax	break	0	0
qsJai.hapax.locked	qsEt.hapax.ex-y0	break	0	0
qsJai.hapax.locked	qsEt.hapax.ex-y0.ex-con-1	break	0	0
qsJai.hapax.locked	qsFee.loop	break	0	0
qsJai.hapax.locked	qsFee.loop.ex-y5	break	0	0
qsJai.hapax.locked	qsFee.loop.ex-y5.ex-ext-1	break	0	0
qsJai.hapax.locked	qsFee.loop.ex-y5.ex-ext-3	break	0	0
qsJai.hapax.locked	qsJai.hapax	break	0	0
qsJai.hapax.locked	qsJai.hapax.ex-y0	break	0	0
qsJai.hapax.locked	qsJai.hapax.ex-y0.ex-ext-1	break	0	0
qsJai.hapax.locked	qsJai_qsUtter.hapax	break	0	0
qsJai.hapax.locked	qsJai_qsUtter.hapax.ex-y5	break	0	0
qsJai.hapax.locked	qsJai_qsUtter.hapax.ex-y5.ex-ext-1	break	0	0
qsJai.hapax.locked	qsNo.loop.ex-y5	break	0	0
qsJai.hapax.locked	qsOx.hapax	break	0	0
qsJai.hapax.locked	qsOx.hapax.ex-y0	break	0	0
qsJai.hapax.locked	qsOy.hapax	break	0	0
qsJai.hapax.locked	qsOy.hapax.ex-y0	break	0	0
qsJai.hapax.locked	qsPea.full	break	0	0
qsJai.hapax.locked	qsPea.full.ex-y0	break	0	0
qsJai.hapax.locked	qsPea.half.ex-y5	break	0	0
qsJai.hapax.locked	qsPea.half.ex-y6	break	0	0
qsJai.hapax.locked	qsSee.straighter.ex-y0	break	0	0
qsJai.hapax.locked	qsSee.straighter.ex-y0.ex-ext-2	break	0	0
qsJai.hapax.locked	qsSee_qsUtter.hapax	break	0	0
qsJai.hapax.locked	qsSee_qsUtter.hapax.ex-y5	break	0	0
qsJai.hapax.locked	qsSee_qsUtter.hapax.ex-y5.ex-ext-1	break	0	0
qsJai.hapax.locked	qsTea.full	break	0	0
qsJai.hapax.locked	qsTea.full.ex-y0	break	0	0
qsJai.hapax.locked	qsTea.half.ex-y5	break	0	0
qsJai.hapax.locked	qsTea_qsOy.hapax	break	0	0
qsJai.hapax.locked	qsTea_qsOy.hapax.ex-y0	break	0	0
qsJai.hapax.locked	qsUtter.alternate.ex-y0	break	0	0
qsJai_qsUtter.hapax	qsFee.loop.ex-y5	break	0	0
qsJai_qsUtter.hapax	qsFee.loop.ex-y5.ex-ext-1	break	0	0
qsJai_qsUtter.hapax	qsFee.loop.ex-y5.ex-ext-3	break	0	0
qsJai_qsUtter.hapax	qsRoe.hapax.ex-y5	break	0	0
qsJai_qsUtter.hapax	qsSee.normal	break	0	0
qsJai_qsUtter.hapax	qsSee.straighter.ex-y0	break	0	0
qsJai_qsUtter.hapax	qsSee.straighter.ex-y0.ex-ext-2	break	0	0
qsJai_qsUtter.hapax	qsSee_qsUtter.hapax	break	0	0
qsJai_qsUtter.hapax	qsSee_qsUtter.hapax.ex-y5	break	0	0
qsJai_qsUtter.hapax	qsSee_qsUtter.hapax.ex-y5.ex-ext-1	break	0	0
qsJai_qsUtter.hapax	qsTea.full	break	0	0
qsJai_qsUtter.hapax	qsTea.full.ex-y0	break	0	0
qsJai_qsUtter.hapax	qsTea.half.ex-y5	break	0	0
qsJai_qsUtter.hapax	qsTea_qsOy.hapax	break	0	0
qsJai_qsUtter.hapax	qsTea_qsOy.hapax.ex-y0	break	0	0
qsJai_qsUtter.hapax	qsUtter.alternate.ex-y0	break	0	0
qsJai_qsUtter.hapax	qsUtter.mono	break	0	0
qsJai_qsUtter.hapax	qsUtter.mono.ex-y5	break	0	0
qsJai_qsUtter.hapax	qsUtter.mono.ex-y5.ex-ext-1	break	0	0
qsJai_qsUtter.hapax.en-y5	qsFee.loop.ex-y5	break	0	0
qsJai_qsUtter.hapax.en-y5	qsFee.loop.ex-y5.ex-ext-1	break	0	0
qsJai_qsUtter.hapax.en-y5	qsFee.loop.ex-y5.ex-ext-3	break	0	0
qsJai_qsUtter.hapax.en-y5	qsRoe.hapax.ex-y5	break	0	0
qsJai_qsUtter.hapax.en-y5	qsSee.normal	break	0	0
qsJai_qsUtter.hapax.en-y5	qsSee.straighter.ex-y0	break	0	0
qsJai_qsUtter.hapax.en-y5	qsSee.straighter.ex-y0.ex-ext-2	break	0	0
qsJai_qsUtter.hapax.en-y5	qsSee_qsUtter.hapax	break	0	0
qsJai_qsUtter.hapax.en-y5	qsSee_qsUtter.hapax.ex-y5	break	0	0
qsJai_qsUtter.hapax.en-y5	qsSee_qsUtter.hapax.ex-y5.ex-ext-1	break	0	0
qsJai_qsUtter.hapax.en-y5	qsTea.full	break	0	0
qsJai_qsUtter.hapax.en-y5	qsTea.full.ex-y0	break	0	0
qsJai_qsUtter.hapax.en-y5	qsTea.half.ex-y5	break	0	0
qsJai_qsUtter.hapax.en-y5	qsTea_qsOy.hapax	break	0	0
qsJai_qsUtter.hapax.en-y5	qsTea_qsOy.hapax.ex-y0	break	0	0
qsJai_qsUtter.hapax.en-y5	qsUtter.alternate.ex-y0	break	0	0
qsJai_qsUtter.hapax.en-y5	qsUtter.mono	break	0	0
qsJai_qsUtter.hapax.en-y5	qsUtter.mono.ex-y5	break	0	0
qsJai_qsUtter.hapax.en-y5	qsUtter.mono.ex-y5.ex-ext-1	break	0	0
qsJai_qsUtter.hapax.en-y5.en-con-1	qsFee.loop.ex-y5	break	0	0
qsJai_qsUtter.hapax.en-y5.en-con-1	qsFee.loop.ex-y5.ex-ext-1	break	0	0
qsJai_qsUtter.hapax.en-y5.en-con-1	qsFee.loop.ex-y5.ex-ext-3	break	0	0
qsJai_qsUtter.hapax.en-y5.en-con-1	qsRoe.hapax.ex-y5	break	0	0
qsJai_qsUtter.hapax.en-y5.en-con-1	qsSee.normal	break	0	0
qsJai_qsUtter.hapax.en-y5.en-con-1	qsSee.straighter.ex-y0	break	0	0
qsJai_qsUtter.hapax.en-y5.en-con-1	qsSee.straighter.ex-y0.ex-ext-2	break	0	0
qsJai_qsUtter.hapax.en-y5.en-con-1	qsSee_qsUtter.hapax	break	0	0
qsJai_qsUtter.hapax.en-y5.en-con-1	qsSee_qsUtter.hapax.ex-y5	break	0	0
qsJai_qsUtter.hapax.en-y5.en-con-1	qsSee_qsUtter.hapax.ex-y5.ex-ext-1	break	0	0
qsJai_qsUtter.hapax.en-y5.en-con-1	qsTea.full	break	0	0
qsJai_qsUtter.hapax.en-y5.en-con-1	qsTea.full.ex-y0	break	0	0
qsJai_qsUtter.hapax.en-y5.en-con-1	qsTea.half.ex-y5	break	0	0
qsJai_qsUtter.hapax.en-y5.en-con-1	qsTea_qsOy.hapax	break	0	0
qsJai_qsUtter.hapax.en-y5.en-con-1	qsTea_qsOy.hapax.ex-y0	break	0	0
qsJai_qsUtter.hapax.en-y5.en-con-1	qsUtter.alternate.ex-y0	break	0	0
qsJai_qsUtter.hapax.en-y5.en-con-1	qsUtter.mono	break	0	0
qsJai_qsUtter.hapax.en-y5.en-con-1	qsUtter.mono.ex-y5	break	0	0
qsJai_qsUtter.hapax.en-y5.en-con-1	qsUtter.mono.ex-y5.ex-ext-1	break	0	0
qsJai_qsUtter.hapax.en-y5.en-con-2	qsFee.loop.ex-y5	break	0	0
qsJai_qsUtter.hapax.en-y5.en-con-2	qsFee.loop.ex-y5.ex-ext-1	break	0	0
qsJai_qsUtter.hapax.en-y5.en-con-2	qsFee.loop.ex-y5.ex-ext-3	break	0	0
qsJai_qsUtter.hapax.en-y5.en-con-2	qsRoe.hapax.ex-y5	break	0	0
qsJai_qsUtter.hapax.en-y5.en-con-2	qsSee.normal	break	0	0
qsJai_qsUtter.hapax.en-y5.en-con-2	qsSee.straighter.ex-y0	break	0	0
qsJai_qsUtter.hapax.en-y5.en-con-2	qsSee.straighter.ex-y0.ex-ext-2	break	0	0
qsJai_qsUtter.hapax.en-y5.en-con-2	qsSee_qsUtter.hapax	break	0	0
qsJai_qsUtter.hapax.en-y5.en-con-2	qsSee_qsUtter.hapax.ex-y5	break	0	0
qsJai_qsUtter.hapax.en-y5.en-con-2	qsSee_qsUtter.hapax.ex-y5.ex-ext-1	break	0	0
qsJai_qsUtter.hapax.en-y5.en-con-2	qsTea.full	break	0	0
qsJai_qsUtter.hapax.en-y5.en-con-2	qsTea.full.ex-y0	break	0	0
qsJai_qsUtter.hapax.en-y5.en-con-2	qsTea.half.ex-y5	break	0	0
qsJai_qsUtter.hapax.en-y5.en-con-2	qsTea_qsOy.hapax	break	0	0
qsJai_qsUtter.hapax.en-y5.en-con-2	qsTea_qsOy.hapax.ex-y0	break	0	0
qsJai_qsUtter.hapax.en-y5.en-con-2	qsUtter.alternate.ex-y0	break	0	0
qsJai_qsUtter.hapax.en-y5.en-con-2	qsUtter.mono	break	0	0
qsJai_qsUtter.hapax.en-y5.en-con-2	qsUtter.mono.ex-y5	break	0	0
qsJai_qsUtter.hapax.en-y5.en-con-2	qsUtter.mono.ex-y5.ex-ext-1	break	0	0
qsJai_qsUtter.hapax.en-y5.ex-y5	qsAwe.hapax.en-y5	x-height	0	0
qsJai_qsUtter.hapax.en-y5.ex-y5	qsAwe.hapax.en-y5.ex-y0	x-height	0	0
qsJai_qsUtter.hapax.en-y5.ex-y5	qsDay.full.en-y5	x-height	0	0
qsJai_qsUtter.hapax.en-y5.ex-y5	qsDay.full.en-y5.ex-y0	x-height	0	0
qsJai_qsUtter.hapax.en-y5.ex-y5	qsDay_qsUtter.full.en-y5	x-height	0	0
qsJai_qsUtter.hapax.en-y5.ex-y5	qsDay_qsUtter.full.en-y5.ex-y5	x-height	0	0
qsJai_qsUtter.hapax.en-y5.ex-y5	qsDay_qsUtter.full.en-y5.ex-y5.ex-ext-1	x-height	0	0
qsJai_qsUtter.hapax.en-y5.ex-y5	qsEight.normal-sized-loop.en-y5	x-height	0	0
qsJai_qsUtter.hapax.en-y5.ex-y5	qsEight.normal-sized-loop.en-y5.ex-y0	x-height	0	0
qsJai_qsUtter.hapax.en-y5.ex-y5	qsEight.smaller-loop.en-y5.ex-y0	x-height	0	0
qsJai_qsUtter.hapax.en-y5.ex-y5	qsEt.hapax.en-y5	x-height	0	0
qsJai_qsUtter.hapax.en-y5.ex-y5	qsEt.hapax.en-y5.ex-y0	x-height	0	0
qsJai_qsUtter.hapax.en-y5.ex-y5	qsEt.hapax.en-y5.ex-y0.ex-con-1	x-height	0	0
qsJai_qsUtter.hapax.en-y5.ex-y5	qsIt.hapax.en-y5	x-height	0	0
qsJai_qsUtter.hapax.en-y5.ex-y5	qsIt.hapax.en-y5.ex-y0	x-height	0	0
qsJai_qsUtter.hapax.en-y5.ex-y5	qsIt.hapax.en-y5.ex-y0.ex-ext-1	x-height	0	0
qsJai_qsUtter.hapax.en-y5.ex-y5	qsJai.hapax.en-y5.en-con-2	x-height	-2	0
qsJai_qsUtter.hapax.en-y5.ex-y5	qsJai.hapax.en-y5.ex-y0.en-con-2	x-height	-2	0
qsJai_qsUtter.hapax.en-y5.ex-y5	qsJai.hapax.en-y5.ex-y0.en-con-2.ex-ext-1	x-height	-2	0
qsJai_qsUtter.hapax.en-y5.ex-y5	qsJai_qsUtter.hapax.en-y5.en-con-2	x-height	-2	0
qsJai_qsUtter.hapax.en-y5.ex-y5	qsJai_qsUtter.hapax.en-y5.ex-y5.en-con-2	x-height	-2	0
qsJai_qsUtter.hapax.en-y5.ex-y5	qsJai_qsUtter.hapax.en-y5.ex-y5.en-con-2.ex-ext-1	x-height	-2	0
qsJai_qsUtter.hapax.en-y5.ex-y5	qsMay.grounded-loop.en-y5.ex-y0	x-height	0	0
qsJai_qsUtter.hapax.en-y5.ex-y5	qsMay.loop.en-y5	x-height	0	0
qsJai_qsUtter.hapax.en-y5.ex-y5	qsNo.loop.en-y5	x-height	0	0
qsJai_qsUtter.hapax.en-y5.ex-y5	qsNo.loop.en-y5.ex-y5	x-height	0	0
qsJai_qsUtter.hapax.en-y5.ex-y5	qsNo.loop.en-y5.ex-y5.ex-ext-1	x-height	0	0
qsJai_qsUtter.hapax.en-y5.ex-y5	qsOx.hapax.en-y5	x-height	0	0
qsJai_qsUtter.hapax.en-y5.ex-y5	qsOx.hapax.en-y5.ex-y0	x-height	0	0
qsJai_qsUtter.hapax.en-y5.ex-y5	qsOy.hapax.en-y5	x-height	0	0
qsJai_qsUtter.hapax.en-y5.ex-y5	qsOy.hapax.en-y5.ex-y0	x-height	0	0
qsJai_qsUtter.hapax.en-y5.ex-y5	qsPea.full.en-y5	x-height	0	0
qsJai_qsUtter.hapax.en-y5.ex-y5	qsPea.full.en-y5.ex-y0	x-height	0	0
qsJai_qsUtter.hapax.en-y5.ex-y5	qsPea.half.en-y5.ex-y5	x-height	0	0
qsJai_qsUtter.hapax.en-y5.ex-y5	qsPea.half.en-y5.ex-y6	x-height	0	0
qsJai_qsUtter.hapax.en-y5.ex-y5	qsRoe.hapax.en-y5	x-height	0	0
qsJai_qsUtter.hapax.en-y5.ex-y5	qsRoe.hapax.en-y5.ex-y0	x-height	0	0
qsJai_qsUtter.hapax.en-y5.ex-y5	qsRoe.hapax.en-y5.ex-y0.ex-ext-1	x-height	0	0
qsJai_qsUtter.hapax.en-y5.ex-y5.en-con-1	qsAwe.hapax.en-y5	x-height	0	0
qsJai_qsUtter.hapax.en-y5.ex-y5.en-con-1	qsAwe.hapax.en-y5.ex-y0	x-height	0	0
qsJai_qsUtter.hapax.en-y5.ex-y5.en-con-1	qsDay.full.en-y5	x-height	0	0
qsJai_qsUtter.hapax.en-y5.ex-y5.en-con-1	qsDay.full.en-y5.ex-y0	x-height	0	0
qsJai_qsUtter.hapax.en-y5.ex-y5.en-con-1	qsDay_qsUtter.full.en-y5	x-height	0	0
qsJai_qsUtter.hapax.en-y5.ex-y5.en-con-1	qsDay_qsUtter.full.en-y5.ex-y5	x-height	0	0
qsJai_qsUtter.hapax.en-y5.ex-y5.en-con-1	qsDay_qsUtter.full.en-y5.ex-y5.ex-ext-1	x-height	0	0
qsJai_qsUtter.hapax.en-y5.ex-y5.en-con-1	qsEight.normal-sized-loop.en-y5	x-height	0	0
qsJai_qsUtter.hapax.en-y5.ex-y5.en-con-1	qsEight.normal-sized-loop.en-y5.ex-y0	x-height	0	0
qsJai_qsUtter.hapax.en-y5.ex-y5.en-con-1	qsEight.smaller-loop.en-y5.ex-y0	x-height	0	0
qsJai_qsUtter.hapax.en-y5.ex-y5.en-con-1	qsEt.hapax.en-y5	x-height	0	0
qsJai_qsUtter.hapax.en-y5.ex-y5.en-con-1	qsEt.hapax.en-y5.ex-y0	x-height	0	0
qsJai_qsUtter.hapax.en-y5.ex-y5.en-con-1	qsEt.hapax.en-y5.ex-y0.ex-con-1	x-height	0	0
qsJai_qsUtter.hapax.en-y5.ex-y5.en-con-1	qsIt.hapax.en-y5	x-height	0	0
qsJai_qsUtter.hapax.en-y5.ex-y5.en-con-1	qsIt.hapax.en-y5.ex-y0	x-height	0	0
qsJai_qsUtter.hapax.en-y5.ex-y5.en-con-1	qsIt.hapax.en-y5.ex-y0.ex-ext-1	x-height	0	0
qsJai_qsUtter.hapax.en-y5.ex-y5.en-con-1	qsJai.hapax.en-y5.en-con-2	x-height	-2	0
qsJai_qsUtter.hapax.en-y5.ex-y5.en-con-1	qsJai.hapax.en-y5.ex-y0.en-con-2	x-height	-2	0
qsJai_qsUtter.hapax.en-y5.ex-y5.en-con-1	qsJai.hapax.en-y5.ex-y0.en-con-2.ex-ext-1	x-height	-2	0
qsJai_qsUtter.hapax.en-y5.ex-y5.en-con-1	qsJai_qsUtter.hapax.en-y5.en-con-2	x-height	-2	0
qsJai_qsUtter.hapax.en-y5.ex-y5.en-con-1	qsJai_qsUtter.hapax.en-y5.ex-y5.en-con-2	x-height	-2	0
qsJai_qsUtter.hapax.en-y5.ex-y5.en-con-1	qsJai_qsUtter.hapax.en-y5.ex-y5.en-con-2.ex-ext-1	x-height	-2	0
qsJai_qsUtter.hapax.en-y5.ex-y5.en-con-1	qsMay.grounded-loop.en-y5.ex-y0	x-height	0	0
qsJai_qsUtter.hapax.en-y5.ex-y5.en-con-1	qsMay.loop.en-y5	x-height	0	0
qsJai_qsUtter.hapax.en-y5.ex-y5.en-con-1	qsNo.loop.en-y5	x-height	0	0
qsJai_qsUtter.hapax.en-y5.ex-y5.en-con-1	qsNo.loop.en-y5.ex-y5	x-height	0	0
qsJai_qsUtter.hapax.en-y5.ex-y5.en-con-1	qsNo.loop.en-y5.ex-y5.ex-ext-1	x-height	0	0
qsJai_qsUtter.hapax.en-y5.ex-y5.en-con-1	qsOx.hapax.en-y5	x-height	0	0
qsJai_qsUtter.hapax.en-y5.ex-y5.en-con-1	qsOx.hapax.en-y5.ex-y0	x-height	0	0
qsJai_qsUtter.hapax.en-y5.ex-y5.en-con-1	qsOy.hapax.en-y5	x-height	0	0
qsJai_qsUtter.hapax.en-y5.ex-y5.en-con-1	qsOy.hapax.en-y5.ex-y0	x-height	0	0
qsJai_qsUtter.hapax.en-y5.ex-y5.en-con-1	qsPea.full.en-y5	x-height	0	0
qsJai_qsUtter.hapax.en-y5.ex-y5.en-con-1	qsPea.full.en-y5.ex-y0	x-height	0	0
qsJai_qsUtter.hapax.en-y5.ex-y5.en-con-1	qsPea.half.en-y5.ex-y5	x-height	0	0
qsJai_qsUtter.hapax.en-y5.ex-y5.en-con-1	qsPea.half.en-y5.ex-y6	x-height	0	0
qsJai_qsUtter.hapax.en-y5.ex-y5.en-con-1	qsRoe.hapax.en-y5	x-height	0	0
qsJai_qsUtter.hapax.en-y5.ex-y5.en-con-1	qsRoe.hapax.en-y5.ex-y0	x-height	0	0
qsJai_qsUtter.hapax.en-y5.ex-y5.en-con-1	qsRoe.hapax.en-y5.ex-y0.ex-ext-1	x-height	0	0
qsJai_qsUtter.hapax.en-y5.ex-y5.en-con-1.ex-ext-1	qsFee.reversed-loop.en-y5	x-height	1	0
qsJai_qsUtter.hapax.en-y5.ex-y5.en-con-2	qsAwe.hapax.en-y5	x-height	0	0
qsJai_qsUtter.hapax.en-y5.ex-y5.en-con-2	qsAwe.hapax.en-y5.ex-y0	x-height	0	0
qsJai_qsUtter.hapax.en-y5.ex-y5.en-con-2	qsDay.full.en-y5	x-height	0	0
qsJai_qsUtter.hapax.en-y5.ex-y5.en-con-2	qsDay.full.en-y5.ex-y0	x-height	0	0
qsJai_qsUtter.hapax.en-y5.ex-y5.en-con-2	qsDay_qsUtter.full.en-y5	x-height	0	0
qsJai_qsUtter.hapax.en-y5.ex-y5.en-con-2	qsDay_qsUtter.full.en-y5.ex-y5	x-height	0	0
qsJai_qsUtter.hapax.en-y5.ex-y5.en-con-2	qsDay_qsUtter.full.en-y5.ex-y5.ex-ext-1	x-height	0	0
qsJai_qsUtter.hapax.en-y5.ex-y5.en-con-2	qsEight.normal-sized-loop.en-y5	x-height	0	0
qsJai_qsUtter.hapax.en-y5.ex-y5.en-con-2	qsEight.normal-sized-loop.en-y5.ex-y0	x-height	0	0
qsJai_qsUtter.hapax.en-y5.ex-y5.en-con-2	qsEight.smaller-loop.en-y5.ex-y0	x-height	0	0
qsJai_qsUtter.hapax.en-y5.ex-y5.en-con-2	qsEt.hapax.en-y5	x-height	0	0
qsJai_qsUtter.hapax.en-y5.ex-y5.en-con-2	qsEt.hapax.en-y5.ex-y0	x-height	0	0
qsJai_qsUtter.hapax.en-y5.ex-y5.en-con-2	qsEt.hapax.en-y5.ex-y0.ex-con-1	x-height	0	0
qsJai_qsUtter.hapax.en-y5.ex-y5.en-con-2	qsIt.hapax.en-y5	x-height	0	0
qsJai_qsUtter.hapax.en-y5.ex-y5.en-con-2	qsIt.hapax.en-y5.ex-y0	x-height	0	0
qsJai_qsUtter.hapax.en-y5.ex-y5.en-con-2	qsIt.hapax.en-y5.ex-y0.ex-ext-1	x-height	0	0
qsJai_qsUtter.hapax.en-y5.ex-y5.en-con-2	qsJai.hapax.en-y5.en-con-2	x-height	-2	0
qsJai_qsUtter.hapax.en-y5.ex-y5.en-con-2	qsJai.hapax.en-y5.ex-y0.en-con-2	x-height	-2	0
qsJai_qsUtter.hapax.en-y5.ex-y5.en-con-2	qsJai.hapax.en-y5.ex-y0.en-con-2.ex-ext-1	x-height	-2	0
qsJai_qsUtter.hapax.en-y5.ex-y5.en-con-2	qsJai_qsUtter.hapax.en-y5.en-con-2	x-height	-2	0
qsJai_qsUtter.hapax.en-y5.ex-y5.en-con-2	qsJai_qsUtter.hapax.en-y5.ex-y5.en-con-2	x-height	-2	0
qsJai_qsUtter.hapax.en-y5.ex-y5.en-con-2	qsJai_qsUtter.hapax.en-y5.ex-y5.en-con-2.ex-ext-1	x-height	-2	0
qsJai_qsUtter.hapax.en-y5.ex-y5.en-con-2	qsMay.grounded-loop.en-y5.ex-y0	x-height	0	0
qsJai_qsUtter.hapax.en-y5.ex-y5.en-con-2	qsMay.loop.en-y5	x-height	0	0
qsJai_qsUtter.hapax.en-y5.ex-y5.en-con-2	qsNo.loop.en-y5	x-height	0	0
qsJai_qsUtter.hapax.en-y5.ex-y5.en-con-2	qsNo.loop.en-y5.ex-y5	x-height	0	0
qsJai_qsUtter.hapax.en-y5.ex-y5.en-con-2	qsNo.loop.en-y5.ex-y5.ex-ext-1	x-height	0	0
qsJai_qsUtter.hapax.en-y5.ex-y5.en-con-2	qsOx.hapax.en-y5	x-height	0	0
qsJai_qsUtter.hapax.en-y5.ex-y5.en-con-2	qsOx.hapax.en-y5.ex-y0	x-height	0	0
qsJai_qsUtter.hapax.en-y5.ex-y5.en-con-2	qsOy.hapax.en-y5	x-height	0	0
qsJai_qsUtter.hapax.en-y5.ex-y5.en-con-2	qsOy.hapax.en-y5.ex-y0	x-height	0	0
qsJai_qsUtter.hapax.en-y5.ex-y5.en-con-2	qsPea.full.en-y5	x-height	0	0
qsJai_qsUtter.hapax.en-y5.ex-y5.en-con-2	qsPea.full.en-y5.ex-y0	x-height	0	0
qsJai_qsUtter.hapax.en-y5.ex-y5.en-con-2	qsPea.half.en-y5.ex-y5	x-height	0	0
qsJai_qsUtter.hapax.en-y5.ex-y5.en-con-2	qsPea.half.en-y5.ex-y6	x-height	0	0
qsJai_qsUtter.hapax.en-y5.ex-y5.en-con-2	qsRoe.hapax.en-y5	x-height	0	0
qsJai_qsUtter.hapax.en-y5.ex-y5.en-con-2	qsRoe.hapax.en-y5.ex-y0	x-height	0	0
qsJai_qsUtter.hapax.en-y5.ex-y5.en-con-2	qsRoe.hapax.en-y5.ex-y0.ex-ext-1	x-height	0	0
qsJai_qsUtter.hapax.en-y5.ex-y5.en-con-2.ex-ext-1	qsFee.reversed-loop.en-y5	x-height	1	0
qsJai_qsUtter.hapax.en-y5.ex-y5.ex-ext-1	qsFee.reversed-loop.en-y5	x-height	1	0
qsJai_qsUtter.hapax.ex-y5	qsAwe.hapax.en-y5	x-height	0	0
qsJai_qsUtter.hapax.ex-y5	qsAwe.hapax.en-y5.ex-y0	x-height	0	0
qsJai_qsUtter.hapax.ex-y5	qsDay.full.en-y5	x-height	0	0
qsJai_qsUtter.hapax.ex-y5	qsDay.full.en-y5.ex-y0	x-height	0	0
qsJai_qsUtter.hapax.ex-y5	qsDay_qsUtter.full.en-y5	x-height	0	0
qsJai_qsUtter.hapax.ex-y5	qsDay_qsUtter.full.en-y5.ex-y5	x-height	0	0
qsJai_qsUtter.hapax.ex-y5	qsDay_qsUtter.full.en-y5.ex-y5.ex-ext-1	x-height	0	0
qsJai_qsUtter.hapax.ex-y5	qsEight.normal-sized-loop.en-y5	x-height	0	0
qsJai_qsUtter.hapax.ex-y5	qsEight.normal-sized-loop.en-y5.ex-y0	x-height	0	0
qsJai_qsUtter.hapax.ex-y5	qsEight.smaller-loop.en-y5.ex-y0	x-height	0	0
qsJai_qsUtter.hapax.ex-y5	qsEt.hapax.en-y5	x-height	0	0
qsJai_qsUtter.hapax.ex-y5	qsEt.hapax.en-y5.ex-y0	x-height	0	0
qsJai_qsUtter.hapax.ex-y5	qsEt.hapax.en-y5.ex-y0.ex-con-1	x-height	0	0
qsJai_qsUtter.hapax.ex-y5	qsIt.hapax.en-y5	x-height	0	0
qsJai_qsUtter.hapax.ex-y5	qsIt.hapax.en-y5.ex-y0	x-height	0	0
qsJai_qsUtter.hapax.ex-y5	qsIt.hapax.en-y5.ex-y0.ex-ext-1	x-height	0	0
qsJai_qsUtter.hapax.ex-y5	qsJai.hapax.en-y5.en-con-2	x-height	-2	0
qsJai_qsUtter.hapax.ex-y5	qsJai.hapax.en-y5.ex-y0.en-con-2	x-height	-2	0
qsJai_qsUtter.hapax.ex-y5	qsJai.hapax.en-y5.ex-y0.en-con-2.ex-ext-1	x-height	-2	0
qsJai_qsUtter.hapax.ex-y5	qsJai_qsUtter.hapax.en-y5.en-con-2	x-height	-2	0
qsJai_qsUtter.hapax.ex-y5	qsJai_qsUtter.hapax.en-y5.ex-y5.en-con-2	x-height	-2	0
qsJai_qsUtter.hapax.ex-y5	qsJai_qsUtter.hapax.en-y5.ex-y5.en-con-2.ex-ext-1	x-height	-2	0
qsJai_qsUtter.hapax.ex-y5	qsMay.grounded-loop.en-y5.ex-y0	x-height	0	0
qsJai_qsUtter.hapax.ex-y5	qsMay.loop.en-y5	x-height	0	0
qsJai_qsUtter.hapax.ex-y5	qsNo.loop.en-y5	x-height	0	0
qsJai_qsUtter.hapax.ex-y5	qsNo.loop.en-y5.ex-y5	x-height	0	0
qsJai_qsUtter.hapax.ex-y5	qsNo.loop.en-y5.ex-y5.ex-ext-1	x-height	0	0
qsJai_qsUtter.hapax.ex-y5	qsOx.hapax.en-y5	x-height	0	0
qsJai_qsUtter.hapax.ex-y5	qsOx.hapax.en-y5.ex-y0	x-height	0	0
qsJai_qsUtter.hapax.ex-y5	qsOy.hapax.en-y5	x-height	0	0
qsJai_qsUtter.hapax.ex-y5	qsOy.hapax.en-y5.ex-y0	x-height	0	0
qsJai_qsUtter.hapax.ex-y5	qsPea.full.en-y5	x-height	0	0
qsJai_qsUtter.hapax.ex-y5	qsPea.full.en-y5.ex-y0	x-height	0	0
qsJai_qsUtter.hapax.ex-y5	qsPea.half.en-y5.ex-y5	x-height	0	0
qsJai_qsUtter.hapax.ex-y5	qsPea.half.en-y5.ex-y6	x-height	0	0
qsJai_qsUtter.hapax.ex-y5	qsRoe.hapax.en-y5	x-height	0	0
qsJai_qsUtter.hapax.ex-y5	qsRoe.hapax.en-y5.ex-y0	x-height	0	0
qsJai_qsUtter.hapax.ex-y5	qsRoe.hapax.en-y5.ex-y0.ex-ext-1	x-height	0	0
qsJai_qsUtter.hapax.ex-y5.ex-ext-1	qsFee.reversed-loop.en-y5	x-height	1	0
qsJai_qsUtter.hapax.ex-y5.locked	qsAwe.hapax.en-y5	x-height	0	0
qsJai_qsUtter.hapax.ex-y5.locked	qsAwe.hapax.en-y5.ex-y0	x-height	0	0
qsJai_qsUtter.hapax.ex-y5.locked	qsDay.full.en-y5	x-height	0	0
qsJai_qsUtter.hapax.ex-y5.locked	qsDay.full.en-y5.ex-y0	x-height	0	0
qsJai_qsUtter.hapax.ex-y5.locked	qsDay_qsUtter.full.en-y5	x-height	0	0
qsJai_qsUtter.hapax.ex-y5.locked	qsDay_qsUtter.full.en-y5.ex-y5	x-height	0	0
qsJai_qsUtter.hapax.ex-y5.locked	qsDay_qsUtter.full.en-y5.ex-y5.ex-ext-1	x-height	0	0
qsJai_qsUtter.hapax.ex-y5.locked	qsEight.normal-sized-loop.en-y5	x-height	0	0
qsJai_qsUtter.hapax.ex-y5.locked	qsEight.normal-sized-loop.en-y5.ex-y0	x-height	0	0
qsJai_qsUtter.hapax.ex-y5.locked	qsEight.smaller-loop.en-y5.ex-y0	x-height	0	0
qsJai_qsUtter.hapax.ex-y5.locked	qsEt.hapax.en-y5	x-height	0	0
qsJai_qsUtter.hapax.ex-y5.locked	qsEt.hapax.en-y5.ex-y0	x-height	0	0
qsJai_qsUtter.hapax.ex-y5.locked	qsEt.hapax.en-y5.ex-y0.ex-con-1	x-height	0	0
qsJai_qsUtter.hapax.ex-y5.locked	qsIt.hapax.en-y5	x-height	0	0
qsJai_qsUtter.hapax.ex-y5.locked	qsIt.hapax.en-y5.ex-y0	x-height	0	0
qsJai_qsUtter.hapax.ex-y5.locked	qsIt.hapax.en-y5.ex-y0.ex-ext-1	x-height	0	0
qsJai_qsUtter.hapax.ex-y5.locked	qsJai.hapax.en-y5.en-con-2	x-height	-2	0
qsJai_qsUtter.hapax.ex-y5.locked	qsJai.hapax.en-y5.ex-y0.en-con-2	x-height	-2	0
qsJai_qsUtter.hapax.ex-y5.locked	qsJai.hapax.en-y5.ex-y0.en-con-2.ex-ext-1	x-height	-2	0
qsJai_qsUtter.hapax.ex-y5.locked	qsJai_qsUtter.hapax.en-y5.en-con-2	x-height	-2	0
qsJai_qsUtter.hapax.ex-y5.locked	qsJai_qsUtter.hapax.en-y5.ex-y5.en-con-2	x-height	-2	0
qsJai_qsUtter.hapax.ex-y5.locked	qsJai_qsUtter.hapax.en-y5.ex-y5.en-con-2.ex-ext-1	x-height	-2	0
qsJai_qsUtter.hapax.ex-y5.locked	qsMay.grounded-loop.en-y5.ex-y0	x-height	0	0
qsJai_qsUtter.hapax.ex-y5.locked	qsMay.loop.en-y5	x-height	0	0
qsJai_qsUtter.hapax.ex-y5.locked	qsNo.loop.en-y5	x-height	0	0
qsJai_qsUtter.hapax.ex-y5.locked	qsNo.loop.en-y5.ex-y5	x-height	0	0
qsJai_qsUtter.hapax.ex-y5.locked	qsNo.loop.en-y5.ex-y5.ex-ext-1	x-height	0	0
qsJai_qsUtter.hapax.ex-y5.locked	qsOx.hapax.en-y5	x-height	0	0
qsJai_qsUtter.hapax.ex-y5.locked	qsOx.hapax.en-y5.ex-y0	x-height	0	0
qsJai_qsUtter.hapax.ex-y5.locked	qsOy.hapax.en-y5	x-height	0	0
qsJai_qsUtter.hapax.ex-y5.locked	qsOy.hapax.en-y5.ex-y0	x-height	0	0
qsJai_qsUtter.hapax.ex-y5.locked	qsPea.full.en-y5	x-height	0	0
qsJai_qsUtter.hapax.ex-y5.locked	qsPea.full.en-y5.ex-y0	x-height	0	0
qsJai_qsUtter.hapax.ex-y5.locked	qsPea.half.en-y5.ex-y5	x-height	0	0
qsJai_qsUtter.hapax.ex-y5.locked	qsPea.half.en-y5.ex-y6	x-height	0	0
qsJai_qsUtter.hapax.ex-y5.locked	qsRoe.hapax.en-y5	x-height	0	0
qsJai_qsUtter.hapax.ex-y5.locked	qsRoe.hapax.en-y5.ex-y0	x-height	0	0
qsJai_qsUtter.hapax.ex-y5.locked	qsRoe.hapax.en-y5.ex-y0.ex-ext-1	x-height	0	0
qsJai_qsUtter.hapax.ex-y5.locked.ex-ext-1	qsFee.reversed-loop.en-y5	x-height	1	0
qsJai_qsUtter.hapax.locked	qsFee.loop.ex-y5	break	0	0
qsJai_qsUtter.hapax.locked	qsFee.loop.ex-y5.ex-ext-1	break	0	0
qsJai_qsUtter.hapax.locked	qsFee.loop.ex-y5.ex-ext-3	break	0	0
qsJai_qsUtter.hapax.locked	qsRoe.hapax.ex-y5	break	0	0
qsJai_qsUtter.hapax.locked	qsSee.normal	break	0	0
qsJai_qsUtter.hapax.locked	qsSee.straighter.ex-y0	break	0	0
qsJai_qsUtter.hapax.locked	qsSee.straighter.ex-y0.ex-ext-2	break	0	0
qsJai_qsUtter.hapax.locked	qsSee_qsUtter.hapax	break	0	0
qsJai_qsUtter.hapax.locked	qsSee_qsUtter.hapax.ex-y5	break	0	0
qsJai_qsUtter.hapax.locked	qsSee_qsUtter.hapax.ex-y5.ex-ext-1	break	0	0
qsJai_qsUtter.hapax.locked	qsTea.full	break	0	0
qsJai_qsUtter.hapax.locked	qsTea.full.ex-y0	break	0	0
qsJai_qsUtter.hapax.locked	qsTea.half.ex-y5	break	0	0
qsJai_qsUtter.hapax.locked	qsTea_qsOy.hapax	break	0	0
qsJai_qsUtter.hapax.locked	qsTea_qsOy.hapax.ex-y0	break	0	0
qsJai_qsUtter.hapax.locked	qsUtter.alternate.ex-y0	break	0	0
qsJai_qsUtter.hapax.locked	qsUtter.mono	break	0	0
qsJai_qsUtter.hapax.locked	qsUtter.mono.ex-y5	break	0	0
qsJai_qsUtter.hapax.locked	qsUtter.mono.ex-y5.ex-ext-1	break	0	0
qsLow.hapax	qsAh.hapax	break	0	0
qsLow.hapax	qsAh.hapax.ex-y5	break	0	0
qsLow.hapax	qsAh.hapax.ex-y5.ex-ext-1	break	0	0
qsLow.hapax	qsFee.loop.ex-y5	break	0	0
qsLow.hapax	qsFee.loop.ex-y5.ex-ext-1	break	0	0
qsLow.hapax	qsFee.loop.ex-y5.ex-ext-3	break	0	0
qsLow.hapax	qsI.loop	break	0	0
qsLow.hapax	qsI.loop.ex-y5	break	0	0
qsLow.hapax	qsI.loop.ex-y5.ex-ext-1	break	0	0
qsLow.hapax	qsLow.hapax	break	0	0
qsLow.hapax	qsLow.hapax.ex-y5	break	0	0
qsLow.hapax	qsLow.hapax.ex-y5.ex-ext-1	break	0	0
qsLow.hapax	qsMay.grounded-loop.ex-y0	break	0	0
qsLow.hapax	qsMay.loop	break	0	0
qsLow.hapax	qsMay.loop.ex-y5	break	0	0
qsLow.hapax	qsMay.loop.ex-y5.ex-ext-1	break	0	0
qsLow.hapax	qsMay.loop.ex-y5.ex-ext-2	break	0	0
qsLow.hapax	qsOut.normal	break	0	0
qsLow.hapax	qsOut.swept-up.ex-y5	break	0	0
qsLow.hapax	qsOut.swept-up.ex-y5.ex-ext-1	break	0	0
qsLow.hapax	qsOut_qsTea.hapax	break	0	0
qsLow.hapax	qsPea.full	break	0	0
qsLow.hapax	qsPea.full.ex-y0	break	0	0
qsLow.hapax	qsPea.half.ex-y5	break	0	0
qsLow.hapax	qsPea.half.ex-y6	break	0	0
qsLow.hapax	qsRoe.hapax.ex-y5	break	0	0
qsLow.hapax	qsSee.curled-over.ex-y6	break	0	0
qsLow.hapax	qsSee.normal	break	0	0
qsLow.hapax	qsSee.normal.ex-y8	break	0	0
qsLow.hapax	qsSee.straighter.ex-y0	break	0	0
qsLow.hapax	qsSee.straighter.ex-y0.ex-ext-2	break	0	0
qsLow.hapax	qsSee_qsUtter.hapax	break	0	0
qsLow.hapax	qsSee_qsUtter.hapax.ex-y5	break	0	0
qsLow.hapax	qsSee_qsUtter.hapax.ex-y5.ex-ext-1	break	0	0
qsLow.hapax	qsTea.full	break	0	0
qsLow.hapax	qsTea.full.ex-y0	break	0	0
qsLow.hapax	qsTea.half.ex-y5	break	0	0
qsLow.hapax	qsTea_qsOy.hapax	break	0	0
qsLow.hapax	qsTea_qsOy.hapax.ex-y0	break	0	0
qsLow.hapax	qsUtter.alternate.ex-y0	break	0	0
qsLow.hapax	qsUtter.mono	break	0	0
qsLow.hapax	qsUtter.mono.ex-y5	break	0	0
qsLow.hapax	qsUtter.mono.ex-y5.ex-ext-1	break	0	0
qsLow.hapax	qsVie.normal	break	0	0
qsLow.hapax	qsVie.swept-out.ex-y0	break	0	0
qsLow.hapax	qsVie_qsUtter.hapax	break	0	0
qsLow.hapax	qsVie_qsUtter.hapax.ex-y5	break	0	0
qsLow.hapax	qsVie_qsUtter.hapax.ex-y5.ex-ext-1	break	0	0
qsLow.hapax.en-y0	qsAh.hapax	break	0	0
qsLow.hapax.en-y0	qsAh.hapax.ex-y5	break	0	0
qsLow.hapax.en-y0	qsAh.hapax.ex-y5.ex-ext-1	break	0	0
qsLow.hapax.en-y0	qsFee.loop.ex-y5	break	0	0
qsLow.hapax.en-y0	qsFee.loop.ex-y5.ex-ext-1	break	0	0
qsLow.hapax.en-y0	qsFee.loop.ex-y5.ex-ext-3	break	0	0
qsLow.hapax.en-y0	qsI.loop	break	0	0
qsLow.hapax.en-y0	qsI.loop.ex-y5	break	0	0
qsLow.hapax.en-y0	qsI.loop.ex-y5.ex-ext-1	break	0	0
qsLow.hapax.en-y0	qsLow.hapax	break	0	0
qsLow.hapax.en-y0	qsLow.hapax.ex-y5	break	0	0
qsLow.hapax.en-y0	qsLow.hapax.ex-y5.ex-ext-1	break	0	0
qsLow.hapax.en-y0	qsMay.grounded-loop.ex-y0	break	0	0
qsLow.hapax.en-y0	qsMay.loop	break	0	0
qsLow.hapax.en-y0	qsMay.loop.ex-y5	break	0	0
qsLow.hapax.en-y0	qsMay.loop.ex-y5.ex-ext-1	break	0	0
qsLow.hapax.en-y0	qsMay.loop.ex-y5.ex-ext-2	break	0	0
qsLow.hapax.en-y0	qsOut.normal	break	0	0
qsLow.hapax.en-y0	qsOut.swept-up.ex-y5	break	0	0
qsLow.hapax.en-y0	qsOut.swept-up.ex-y5.ex-ext-1	break	0	0
qsLow.hapax.en-y0	qsOut_qsTea.hapax	break	0	0
qsLow.hapax.en-y0	qsPea.full	break	0	0
qsLow.hapax.en-y0	qsPea.full.ex-y0	break	0	0
qsLow.hapax.en-y0	qsPea.half.ex-y5	break	0	0
qsLow.hapax.en-y0	qsPea.half.ex-y6	break	0	0
qsLow.hapax.en-y0	qsRoe.hapax.ex-y5	break	0	0
qsLow.hapax.en-y0	qsSee.curled-over.ex-y6	break	0	0
qsLow.hapax.en-y0	qsSee.normal	break	0	0
qsLow.hapax.en-y0	qsSee.normal.ex-y8	break	0	0
qsLow.hapax.en-y0	qsSee.straighter.ex-y0	break	0	0
qsLow.hapax.en-y0	qsSee.straighter.ex-y0.ex-ext-2	break	0	0
qsLow.hapax.en-y0	qsSee_qsUtter.hapax	break	0	0
qsLow.hapax.en-y0	qsSee_qsUtter.hapax.ex-y5	break	0	0
qsLow.hapax.en-y0	qsSee_qsUtter.hapax.ex-y5.ex-ext-1	break	0	0
qsLow.hapax.en-y0	qsTea.full	break	0	0
qsLow.hapax.en-y0	qsTea.full.ex-y0	break	0	0
qsLow.hapax.en-y0	qsTea.half.ex-y5	break	0	0
qsLow.hapax.en-y0	qsTea_qsOy.hapax	break	0	0
qsLow.hapax.en-y0	qsTea_qsOy.hapax.ex-y0	break	0	0
qsLow.hapax.en-y0	qsUtter.alternate.ex-y0	break	0	0
qsLow.hapax.en-y0	qsUtter.mono	break	0	0
qsLow.hapax.en-y0	qsUtter.mono.ex-y5	break	0	0
qsLow.hapax.en-y0	qsUtter.mono.ex-y5.ex-ext-1	break	0	0
qsLow.hapax.en-y0	qsVie.normal	break	0	0
qsLow.hapax.en-y0	qsVie.swept-out.ex-y0	break	0	0
qsLow.hapax.en-y0	qsVie_qsUtter.hapax	break	0	0
qsLow.hapax.en-y0	qsVie_qsUtter.hapax.ex-y5	break	0	0
qsLow.hapax.en-y0	qsVie_qsUtter.hapax.ex-y5.ex-ext-1	break	0	0
qsLow.hapax.en-y0.ex-y5	qsAwe.hapax.en-y5	x-height	0	0
qsLow.hapax.en-y0.ex-y5	qsAwe.hapax.en-y5.ex-y0	x-height	0	0
qsLow.hapax.en-y0.ex-y5	qsDay.full.en-y5	x-height	0	0
qsLow.hapax.en-y0.ex-y5	qsDay.full.en-y5.ex-y0	x-height	0	0
qsLow.hapax.en-y0.ex-y5	qsDay_qsUtter.full.en-y5	x-height	0	0
qsLow.hapax.en-y0.ex-y5	qsDay_qsUtter.full.en-y5.ex-y5	x-height	0	0
qsLow.hapax.en-y0.ex-y5	qsDay_qsUtter.full.en-y5.ex-y5.ex-ext-1	x-height	0	0
qsLow.hapax.en-y0.ex-y5	qsEight.normal-sized-loop.en-y5	x-height	0	0
qsLow.hapax.en-y0.ex-y5	qsEight.normal-sized-loop.en-y5.ex-y0	x-height	0	0
qsLow.hapax.en-y0.ex-y5	qsEight.smaller-loop.en-y5.ex-y0	x-height	0	0
qsLow.hapax.en-y0.ex-y5	qsEt.hapax.en-y5	x-height	0	0
qsLow.hapax.en-y0.ex-y5	qsEt.hapax.en-y5.ex-y0	x-height	0	0
qsLow.hapax.en-y0.ex-y5	qsEt.hapax.en-y5.ex-y0.ex-con-1	x-height	0	0
qsLow.hapax.en-y0.ex-y5	qsIt.hapax.en-y5	x-height	0	0
qsLow.hapax.en-y0.ex-y5	qsIt.hapax.en-y5.ex-y0	x-height	0	0
qsLow.hapax.en-y0.ex-y5	qsIt.hapax.en-y5.ex-y0.ex-ext-1	x-height	0	0
qsLow.hapax.en-y0.ex-y5	qsJai.hapax.en-y5.en-con-1	x-height	-1	0
qsLow.hapax.en-y0.ex-y5	qsJai.hapax.en-y5.ex-y0.en-con-1	x-height	-1	0
qsLow.hapax.en-y0.ex-y5	qsJai.hapax.en-y5.ex-y0.en-con-1.ex-ext-1	x-height	-1	0
qsLow.hapax.en-y0.ex-y5	qsJai_qsUtter.hapax.en-y5.en-con-1	x-height	-1	0
qsLow.hapax.en-y0.ex-y5	qsJai_qsUtter.hapax.en-y5.ex-y5.en-con-1	x-height	-1	0
qsLow.hapax.en-y0.ex-y5	qsJai_qsUtter.hapax.en-y5.ex-y5.en-con-1.ex-ext-1	x-height	-1	0
qsLow.hapax.en-y0.ex-y5	qsNo.loop.en-y5	x-height	0	0
qsLow.hapax.en-y0.ex-y5	qsNo.loop.en-y5.ex-y5	x-height	0	0
qsLow.hapax.en-y0.ex-y5	qsNo.loop.en-y5.ex-y5.ex-ext-1	x-height	0	0
qsLow.hapax.en-y0.ex-y5	qsOx.hapax.en-y5	x-height	0	0
qsLow.hapax.en-y0.ex-y5	qsOx.hapax.en-y5.ex-y0	x-height	0	0
qsLow.hapax.en-y0.ex-y5	qsOy.hapax.en-y5	x-height	0	0
qsLow.hapax.en-y0.ex-y5	qsOy.hapax.en-y5.ex-y0	x-height	0	0
qsLow.hapax.en-y0.ex-y5	qsRoe.hapax.en-y5	x-height	0	0
qsLow.hapax.en-y0.ex-y5	qsRoe.hapax.en-y5.ex-y0	x-height	0	0
qsLow.hapax.en-y0.ex-y5	qsRoe.hapax.en-y5.ex-y0.ex-ext-1	x-height	0	0
qsLow.hapax.en-y0.ex-y5.ex-ext-1	qsFee.reversed-loop.en-y5	x-height	1	0
qsLow.hapax.ex-y5	qsAwe.hapax.en-y5	x-height	0	0
qsLow.hapax.ex-y5	qsAwe.hapax.en-y5.ex-y0	x-height	0	0
qsLow.hapax.ex-y5	qsDay.full.en-y5	x-height	0	0
qsLow.hapax.ex-y5	qsDay.full.en-y5.ex-y0	x-height	0	0
qsLow.hapax.ex-y5	qsDay_qsUtter.full.en-y5	x-height	0	0
qsLow.hapax.ex-y5	qsDay_qsUtter.full.en-y5.ex-y5	x-height	0	0
qsLow.hapax.ex-y5	qsDay_qsUtter.full.en-y5.ex-y5.ex-ext-1	x-height	0	0
qsLow.hapax.ex-y5	qsEight.normal-sized-loop.en-y5	x-height	0	0
qsLow.hapax.ex-y5	qsEight.normal-sized-loop.en-y5.ex-y0	x-height	0	0
qsLow.hapax.ex-y5	qsEight.smaller-loop.en-y5.ex-y0	x-height	0	0
qsLow.hapax.ex-y5	qsEt.hapax.en-y5	x-height	0	0
qsLow.hapax.ex-y5	qsEt.hapax.en-y5.ex-y0	x-height	0	0
qsLow.hapax.ex-y5	qsEt.hapax.en-y5.ex-y0.ex-con-1	x-height	0	0
qsLow.hapax.ex-y5	qsIt.hapax.en-y5	x-height	0	0
qsLow.hapax.ex-y5	qsIt.hapax.en-y5.ex-y0	x-height	0	0
qsLow.hapax.ex-y5	qsIt.hapax.en-y5.ex-y0.ex-ext-1	x-height	0	0
qsLow.hapax.ex-y5	qsJai.hapax.en-y5.en-con-1	x-height	-1	0
qsLow.hapax.ex-y5	qsJai.hapax.en-y5.ex-y0.en-con-1	x-height	-1	0
qsLow.hapax.ex-y5	qsJai.hapax.en-y5.ex-y0.en-con-1.ex-ext-1	x-height	-1	0
qsLow.hapax.ex-y5	qsJai_qsUtter.hapax.en-y5.en-con-1	x-height	-1	0
qsLow.hapax.ex-y5	qsJai_qsUtter.hapax.en-y5.ex-y5.en-con-1	x-height	-1	0
qsLow.hapax.ex-y5	qsJai_qsUtter.hapax.en-y5.ex-y5.en-con-1.ex-ext-1	x-height	-1	0
qsLow.hapax.ex-y5	qsNo.loop.en-y5	x-height	0	0
qsLow.hapax.ex-y5	qsNo.loop.en-y5.ex-y5	x-height	0	0
qsLow.hapax.ex-y5	qsNo.loop.en-y5.ex-y5.ex-ext-1	x-height	0	0
qsLow.hapax.ex-y5	qsOx.hapax.en-y5	x-height	0	0
qsLow.hapax.ex-y5	qsOx.hapax.en-y5.ex-y0	x-height	0	0
qsLow.hapax.ex-y5	qsOy.hapax.en-y5	x-height	0	0
qsLow.hapax.ex-y5	qsOy.hapax.en-y5.ex-y0	x-height	0	0
qsLow.hapax.ex-y5	qsRoe.hapax.en-y5	x-height	0	0
qsLow.hapax.ex-y5	qsRoe.hapax.en-y5.ex-y0	x-height	0	0
qsLow.hapax.ex-y5	qsRoe.hapax.en-y5.ex-y0.ex-ext-1	x-height	0	0
qsLow.hapax.ex-y5.ex-ext-1	qsFee.reversed-loop.en-y5	x-height	1	0
qsLow.hapax.ex-y5.locked	qsAwe.hapax.en-y5	x-height	0	0
qsLow.hapax.ex-y5.locked	qsAwe.hapax.en-y5.ex-y0	x-height	0	0
qsLow.hapax.ex-y5.locked	qsDay.full.en-y5	x-height	0	0
qsLow.hapax.ex-y5.locked	qsDay.full.en-y5.ex-y0	x-height	0	0
qsLow.hapax.ex-y5.locked	qsDay_qsUtter.full.en-y5	x-height	0	0
qsLow.hapax.ex-y5.locked	qsDay_qsUtter.full.en-y5.ex-y5	x-height	0	0
qsLow.hapax.ex-y5.locked	qsDay_qsUtter.full.en-y5.ex-y5.ex-ext-1	x-height	0	0
qsLow.hapax.ex-y5.locked	qsEight.normal-sized-loop.en-y5	x-height	0	0
qsLow.hapax.ex-y5.locked	qsEight.normal-sized-loop.en-y5.ex-y0	x-height	0	0
qsLow.hapax.ex-y5.locked	qsEight.smaller-loop.en-y5.ex-y0	x-height	0	0
qsLow.hapax.ex-y5.locked	qsEt.hapax.en-y5	x-height	0	0
qsLow.hapax.ex-y5.locked	qsEt.hapax.en-y5.ex-y0	x-height	0	0
qsLow.hapax.ex-y5.locked	qsEt.hapax.en-y5.ex-y0.ex-con-1	x-height	0	0
qsLow.hapax.ex-y5.locked	qsIt.hapax.en-y5	x-height	0	0
qsLow.hapax.ex-y5.locked	qsIt.hapax.en-y5.ex-y0	x-height	0	0
qsLow.hapax.ex-y5.locked	qsIt.hapax.en-y5.ex-y0.ex-ext-1	x-height	0	0
qsLow.hapax.ex-y5.locked	qsJai.hapax.en-y5.en-con-1	x-height	-1	0
qsLow.hapax.ex-y5.locked	qsJai.hapax.en-y5.ex-y0.en-con-1	x-height	-1	0
qsLow.hapax.ex-y5.locked	qsJai.hapax.en-y5.ex-y0.en-con-1.ex-ext-1	x-height	-1	0
qsLow.hapax.ex-y5.locked	qsJai_qsUtter.hapax.en-y5.en-con-1	x-height	-1	0
qsLow.hapax.ex-y5.locked	qsJai_qsUtter.hapax.en-y5.ex-y5.en-con-1	x-height	-1	0
qsLow.hapax.ex-y5.locked	qsJai_qsUtter.hapax.en-y5.ex-y5.en-con-1.ex-ext-1	x-height	-1	0
qsLow.hapax.ex-y5.locked	qsNo.loop.en-y5	x-height	0	0
qsLow.hapax.ex-y5.locked	qsNo.loop.en-y5.ex-y5	x-height	0	0
qsLow.hapax.ex-y5.locked	qsNo.loop.en-y5.ex-y5.ex-ext-1	x-height	0	0
qsLow.hapax.ex-y5.locked	qsOx.hapax.en-y5	x-height	0	0
qsLow.hapax.ex-y5.locked	qsOx.hapax.en-y5.ex-y0	x-height	0	0
qsLow.hapax.ex-y5.locked	qsOy.hapax.en-y5	x-height	0	0
qsLow.hapax.ex-y5.locked	qsOy.hapax.en-y5.ex-y0	x-height	0	0
qsLow.hapax.ex-y5.locked	qsRoe.hapax.en-y5	x-height	0	0
qsLow.hapax.ex-y5.locked	qsRoe.hapax.en-y5.ex-y0	x-height	0	0
qsLow.hapax.ex-y5.locked	qsRoe.hapax.en-y5.ex-y0.ex-ext-1	x-height	0	0
qsLow.hapax.ex-y5.locked.ex-ext-1	qsFee.reversed-loop.en-y5	x-height	1	0
qsLow.hapax.locked	qsAh.hapax	break	0	0
qsLow.hapax.locked	qsAh.hapax.ex-y5	break	0	0
qsLow.hapax.locked	qsAh.hapax.ex-y5.ex-ext-1	break	0	0
qsLow.hapax.locked	qsFee.loop.ex-y5	break	0	0
qsLow.hapax.locked	qsFee.loop.ex-y5.ex-ext-1	break	0	0
qsLow.hapax.locked	qsFee.loop.ex-y5.ex-ext-3	break	0	0
qsLow.hapax.locked	qsI.loop	break	0	0
qsLow.hapax.locked	qsI.loop.ex-y5	break	0	0
qsLow.hapax.locked	qsI.loop.ex-y5.ex-ext-1	break	0	0
qsLow.hapax.locked	qsLow.hapax	break	0	0
qsLow.hapax.locked	qsLow.hapax.ex-y5	break	0	0
qsLow.hapax.locked	qsLow.hapax.ex-y5.ex-ext-1	break	0	0
qsLow.hapax.locked	qsMay.grounded-loop.ex-y0	break	0	0
qsLow.hapax.locked	qsMay.loop	break	0	0
qsLow.hapax.locked	qsMay.loop.ex-y5	break	0	0
qsLow.hapax.locked	qsMay.loop.ex-y5.ex-ext-1	break	0	0
qsLow.hapax.locked	qsMay.loop.ex-y5.ex-ext-2	break	0	0
qsLow.hapax.locked	qsOut.normal	break	0	0
qsLow.hapax.locked	qsOut.swept-up.ex-y5	break	0	0
qsLow.hapax.locked	qsOut.swept-up.ex-y5.ex-ext-1	break	0	0
qsLow.hapax.locked	qsOut_qsTea.hapax	break	0	0
qsLow.hapax.locked	qsPea.full	break	0	0
qsLow.hapax.locked	qsPea.full.ex-y0	break	0	0
qsLow.hapax.locked	qsPea.half.ex-y5	break	0	0
qsLow.hapax.locked	qsPea.half.ex-y6	break	0	0
qsLow.hapax.locked	qsRoe.hapax.ex-y5	break	0	0
qsLow.hapax.locked	qsSee.curled-over.ex-y6	break	0	0
qsLow.hapax.locked	qsSee.normal	break	0	0
qsLow.hapax.locked	qsSee.normal.ex-y8	break	0	0
qsLow.hapax.locked	qsSee.straighter.ex-y0	break	0	0
qsLow.hapax.locked	qsSee.straighter.ex-y0.ex-ext-2	break	0	0
qsLow.hapax.locked	qsSee_qsUtter.hapax	break	0	0
qsLow.hapax.locked	qsSee_qsUtter.hapax.ex-y5	break	0	0
qsLow.hapax.locked	qsSee_qsUtter.hapax.ex-y5.ex-ext-1	break	0	0
qsLow.hapax.locked	qsTea.full	break	0	0
qsLow.hapax.locked	qsTea.full.ex-y0	break	0	0
qsLow.hapax.locked	qsTea.half.ex-y5	break	0	0
qsLow.hapax.locked	qsTea_qsOy.hapax	break	0	0
qsLow.hapax.locked	qsTea_qsOy.hapax.ex-y0	break	0	0
qsLow.hapax.locked	qsUtter.alternate.ex-y0	break	0	0
qsLow.hapax.locked	qsUtter.mono	break	0	0
qsLow.hapax.locked	qsUtter.mono.ex-y5	break	0	0
qsLow.hapax.locked	qsUtter.mono.ex-y5.ex-ext-1	break	0	0
qsLow.hapax.locked	qsVie.normal	break	0	0
qsLow.hapax.locked	qsVie.swept-out.ex-y0	break	0	0
qsLow.hapax.locked	qsVie_qsUtter.hapax	break	0	0
qsLow.hapax.locked	qsVie_qsUtter.hapax.ex-y5	break	0	0
qsLow.hapax.locked	qsVie_qsUtter.hapax.ex-y5.ex-ext-1	break	0	0
qsMay.grounded-loop.en-y5.ex-y0	qsAh.hapax.en-y0	baseline	0	0
qsMay.grounded-loop.en-y5.ex-y0	qsAh.hapax.en-y0.ex-y5	baseline	0	0
qsMay.grounded-loop.en-y5.ex-y0	qsAh.hapax.en-y0.ex-y5.ex-ext-1	baseline	0	0
qsMay.grounded-loop.en-y5.ex-y0	qsDay_qsUtter.half.en-y0	baseline	0	0
qsMay.grounded-loop.en-y5.ex-y0	qsDay_qsUtter.half.en-y0.ex-y5	baseline	0	0
qsMay.grounded-loop.en-y5.ex-y0	qsDay_qsUtter.half.en-y0.ex-y5.ex-ext-1	baseline	0	0
qsMay.grounded-loop.en-y5.ex-y0	qsI.smaller-loop.en-y0	baseline	0	0
qsMay.grounded-loop.en-y5.ex-y0	qsI.smaller-loop.en-y0.ex-y5	baseline	0	0
qsMay.grounded-loop.en-y5.ex-y0	qsI.smaller-loop.en-y0.ex-y5.ex-ext-1	baseline	0	0
qsMay.grounded-loop.en-y5.ex-y0	qsLow.hapax.en-y0	baseline	0	0
qsMay.grounded-loop.en-y5.ex-y0	qsLow.hapax.en-y0.ex-y5	baseline	0	0
qsMay.grounded-loop.en-y5.ex-y0	qsLow.hapax.en-y0.ex-y5.ex-ext-1	baseline	0	0
qsMay.grounded-loop.en-y5.ex-y0	qsMay.loop.en-y0	baseline	0	0
qsMay.grounded-loop.en-y5.ex-y0	qsMay.loop.en-y0.ex-y5.ex-ext-1	baseline	0	0
qsMay.grounded-loop.en-y5.ex-y0	qsMay.loop.en-y0.ex-y5.ex-ext-2	baseline	0	0
qsMay.grounded-loop.en-y5.ex-y0	qsOut.normal.en-y0	baseline	0	0
qsMay.grounded-loop.en-y5.ex-y0	qsOut.swept-up.en-y0.ex-y5	baseline	0	0
qsMay.grounded-loop.en-y5.ex-y0	qsOut.swept-up.en-y0.ex-y5.ex-ext-1	baseline	0	0
qsMay.grounded-loop.en-y5.ex-y0	qsOut_qsTea.hapax.en-y0	baseline	0	0
qsMay.grounded-loop.en-y5.ex-y0	qsSee.curled-over.en-y0.ex-y6	baseline	0	0
qsMay.grounded-loop.en-y5.ex-y0	qsSee.normal.en-y0	baseline	0	0
qsMay.grounded-loop.en-y5.ex-y0	qsSee.normal.en-y0.ex-y8	baseline	0	0
qsMay.grounded-loop.en-y5.ex-y0	qsTea.full.en-y0	baseline	0	0
qsMay.grounded-loop.en-y5.ex-y0	qsVie.normal.en-y0	baseline	0	0
qsMay.grounded-loop.en-y5.ex-y0	qsVie.swept-out.en-y0.ex-y0	baseline	0	0
qsMay.grounded-loop.en-y5.ex-y0	qsVie_qsUtter.hapax.en-y0	baseline	0	0
qsMay.grounded-loop.en-y5.ex-y0	qsVie_qsUtter.hapax.en-y0.ex-y5	baseline	0	0
qsMay.grounded-loop.en-y5.ex-y0	qsVie_qsUtter.hapax.en-y0.ex-y5.ex-ext-1	baseline	0	0
qsMay.grounded-loop.ex-y0	qsAh.hapax.en-y0	baseline	0	0
qsMay.grounded-loop.ex-y0	qsAh.hapax.en-y0.ex-y5	baseline	0	0
qsMay.grounded-loop.ex-y0	qsAh.hapax.en-y0.ex-y5.ex-ext-1	baseline	0	0
qsMay.grounded-loop.ex-y0	qsI.smaller-loop.en-y0	baseline	0	0
qsMay.grounded-loop.ex-y0	qsI.smaller-loop.en-y0.ex-y5	baseline	0	0
qsMay.grounded-loop.ex-y0	qsI.smaller-loop.en-y0.ex-y5.ex-ext-1	baseline	0	0
qsMay.grounded-loop.ex-y0	qsLow.hapax.en-y0	baseline	0	0
qsMay.grounded-loop.ex-y0	qsLow.hapax.en-y0.ex-y5	baseline	0	0
qsMay.grounded-loop.ex-y0	qsLow.hapax.en-y0.ex-y5.ex-ext-1	baseline	0	0
qsMay.grounded-loop.ex-y0	qsMay.loop.en-y0	baseline	0	0
qsMay.grounded-loop.ex-y0	qsMay.loop.en-y0.ex-y5.ex-ext-1	baseline	0	0
qsMay.grounded-loop.ex-y0	qsMay.loop.en-y0.ex-y5.ex-ext-2	baseline	0	0
qsMay.grounded-loop.ex-y0	qsOut.normal.en-y0	baseline	0	0
qsMay.grounded-loop.ex-y0	qsOut.swept-up.en-y0.ex-y5	baseline	0	0
qsMay.grounded-loop.ex-y0	qsOut.swept-up.en-y0.ex-y5.ex-ext-1	baseline	0	0
qsMay.grounded-loop.ex-y0	qsOut_qsTea.hapax.en-y0	baseline	0	0
qsMay.grounded-loop.ex-y0	qsSee.curled-over.en-y0.ex-y6	baseline	0	0
qsMay.grounded-loop.ex-y0	qsSee.normal.en-y0	baseline	0	0
qsMay.grounded-loop.ex-y0	qsSee.normal.en-y0.ex-y8	baseline	0	0
qsMay.grounded-loop.ex-y0	qsVie.normal.en-y0	baseline	0	0
qsMay.grounded-loop.ex-y0	qsVie.swept-out.en-y0.ex-y0	baseline	0	0
qsMay.grounded-loop.ex-y0	qsVie_qsUtter.hapax.en-y0	baseline	0	0
qsMay.grounded-loop.ex-y0	qsVie_qsUtter.hapax.en-y0.ex-y5	baseline	0	0
qsMay.grounded-loop.ex-y0	qsVie_qsUtter.hapax.en-y0.ex-y5.ex-ext-1	baseline	0	0
qsMay.grounded-loop.ex-y0.locked	qsAh.hapax.en-y0	baseline	0	0
qsMay.grounded-loop.ex-y0.locked	qsAh.hapax.en-y0.ex-y5	baseline	0	0
qsMay.grounded-loop.ex-y0.locked	qsAh.hapax.en-y0.ex-y5.ex-ext-1	baseline	0	0
qsMay.grounded-loop.ex-y0.locked	qsI.smaller-loop.en-y0	baseline	0	0
qsMay.grounded-loop.ex-y0.locked	qsI.smaller-loop.en-y0.ex-y5	baseline	0	0
qsMay.grounded-loop.ex-y0.locked	qsI.smaller-loop.en-y0.ex-y5.ex-ext-1	baseline	0	0
qsMay.grounded-loop.ex-y0.locked	qsLow.hapax.en-y0	baseline	0	0
qsMay.grounded-loop.ex-y0.locked	qsLow.hapax.en-y0.ex-y5	baseline	0	0
qsMay.grounded-loop.ex-y0.locked	qsLow.hapax.en-y0.ex-y5.ex-ext-1	baseline	0	0
qsMay.grounded-loop.ex-y0.locked	qsMay.loop.en-y0	baseline	0	0
qsMay.grounded-loop.ex-y0.locked	qsMay.loop.en-y0.ex-y5.ex-ext-1	baseline	0	0
qsMay.grounded-loop.ex-y0.locked	qsMay.loop.en-y0.ex-y5.ex-ext-2	baseline	0	0
qsMay.grounded-loop.ex-y0.locked	qsOut.normal.en-y0	baseline	0	0
qsMay.grounded-loop.ex-y0.locked	qsOut.swept-up.en-y0.ex-y5	baseline	0	0
qsMay.grounded-loop.ex-y0.locked	qsOut.swept-up.en-y0.ex-y5.ex-ext-1	baseline	0	0
qsMay.grounded-loop.ex-y0.locked	qsOut_qsTea.hapax.en-y0	baseline	0	0
qsMay.grounded-loop.ex-y0.locked	qsSee.curled-over.en-y0.ex-y6	baseline	0	0
qsMay.grounded-loop.ex-y0.locked	qsSee.normal.en-y0	baseline	0	0
qsMay.grounded-loop.ex-y0.locked	qsSee.normal.en-y0.ex-y8	baseline	0	0
qsMay.grounded-loop.ex-y0.locked	qsVie.normal.en-y0	baseline	0	0
qsMay.grounded-loop.ex-y0.locked	qsVie.swept-out.en-y0.ex-y0	baseline	0	0
qsMay.grounded-loop.ex-y0.locked	qsVie_qsUtter.hapax.en-y0	baseline	0	0
qsMay.grounded-loop.ex-y0.locked	qsVie_qsUtter.hapax.en-y0.ex-y5	baseline	0	0
qsMay.grounded-loop.ex-y0.locked	qsVie_qsUtter.hapax.en-y0.ex-y5.ex-ext-1	baseline	0	0
qsMay.loop	qsFee.loop.ex-y5	break	0	0
qsMay.loop	qsFee.loop.ex-y5.ex-ext-1	break	0	0
qsMay.loop	qsFee.loop.ex-y5.ex-ext-3	break	0	0
qsMay.loop	qsMay.grounded-loop.ex-y0	break	0	0
qsMay.loop	qsRoe.hapax.ex-y5	break	0	0
qsMay.loop	qsSee.straighter.ex-y0	break	0	0
qsMay.loop	qsSee.straighter.ex-y0.ex-ext-2	break	0	0
qsMay.loop	qsSee_qsUtter.hapax	break	0	0
qsMay.loop	qsSee_qsUtter.hapax.ex-y5	break	0	0
qsMay.loop	qsSee_qsUtter.hapax.ex-y5.ex-ext-1	break	0	0
qsMay.loop	qsTea.full	break	0	0
qsMay.loop	qsTea.full.ex-y0	break	0	0
qsMay.loop	qsTea.half.ex-y5	break	0	0
qsMay.loop	qsTea.half.ex-y5.ex-ext-1	break	0	0
qsMay.loop	qsTea_qsOy.hapax	break	0	0
qsMay.loop	qsTea_qsOy.hapax.ex-y0	break	0	0
qsMay.loop	qsUtter.mono	break	0	0
qsMay.loop	qsUtter.mono.ex-y5	break	0	0
qsMay.loop	qsUtter.mono.ex-y5.ex-ext-1	break	0	0
qsMay.loop.en-y0	qsAh.hapax	break	0	0
qsMay.loop.en-y0	qsAh.hapax.ex-y5	break	0	0
qsMay.loop.en-y0	qsAh.hapax.ex-y5.ex-ext-1	break	0	0
qsMay.loop.en-y0	qsFee.loop.ex-y5	break	0	0
qsMay.loop.en-y0	qsFee.loop.ex-y5.ex-ext-1	break	0	0
qsMay.loop.en-y0	qsFee.loop.ex-y5.ex-ext-3	break	0	0
qsMay.loop.en-y0	qsI.loop	break	0	0
qsMay.loop.en-y0	qsI.loop.ex-y5	break	0	0
qsMay.loop.en-y0	qsI.loop.ex-y5.ex-ext-1	break	0	0
qsMay.loop.en-y0	qsLow.hapax	break	0	0
qsMay.loop.en-y0	qsLow.hapax.ex-y5	break	0	0
qsMay.loop.en-y0	qsLow.hapax.ex-y5.ex-ext-1	break	0	0
qsMay.loop.en-y0	qsMay.grounded-loop.ex-y0	break	0	0
qsMay.loop.en-y0	qsMay.loop	break	0	0
qsMay.loop.en-y0	qsMay.loop.ex-y5	break	0	0
qsMay.loop.en-y0	qsMay.loop.ex-y5.ex-ext-1	break	0	0
qsMay.loop.en-y0	qsMay.loop.ex-y5.ex-ext-2	break	0	0
qsMay.loop.en-y0	qsOut.normal	break	0	0
qsMay.loop.en-y0	qsOut.swept-up.ex-y5	break	0	0
qsMay.loop.en-y0	qsOut.swept-up.ex-y5.ex-ext-1	break	0	0
qsMay.loop.en-y0	qsOut_qsTea.hapax	break	0	0
qsMay.loop.en-y0	qsRoe.hapax.ex-y5	break	0	0
qsMay.loop.en-y0	qsSee.curled-over.ex-y6	break	0	0
qsMay.loop.en-y0	qsSee.normal	break	0	0
qsMay.loop.en-y0	qsSee.normal.ex-y8	break	0	0
qsMay.loop.en-y0	qsSee.straighter.ex-y0	break	0	0
qsMay.loop.en-y0	qsSee.straighter.ex-y0.ex-ext-2	break	0	0
qsMay.loop.en-y0	qsSee_qsUtter.hapax	break	0	0
qsMay.loop.en-y0	qsSee_qsUtter.hapax.ex-y5	break	0	0
qsMay.loop.en-y0	qsSee_qsUtter.hapax.ex-y5.ex-ext-1	break	0	0
qsMay.loop.en-y0	qsTea.full	break	0	0
qsMay.loop.en-y0	qsTea.full.ex-y0	break	0	0
qsMay.loop.en-y0	qsTea.half.ex-y5	break	0	0
qsMay.loop.en-y0	qsTea.half.ex-y5.ex-ext-1	break	0	0
qsMay.loop.en-y0	qsTea_qsOy.hapax	break	0	0
qsMay.loop.en-y0	qsTea_qsOy.hapax.ex-y0	break	0	0
qsMay.loop.en-y0	qsUtter.mono	break	0	0
qsMay.loop.en-y0	qsUtter.mono.ex-y5	break	0	0
qsMay.loop.en-y0	qsUtter.mono.ex-y5.ex-ext-1	break	0	0
qsMay.loop.en-y0	qsVie.normal	break	0	0
qsMay.loop.en-y0	qsVie.swept-out.ex-y0	break	0	0
qsMay.loop.en-y0	qsVie_qsUtter.hapax	break	0	0
qsMay.loop.en-y0	qsVie_qsUtter.hapax.ex-y5	break	0	0
qsMay.loop.en-y0	qsVie_qsUtter.hapax.ex-y5.ex-ext-1	break	0	0
qsMay.loop.en-y0.ex-y5.ex-ext-1	qsAwe.hapax.en-y5	x-height	1	0
qsMay.loop.en-y0.ex-y5.ex-ext-1	qsAwe.hapax.en-y5.ex-y0	x-height	1	0
qsMay.loop.en-y0.ex-y5.ex-ext-1	qsDay.full.en-y5	x-height	1	0
qsMay.loop.en-y0.ex-y5.ex-ext-1	qsDay.full.en-y5.ex-y0	x-height	1	0
qsMay.loop.en-y0.ex-y5.ex-ext-1	qsDay_qsUtter.full.en-y5	x-height	1	0
qsMay.loop.en-y0.ex-y5.ex-ext-1	qsDay_qsUtter.full.en-y5.ex-y5	x-height	1	0
qsMay.loop.en-y0.ex-y5.ex-ext-1	qsDay_qsUtter.full.en-y5.ex-y5.ex-ext-1	x-height	1	0
qsMay.loop.en-y0.ex-y5.ex-ext-1	qsEight.normal-sized-loop.en-y5	x-height	1	0
qsMay.loop.en-y0.ex-y5.ex-ext-1	qsEight.normal-sized-loop.en-y5.ex-y0	x-height	1	0
qsMay.loop.en-y0.ex-y5.ex-ext-1	qsEight.smaller-loop.en-y5.ex-y0	x-height	1	0
qsMay.loop.en-y0.ex-y5.ex-ext-1	qsEt.hapax.en-y5	x-height	1	0
qsMay.loop.en-y0.ex-y5.ex-ext-1	qsEt.hapax.en-y5.ex-y0	x-height	1	0
qsMay.loop.en-y0.ex-y5.ex-ext-1	qsEt.hapax.en-y5.ex-y0.ex-con-1	x-height	1	0
qsMay.loop.en-y0.ex-y5.ex-ext-1	qsFee.reversed-loop.en-y5	x-height	1	0
qsMay.loop.en-y0.ex-y5.ex-ext-1	qsIt.hapax.en-y5	x-height	1	0
qsMay.loop.en-y0.ex-y5.ex-ext-1	qsIt.hapax.en-y5.ex-y0	x-height	1	0
qsMay.loop.en-y0.ex-y5.ex-ext-1	qsIt.hapax.en-y5.ex-y0.ex-ext-1	x-height	1	0
qsMay.loop.en-y0.ex-y5.ex-ext-1	qsNo.loop.en-y5	x-height	1	0
qsMay.loop.en-y0.ex-y5.ex-ext-1	qsNo.loop.en-y5.ex-y5	x-height	1	0
qsMay.loop.en-y0.ex-y5.ex-ext-1	qsNo.loop.en-y5.ex-y5.ex-ext-1	x-height	1	0
qsMay.loop.en-y0.ex-y5.ex-ext-1	qsOx.hapax.en-y5	x-height	1	0
qsMay.loop.en-y0.ex-y5.ex-ext-1	qsOx.hapax.en-y5.ex-y0	x-height	1	0
qsMay.loop.en-y0.ex-y5.ex-ext-1	qsOy.hapax.en-y5	x-height	1	0
qsMay.loop.en-y0.ex-y5.ex-ext-1	qsOy.hapax.en-y5.ex-y0	x-height	1	0
qsMay.loop.en-y0.ex-y5.ex-ext-1	qsPea.full.en-y5	x-height	1	0
qsMay.loop.en-y0.ex-y5.ex-ext-1	qsPea.full.en-y5.ex-y0	x-height	1	0
qsMay.loop.en-y0.ex-y5.ex-ext-1	qsPea.half.en-y5.ex-y5	x-height	1	0
qsMay.loop.en-y0.ex-y5.ex-ext-1	qsPea.half.en-y5.ex-y6	x-height	1	0
qsMay.loop.en-y0.ex-y5.ex-ext-1	qsRoe.hapax.en-y5	x-height	1	0
qsMay.loop.en-y0.ex-y5.ex-ext-1	qsRoe.hapax.en-y5.ex-y0	x-height	1	0
qsMay.loop.en-y0.ex-y5.ex-ext-1	qsRoe.hapax.en-y5.ex-y0.ex-ext-1	x-height	1	0
qsMay.loop.en-y0.ex-y5.ex-ext-1	qsUtter.alternate.en-y5.ex-y0	x-height	1	0
qsMay.loop.en-y0.ex-y5.ex-ext-2	qsJai.hapax.en-y5	x-height	2	0
qsMay.loop.en-y0.ex-y5.ex-ext-2	qsJai.hapax.en-y5.ex-y0	x-height	2	0
qsMay.loop.en-y0.ex-y5.ex-ext-2	qsJai.hapax.en-y5.ex-y0.ex-ext-1	x-height	2	0
qsMay.loop.en-y0.ex-y5.ex-ext-2	qsJai_qsUtter.hapax.en-y5	x-height	2	0
qsMay.loop.en-y0.ex-y5.ex-ext-2	qsJai_qsUtter.hapax.en-y5.ex-y5	x-height	2	0
qsMay.loop.en-y0.ex-y5.ex-ext-2	qsJai_qsUtter.hapax.en-y5.ex-y5.ex-ext-1	x-height	2	0
qsMay.loop.en-y5	qsAh.hapax	break	0	0
qsMay.loop.en-y5	qsAh.hapax.ex-y5	break	0	0
qsMay.loop.en-y5	qsAh.hapax.ex-y5.ex-ext-1	break	0	0
qsMay.loop.en-y5	qsAwe.hapax	break	0	0
qsMay.loop.en-y5	qsAwe.hapax.ex-y0	break	0	0
qsMay.loop.en-y5	qsDay.full	break	0	0
qsMay.loop.en-y5	qsDay.full.ex-y0	break	0	0
qsMay.loop.en-y5	qsDay_qsUtter.full	break	0	0
qsMay.loop.en-y5	qsDay_qsUtter.full.ex-y5	break	0	0
qsMay.loop.en-y5	qsDay_qsUtter.full.ex-y5.ex-ext-1	break	0	0
qsMay.loop.en-y5	qsEight.normal-sized-loop	break	0	0
qsMay.loop.en-y5	qsEight.normal-sized-loop.ex-y0	break	0	0
qsMay.loop.en-y5	qsEight.smaller-loop.ex-y0	break	0	0
qsMay.loop.en-y5	qsEt.hapax	break	0	0
qsMay.loop.en-y5	qsEt.hapax.ex-y0	break	0	0
qsMay.loop.en-y5	qsEt.hapax.ex-y0.ex-con-1	break	0	0
qsMay.loop.en-y5	qsFee.loop	break	0	0
qsMay.loop.en-y5	qsFee.loop.ex-y5	break	0	0
qsMay.loop.en-y5	qsFee.loop.ex-y5.ex-ext-1	break	0	0
qsMay.loop.en-y5	qsFee.loop.ex-y5.ex-ext-3	break	0	0
qsMay.loop.en-y5	qsI.loop	break	0	0
qsMay.loop.en-y5	qsI.loop.ex-y5	break	0	0
qsMay.loop.en-y5	qsI.loop.ex-y5.ex-ext-1	break	0	0
qsMay.loop.en-y5	qsIt.hapax	break	0	0
qsMay.loop.en-y5	qsIt.hapax.ex-y0	break	0	0
qsMay.loop.en-y5	qsIt.hapax.ex-y5	break	0	0
qsMay.loop.en-y5	qsIt.hapax.ex-y5.ex-ext-1	break	0	0
qsMay.loop.en-y5	qsJai.hapax	break	0	0
qsMay.loop.en-y5	qsJai.hapax.ex-y0	break	0	0
qsMay.loop.en-y5	qsJai.hapax.ex-y0.ex-ext-1	break	0	0
qsMay.loop.en-y5	qsJai_qsUtter.hapax	break	0	0
qsMay.loop.en-y5	qsJai_qsUtter.hapax.ex-y5	break	0	0
qsMay.loop.en-y5	qsJai_qsUtter.hapax.ex-y5.ex-ext-1	break	0	0
qsMay.loop.en-y5	qsLow.hapax	break	0	0
qsMay.loop.en-y5	qsLow.hapax.ex-y5	break	0	0
qsMay.loop.en-y5	qsLow.hapax.ex-y5.ex-ext-1	break	0	0
qsMay.loop.en-y5	qsMay.grounded-loop.ex-y0	break	0	0
qsMay.loop.en-y5	qsMay.loop	break	0	0
qsMay.loop.en-y5	qsMay.loop.ex-y5	break	0	0
qsMay.loop.en-y5	qsMay.loop.ex-y5.ex-ext-1	break	0	0
qsMay.loop.en-y5	qsMay.loop.ex-y5.ex-ext-2	break	0	0
qsMay.loop.en-y5	qsNo.flipped.ex-y0	break	0	0
qsMay.loop.en-y5	qsNo.loop	break	0	0
qsMay.loop.en-y5	qsNo.loop.ex-y5	break	0	0
qsMay.loop.en-y5	qsNo.loop.ex-y5.ex-ext-1	break	0	0
qsMay.loop.en-y5	qsOut.normal	break	0	0
qsMay.loop.en-y5	qsOut.swept-up.ex-y5	break	0	0
qsMay.loop.en-y5	qsOut.swept-up.ex-y5.ex-ext-1	break	0	0
qsMay.loop.en-y5	qsOut_qsTea.hapax	break	0	0
qsMay.loop.en-y5	qsOx.hapax	break	0	0
qsMay.loop.en-y5	qsOx.hapax.ex-y0	break	0	0
qsMay.loop.en-y5	qsOy.hapax	break	0	0
qsMay.loop.en-y5	qsOy.hapax.ex-y0	break	0	0
qsMay.loop.en-y5	qsPea.full	break	0	0
qsMay.loop.en-y5	qsPea.full.ex-y0	break	0	0
qsMay.loop.en-y5	qsPea.half.ex-y5	break	0	0
qsMay.loop.en-y5	qsPea.half.ex-y6	break	0	0
qsMay.loop.en-y5	qsRoe.hapax	break	0	0
qsMay.loop.en-y5	qsRoe.hapax.ex-y0	break	0	0
qsMay.loop.en-y5	qsRoe.hapax.ex-y0.ex-ext-1	break	0	0
qsMay.loop.en-y5	qsRoe.hapax.ex-y5	break	0	0
qsMay.loop.en-y5	qsSee.curled-over.ex-y6	break	0	0
qsMay.loop.en-y5	qsSee.normal	break	0	0
qsMay.loop.en-y5	qsSee.normal.ex-y8	break	0	0
qsMay.loop.en-y5	qsSee.straighter.ex-y0	break	0	0
qsMay.loop.en-y5	qsSee.straighter.ex-y0.ex-ext-2	break	0	0
qsMay.loop.en-y5	qsSee_qsUtter.hapax	break	0	0
qsMay.loop.en-y5	qsSee_qsUtter.hapax.ex-y5	break	0	0
qsMay.loop.en-y5	qsSee_qsUtter.hapax.ex-y5.ex-ext-1	break	0	0
qsMay.loop.en-y5	qsTea.full	break	0	0
qsMay.loop.en-y5	qsTea.full.ex-y0	break	0	0
qsMay.loop.en-y5	qsTea.half.ex-y5	break	0	0
qsMay.loop.en-y5	qsTea.half.ex-y5.ex-ext-1	break	0	0
qsMay.loop.en-y5	qsTea_qsOy.hapax	break	0	0
qsMay.loop.en-y5	qsTea_qsOy.hapax.ex-y0	break	0	0
qsMay.loop.en-y5	qsUtter.alternate.ex-y0	break	0	0
qsMay.loop.en-y5	qsUtter.mono	break	0	0
qsMay.loop.en-y5	qsUtter.mono.ex-y5	break	0	0
qsMay.loop.en-y5	qsUtter.mono.ex-y5.ex-ext-1	break	0	0
qsMay.loop.en-y5	qsVie.normal	break	0	0
qsMay.loop.en-y5	qsVie.swept-out.ex-y0	break	0	0
qsMay.loop.en-y5	qsVie_qsUtter.hapax	break	0	0
qsMay.loop.en-y5	qsVie_qsUtter.hapax.ex-y5	break	0	0
qsMay.loop.en-y5	qsVie_qsUtter.hapax.ex-y5.ex-ext-1	break	0	0
qsMay.loop.ex-y5	qsAwe.hapax.en-y5	x-height	0	0
qsMay.loop.ex-y5	qsAwe.hapax.en-y5.ex-y0	x-height	0	0
qsMay.loop.ex-y5	qsEight.normal-sized-loop.en-y5	x-height	0	0
qsMay.loop.ex-y5	qsEight.normal-sized-loop.en-y5.ex-y0	x-height	0	0
qsMay.loop.ex-y5	qsEight.smaller-loop.en-y5.ex-y0	x-height	0	0
qsMay.loop.ex-y5	qsEt.hapax.en-y5	x-height	0	0
qsMay.loop.ex-y5	qsEt.hapax.en-y5.ex-y0	x-height	0	0
qsMay.loop.ex-y5	qsEt.hapax.en-y5.ex-y0.ex-con-1	x-height	0	0
qsMay.loop.ex-y5	qsNo.loop.en-y5	x-height	0	0
qsMay.loop.ex-y5	qsNo.loop.en-y5.ex-y5	x-height	0	0
qsMay.loop.ex-y5	qsNo.loop.en-y5.ex-y5.ex-ext-1	x-height	0	0
qsMay.loop.ex-y5	qsOx.hapax.en-y5	x-height	0	0
qsMay.loop.ex-y5	qsOx.hapax.en-y5.ex-y0	x-height	0	0
qsMay.loop.ex-y5	qsOy.hapax.en-y5	x-height	0	0
qsMay.loop.ex-y5	qsOy.hapax.en-y5.ex-y0	x-height	0	0
qsMay.loop.ex-y5	qsPea.full.en-y5	x-height	0	0
qsMay.loop.ex-y5	qsPea.full.en-y5.ex-y0	x-height	0	0
qsMay.loop.ex-y5	qsPea.half.en-y5.ex-y5	x-height	0	0
qsMay.loop.ex-y5	qsPea.half.en-y5.ex-y6	x-height	0	0
qsMay.loop.ex-y5	qsUtter.alternate.en-y5.ex-y0	x-height	0	0
qsMay.loop.ex-y5.ex-ext-1	qsDay.full.en-y5	x-height	1	0
qsMay.loop.ex-y5.ex-ext-1	qsDay.full.en-y5.ex-y0	x-height	1	0
qsMay.loop.ex-y5.ex-ext-1	qsDay_qsUtter.full.en-y5	x-height	1	0
qsMay.loop.ex-y5.ex-ext-1	qsDay_qsUtter.full.en-y5.ex-y5	x-height	1	0
qsMay.loop.ex-y5.ex-ext-1	qsDay_qsUtter.full.en-y5.ex-y5.ex-ext-1	x-height	1	0
qsMay.loop.ex-y5.ex-ext-1	qsFee.reversed-loop.en-y5	x-height	1	0
qsMay.loop.ex-y5.ex-ext-1	qsIt.hapax.en-y5	x-height	1	0
qsMay.loop.ex-y5.ex-ext-1	qsIt.hapax.en-y5.ex-y0	x-height	1	0
qsMay.loop.ex-y5.ex-ext-1	qsIt.hapax.en-y5.ex-y0.ex-ext-1	x-height	1	0
qsMay.loop.ex-y5.ex-ext-1	qsRoe.hapax.en-y5	x-height	1	0
qsMay.loop.ex-y5.ex-ext-1	qsRoe.hapax.en-y5.ex-y0	x-height	1	0
qsMay.loop.ex-y5.ex-ext-1	qsRoe.hapax.en-y5.ex-y0.ex-ext-1	x-height	1	0
qsMay.loop.ex-y5.ex-ext-2	qsJai.hapax.en-y5	x-height	2	0
qsMay.loop.ex-y5.ex-ext-2	qsJai.hapax.en-y5.ex-y0	x-height	2	0
qsMay.loop.ex-y5.ex-ext-2	qsJai.hapax.en-y5.ex-y0.ex-ext-1	x-height	2	0
qsMay.loop.ex-y5.ex-ext-2	qsJai_qsUtter.hapax.en-y5	x-height	2	0
qsMay.loop.ex-y5.ex-ext-2	qsJai_qsUtter.hapax.en-y5.ex-y5	x-height	2	0
qsMay.loop.ex-y5.ex-ext-2	qsJai_qsUtter.hapax.en-y5.ex-y5.ex-ext-1	x-height	2	0
qsMay.loop.ex-y5.locked	qsAwe.hapax.en-y5	x-height	0	0
qsMay.loop.ex-y5.locked	qsAwe.hapax.en-y5.ex-y0	x-height	0	0
qsMay.loop.ex-y5.locked	qsEight.normal-sized-loop.en-y5	x-height	0	0
qsMay.loop.ex-y5.locked	qsEight.normal-sized-loop.en-y5.ex-y0	x-height	0	0
qsMay.loop.ex-y5.locked	qsEight.smaller-loop.en-y5.ex-y0	x-height	0	0
qsMay.loop.ex-y5.locked	qsEt.hapax.en-y5	x-height	0	0
qsMay.loop.ex-y5.locked	qsEt.hapax.en-y5.ex-y0	x-height	0	0
qsMay.loop.ex-y5.locked	qsEt.hapax.en-y5.ex-y0.ex-con-1	x-height	0	0
qsMay.loop.ex-y5.locked	qsNo.loop.en-y5	x-height	0	0
qsMay.loop.ex-y5.locked	qsNo.loop.en-y5.ex-y5	x-height	0	0
qsMay.loop.ex-y5.locked	qsNo.loop.en-y5.ex-y5.ex-ext-1	x-height	0	0
qsMay.loop.ex-y5.locked	qsOx.hapax.en-y5	x-height	0	0
qsMay.loop.ex-y5.locked	qsOx.hapax.en-y5.ex-y0	x-height	0	0
qsMay.loop.ex-y5.locked	qsOy.hapax.en-y5	x-height	0	0
qsMay.loop.ex-y5.locked	qsOy.hapax.en-y5.ex-y0	x-height	0	0
qsMay.loop.ex-y5.locked	qsPea.full.en-y5	x-height	0	0
qsMay.loop.ex-y5.locked	qsPea.full.en-y5.ex-y0	x-height	0	0
qsMay.loop.ex-y5.locked	qsPea.half.en-y5.ex-y5	x-height	0	0
qsMay.loop.ex-y5.locked	qsPea.half.en-y5.ex-y6	x-height	0	0
qsMay.loop.ex-y5.locked	qsUtter.alternate.en-y5.ex-y0	x-height	0	0
qsMay.loop.ex-y5.locked.ex-ext-1	qsDay.full.en-y5	x-height	1	0
qsMay.loop.ex-y5.locked.ex-ext-1	qsDay.full.en-y5.ex-y0	x-height	1	0
qsMay.loop.ex-y5.locked.ex-ext-1	qsDay_qsUtter.full.en-y5	x-height	1	0
qsMay.loop.ex-y5.locked.ex-ext-1	qsDay_qsUtter.full.en-y5.ex-y5	x-height	1	0
qsMay.loop.ex-y5.locked.ex-ext-1	qsDay_qsUtter.full.en-y5.ex-y5.ex-ext-1	x-height	1	0
qsMay.loop.ex-y5.locked.ex-ext-1	qsFee.reversed-loop.en-y5	x-height	1	0
qsMay.loop.ex-y5.locked.ex-ext-1	qsIt.hapax.en-y5	x-height	1	0
qsMay.loop.ex-y5.locked.ex-ext-1	qsIt.hapax.en-y5.ex-y0	x-height	1	0
qsMay.loop.ex-y5.locked.ex-ext-1	qsIt.hapax.en-y5.ex-y0.ex-ext-1	x-height	1	0
qsMay.loop.ex-y5.locked.ex-ext-1	qsRoe.hapax.en-y5	x-height	1	0
qsMay.loop.ex-y5.locked.ex-ext-1	qsRoe.hapax.en-y5.ex-y0	x-height	1	0
qsMay.loop.ex-y5.locked.ex-ext-1	qsRoe.hapax.en-y5.ex-y0.ex-ext-1	x-height	1	0
qsMay.loop.ex-y5.locked.ex-ext-2	qsJai.hapax.en-y5	x-height	2	0
qsMay.loop.ex-y5.locked.ex-ext-2	qsJai.hapax.en-y5.ex-y0	x-height	2	0
qsMay.loop.ex-y5.locked.ex-ext-2	qsJai.hapax.en-y5.ex-y0.ex-ext-1	x-height	2	0
qsMay.loop.ex-y5.locked.ex-ext-2	qsJai_qsUtter.hapax.en-y5	x-height	2	0
qsMay.loop.ex-y5.locked.ex-ext-2	qsJai_qsUtter.hapax.en-y5.ex-y5	x-height	2	0
qsMay.loop.ex-y5.locked.ex-ext-2	qsJai_qsUtter.hapax.en-y5.ex-y5.ex-ext-1	x-height	2	0
qsMay.loop.locked	qsFee.loop.ex-y5	break	0	0
qsMay.loop.locked	qsFee.loop.ex-y5.ex-ext-1	break	0	0
qsMay.loop.locked	qsFee.loop.ex-y5.ex-ext-3	break	0	0
qsMay.loop.locked	qsRoe.hapax.ex-y5	break	0	0
qsMay.loop.locked	qsSee.straighter.ex-y0	break	0	0
qsMay.loop.locked	qsSee.straighter.ex-y0.ex-ext-2	break	0	0
qsMay.loop.locked	qsSee_qsUtter.hapax	break	0	0
qsMay.loop.locked	qsSee_qsUtter.hapax.ex-y5	break	0	0
qsMay.loop.locked	qsSee_qsUtter.hapax.ex-y5.ex-ext-1	break	0	0
qsMay.loop.locked	qsTea.full	break	0	0
qsMay.loop.locked	qsTea.full.ex-y0	break	0	0
qsMay.loop.locked	qsTea.half.ex-y5	break	0	0
qsMay.loop.locked	qsTea.half.ex-y5.ex-ext-1	break	0	0
qsMay.loop.locked	qsTea_qsOy.hapax	break	0	0
qsMay.loop.locked	qsTea_qsOy.hapax.ex-y0	break	0	0
qsMay.loop.locked	qsUtter.mono	break	0	0
qsMay.loop.locked	qsUtter.mono.ex-y5	break	0	0
qsMay.loop.locked	qsUtter.mono.ex-y5.ex-ext-1	break	0	0
qsNo.flipped.en-y0	qsAwe.hapax	break	0	0
qsNo.flipped.en-y0	qsAwe.hapax.ex-y0	break	0	0
qsNo.flipped.en-y0	qsEight.normal-sized-loop	break	0	0
qsNo.flipped.en-y0	qsEight.normal-sized-loop.ex-y0	break	0	0
qsNo.flipped.en-y0	qsEight.smaller-loop.ex-y0	break	0	0
qsNo.flipped.en-y0	qsEt.hapax	break	0	0
qsNo.flipped.en-y0	qsEt.hapax.ex-y0	break	0	0
qsNo.flipped.en-y0	qsEt.hapax.ex-y0.ex-con-1	break	0	0
qsNo.flipped.en-y0	qsFee.loop	break	0	0
qsNo.flipped.en-y0	qsFee.loop.ex-y5	break	0	0
qsNo.flipped.en-y0	qsFee.loop.ex-y5.ex-ext-1	break	0	0
qsNo.flipped.en-y0	qsFee.loop.ex-y5.ex-ext-3	break	0	0
qsNo.flipped.en-y0	qsJai.hapax	break	0	0
qsNo.flipped.en-y0	qsJai.hapax.ex-y0	break	0	0
qsNo.flipped.en-y0	qsJai.hapax.ex-y0.ex-ext-1	break	0	0
qsNo.flipped.en-y0	qsJai_qsUtter.hapax	break	0	0
qsNo.flipped.en-y0	qsJai_qsUtter.hapax.ex-y5	break	0	0
qsNo.flipped.en-y0	qsJai_qsUtter.hapax.ex-y5.ex-ext-1	break	0	0
qsNo.flipped.en-y0	qsOx.hapax	break	0	0
qsNo.flipped.en-y0	qsOx.hapax.ex-y0	break	0	0
qsNo.flipped.en-y0	qsOy.hapax	break	0	0
qsNo.flipped.en-y0	qsOy.hapax.ex-y0	break	0	0
qsNo.flipped.en-y0	qsPea.full	break	0	0
qsNo.flipped.en-y0	qsPea.full.ex-y0	break	0	0
qsNo.flipped.en-y0	qsPea.half.ex-y5	break	0	0
qsNo.flipped.en-y0	qsPea.half.ex-y6	break	0	0
qsNo.flipped.en-y0	qsSee.straighter.ex-y0	break	0	0
qsNo.flipped.en-y0	qsSee.straighter.ex-y0.ex-ext-2	break	0	0
qsNo.flipped.en-y0	qsSee_qsUtter.hapax	break	0	0
qsNo.flipped.en-y0	qsSee_qsUtter.hapax.ex-y5	break	0	0
qsNo.flipped.en-y0	qsSee_qsUtter.hapax.ex-y5.ex-ext-1	break	0	0
qsNo.flipped.en-y0	qsTea.full.ex-y0	break	0	0
qsNo.flipped.en-y0	qsTea.half.ex-y5	break	0	0
qsNo.flipped.en-y0	qsTea_qsOy.hapax	break	0	0
qsNo.flipped.en-y0	qsTea_qsOy.hapax.ex-y0	break	0	0
qsNo.flipped.en-y0	qsUtter.alternate.ex-y0	break	0	0
qsNo.flipped.en-y0.ex-y0	qsAh.hapax.en-y0	baseline	0	0
qsNo.flipped.en-y0.ex-y0	qsAh.hapax.en-y0.ex-y5	baseline	0	0
qsNo.flipped.en-y0.ex-y0	qsAh.hapax.en-y0.ex-y5.ex-ext-1	baseline	0	0
qsNo.flipped.en-y0.ex-y0	qsDay.half.en-y0	baseline	0	0
qsNo.flipped.en-y0.ex-y0	qsDay.half.en-y0.ex-y0	baseline	0	0
qsNo.flipped.en-y0.ex-y0	qsDay_qsUtter.half.en-y0	baseline	0	0
qsNo.flipped.en-y0.ex-y0	qsDay_qsUtter.half.en-y0.ex-y5	baseline	0	0
qsNo.flipped.en-y0.ex-y0	qsDay_qsUtter.half.en-y0.ex-y5.ex-ext-1	baseline	0	0
qsNo.flipped.en-y0.ex-y0	qsI.loop.en-y0	baseline	0	0
qsNo.flipped.en-y0.ex-y0	qsI.loop.en-y0.ex-y5	baseline	0	0
qsNo.flipped.en-y0.ex-y0	qsI.loop.en-y0.ex-y5.ex-ext-1	baseline	0	0
qsNo.flipped.en-y0.ex-y0	qsIt.hapax.en-y0	baseline	0	0
qsNo.flipped.en-y0.ex-y0	qsIt.hapax.en-y0.ex-y5	baseline	0	0
qsNo.flipped.en-y0.ex-y0	qsIt.hapax.en-y0.ex-y5.ex-ext-1	baseline	0	0
qsNo.flipped.en-y0.ex-y0	qsLow.hapax.en-y0	baseline	0	0
qsNo.flipped.en-y0.ex-y0	qsLow.hapax.en-y0.ex-y5	baseline	0	0
qsNo.flipped.en-y0.ex-y0	qsLow.hapax.en-y0.ex-y5.ex-ext-1	baseline	0	0
qsNo.flipped.en-y0.ex-y0	qsMay.loop.en-y0	baseline	0	0
qsNo.flipped.en-y0.ex-y0	qsMay.loop.en-y0.ex-y5.ex-ext-1	baseline	0	0
qsNo.flipped.en-y0.ex-y0	qsMay.loop.en-y0.ex-y5.ex-ext-2	baseline	0	0
qsNo.flipped.en-y0.ex-y0	qsNo.flipped.en-y0	baseline	0	0
qsNo.flipped.en-y0.ex-y0	qsNo.flipped.en-y0.ex-y0	baseline	0	0
qsNo.flipped.en-y0.ex-y0	qsOut.normal.en-y0	baseline	0	0
qsNo.flipped.en-y0.ex-y0	qsOut.swept-up.en-y0.ex-y5	baseline	0	0
qsNo.flipped.en-y0.ex-y0	qsOut.swept-up.en-y0.ex-y5.ex-ext-1	baseline	0	0
qsNo.flipped.en-y0.ex-y0	qsOut_qsTea.hapax.en-y0	baseline	0	0
qsNo.flipped.en-y0.ex-y0	qsRoe.hapax.en-y0	baseline	0	0
qsNo.flipped.en-y0.ex-y0	qsRoe.hapax.en-y0.ex-y5	baseline	0	0
qsNo.flipped.en-y0.ex-y0	qsSee.curled-over.en-y0.ex-y6	baseline	0	0
qsNo.flipped.en-y0.ex-y0	qsSee.normal.en-y0	baseline	0	0
qsNo.flipped.en-y0.ex-y0	qsSee.normal.en-y0.ex-y8	baseline	0	0
qsNo.flipped.en-y0.ex-y0	qsTea.full.en-y0	baseline	0	0
qsNo.flipped.en-y0.ex-y0	qsUtter.mono.en-y0	baseline	0	0
qsNo.flipped.en-y0.ex-y0	qsUtter.mono.en-y0.ex-y5	baseline	0	0
qsNo.flipped.en-y0.ex-y0	qsUtter.mono.en-y0.ex-y5.ex-ext-1	baseline	0	0
qsNo.flipped.en-y0.ex-y0	qsVie.normal.en-y0	baseline	0	0
qsNo.flipped.en-y0.ex-y0	qsVie.swept-out.en-y0.ex-y0	baseline	0	0
qsNo.flipped.en-y0.ex-y0	qsVie_qsUtter.hapax.en-y0	baseline	0	0
qsNo.flipped.en-y0.ex-y0	qsVie_qsUtter.hapax.en-y0.ex-y5	baseline	0	0
qsNo.flipped.en-y0.ex-y0	qsVie_qsUtter.hapax.en-y0.ex-y5.ex-ext-1	baseline	0	0
qsNo.flipped.ex-y0	qsAh.hapax.en-y0	baseline	0	0
qsNo.flipped.ex-y0	qsAh.hapax.en-y0.ex-y5	baseline	0	0
qsNo.flipped.ex-y0	qsAh.hapax.en-y0.ex-y5.ex-ext-1	baseline	0	0
qsNo.flipped.ex-y0	qsI.loop.en-y0	baseline	0	0
qsNo.flipped.ex-y0	qsI.loop.en-y0.ex-y5	baseline	0	0
qsNo.flipped.ex-y0	qsI.loop.en-y0.ex-y5.ex-ext-1	baseline	0	0
qsNo.flipped.ex-y0	qsIt.hapax.en-y0.ex-y5	baseline	0	0
qsNo.flipped.ex-y0	qsIt.hapax.en-y0.ex-y5.ex-ext-1	baseline	0	0
qsNo.flipped.ex-y0	qsLow.hapax.en-y0	baseline	0	0
qsNo.flipped.ex-y0	qsLow.hapax.en-y0.ex-y5	baseline	0	0
qsNo.flipped.ex-y0	qsLow.hapax.en-y0.ex-y5.ex-ext-1	baseline	0	0
qsNo.flipped.ex-y0	qsMay.loop.en-y0	baseline	0	0
qsNo.flipped.ex-y0	qsMay.loop.en-y0.ex-y5.ex-ext-1	baseline	0	0
qsNo.flipped.ex-y0	qsMay.loop.en-y0.ex-y5.ex-ext-2	baseline	0	0
qsNo.flipped.ex-y0	qsNo.flipped.en-y0.ex-y0	baseline	0	0
qsNo.flipped.ex-y0	qsOut.normal.en-y0	baseline	0	0
qsNo.flipped.ex-y0	qsOut.swept-up.en-y0.ex-y5	baseline	0	0
qsNo.flipped.ex-y0	qsOut.swept-up.en-y0.ex-y5.ex-ext-1	baseline	0	0
qsNo.flipped.ex-y0	qsOut_qsTea.hapax.en-y0	baseline	0	0
qsNo.flipped.ex-y0	qsRoe.hapax.en-y0.ex-y5	baseline	0	0
qsNo.flipped.ex-y0	qsSee.curled-over.en-y0.ex-y6	baseline	0	0
qsNo.flipped.ex-y0	qsSee.normal.en-y0	baseline	0	0
qsNo.flipped.ex-y0	qsSee.normal.en-y0.ex-y8	baseline	0	0
qsNo.flipped.ex-y0	qsTea.full.en-y0	baseline	0	0
qsNo.flipped.ex-y0	qsUtter.mono.en-y0	baseline	0	0
qsNo.flipped.ex-y0	qsUtter.mono.en-y0.ex-y5	baseline	0	0
qsNo.flipped.ex-y0	qsUtter.mono.en-y0.ex-y5.ex-ext-1	baseline	0	0
qsNo.flipped.ex-y0	qsVie.normal.en-y0	baseline	0	0
qsNo.flipped.ex-y0	qsVie.swept-out.en-y0.ex-y0	baseline	0	0
qsNo.flipped.ex-y0	qsVie_qsUtter.hapax.en-y0	baseline	0	0
qsNo.flipped.ex-y0	qsVie_qsUtter.hapax.en-y0.ex-y5	baseline	0	0
qsNo.flipped.ex-y0	qsVie_qsUtter.hapax.en-y0.ex-y5.ex-ext-1	baseline	0	0
qsNo.flipped.ex-y0.locked	qsAh.hapax.en-y0	baseline	0	0
qsNo.flipped.ex-y0.locked	qsAh.hapax.en-y0.ex-y5	baseline	0	0
qsNo.flipped.ex-y0.locked	qsAh.hapax.en-y0.ex-y5.ex-ext-1	baseline	0	0
qsNo.flipped.ex-y0.locked	qsI.loop.en-y0	baseline	0	0
qsNo.flipped.ex-y0.locked	qsI.loop.en-y0.ex-y5	baseline	0	0
qsNo.flipped.ex-y0.locked	qsI.loop.en-y0.ex-y5.ex-ext-1	baseline	0	0
qsNo.flipped.ex-y0.locked	qsIt.hapax.en-y0.ex-y5	baseline	0	0
qsNo.flipped.ex-y0.locked	qsIt.hapax.en-y0.ex-y5.ex-ext-1	baseline	0	0
qsNo.flipped.ex-y0.locked	qsLow.hapax.en-y0	baseline	0	0
qsNo.flipped.ex-y0.locked	qsLow.hapax.en-y0.ex-y5	baseline	0	0
qsNo.flipped.ex-y0.locked	qsLow.hapax.en-y0.ex-y5.ex-ext-1	baseline	0	0
qsNo.flipped.ex-y0.locked	qsMay.loop.en-y0	baseline	0	0
qsNo.flipped.ex-y0.locked	qsMay.loop.en-y0.ex-y5.ex-ext-1	baseline	0	0
qsNo.flipped.ex-y0.locked	qsMay.loop.en-y0.ex-y5.ex-ext-2	baseline	0	0
qsNo.flipped.ex-y0.locked	qsNo.flipped.en-y0.ex-y0	baseline	0	0
qsNo.flipped.ex-y0.locked	qsOut.normal.en-y0	baseline	0	0
qsNo.flipped.ex-y0.locked	qsOut.swept-up.en-y0.ex-y5	baseline	0	0
qsNo.flipped.ex-y0.locked	qsOut.swept-up.en-y0.ex-y5.ex-ext-1	baseline	0	0
qsNo.flipped.ex-y0.locked	qsOut_qsTea.hapax.en-y0	baseline	0	0
qsNo.flipped.ex-y0.locked	qsRoe.hapax.en-y0.ex-y5	baseline	0	0
qsNo.flipped.ex-y0.locked	qsSee.curled-over.en-y0.ex-y6	baseline	0	0
qsNo.flipped.ex-y0.locked	qsSee.normal.en-y0	baseline	0	0
qsNo.flipped.ex-y0.locked	qsSee.normal.en-y0.ex-y8	baseline	0	0
qsNo.flipped.ex-y0.locked	qsTea.full.en-y0	baseline	0	0
qsNo.flipped.ex-y0.locked	qsUtter.mono.en-y0	baseline	0	0
qsNo.flipped.ex-y0.locked	qsUtter.mono.en-y0.ex-y5	baseline	0	0
qsNo.flipped.ex-y0.locked	qsUtter.mono.en-y0.ex-y5.ex-ext-1	baseline	0	0
qsNo.flipped.ex-y0.locked	qsVie.normal.en-y0	baseline	0	0
qsNo.flipped.ex-y0.locked	qsVie.swept-out.en-y0.ex-y0	baseline	0	0
qsNo.flipped.ex-y0.locked	qsVie_qsUtter.hapax.en-y0	baseline	0	0
qsNo.flipped.ex-y0.locked	qsVie_qsUtter.hapax.en-y0.ex-y5	baseline	0	0
qsNo.flipped.ex-y0.locked	qsVie_qsUtter.hapax.en-y0.ex-y5.ex-ext-1	baseline	0	0
qsNo.loop	qsFee.loop.ex-y5	break	0	0
qsNo.loop	qsFee.loop.ex-y5.ex-ext-1	break	0	0
qsNo.loop	qsFee.loop.ex-y5.ex-ext-3	break	0	0
qsNo.loop	qsMay.grounded-loop.ex-y0	break	0	0
qsNo.loop	qsPea.full	break	0	0
qsNo.loop	qsPea.full.ex-y0	break	0	0
qsNo.loop	qsPea.half.ex-y5	break	0	0
qsNo.loop	qsPea.half.ex-y6	break	0	0
qsNo.loop	qsSee.straighter.ex-y0	break	0	0
qsNo.loop	qsSee.straighter.ex-y0.ex-ext-2	break	0	0
qsNo.loop	qsSee_qsUtter.hapax	break	0	0
qsNo.loop	qsSee_qsUtter.hapax.ex-y5	break	0	0
qsNo.loop	qsSee_qsUtter.hapax.ex-y5.ex-ext-1	break	0	0
qsNo.loop	qsTea.full	break	0	0
qsNo.loop	qsTea.full.ex-y0	break	0	0
qsNo.loop	qsTea.half.ex-y5	break	0	0
qsNo.loop	qsTea_qsOy.hapax	break	0	0
qsNo.loop	qsTea_qsOy.hapax.ex-y0	break	0	0
qsNo.loop.en-y5	qsAh.hapax	break	0	0
qsNo.loop.en-y5	qsAh.hapax.ex-y5	break	0	0
qsNo.loop.en-y5	qsAh.hapax.ex-y5.ex-ext-1	break	0	0
qsNo.loop.en-y5	qsFee.loop.ex-y5	break	0	0
qsNo.loop.en-y5	qsFee.loop.ex-y5.ex-ext-1	break	0	0
qsNo.loop.en-y5	qsFee.loop.ex-y5.ex-ext-3	break	0	0
qsNo.loop.en-y5	qsI.loop	break	0	0
qsNo.loop.en-y5	qsI.loop.ex-y5	break	0	0
qsNo.loop.en-y5	qsI.loop.ex-y5.ex-ext-1	break	0	0
qsNo.loop.en-y5	qsLow.hapax	break	0	0
qsNo.loop.en-y5	qsLow.hapax.ex-y5	break	0	0
qsNo.loop.en-y5	qsLow.hapax.ex-y5.ex-ext-1	break	0	0
qsNo.loop.en-y5	qsMay.grounded-loop.ex-y0	break	0	0
qsNo.loop.en-y5	qsMay.loop	break	0	0
qsNo.loop.en-y5	qsMay.loop.ex-y5	break	0	0
qsNo.loop.en-y5	qsMay.loop.ex-y5.ex-ext-1	break	0	0
qsNo.loop.en-y5	qsMay.loop.ex-y5.ex-ext-2	break	0	0
qsNo.loop.en-y5	qsOut.normal	break	0	0
qsNo.loop.en-y5	qsOut.swept-up.ex-y5	break	0	0
qsNo.loop.en-y5	qsOut.swept-up.ex-y5.ex-ext-1	break	0	0
qsNo.loop.en-y5	qsOut_qsTea.hapax	break	0	0
qsNo.loop.en-y5	qsPea.full	break	0	0
qsNo.loop.en-y5	qsPea.full.ex-y0	break	0	0
qsNo.loop.en-y5	qsPea.half.ex-y5	break	0	0
qsNo.loop.en-y5	qsPea.half.ex-y6	break	0	0
qsNo.loop.en-y5	qsRoe.hapax.ex-y5	break	0	0
qsNo.loop.en-y5	qsSee.curled-over.ex-y6	break	0	0
qsNo.loop.en-y5	qsSee.normal	break	0	0
qsNo.loop.en-y5	qsSee.normal.ex-y8	break	0	0
qsNo.loop.en-y5	qsSee.straighter.ex-y0	break	0	0
qsNo.loop.en-y5	qsSee.straighter.ex-y0.ex-ext-2	break	0	0
qsNo.loop.en-y5	qsSee_qsUtter.hapax	break	0	0
qsNo.loop.en-y5	qsSee_qsUtter.hapax.ex-y5	break	0	0
qsNo.loop.en-y5	qsSee_qsUtter.hapax.ex-y5.ex-ext-1	break	0	0
qsNo.loop.en-y5	qsTea.full	break	0	0
qsNo.loop.en-y5	qsTea.full.ex-y0	break	0	0
qsNo.loop.en-y5	qsTea.half.ex-y5	break	0	0
qsNo.loop.en-y5	qsTea_qsOy.hapax	break	0	0
qsNo.loop.en-y5	qsTea_qsOy.hapax.ex-y0	break	0	0
qsNo.loop.en-y5	qsUtter.mono	break	0	0
qsNo.loop.en-y5	qsUtter.mono.ex-y5	break	0	0
qsNo.loop.en-y5	qsUtter.mono.ex-y5.ex-ext-1	break	0	0
qsNo.loop.en-y5	qsVie.normal	break	0	0
qsNo.loop.en-y5	qsVie.swept-out.ex-y0	break	0	0
qsNo.loop.en-y5	qsVie_qsUtter.hapax	break	0	0
qsNo.loop.en-y5	qsVie_qsUtter.hapax.ex-y5	break	0	0
qsNo.loop.en-y5	qsVie_qsUtter.hapax.ex-y5.ex-ext-1	break	0	0
qsNo.loop.en-y5.ex-y5	qsAwe.hapax.en-y5	x-height	0	0
qsNo.loop.en-y5.ex-y5	qsAwe.hapax.en-y5.ex-y0	x-height	0	0
qsNo.loop.en-y5.ex-y5	qsDay.full.en-y5	x-height	0	0
qsNo.loop.en-y5.ex-y5	qsDay.full.en-y5.ex-y0	x-height	0	0
qsNo.loop.en-y5.ex-y5	qsDay_qsUtter.full.en-y5	x-height	0	0
qsNo.loop.en-y5.ex-y5	qsDay_qsUtter.full.en-y5.ex-y5	x-height	0	0
qsNo.loop.en-y5.ex-y5	qsDay_qsUtter.full.en-y5.ex-y5.ex-ext-1	x-height	0	0
qsNo.loop.en-y5.ex-y5	qsEight.normal-sized-loop.en-y5	x-height	0	0
qsNo.loop.en-y5.ex-y5	qsEight.normal-sized-loop.en-y5.ex-y0	x-height	0	0
qsNo.loop.en-y5.ex-y5	qsEight.smaller-loop.en-y5.ex-y0	x-height	0	0
qsNo.loop.en-y5.ex-y5	qsEt.hapax.en-y5	x-height	0	0
qsNo.loop.en-y5.ex-y5	qsEt.hapax.en-y5.ex-y0	x-height	0	0
qsNo.loop.en-y5.ex-y5	qsEt.hapax.en-y5.ex-y0.ex-con-1	x-height	0	0
qsNo.loop.en-y5.ex-y5	qsIt.hapax.en-y5	x-height	0	0
qsNo.loop.en-y5.ex-y5	qsIt.hapax.en-y5.ex-y0	x-height	0	0
qsNo.loop.en-y5.ex-y5	qsIt.hapax.en-y5.ex-y0.ex-ext-1	x-height	0	0
qsNo.loop.en-y5.ex-y5	qsJai.hapax.en-y5.en-con-1	x-height	-1	0
qsNo.loop.en-y5.ex-y5	qsJai.hapax.en-y5.ex-y0.en-con-1	x-height	-1	0
qsNo.loop.en-y5.ex-y5	qsJai.hapax.en-y5.ex-y0.en-con-1.ex-ext-1	x-height	-1	0
qsNo.loop.en-y5.ex-y5	qsJai_qsUtter.hapax.en-y5.en-con-1	x-height	-1	0
qsNo.loop.en-y5.ex-y5	qsJai_qsUtter.hapax.en-y5.ex-y5.en-con-1	x-height	-1	0
qsNo.loop.en-y5.ex-y5	qsJai_qsUtter.hapax.en-y5.ex-y5.en-con-1.ex-ext-1	x-height	-1	0
qsNo.loop.en-y5.ex-y5	qsNo.loop.en-y5	x-height	0	0
qsNo.loop.en-y5.ex-y5	qsNo.loop.en-y5.ex-y5	x-height	0	0
qsNo.loop.en-y5.ex-y5	qsNo.loop.en-y5.ex-y5.ex-ext-1	x-height	0	0
qsNo.loop.en-y5.ex-y5	qsOx.hapax.en-y5	x-height	0	0
qsNo.loop.en-y5.ex-y5	qsOx.hapax.en-y5.ex-y0	x-height	0	0
qsNo.loop.en-y5.ex-y5	qsOy.hapax.en-y5	x-height	0	0
qsNo.loop.en-y5.ex-y5	qsOy.hapax.en-y5.ex-y0	x-height	0	0
qsNo.loop.en-y5.ex-y5	qsRoe.hapax.en-y5	x-height	0	0
qsNo.loop.en-y5.ex-y5	qsRoe.hapax.en-y5.ex-y0	x-height	0	0
qsNo.loop.en-y5.ex-y5	qsRoe.hapax.en-y5.ex-y0.ex-ext-1	x-height	0	0
qsNo.loop.en-y5.ex-y5	qsUtter.alternate.en-y5.ex-y0	x-height	0	0
qsNo.loop.en-y5.ex-y5.ex-ext-1	qsFee.reversed-loop.en-y5	x-height	1	0
qsNo.loop.ex-y5	qsAwe.hapax.en-y5	x-height	0	0
qsNo.loop.ex-y5	qsAwe.hapax.en-y5.ex-y0	x-height	0	0
qsNo.loop.ex-y5	qsDay.full.en-y5	x-height	0	0
qsNo.loop.ex-y5	qsDay.full.en-y5.ex-y0	x-height	0	0
qsNo.loop.ex-y5	qsDay_qsUtter.full.en-y5	x-height	0	0
qsNo.loop.ex-y5	qsDay_qsUtter.full.en-y5.ex-y5	x-height	0	0
qsNo.loop.ex-y5	qsDay_qsUtter.full.en-y5.ex-y5.ex-ext-1	x-height	0	0
qsNo.loop.ex-y5	qsEight.normal-sized-loop.en-y5	x-height	0	0
qsNo.loop.ex-y5	qsEight.normal-sized-loop.en-y5.ex-y0	x-height	0	0
qsNo.loop.ex-y5	qsEight.smaller-loop.en-y5.ex-y0	x-height	0	0
qsNo.loop.ex-y5	qsEt.hapax.en-y5	x-height	0	0
qsNo.loop.ex-y5	qsEt.hapax.en-y5.ex-y0	x-height	0	0
qsNo.loop.ex-y5	qsEt.hapax.en-y5.ex-y0.ex-con-1	x-height	0	0
qsNo.loop.ex-y5	qsIt.hapax.en-y5	x-height	0	0
qsNo.loop.ex-y5	qsIt.hapax.en-y5.ex-y0	x-height	0	0
qsNo.loop.ex-y5	qsIt.hapax.en-y5.ex-y0.ex-ext-1	x-height	0	0
qsNo.loop.ex-y5	qsJai.hapax.en-y5.en-con-1	x-height	-1	0
qsNo.loop.ex-y5	qsJai.hapax.en-y5.ex-y0.en-con-1	x-height	-1	0
qsNo.loop.ex-y5	qsJai.hapax.en-y5.ex-y0.en-con-1.ex-ext-1	x-height	-1	0
qsNo.loop.ex-y5	qsJai_qsUtter.hapax.en-y5.en-con-1	x-height	-1	0
qsNo.loop.ex-y5	qsJai_qsUtter.hapax.en-y5.ex-y5.en-con-1	x-height	-1	0
qsNo.loop.ex-y5	qsJai_qsUtter.hapax.en-y5.ex-y5.en-con-1.ex-ext-1	x-height	-1	0
qsNo.loop.ex-y5	qsNo.loop.en-y5	x-height	0	0
qsNo.loop.ex-y5	qsNo.loop.en-y5.ex-y5	x-height	0	0
qsNo.loop.ex-y5	qsNo.loop.en-y5.ex-y5.ex-ext-1	x-height	0	0
qsNo.loop.ex-y5	qsOx.hapax.en-y5	x-height	0	0
qsNo.loop.ex-y5	qsOx.hapax.en-y5.ex-y0	x-height	0	0
qsNo.loop.ex-y5	qsOy.hapax.en-y5	x-height	0	0
qsNo.loop.ex-y5	qsOy.hapax.en-y5.ex-y0	x-height	0	0
qsNo.loop.ex-y5	qsRoe.hapax.en-y5	x-height	0	0
qsNo.loop.ex-y5	qsRoe.hapax.en-y5.ex-y0	x-height	0	0
qsNo.loop.ex-y5	qsRoe.hapax.en-y5.ex-y0.ex-ext-1	x-height	0	0
qsNo.loop.ex-y5	qsUtter.alternate.en-y5.ex-y0	x-height	0	0
qsNo.loop.ex-y5.ex-ext-1	qsFee.reversed-loop.en-y5	x-height	1	0
qsNo.loop.ex-y5.locked	qsAwe.hapax.en-y5	x-height	0	0
qsNo.loop.ex-y5.locked	qsAwe.hapax.en-y5.ex-y0	x-height	0	0
qsNo.loop.ex-y5.locked	qsDay.full.en-y5	x-height	0	0
qsNo.loop.ex-y5.locked	qsDay.full.en-y5.ex-y0	x-height	0	0
qsNo.loop.ex-y5.locked	qsDay_qsUtter.full.en-y5	x-height	0	0
qsNo.loop.ex-y5.locked	qsDay_qsUtter.full.en-y5.ex-y5	x-height	0	0
qsNo.loop.ex-y5.locked	qsDay_qsUtter.full.en-y5.ex-y5.ex-ext-1	x-height	0	0
qsNo.loop.ex-y5.locked	qsEight.normal-sized-loop.en-y5	x-height	0	0
qsNo.loop.ex-y5.locked	qsEight.normal-sized-loop.en-y5.ex-y0	x-height	0	0
qsNo.loop.ex-y5.locked	qsEight.smaller-loop.en-y5.ex-y0	x-height	0	0
qsNo.loop.ex-y5.locked	qsEt.hapax.en-y5	x-height	0	0
qsNo.loop.ex-y5.locked	qsEt.hapax.en-y5.ex-y0	x-height	0	0
qsNo.loop.ex-y5.locked	qsEt.hapax.en-y5.ex-y0.ex-con-1	x-height	0	0
qsNo.loop.ex-y5.locked	qsIt.hapax.en-y5	x-height	0	0
qsNo.loop.ex-y5.locked	qsIt.hapax.en-y5.ex-y0	x-height	0	0
qsNo.loop.ex-y5.locked	qsIt.hapax.en-y5.ex-y0.ex-ext-1	x-height	0	0
qsNo.loop.ex-y5.locked	qsJai.hapax.en-y5.en-con-1	x-height	-1	0
qsNo.loop.ex-y5.locked	qsJai.hapax.en-y5.ex-y0.en-con-1	x-height	-1	0
qsNo.loop.ex-y5.locked	qsJai.hapax.en-y5.ex-y0.en-con-1.ex-ext-1	x-height	-1	0
qsNo.loop.ex-y5.locked	qsJai_qsUtter.hapax.en-y5.en-con-1	x-height	-1	0
qsNo.loop.ex-y5.locked	qsJai_qsUtter.hapax.en-y5.ex-y5.en-con-1	x-height	-1	0
qsNo.loop.ex-y5.locked	qsJai_qsUtter.hapax.en-y5.ex-y5.en-con-1.ex-ext-1	x-height	-1	0
qsNo.loop.ex-y5.locked	qsNo.loop.en-y5	x-height	0	0
qsNo.loop.ex-y5.locked	qsNo.loop.en-y5.ex-y5	x-height	0	0
qsNo.loop.ex-y5.locked	qsNo.loop.en-y5.ex-y5.ex-ext-1	x-height	0	0
qsNo.loop.ex-y5.locked	qsOx.hapax.en-y5	x-height	0	0
qsNo.loop.ex-y5.locked	qsOx.hapax.en-y5.ex-y0	x-height	0	0
qsNo.loop.ex-y5.locked	qsOy.hapax.en-y5	x-height	0	0
qsNo.loop.ex-y5.locked	qsOy.hapax.en-y5.ex-y0	x-height	0	0
qsNo.loop.ex-y5.locked	qsRoe.hapax.en-y5	x-height	0	0
qsNo.loop.ex-y5.locked	qsRoe.hapax.en-y5.ex-y0	x-height	0	0
qsNo.loop.ex-y5.locked	qsRoe.hapax.en-y5.ex-y0.ex-ext-1	x-height	0	0
qsNo.loop.ex-y5.locked	qsUtter.alternate.en-y5.ex-y0	x-height	0	0
qsNo.loop.ex-y5.locked.ex-ext-1	qsFee.reversed-loop.en-y5	x-height	1	0
qsNo.loop.locked	qsFee.loop.ex-y5	break	0	0
qsNo.loop.locked	qsFee.loop.ex-y5.ex-ext-1	break	0	0
qsNo.loop.locked	qsFee.loop.ex-y5.ex-ext-3	break	0	0
qsNo.loop.locked	qsPea.full	break	0	0
qsNo.loop.locked	qsPea.full.ex-y0	break	0	0
qsNo.loop.locked	qsPea.half.ex-y5	break	0	0
qsNo.loop.locked	qsPea.half.ex-y6	break	0	0
qsNo.loop.locked	qsSee.straighter.ex-y0	break	0	0
qsNo.loop.locked	qsSee.straighter.ex-y0.ex-ext-2	break	0	0
qsNo.loop.locked	qsSee_qsUtter.hapax	break	0	0
qsNo.loop.locked	qsSee_qsUtter.hapax.ex-y5	break	0	0
qsNo.loop.locked	qsSee_qsUtter.hapax.ex-y5.ex-ext-1	break	0	0
qsNo.loop.locked	qsTea.full	break	0	0
qsNo.loop.locked	qsTea.full.ex-y0	break	0	0
qsNo.loop.locked	qsTea.half.ex-y5	break	0	0
qsNo.loop.locked	qsTea_qsOy.hapax	break	0	0
qsNo.loop.locked	qsTea_qsOy.hapax.ex-y0	break	0	0
qsOut.normal	qsAh.hapax	break	0	0
qsOut.normal	qsAh.hapax.ex-y5	break	0	0
qsOut.normal	qsAh.hapax.ex-y5.ex-ext-1	break	0	0
qsOut.normal	qsFee.loop.ex-y5	break	0	0
qsOut.normal	qsFee.loop.ex-y5.ex-ext-1	break	0	0
qsOut.normal	qsFee.loop.ex-y5.ex-ext-3	break	0	0
qsOut.normal	qsI.loop	break	0	0
qsOut.normal	qsI.loop.ex-y5	break	0	0
qsOut.normal	qsI.loop.ex-y5.ex-ext-1	break	0	0
qsOut.normal	qsIt.hapax	break	0	0
qsOut.normal	qsIt.hapax.ex-y0	break	0	0
qsOut.normal	qsIt.hapax.ex-y5	break	0	0
qsOut.normal	qsIt.hapax.ex-y5.ex-ext-1	break	0	0
qsOut.normal	qsLow.hapax	break	0	0
qsOut.normal	qsLow.hapax.ex-y5	break	0	0
qsOut.normal	qsLow.hapax.ex-y5.ex-ext-1	break	0	0
qsOut.normal	qsMay.grounded-loop.ex-y0	break	0	0
qsOut.normal	qsMay.loop	break	0	0
qsOut.normal	qsMay.loop.ex-y5	break	0	0
qsOut.normal	qsMay.loop.ex-y5.ex-ext-1	break	0	0
qsOut.normal	qsMay.loop.ex-y5.ex-ext-2	break	0	0
qsOut.normal	qsOut.normal	break	0	0
qsOut.normal	qsOut.swept-up.ex-y5	break	0	0
qsOut.normal	qsOut.swept-up.ex-y5.ex-ext-1	break	0	0
qsOut.normal	qsOut_qsTea.hapax	break	0	0
qsOut.normal	qsPea.full	break	0	0
qsOut.normal	qsPea.full.ex-y0	break	0	0
qsOut.normal	qsPea.half.ex-y5	break	0	0
qsOut.normal	qsPea.half.ex-y6	break	0	0
qsOut.normal	qsRoe.hapax.ex-y5	break	0	0
qsOut.normal	qsSee.curled-over.ex-y6	break	0	0
qsOut.normal	qsSee.normal	break	0	0
qsOut.normal	qsSee.normal.ex-y8	break	0	0
qsOut.normal	qsSee.straighter.ex-y0	break	0	0
qsOut.normal	qsSee.straighter.ex-y0.ex-ext-2	break	0	0
qsOut.normal	qsSee_qsUtter.hapax	break	0	0
qsOut.normal	qsSee_qsUtter.hapax.ex-y5	break	0	0
qsOut.normal	qsSee_qsUtter.hapax.ex-y5.ex-ext-1	break	0	0
qsOut.normal	qsUtter.alternate.ex-y0	break	0	0
qsOut.normal	qsUtter.mono	break	0	0
qsOut.normal	qsUtter.mono.ex-y5	break	0	0
qsOut.normal	qsUtter.mono.ex-y5.ex-ext-1	break	0	0
qsOut.normal	qsVie.normal	break	0	0
qsOut.normal	qsVie.swept-out.ex-y0	break	0	0
qsOut.normal	qsVie_qsUtter.hapax	break	0	0
qsOut.normal	qsVie_qsUtter.hapax.ex-y5	break	0	0
qsOut.normal	qsVie_qsUtter.hapax.ex-y5.ex-ext-1	break	0	0
qsOut.normal.en-y0	qsAh.hapax	break	0	0
qsOut.normal.en-y0	qsAh.hapax.ex-y5	break	0	0
qsOut.normal.en-y0	qsAh.hapax.ex-y5.ex-ext-1	break	0	0
qsOut.normal.en-y0	qsFee.loop.ex-y5	break	0	0
qsOut.normal.en-y0	qsFee.loop.ex-y5.ex-ext-1	break	0	0
qsOut.normal.en-y0	qsFee.loop.ex-y5.ex-ext-3	break	0	0
qsOut.normal.en-y0	qsI.loop	break	0	0
qsOut.normal.en-y0	qsI.loop.ex-y5	break	0	0
qsOut.normal.en-y0	qsI.loop.ex-y5.ex-ext-1	break	0	0
qsOut.normal.en-y0	qsIt.hapax	break	0	0
qsOut.normal.en-y0	qsIt.hapax.ex-y0	break	0	0
qsOut.normal.en-y0	qsIt.hapax.ex-y5	break	0	0
qsOut.normal.en-y0	qsIt.hapax.ex-y5.ex-ext-1	break	0	0
qsOut.normal.en-y0	qsLow.hapax	break	0	0
qsOut.normal.en-y0	qsLow.hapax.ex-y5	break	0	0
qsOut.normal.en-y0	qsLow.hapax.ex-y5.ex-ext-1	break	0	0
qsOut.normal.en-y0	qsMay.grounded-loop.ex-y0	break	0	0
qsOut.normal.en-y0	qsMay.loop	break	0	0
qsOut.normal.en-y0	qsMay.loop.ex-y5	break	0	0
qsOut.normal.en-y0	qsMay.loop.ex-y5.ex-ext-1	break	0	0
qsOut.normal.en-y0	qsMay.loop.ex-y5.ex-ext-2	break	0	0
qsOut.normal.en-y0	qsOut.normal	break	0	0
qsOut.normal.en-y0	qsOut.swept-up.ex-y5	break	0	0
qsOut.normal.en-y0	qsOut.swept-up.ex-y5.ex-ext-1	break	0	0
qsOut.normal.en-y0	qsOut_qsTea.hapax	break	0	0
qsOut.normal.en-y0	qsPea.full	break	0	0
qsOut.normal.en-y0	qsPea.full.ex-y0	break	0	0
qsOut.normal.en-y0	qsPea.half.ex-y5	break	0	0
qsOut.normal.en-y0	qsPea.half.ex-y6	break	0	0
qsOut.normal.en-y0	qsRoe.hapax.ex-y5	break	0	0
qsOut.normal.en-y0	qsSee.curled-over.ex-y6	break	0	0
qsOut.normal.en-y0	qsSee.normal	break	0	0
qsOut.normal.en-y0	qsSee.normal.ex-y8	break	0	0
qsOut.normal.en-y0	qsSee.straighter.ex-y0	break	0	0
qsOut.normal.en-y0	qsSee.straighter.ex-y0.ex-ext-2	break	0	0
qsOut.normal.en-y0	qsSee_qsUtter.hapax	break	0	0
qsOut.normal.en-y0	qsSee_qsUtter.hapax.ex-y5	break	0	0
qsOut.normal.en-y0	qsSee_qsUtter.hapax.ex-y5.ex-ext-1	break	0	0
qsOut.normal.en-y0	qsUtter.alternate.ex-y0	break	0	0
qsOut.normal.en-y0	qsUtter.mono	break	0	0
qsOut.normal.en-y0	qsUtter.mono.ex-y5	break	0	0
qsOut.normal.en-y0	qsUtter.mono.ex-y5.ex-ext-1	break	0	0
qsOut.normal.en-y0	qsVie.normal	break	0	0
qsOut.normal.en-y0	qsVie.swept-out.ex-y0	break	0	0
qsOut.normal.en-y0	qsVie_qsUtter.hapax	break	0	0
qsOut.normal.en-y0	qsVie_qsUtter.hapax.ex-y5	break	0	0
qsOut.normal.en-y0	qsVie_qsUtter.hapax.ex-y5.ex-ext-1	break	0	0
qsOut.normal.en-y0.en-bind-raked.en-trim-1	qsAh.hapax	break	0	0
qsOut.normal.en-y0.en-bind-raked.en-trim-1	qsAh.hapax.ex-y5	break	0	0
qsOut.normal.en-y0.en-bind-raked.en-trim-1	qsAh.hapax.ex-y5.ex-ext-1	break	0	0
qsOut.normal.en-y0.en-bind-raked.en-trim-1	qsFee.loop.ex-y5	break	0	0
qsOut.normal.en-y0.en-bind-raked.en-trim-1	qsFee.loop.ex-y5.ex-ext-1	break	0	0
qsOut.normal.en-y0.en-bind-raked.en-trim-1	qsFee.loop.ex-y5.ex-ext-3	break	0	0
qsOut.normal.en-y0.en-bind-raked.en-trim-1	qsI.loop	break	0	0
qsOut.normal.en-y0.en-bind-raked.en-trim-1	qsI.loop.ex-y5	break	0	0
qsOut.normal.en-y0.en-bind-raked.en-trim-1	qsI.loop.ex-y5.ex-ext-1	break	0	0
qsOut.normal.en-y0.en-bind-raked.en-trim-1	qsIt.hapax	break	0	0
qsOut.normal.en-y0.en-bind-raked.en-trim-1	qsIt.hapax.ex-y0	break	0	0
qsOut.normal.en-y0.en-bind-raked.en-trim-1	qsIt.hapax.ex-y5	break	0	0
qsOut.normal.en-y0.en-bind-raked.en-trim-1	qsIt.hapax.ex-y5.ex-ext-1	break	0	0
qsOut.normal.en-y0.en-bind-raked.en-trim-1	qsLow.hapax	break	0	0
qsOut.normal.en-y0.en-bind-raked.en-trim-1	qsLow.hapax.ex-y5	break	0	0
qsOut.normal.en-y0.en-bind-raked.en-trim-1	qsLow.hapax.ex-y5.ex-ext-1	break	0	0
qsOut.normal.en-y0.en-bind-raked.en-trim-1	qsMay.grounded-loop.ex-y0	break	0	0
qsOut.normal.en-y0.en-bind-raked.en-trim-1	qsMay.loop	break	0	0
qsOut.normal.en-y0.en-bind-raked.en-trim-1	qsMay.loop.ex-y5	break	0	0
qsOut.normal.en-y0.en-bind-raked.en-trim-1	qsMay.loop.ex-y5.ex-ext-1	break	0	0
qsOut.normal.en-y0.en-bind-raked.en-trim-1	qsMay.loop.ex-y5.ex-ext-2	break	0	0
qsOut.normal.en-y0.en-bind-raked.en-trim-1	qsOut.normal	break	0	0
qsOut.normal.en-y0.en-bind-raked.en-trim-1	qsOut.swept-up.ex-y5	break	0	0
qsOut.normal.en-y0.en-bind-raked.en-trim-1	qsOut.swept-up.ex-y5.ex-ext-1	break	0	0
qsOut.normal.en-y0.en-bind-raked.en-trim-1	qsOut_qsTea.hapax	break	0	0
qsOut.normal.en-y0.en-bind-raked.en-trim-1	qsPea.full	break	0	0
qsOut.normal.en-y0.en-bind-raked.en-trim-1	qsPea.full.ex-y0	break	0	0
qsOut.normal.en-y0.en-bind-raked.en-trim-1	qsPea.half.ex-y5	break	0	0
qsOut.normal.en-y0.en-bind-raked.en-trim-1	qsPea.half.ex-y6	break	0	0
qsOut.normal.en-y0.en-bind-raked.en-trim-1	qsRoe.hapax.ex-y5	break	0	0
qsOut.normal.en-y0.en-bind-raked.en-trim-1	qsSee.curled-over.ex-y6	break	0	0
qsOut.normal.en-y0.en-bind-raked.en-trim-1	qsSee.normal	break	0	0
qsOut.normal.en-y0.en-bind-raked.en-trim-1	qsSee.normal.ex-y8	break	0	0
qsOut.normal.en-y0.en-bind-raked.en-trim-1	qsSee.straighter.ex-y0	break	0	0
qsOut.normal.en-y0.en-bind-raked.en-trim-1	qsSee.straighter.ex-y0.ex-ext-2	break	0	0
qsOut.normal.en-y0.en-bind-raked.en-trim-1	qsSee_qsUtter.hapax	break	0	0
qsOut.normal.en-y0.en-bind-raked.en-trim-1	qsSee_qsUtter.hapax.ex-y5	break	0	0
qsOut.normal.en-y0.en-bind-raked.en-trim-1	qsSee_qsUtter.hapax.ex-y5.ex-ext-1	break	0	0
qsOut.normal.en-y0.en-bind-raked.en-trim-1	qsUtter.alternate.ex-y0	break	0	0
qsOut.normal.en-y0.en-bind-raked.en-trim-1	qsUtter.mono	break	0	0
qsOut.normal.en-y0.en-bind-raked.en-trim-1	qsUtter.mono.ex-y5	break	0	0
qsOut.normal.en-y0.en-bind-raked.en-trim-1	qsUtter.mono.ex-y5.ex-ext-1	break	0	0
qsOut.normal.en-y0.en-bind-raked.en-trim-1	qsVie.normal	break	0	0
qsOut.normal.en-y0.en-bind-raked.en-trim-1	qsVie.swept-out.ex-y0	break	0	0
qsOut.normal.en-y0.en-bind-raked.en-trim-1	qsVie_qsUtter.hapax	break	0	0
qsOut.normal.en-y0.en-bind-raked.en-trim-1	qsVie_qsUtter.hapax.ex-y5	break	0	0
qsOut.normal.en-y0.en-bind-raked.en-trim-1	qsVie_qsUtter.hapax.ex-y5.ex-ext-1	break	0	0
qsOut.normal.locked	qsAh.hapax	break	0	0
qsOut.normal.locked	qsAh.hapax.ex-y5	break	0	0
qsOut.normal.locked	qsAh.hapax.ex-y5.ex-ext-1	break	0	0
qsOut.normal.locked	qsFee.loop.ex-y5	break	0	0
qsOut.normal.locked	qsFee.loop.ex-y5.ex-ext-1	break	0	0
qsOut.normal.locked	qsFee.loop.ex-y5.ex-ext-3	break	0	0
qsOut.normal.locked	qsI.loop	break	0	0
qsOut.normal.locked	qsI.loop.ex-y5	break	0	0
qsOut.normal.locked	qsI.loop.ex-y5.ex-ext-1	break	0	0
qsOut.normal.locked	qsIt.hapax	break	0	0
qsOut.normal.locked	qsIt.hapax.ex-y0	break	0	0
qsOut.normal.locked	qsIt.hapax.ex-y5	break	0	0
qsOut.normal.locked	qsIt.hapax.ex-y5.ex-ext-1	break	0	0
qsOut.normal.locked	qsLow.hapax	break	0	0
qsOut.normal.locked	qsLow.hapax.ex-y5	break	0	0
qsOut.normal.locked	qsLow.hapax.ex-y5.ex-ext-1	break	0	0
qsOut.normal.locked	qsMay.grounded-loop.ex-y0	break	0	0
qsOut.normal.locked	qsMay.loop	break	0	0
qsOut.normal.locked	qsMay.loop.ex-y5	break	0	0
qsOut.normal.locked	qsMay.loop.ex-y5.ex-ext-1	break	0	0
qsOut.normal.locked	qsMay.loop.ex-y5.ex-ext-2	break	0	0
qsOut.normal.locked	qsOut.normal	break	0	0
qsOut.normal.locked	qsOut.swept-up.ex-y5	break	0	0
qsOut.normal.locked	qsOut.swept-up.ex-y5.ex-ext-1	break	0	0
qsOut.normal.locked	qsOut_qsTea.hapax	break	0	0
qsOut.normal.locked	qsPea.full	break	0	0
qsOut.normal.locked	qsPea.full.ex-y0	break	0	0
qsOut.normal.locked	qsPea.half.ex-y5	break	0	0
qsOut.normal.locked	qsPea.half.ex-y6	break	0	0
qsOut.normal.locked	qsRoe.hapax.ex-y5	break	0	0
qsOut.normal.locked	qsSee.curled-over.ex-y6	break	0	0
qsOut.normal.locked	qsSee.normal	break	0	0
qsOut.normal.locked	qsSee.normal.ex-y8	break	0	0
qsOut.normal.locked	qsSee.straighter.ex-y0	break	0	0
qsOut.normal.locked	qsSee.straighter.ex-y0.ex-ext-2	break	0	0
qsOut.normal.locked	qsSee_qsUtter.hapax	break	0	0
qsOut.normal.locked	qsSee_qsUtter.hapax.ex-y5	break	0	0
qsOut.normal.locked	qsSee_qsUtter.hapax.ex-y5.ex-ext-1	break	0	0
qsOut.normal.locked	qsUtter.alternate.ex-y0	break	0	0
qsOut.normal.locked	qsUtter.mono	break	0	0
qsOut.normal.locked	qsUtter.mono.ex-y5	break	0	0
qsOut.normal.locked	qsUtter.mono.ex-y5.ex-ext-1	break	0	0
qsOut.normal.locked	qsVie.normal	break	0	0
qsOut.normal.locked	qsVie.swept-out.ex-y0	break	0	0
qsOut.normal.locked	qsVie_qsUtter.hapax	break	0	0
qsOut.normal.locked	qsVie_qsUtter.hapax.ex-y5	break	0	0
qsOut.normal.locked	qsVie_qsUtter.hapax.ex-y5.ex-ext-1	break	0	0
qsOut.swept-up.en-y0.ex-y5	qsAwe.hapax.en-y5	x-height	0	0
qsOut.swept-up.en-y0.ex-y5	qsAwe.hapax.en-y5.ex-y0	x-height	0	0
qsOut.swept-up.en-y0.ex-y5	qsDay.full.en-y5	x-height	0	0
qsOut.swept-up.en-y0.ex-y5	qsDay.full.en-y5.ex-y0	x-height	0	0
qsOut.swept-up.en-y0.ex-y5	qsDay_qsUtter.full.en-y5	x-height	0	0
qsOut.swept-up.en-y0.ex-y5	qsDay_qsUtter.full.en-y5.ex-y5	x-height	0	0
qsOut.swept-up.en-y0.ex-y5	qsDay_qsUtter.full.en-y5.ex-y5.ex-ext-1	x-height	0	0
qsOut.swept-up.en-y0.ex-y5	qsEight.normal-sized-loop.en-y5	x-height	0	0
qsOut.swept-up.en-y0.ex-y5	qsEight.normal-sized-loop.en-y5.ex-y0	x-height	0	0
qsOut.swept-up.en-y0.ex-y5	qsEight.smaller-loop.en-y5.ex-y0	x-height	0	0
qsOut.swept-up.en-y0.ex-y5	qsEt.hapax.en-y5	x-height	0	0
qsOut.swept-up.en-y0.ex-y5	qsEt.hapax.en-y5.ex-y0	x-height	0	0
qsOut.swept-up.en-y0.ex-y5	qsEt.hapax.en-y5.ex-y0.ex-con-1	x-height	0	0
qsOut.swept-up.en-y0.ex-y5	qsJai.hapax.en-y5	x-height	0	0
qsOut.swept-up.en-y0.ex-y5	qsJai.hapax.en-y5.ex-y0	x-height	0	0
qsOut.swept-up.en-y0.ex-y5	qsJai.hapax.en-y5.ex-y0.ex-ext-1	x-height	0	0
qsOut.swept-up.en-y0.ex-y5	qsJai_qsUtter.hapax.en-y5	x-height	0	0
qsOut.swept-up.en-y0.ex-y5	qsJai_qsUtter.hapax.en-y5.ex-y5	x-height	0	0
qsOut.swept-up.en-y0.ex-y5	qsJai_qsUtter.hapax.en-y5.ex-y5.ex-ext-1	x-height	0	0
qsOut.swept-up.en-y0.ex-y5	qsNo.loop.en-y5	x-height	0	0
qsOut.swept-up.en-y0.ex-y5	qsNo.loop.en-y5.ex-y5	x-height	0	0
qsOut.swept-up.en-y0.ex-y5	qsNo.loop.en-y5.ex-y5.ex-ext-1	x-height	0	0
qsOut.swept-up.en-y0.ex-y5	qsOx.hapax.en-y5	x-height	0	0
qsOut.swept-up.en-y0.ex-y5	qsOx.hapax.en-y5.ex-y0	x-height	0	0
qsOut.swept-up.en-y0.ex-y5	qsOy.hapax.en-y5	x-height	0	0
qsOut.swept-up.en-y0.ex-y5	qsOy.hapax.en-y5.ex-y0	x-height	0	0
qsOut.swept-up.en-y0.ex-y5	qsRoe.hapax.en-y5	x-height	0	0
qsOut.swept-up.en-y0.ex-y5	qsRoe.hapax.en-y5.ex-y0	x-height	0	0
qsOut.swept-up.en-y0.ex-y5	qsRoe.hapax.en-y5.ex-y0.ex-ext-1	x-height	0	0
qsOut.swept-up.en-y0.ex-y5.en-bind-raked.en-trim-1	qsAwe.hapax.en-y5	x-height	0	0
qsOut.swept-up.en-y0.ex-y5.en-bind-raked.en-trim-1	qsAwe.hapax.en-y5.ex-y0	x-height	0	0
qsOut.swept-up.en-y0.ex-y5.en-bind-raked.en-trim-1	qsDay.full.en-y5	x-height	0	0
qsOut.swept-up.en-y0.ex-y5.en-bind-raked.en-trim-1	qsDay.full.en-y5.ex-y0	x-height	0	0
qsOut.swept-up.en-y0.ex-y5.en-bind-raked.en-trim-1	qsDay_qsUtter.full.en-y5	x-height	0	0
qsOut.swept-up.en-y0.ex-y5.en-bind-raked.en-trim-1	qsDay_qsUtter.full.en-y5.ex-y5	x-height	0	0
qsOut.swept-up.en-y0.ex-y5.en-bind-raked.en-trim-1	qsDay_qsUtter.full.en-y5.ex-y5.ex-ext-1	x-height	0	0
qsOut.swept-up.en-y0.ex-y5.en-bind-raked.en-trim-1	qsEight.normal-sized-loop.en-y5	x-height	0	0
qsOut.swept-up.en-y0.ex-y5.en-bind-raked.en-trim-1	qsEight.normal-sized-loop.en-y5.ex-y0	x-height	0	0
qsOut.swept-up.en-y0.ex-y5.en-bind-raked.en-trim-1	qsEight.smaller-loop.en-y5.ex-y0	x-height	0	0
qsOut.swept-up.en-y0.ex-y5.en-bind-raked.en-trim-1	qsEt.hapax.en-y5	x-height	0	0
qsOut.swept-up.en-y0.ex-y5.en-bind-raked.en-trim-1	qsEt.hapax.en-y5.ex-y0	x-height	0	0
qsOut.swept-up.en-y0.ex-y5.en-bind-raked.en-trim-1	qsEt.hapax.en-y5.ex-y0.ex-con-1	x-height	0	0
qsOut.swept-up.en-y0.ex-y5.en-bind-raked.en-trim-1	qsJai.hapax.en-y5	x-height	0	0
qsOut.swept-up.en-y0.ex-y5.en-bind-raked.en-trim-1	qsJai.hapax.en-y5.ex-y0	x-height	0	0
qsOut.swept-up.en-y0.ex-y5.en-bind-raked.en-trim-1	qsJai.hapax.en-y5.ex-y0.ex-ext-1	x-height	0	0
qsOut.swept-up.en-y0.ex-y5.en-bind-raked.en-trim-1	qsJai_qsUtter.hapax.en-y5	x-height	0	0
qsOut.swept-up.en-y0.ex-y5.en-bind-raked.en-trim-1	qsJai_qsUtter.hapax.en-y5.ex-y5	x-height	0	0
qsOut.swept-up.en-y0.ex-y5.en-bind-raked.en-trim-1	qsJai_qsUtter.hapax.en-y5.ex-y5.ex-ext-1	x-height	0	0
qsOut.swept-up.en-y0.ex-y5.en-bind-raked.en-trim-1	qsNo.loop.en-y5	x-height	0	0
qsOut.swept-up.en-y0.ex-y5.en-bind-raked.en-trim-1	qsNo.loop.en-y5.ex-y5	x-height	0	0
qsOut.swept-up.en-y0.ex-y5.en-bind-raked.en-trim-1	qsNo.loop.en-y5.ex-y5.ex-ext-1	x-height	0	0
qsOut.swept-up.en-y0.ex-y5.en-bind-raked.en-trim-1	qsOx.hapax.en-y5	x-height	0	0
qsOut.swept-up.en-y0.ex-y5.en-bind-raked.en-trim-1	qsOx.hapax.en-y5.ex-y0	x-height	0	0
qsOut.swept-up.en-y0.ex-y5.en-bind-raked.en-trim-1	qsOy.hapax.en-y5	x-height	0	0
qsOut.swept-up.en-y0.ex-y5.en-bind-raked.en-trim-1	qsOy.hapax.en-y5.ex-y0	x-height	0	0
qsOut.swept-up.en-y0.ex-y5.en-bind-raked.en-trim-1	qsRoe.hapax.en-y5	x-height	0	0
qsOut.swept-up.en-y0.ex-y5.en-bind-raked.en-trim-1	qsRoe.hapax.en-y5.ex-y0	x-height	0	0
qsOut.swept-up.en-y0.ex-y5.en-bind-raked.en-trim-1	qsRoe.hapax.en-y5.ex-y0.ex-ext-1	x-height	0	0
qsOut.swept-up.en-y0.ex-y5.en-bind-raked.en-trim-1.ex-ext-1	qsFee.reversed-loop.en-y5	x-height	1	0
qsOut.swept-up.en-y0.ex-y5.ex-ext-1	qsFee.reversed-loop.en-y5	x-height	1	0
qsOut.swept-up.ex-y5	qsAwe.hapax.en-y5	x-height	0	0
qsOut.swept-up.ex-y5	qsAwe.hapax.en-y5.ex-y0	x-height	0	0
qsOut.swept-up.ex-y5	qsDay.full.en-y5	x-height	0	0
qsOut.swept-up.ex-y5	qsDay.full.en-y5.ex-y0	x-height	0	0
qsOut.swept-up.ex-y5	qsDay_qsUtter.full.en-y5	x-height	0	0
qsOut.swept-up.ex-y5	qsDay_qsUtter.full.en-y5.ex-y5	x-height	0	0
qsOut.swept-up.ex-y5	qsDay_qsUtter.full.en-y5.ex-y5.ex-ext-1	x-height	0	0
qsOut.swept-up.ex-y5	qsEight.normal-sized-loop.en-y5	x-height	0	0
qsOut.swept-up.ex-y5	qsEight.normal-sized-loop.en-y5.ex-y0	x-height	0	0
qsOut.swept-up.ex-y5	qsEight.smaller-loop.en-y5.ex-y0	x-height	0	0
qsOut.swept-up.ex-y5	qsEt.hapax.en-y5	x-height	0	0
qsOut.swept-up.ex-y5	qsEt.hapax.en-y5.ex-y0	x-height	0	0
qsOut.swept-up.ex-y5	qsEt.hapax.en-y5.ex-y0.ex-con-1	x-height	0	0
qsOut.swept-up.ex-y5	qsJai.hapax.en-y5	x-height	0	0
qsOut.swept-up.ex-y5	qsJai.hapax.en-y5.ex-y0	x-height	0	0
qsOut.swept-up.ex-y5	qsJai.hapax.en-y5.ex-y0.ex-ext-1	x-height	0	0
qsOut.swept-up.ex-y5	qsJai_qsUtter.hapax.en-y5	x-height	0	0
qsOut.swept-up.ex-y5	qsJai_qsUtter.hapax.en-y5.ex-y5	x-height	0	0
qsOut.swept-up.ex-y5	qsJai_qsUtter.hapax.en-y5.ex-y5.ex-ext-1	x-height	0	0
qsOut.swept-up.ex-y5	qsNo.loop.en-y5	x-height	0	0
qsOut.swept-up.ex-y5	qsNo.loop.en-y5.ex-y5	x-height	0	0
qsOut.swept-up.ex-y5	qsNo.loop.en-y5.ex-y5.ex-ext-1	x-height	0	0
qsOut.swept-up.ex-y5	qsOx.hapax.en-y5	x-height	0	0
qsOut.swept-up.ex-y5	qsOx.hapax.en-y5.ex-y0	x-height	0	0
qsOut.swept-up.ex-y5	qsOy.hapax.en-y5	x-height	0	0
qsOut.swept-up.ex-y5	qsOy.hapax.en-y5.ex-y0	x-height	0	0
qsOut.swept-up.ex-y5	qsRoe.hapax.en-y5	x-height	0	0
qsOut.swept-up.ex-y5	qsRoe.hapax.en-y5.ex-y0	x-height	0	0
qsOut.swept-up.ex-y5	qsRoe.hapax.en-y5.ex-y0.ex-ext-1	x-height	0	0
qsOut.swept-up.ex-y5.ex-ext-1	qsFee.reversed-loop.en-y5	x-height	1	0
qsOut.swept-up.ex-y5.locked	qsAwe.hapax.en-y5	x-height	0	0
qsOut.swept-up.ex-y5.locked	qsAwe.hapax.en-y5.ex-y0	x-height	0	0
qsOut.swept-up.ex-y5.locked	qsDay.full.en-y5	x-height	0	0
qsOut.swept-up.ex-y5.locked	qsDay.full.en-y5.ex-y0	x-height	0	0
qsOut.swept-up.ex-y5.locked	qsDay_qsUtter.full.en-y5	x-height	0	0
qsOut.swept-up.ex-y5.locked	qsDay_qsUtter.full.en-y5.ex-y5	x-height	0	0
qsOut.swept-up.ex-y5.locked	qsDay_qsUtter.full.en-y5.ex-y5.ex-ext-1	x-height	0	0
qsOut.swept-up.ex-y5.locked	qsEight.normal-sized-loop.en-y5	x-height	0	0
qsOut.swept-up.ex-y5.locked	qsEight.normal-sized-loop.en-y5.ex-y0	x-height	0	0
qsOut.swept-up.ex-y5.locked	qsEight.smaller-loop.en-y5.ex-y0	x-height	0	0
qsOut.swept-up.ex-y5.locked	qsEt.hapax.en-y5	x-height	0	0
qsOut.swept-up.ex-y5.locked	qsEt.hapax.en-y5.ex-y0	x-height	0	0
qsOut.swept-up.ex-y5.locked	qsEt.hapax.en-y5.ex-y0.ex-con-1	x-height	0	0
qsOut.swept-up.ex-y5.locked	qsJai.hapax.en-y5	x-height	0	0
qsOut.swept-up.ex-y5.locked	qsJai.hapax.en-y5.ex-y0	x-height	0	0
qsOut.swept-up.ex-y5.locked	qsJai.hapax.en-y5.ex-y0.ex-ext-1	x-height	0	0
qsOut.swept-up.ex-y5.locked	qsJai_qsUtter.hapax.en-y5	x-height	0	0
qsOut.swept-up.ex-y5.locked	qsJai_qsUtter.hapax.en-y5.ex-y5	x-height	0	0
qsOut.swept-up.ex-y5.locked	qsJai_qsUtter.hapax.en-y5.ex-y5.ex-ext-1	x-height	0	0
qsOut.swept-up.ex-y5.locked	qsNo.loop.en-y5	x-height	0	0
qsOut.swept-up.ex-y5.locked	qsNo.loop.en-y5.ex-y5	x-height	0	0
qsOut.swept-up.ex-y5.locked	qsNo.loop.en-y5.ex-y5.ex-ext-1	x-height	0	0
qsOut.swept-up.ex-y5.locked	qsOx.hapax.en-y5	x-height	0	0
qsOut.swept-up.ex-y5.locked	qsOx.hapax.en-y5.ex-y0	x-height	0	0
qsOut.swept-up.ex-y5.locked	qsOy.hapax.en-y5	x-height	0	0
qsOut.swept-up.ex-y5.locked	qsOy.hapax.en-y5.ex-y0	x-height	0	0
qsOut.swept-up.ex-y5.locked	qsRoe.hapax.en-y5	x-height	0	0
qsOut.swept-up.ex-y5.locked	qsRoe.hapax.en-y5.ex-y0	x-height	0	0
qsOut.swept-up.ex-y5.locked	qsRoe.hapax.en-y5.ex-y0.ex-ext-1	x-height	0	0
qsOut.swept-up.ex-y5.locked.ex-ext-1	qsFee.reversed-loop.en-y5	x-height	1	0
qsOut_qsTea.hapax	qsAh.hapax	break	0	0
qsOut_qsTea.hapax	qsAh.hapax.ex-y5	break	0	0
qsOut_qsTea.hapax	qsAh.hapax.ex-y5.ex-ext-1	break	0	0
qsOut_qsTea.hapax	qsAwe.hapax	break	0	0
qsOut_qsTea.hapax	qsAwe.hapax.ex-y0	break	0	0
qsOut_qsTea.hapax	qsDay.full	break	0	0
qsOut_qsTea.hapax	qsDay.full.ex-y0	break	0	0
qsOut_qsTea.hapax	qsDay_qsUtter.full	break	0	0
qsOut_qsTea.hapax	qsDay_qsUtter.full.ex-y5	break	0	0
qsOut_qsTea.hapax	qsDay_qsUtter.full.ex-y5.ex-ext-1	break	0	0
qsOut_qsTea.hapax	qsEight.normal-sized-loop	break	0	0
qsOut_qsTea.hapax	qsEight.normal-sized-loop.ex-y0	break	0	0
qsOut_qsTea.hapax	qsEight.smaller-loop.ex-y0	break	0	0
qsOut_qsTea.hapax	qsEt.hapax	break	0	0
qsOut_qsTea.hapax	qsEt.hapax.ex-y0	break	0	0
qsOut_qsTea.hapax	qsEt.hapax.ex-y0.ex-con-1	break	0	0
qsOut_qsTea.hapax	qsFee.loop	break	0	0
qsOut_qsTea.hapax	qsFee.loop.ex-y5	break	0	0
qsOut_qsTea.hapax	qsFee.loop.ex-y5.ex-ext-1	break	0	0
qsOut_qsTea.hapax	qsFee.loop.ex-y5.ex-ext-3	break	0	0
qsOut_qsTea.hapax	qsI.loop	break	0	0
qsOut_qsTea.hapax	qsI.loop.ex-y5	break	0	0
qsOut_qsTea.hapax	qsI.loop.ex-y5.ex-ext-1	break	0	0
qsOut_qsTea.hapax	qsIt.hapax	break	0	0
qsOut_qsTea.hapax	qsIt.hapax.ex-y0	break	0	0
qsOut_qsTea.hapax	qsIt.hapax.ex-y5	break	0	0
qsOut_qsTea.hapax	qsIt.hapax.ex-y5.ex-ext-1	break	0	0
qsOut_qsTea.hapax	qsJai.hapax	break	0	0
qsOut_qsTea.hapax	qsJai.hapax.ex-y0	break	0	0
qsOut_qsTea.hapax	qsJai.hapax.ex-y0.ex-ext-1	break	0	0
qsOut_qsTea.hapax	qsJai_qsUtter.hapax	break	0	0
qsOut_qsTea.hapax	qsJai_qsUtter.hapax.ex-y5	break	0	0
qsOut_qsTea.hapax	qsJai_qsUtter.hapax.ex-y5.ex-ext-1	break	0	0
qsOut_qsTea.hapax	qsLow.hapax	break	0	0
qsOut_qsTea.hapax	qsLow.hapax.ex-y5	break	0	0
qsOut_qsTea.hapax	qsLow.hapax.ex-y5.ex-ext-1	break	0	0
qsOut_qsTea.hapax	qsMay.grounded-loop.ex-y0	break	0	0
qsOut_qsTea.hapax	qsMay.loop	break	0	0
qsOut_qsTea.hapax	qsMay.loop.ex-y5	break	0	0
qsOut_qsTea.hapax	qsMay.loop.ex-y5.ex-ext-1	break	0	0
qsOut_qsTea.hapax	qsMay.loop.ex-y5.ex-ext-2	break	0	0
qsOut_qsTea.hapax	qsNo.flipped.ex-y0	break	0	0
qsOut_qsTea.hapax	qsNo.loop	break	0	0
qsOut_qsTea.hapax	qsNo.loop.ex-y5	break	0	0
qsOut_qsTea.hapax	qsNo.loop.ex-y5.ex-ext-1	break	0	0
qsOut_qsTea.hapax	qsOut.normal	break	0	0
qsOut_qsTea.hapax	qsOut.swept-up.ex-y5	break	0	0
qsOut_qsTea.hapax	qsOut.swept-up.ex-y5.ex-ext-1	break	0	0
qsOut_qsTea.hapax	qsOut_qsTea.hapax	break	0	0
qsOut_qsTea.hapax	qsOx.hapax	break	0	0
qsOut_qsTea.hapax	qsOx.hapax.ex-y0	break	0	0
qsOut_qsTea.hapax	qsOy.hapax	break	0	0
qsOut_qsTea.hapax	qsOy.hapax.ex-y0	break	0	0
qsOut_qsTea.hapax	qsPea.full	break	0	0
qsOut_qsTea.hapax	qsPea.full.ex-y0	break	0	0
qsOut_qsTea.hapax	qsPea.half.ex-y5	break	0	0
qsOut_qsTea.hapax	qsPea.half.ex-y6	break	0	0
qsOut_qsTea.hapax	qsRoe.hapax	break	0	0
qsOut_qsTea.hapax	qsRoe.hapax.ex-y0	break	0	0
qsOut_qsTea.hapax	qsRoe.hapax.ex-y0.ex-ext-1	break	0	0
qsOut_qsTea.hapax	qsRoe.hapax.ex-y5	break	0	0
qsOut_qsTea.hapax	qsSee.curled-over.ex-y6	break	0	0
qsOut_qsTea.hapax	qsSee.normal	break	0	0
qsOut_qsTea.hapax	qsSee.normal.ex-y8	break	0	0
qsOut_qsTea.hapax	qsSee.straighter.ex-y0	break	0	0
qsOut_qsTea.hapax	qsSee.straighter.ex-y0.ex-ext-2	break	0	0
qsOut_qsTea.hapax	qsSee_qsUtter.hapax	break	0	0
qsOut_qsTea.hapax	qsSee_qsUtter.hapax.ex-y5	break	0	0
qsOut_qsTea.hapax	qsSee_qsUtter.hapax.ex-y5.ex-ext-1	break	0	0
qsOut_qsTea.hapax	qsTea.full	break	0	0
qsOut_qsTea.hapax	qsTea.full.ex-y0	break	0	0
qsOut_qsTea.hapax	qsTea.half.ex-y5	break	0	0
qsOut_qsTea.hapax	qsTea_qsOy.hapax	break	0	0
qsOut_qsTea.hapax	qsTea_qsOy.hapax.ex-y0	break	0	0
qsOut_qsTea.hapax	qsUtter.alternate.ex-y0	break	0	0
qsOut_qsTea.hapax	qsUtter.mono	break	0	0
qsOut_qsTea.hapax	qsUtter.mono.ex-y5	break	0	0
qsOut_qsTea.hapax	qsUtter.mono.ex-y5.ex-ext-1	break	0	0
qsOut_qsTea.hapax	qsVie.normal	break	0	0
qsOut_qsTea.hapax	qsVie.swept-out.ex-y0	break	0	0
qsOut_qsTea.hapax	qsVie_qsUtter.hapax	break	0	0
qsOut_qsTea.hapax	qsVie_qsUtter.hapax.ex-y5	break	0	0
qsOut_qsTea.hapax	qsVie_qsUtter.hapax.ex-y5.ex-ext-1	break	0	0
qsOut_qsTea.hapax.en-y0	qsAh.hapax	break	0	0
qsOut_qsTea.hapax.en-y0	qsAh.hapax.ex-y5	break	0	0
qsOut_qsTea.hapax.en-y0	qsAh.hapax.ex-y5.ex-ext-1	break	0	0
qsOut_qsTea.hapax.en-y0	qsAwe.hapax	break	0	0
qsOut_qsTea.hapax.en-y0	qsAwe.hapax.ex-y0	break	0	0
qsOut_qsTea.hapax.en-y0	qsDay.full	break	0	0
qsOut_qsTea.hapax.en-y0	qsDay.full.ex-y0	break	0	0
qsOut_qsTea.hapax.en-y0	qsDay_qsUtter.full	break	0	0
qsOut_qsTea.hapax.en-y0	qsDay_qsUtter.full.ex-y5	break	0	0
qsOut_qsTea.hapax.en-y0	qsDay_qsUtter.full.ex-y5.ex-ext-1	break	0	0
qsOut_qsTea.hapax.en-y0	qsEight.normal-sized-loop	break	0	0
qsOut_qsTea.hapax.en-y0	qsEight.normal-sized-loop.ex-y0	break	0	0
qsOut_qsTea.hapax.en-y0	qsEight.smaller-loop.ex-y0	break	0	0
qsOut_qsTea.hapax.en-y0	qsEt.hapax	break	0	0
qsOut_qsTea.hapax.en-y0	qsEt.hapax.ex-y0	break	0	0
qsOut_qsTea.hapax.en-y0	qsEt.hapax.ex-y0.ex-con-1	break	0	0
qsOut_qsTea.hapax.en-y0	qsFee.loop	break	0	0
qsOut_qsTea.hapax.en-y0	qsFee.loop.ex-y5	break	0	0
qsOut_qsTea.hapax.en-y0	qsFee.loop.ex-y5.ex-ext-1	break	0	0
qsOut_qsTea.hapax.en-y0	qsFee.loop.ex-y5.ex-ext-3	break	0	0
qsOut_qsTea.hapax.en-y0	qsI.loop	break	0	0
qsOut_qsTea.hapax.en-y0	qsI.loop.ex-y5	break	0	0
qsOut_qsTea.hapax.en-y0	qsI.loop.ex-y5.ex-ext-1	break	0	0
qsOut_qsTea.hapax.en-y0	qsIt.hapax	break	0	0
qsOut_qsTea.hapax.en-y0	qsIt.hapax.ex-y0	break	0	0
qsOut_qsTea.hapax.en-y0	qsIt.hapax.ex-y5	break	0	0
qsOut_qsTea.hapax.en-y0	qsIt.hapax.ex-y5.ex-ext-1	break	0	0
qsOut_qsTea.hapax.en-y0	qsJai.hapax	break	0	0
qsOut_qsTea.hapax.en-y0	qsJai.hapax.ex-y0	break	0	0
qsOut_qsTea.hapax.en-y0	qsJai.hapax.ex-y0.ex-ext-1	break	0	0
qsOut_qsTea.hapax.en-y0	qsJai_qsUtter.hapax	break	0	0
qsOut_qsTea.hapax.en-y0	qsJai_qsUtter.hapax.ex-y5	break	0	0
qsOut_qsTea.hapax.en-y0	qsJai_qsUtter.hapax.ex-y5.ex-ext-1	break	0	0
qsOut_qsTea.hapax.en-y0	qsLow.hapax	break	0	0
qsOut_qsTea.hapax.en-y0	qsLow.hapax.ex-y5	break	0	0
qsOut_qsTea.hapax.en-y0	qsLow.hapax.ex-y5.ex-ext-1	break	0	0
qsOut_qsTea.hapax.en-y0	qsMay.grounded-loop.ex-y0	break	0	0
qsOut_qsTea.hapax.en-y0	qsMay.loop	break	0	0
qsOut_qsTea.hapax.en-y0	qsMay.loop.ex-y5	break	0	0
qsOut_qsTea.hapax.en-y0	qsMay.loop.ex-y5.ex-ext-1	break	0	0
qsOut_qsTea.hapax.en-y0	qsMay.loop.ex-y5.ex-ext-2	break	0	0
qsOut_qsTea.hapax.en-y0	qsNo.flipped.ex-y0	break	0	0
qsOut_qsTea.hapax.en-y0	qsNo.loop	break	0	0
qsOut_qsTea.hapax.en-y0	qsNo.loop.ex-y5	break	0	0
qsOut_qsTea.hapax.en-y0	qsNo.loop.ex-y5.ex-ext-1	break	0	0
qsOut_qsTea.hapax.en-y0	qsOut.normal	break	0	0
qsOut_qsTea.hapax.en-y0	qsOut.swept-up.ex-y5	break	0	0
qsOut_qsTea.hapax.en-y0	qsOut.swept-up.ex-y5.ex-ext-1	break	0	0
qsOut_qsTea.hapax.en-y0	qsOut_qsTea.hapax	break	0	0
qsOut_qsTea.hapax.en-y0	qsOx.hapax	break	0	0
qsOut_qsTea.hapax.en-y0	qsOx.hapax.ex-y0	break	0	0
qsOut_qsTea.hapax.en-y0	qsOy.hapax	break	0	0
qsOut_qsTea.hapax.en-y0	qsOy.hapax.ex-y0	break	0	0
qsOut_qsTea.hapax.en-y0	qsPea.full	break	0	0
qsOut_qsTea.hapax.en-y0	qsPea.full.ex-y0	break	0	0
qsOut_qsTea.hapax.en-y0	qsPea.half.ex-y5	break	0	0
qsOut_qsTea.hapax.en-y0	qsPea.half.ex-y6	break	0	0
qsOut_qsTea.hapax.en-y0	qsRoe.hapax	break	0	0
qsOut_qsTea.hapax.en-y0	qsRoe.hapax.ex-y0	break	0	0
qsOut_qsTea.hapax.en-y0	qsRoe.hapax.ex-y0.ex-ext-1	break	0	0
qsOut_qsTea.hapax.en-y0	qsRoe.hapax.ex-y5	break	0	0
qsOut_qsTea.hapax.en-y0	qsSee.curled-over.ex-y6	break	0	0
qsOut_qsTea.hapax.en-y0	qsSee.normal	break	0	0
qsOut_qsTea.hapax.en-y0	qsSee.normal.ex-y8	break	0	0
qsOut_qsTea.hapax.en-y0	qsSee.straighter.ex-y0	break	0	0
qsOut_qsTea.hapax.en-y0	qsSee.straighter.ex-y0.ex-ext-2	break	0	0
qsOut_qsTea.hapax.en-y0	qsSee_qsUtter.hapax	break	0	0
qsOut_qsTea.hapax.en-y0	qsSee_qsUtter.hapax.ex-y5	break	0	0
qsOut_qsTea.hapax.en-y0	qsSee_qsUtter.hapax.ex-y5.ex-ext-1	break	0	0
qsOut_qsTea.hapax.en-y0	qsTea.full	break	0	0
qsOut_qsTea.hapax.en-y0	qsTea.full.ex-y0	break	0	0
qsOut_qsTea.hapax.en-y0	qsTea.half.ex-y5	break	0	0
qsOut_qsTea.hapax.en-y0	qsTea_qsOy.hapax	break	0	0
qsOut_qsTea.hapax.en-y0	qsTea_qsOy.hapax.ex-y0	break	0	0
qsOut_qsTea.hapax.en-y0	qsUtter.alternate.ex-y0	break	0	0
qsOut_qsTea.hapax.en-y0	qsUtter.mono	break	0	0
qsOut_qsTea.hapax.en-y0	qsUtter.mono.ex-y5	break	0	0
qsOut_qsTea.hapax.en-y0	qsUtter.mono.ex-y5.ex-ext-1	break	0	0
qsOut_qsTea.hapax.en-y0	qsVie.normal	break	0	0
qsOut_qsTea.hapax.en-y0	qsVie.swept-out.ex-y0	break	0	0
qsOut_qsTea.hapax.en-y0	qsVie_qsUtter.hapax	break	0	0
qsOut_qsTea.hapax.en-y0	qsVie_qsUtter.hapax.ex-y5	break	0	0
qsOut_qsTea.hapax.en-y0	qsVie_qsUtter.hapax.ex-y5.ex-ext-1	break	0	0
qsOut_qsTea.hapax.en-y0.en-bind-raked.en-trim-1	qsAh.hapax	break	0	0
qsOut_qsTea.hapax.en-y0.en-bind-raked.en-trim-1	qsAh.hapax.ex-y5	break	0	0
qsOut_qsTea.hapax.en-y0.en-bind-raked.en-trim-1	qsAh.hapax.ex-y5.ex-ext-1	break	0	0
qsOut_qsTea.hapax.en-y0.en-bind-raked.en-trim-1	qsAwe.hapax	break	0	0
qsOut_qsTea.hapax.en-y0.en-bind-raked.en-trim-1	qsAwe.hapax.ex-y0	break	0	0
qsOut_qsTea.hapax.en-y0.en-bind-raked.en-trim-1	qsDay.full	break	0	0
qsOut_qsTea.hapax.en-y0.en-bind-raked.en-trim-1	qsDay.full.ex-y0	break	0	0
qsOut_qsTea.hapax.en-y0.en-bind-raked.en-trim-1	qsDay_qsUtter.full	break	0	0
qsOut_qsTea.hapax.en-y0.en-bind-raked.en-trim-1	qsDay_qsUtter.full.ex-y5	break	0	0
qsOut_qsTea.hapax.en-y0.en-bind-raked.en-trim-1	qsDay_qsUtter.full.ex-y5.ex-ext-1	break	0	0
qsOut_qsTea.hapax.en-y0.en-bind-raked.en-trim-1	qsEight.normal-sized-loop	break	0	0
qsOut_qsTea.hapax.en-y0.en-bind-raked.en-trim-1	qsEight.normal-sized-loop.ex-y0	break	0	0
qsOut_qsTea.hapax.en-y0.en-bind-raked.en-trim-1	qsEight.smaller-loop.ex-y0	break	0	0
qsOut_qsTea.hapax.en-y0.en-bind-raked.en-trim-1	qsEt.hapax	break	0	0
qsOut_qsTea.hapax.en-y0.en-bind-raked.en-trim-1	qsEt.hapax.ex-y0	break	0	0
qsOut_qsTea.hapax.en-y0.en-bind-raked.en-trim-1	qsEt.hapax.ex-y0.ex-con-1	break	0	0
qsOut_qsTea.hapax.en-y0.en-bind-raked.en-trim-1	qsFee.loop	break	0	0
qsOut_qsTea.hapax.en-y0.en-bind-raked.en-trim-1	qsFee.loop.ex-y5	break	0	0
qsOut_qsTea.hapax.en-y0.en-bind-raked.en-trim-1	qsFee.loop.ex-y5.ex-ext-1	break	0	0
qsOut_qsTea.hapax.en-y0.en-bind-raked.en-trim-1	qsFee.loop.ex-y5.ex-ext-3	break	0	0
qsOut_qsTea.hapax.en-y0.en-bind-raked.en-trim-1	qsI.loop	break	0	0
qsOut_qsTea.hapax.en-y0.en-bind-raked.en-trim-1	qsI.loop.ex-y5	break	0	0
qsOut_qsTea.hapax.en-y0.en-bind-raked.en-trim-1	qsI.loop.ex-y5.ex-ext-1	break	0	0
qsOut_qsTea.hapax.en-y0.en-bind-raked.en-trim-1	qsIt.hapax	break	0	0
qsOut_qsTea.hapax.en-y0.en-bind-raked.en-trim-1	qsIt.hapax.ex-y0	break	0	0
qsOut_qsTea.hapax.en-y0.en-bind-raked.en-trim-1	qsIt.hapax.ex-y5	break	0	0
qsOut_qsTea.hapax.en-y0.en-bind-raked.en-trim-1	qsIt.hapax.ex-y5.ex-ext-1	break	0	0
qsOut_qsTea.hapax.en-y0.en-bind-raked.en-trim-1	qsJai.hapax	break	0	0
qsOut_qsTea.hapax.en-y0.en-bind-raked.en-trim-1	qsJai.hapax.ex-y0	break	0	0
qsOut_qsTea.hapax.en-y0.en-bind-raked.en-trim-1	qsJai.hapax.ex-y0.ex-ext-1	break	0	0
qsOut_qsTea.hapax.en-y0.en-bind-raked.en-trim-1	qsJai_qsUtter.hapax	break	0	0
qsOut_qsTea.hapax.en-y0.en-bind-raked.en-trim-1	qsJai_qsUtter.hapax.ex-y5	break	0	0
qsOut_qsTea.hapax.en-y0.en-bind-raked.en-trim-1	qsJai_qsUtter.hapax.ex-y5.ex-ext-1	break	0	0
qsOut_qsTea.hapax.en-y0.en-bind-raked.en-trim-1	qsLow.hapax	break	0	0
qsOut_qsTea.hapax.en-y0.en-bind-raked.en-trim-1	qsLow.hapax.ex-y5	break	0	0
qsOut_qsTea.hapax.en-y0.en-bind-raked.en-trim-1	qsLow.hapax.ex-y5.ex-ext-1	break	0	0
qsOut_qsTea.hapax.en-y0.en-bind-raked.en-trim-1	qsMay.grounded-loop.ex-y0	break	0	0
qsOut_qsTea.hapax.en-y0.en-bind-raked.en-trim-1	qsMay.loop	break	0	0
qsOut_qsTea.hapax.en-y0.en-bind-raked.en-trim-1	qsMay.loop.ex-y5	break	0	0
qsOut_qsTea.hapax.en-y0.en-bind-raked.en-trim-1	qsMay.loop.ex-y5.ex-ext-1	break	0	0
qsOut_qsTea.hapax.en-y0.en-bind-raked.en-trim-1	qsMay.loop.ex-y5.ex-ext-2	break	0	0
qsOut_qsTea.hapax.en-y0.en-bind-raked.en-trim-1	qsNo.flipped.ex-y0	break	0	0
qsOut_qsTea.hapax.en-y0.en-bind-raked.en-trim-1	qsNo.loop	break	0	0
qsOut_qsTea.hapax.en-y0.en-bind-raked.en-trim-1	qsNo.loop.ex-y5	break	0	0
qsOut_qsTea.hapax.en-y0.en-bind-raked.en-trim-1	qsNo.loop.ex-y5.ex-ext-1	break	0	0
qsOut_qsTea.hapax.en-y0.en-bind-raked.en-trim-1	qsOut.normal	break	0	0
qsOut_qsTea.hapax.en-y0.en-bind-raked.en-trim-1	qsOut.swept-up.ex-y5	break	0	0
qsOut_qsTea.hapax.en-y0.en-bind-raked.en-trim-1	qsOut.swept-up.ex-y5.ex-ext-1	break	0	0
qsOut_qsTea.hapax.en-y0.en-bind-raked.en-trim-1	qsOut_qsTea.hapax	break	0	0
qsOut_qsTea.hapax.en-y0.en-bind-raked.en-trim-1	qsOx.hapax	break	0	0
qsOut_qsTea.hapax.en-y0.en-bind-raked.en-trim-1	qsOx.hapax.ex-y0	break	0	0
qsOut_qsTea.hapax.en-y0.en-bind-raked.en-trim-1	qsOy.hapax	break	0	0
qsOut_qsTea.hapax.en-y0.en-bind-raked.en-trim-1	qsOy.hapax.ex-y0	break	0	0
qsOut_qsTea.hapax.en-y0.en-bind-raked.en-trim-1	qsPea.full	break	0	0
qsOut_qsTea.hapax.en-y0.en-bind-raked.en-trim-1	qsPea.full.ex-y0	break	0	0
qsOut_qsTea.hapax.en-y0.en-bind-raked.en-trim-1	qsPea.half.ex-y5	break	0	0
qsOut_qsTea.hapax.en-y0.en-bind-raked.en-trim-1	qsPea.half.ex-y6	break	0	0
qsOut_qsTea.hapax.en-y0.en-bind-raked.en-trim-1	qsRoe.hapax	break	0	0
qsOut_qsTea.hapax.en-y0.en-bind-raked.en-trim-1	qsRoe.hapax.ex-y0	break	0	0
qsOut_qsTea.hapax.en-y0.en-bind-raked.en-trim-1	qsRoe.hapax.ex-y0.ex-ext-1	break	0	0
qsOut_qsTea.hapax.en-y0.en-bind-raked.en-trim-1	qsRoe.hapax.ex-y5	break	0	0
qsOut_qsTea.hapax.en-y0.en-bind-raked.en-trim-1	qsSee.curled-over.ex-y6	break	0	0
qsOut_qsTea.hapax.en-y0.en-bind-raked.en-trim-1	qsSee.normal	break	0	0
qsOut_qsTea.hapax.en-y0.en-bind-raked.en-trim-1	qsSee.normal.ex-y8	break	0	0
qsOut_qsTea.hapax.en-y0.en-bind-raked.en-trim-1	qsSee.straighter.ex-y0	break	0	0
qsOut_qsTea.hapax.en-y0.en-bind-raked.en-trim-1	qsSee.straighter.ex-y0.ex-ext-2	break	0	0
qsOut_qsTea.hapax.en-y0.en-bind-raked.en-trim-1	qsSee_qsUtter.hapax	break	0	0
qsOut_qsTea.hapax.en-y0.en-bind-raked.en-trim-1	qsSee_qsUtter.hapax.ex-y5	break	0	0
qsOut_qsTea.hapax.en-y0.en-bind-raked.en-trim-1	qsSee_qsUtter.hapax.ex-y5.ex-ext-1	break	0	0
qsOut_qsTea.hapax.en-y0.en-bind-raked.en-trim-1	qsTea.full	break	0	0
qsOut_qsTea.hapax.en-y0.en-bind-raked.en-trim-1	qsTea.full.ex-y0	break	0	0
qsOut_qsTea.hapax.en-y0.en-bind-raked.en-trim-1	qsTea.half.ex-y5	break	0	0
qsOut_qsTea.hapax.en-y0.en-bind-raked.en-trim-1	qsTea_qsOy.hapax	break	0	0
qsOut_qsTea.hapax.en-y0.en-bind-raked.en-trim-1	qsTea_qsOy.hapax.ex-y0	break	0	0
qsOut_qsTea.hapax.en-y0.en-bind-raked.en-trim-1	qsUtter.alternate.ex-y0	break	0	0
qsOut_qsTea.hapax.en-y0.en-bind-raked.en-trim-1	qsUtter.mono	break	0	0
qsOut_qsTea.hapax.en-y0.en-bind-raked.en-trim-1	qsUtter.mono.ex-y5	break	0	0
qsOut_qsTea.hapax.en-y0.en-bind-raked.en-trim-1	qsUtter.mono.ex-y5.ex-ext-1	break	0	0
qsOut_qsTea.hapax.en-y0.en-bind-raked.en-trim-1	qsVie.normal	break	0	0
qsOut_qsTea.hapax.en-y0.en-bind-raked.en-trim-1	qsVie.swept-out.ex-y0	break	0	0
qsOut_qsTea.hapax.en-y0.en-bind-raked.en-trim-1	qsVie_qsUtter.hapax	break	0	0
qsOut_qsTea.hapax.en-y0.en-bind-raked.en-trim-1	qsVie_qsUtter.hapax.ex-y5	break	0	0
qsOut_qsTea.hapax.en-y0.en-bind-raked.en-trim-1	qsVie_qsUtter.hapax.ex-y5.ex-ext-1	break	0	0
qsOut_qsTea.hapax.locked	qsAh.hapax	break	0	0
qsOut_qsTea.hapax.locked	qsAh.hapax.ex-y5	break	0	0
qsOut_qsTea.hapax.locked	qsAh.hapax.ex-y5.ex-ext-1	break	0	0
qsOut_qsTea.hapax.locked	qsAwe.hapax	break	0	0
qsOut_qsTea.hapax.locked	qsAwe.hapax.ex-y0	break	0	0
qsOut_qsTea.hapax.locked	qsDay.full	break	0	0
qsOut_qsTea.hapax.locked	qsDay.full.ex-y0	break	0	0
qsOut_qsTea.hapax.locked	qsDay_qsUtter.full	break	0	0
qsOut_qsTea.hapax.locked	qsDay_qsUtter.full.ex-y5	break	0	0
qsOut_qsTea.hapax.locked	qsDay_qsUtter.full.ex-y5.ex-ext-1	break	0	0
qsOut_qsTea.hapax.locked	qsEight.normal-sized-loop	break	0	0
qsOut_qsTea.hapax.locked	qsEight.normal-sized-loop.ex-y0	break	0	0
qsOut_qsTea.hapax.locked	qsEight.smaller-loop.ex-y0	break	0	0
qsOut_qsTea.hapax.locked	qsEt.hapax	break	0	0
qsOut_qsTea.hapax.locked	qsEt.hapax.ex-y0	break	0	0
qsOut_qsTea.hapax.locked	qsEt.hapax.ex-y0.ex-con-1	break	0	0
qsOut_qsTea.hapax.locked	qsFee.loop	break	0	0
qsOut_qsTea.hapax.locked	qsFee.loop.ex-y5	break	0	0
qsOut_qsTea.hapax.locked	qsFee.loop.ex-y5.ex-ext-1	break	0	0
qsOut_qsTea.hapax.locked	qsFee.loop.ex-y5.ex-ext-3	break	0	0
qsOut_qsTea.hapax.locked	qsI.loop	break	0	0
qsOut_qsTea.hapax.locked	qsI.loop.ex-y5	break	0	0
qsOut_qsTea.hapax.locked	qsI.loop.ex-y5.ex-ext-1	break	0	0
qsOut_qsTea.hapax.locked	qsIt.hapax	break	0	0
qsOut_qsTea.hapax.locked	qsIt.hapax.ex-y0	break	0	0
qsOut_qsTea.hapax.locked	qsIt.hapax.ex-y5	break	0	0
qsOut_qsTea.hapax.locked	qsIt.hapax.ex-y5.ex-ext-1	break	0	0
qsOut_qsTea.hapax.locked	qsJai.hapax	break	0	0
qsOut_qsTea.hapax.locked	qsJai.hapax.ex-y0	break	0	0
qsOut_qsTea.hapax.locked	qsJai.hapax.ex-y0.ex-ext-1	break	0	0
qsOut_qsTea.hapax.locked	qsJai_qsUtter.hapax	break	0	0
qsOut_qsTea.hapax.locked	qsJai_qsUtter.hapax.ex-y5	break	0	0
qsOut_qsTea.hapax.locked	qsJai_qsUtter.hapax.ex-y5.ex-ext-1	break	0	0
qsOut_qsTea.hapax.locked	qsLow.hapax	break	0	0
qsOut_qsTea.hapax.locked	qsLow.hapax.ex-y5	break	0	0
qsOut_qsTea.hapax.locked	qsLow.hapax.ex-y5.ex-ext-1	break	0	0
qsOut_qsTea.hapax.locked	qsMay.grounded-loop.ex-y0	break	0	0
qsOut_qsTea.hapax.locked	qsMay.loop	break	0	0
qsOut_qsTea.hapax.locked	qsMay.loop.ex-y5	break	0	0
qsOut_qsTea.hapax.locked	qsMay.loop.ex-y5.ex-ext-1	break	0	0
qsOut_qsTea.hapax.locked	qsMay.loop.ex-y5.ex-ext-2	break	0	0
qsOut_qsTea.hapax.locked	qsNo.flipped.ex-y0	break	0	0
qsOut_qsTea.hapax.locked	qsNo.loop	break	0	0
qsOut_qsTea.hapax.locked	qsNo.loop.ex-y5	break	0	0
qsOut_qsTea.hapax.locked	qsNo.loop.ex-y5.ex-ext-1	break	0	0
qsOut_qsTea.hapax.locked	qsOut.normal	break	0	0
qsOut_qsTea.hapax.locked	qsOut.swept-up.ex-y5	break	0	0
qsOut_qsTea.hapax.locked	qsOut.swept-up.ex-y5.ex-ext-1	break	0	0
qsOut_qsTea.hapax.locked	qsOut_qsTea.hapax	break	0	0
qsOut_qsTea.hapax.locked	qsOx.hapax	break	0	0
qsOut_qsTea.hapax.locked	qsOx.hapax.ex-y0	break	0	0
qsOut_qsTea.hapax.locked	qsOy.hapax	break	0	0
qsOut_qsTea.hapax.locked	qsOy.hapax.ex-y0	break	0	0
qsOut_qsTea.hapax.locked	qsPea.full	break	0	0
qsOut_qsTea.hapax.locked	qsPea.full.ex-y0	break	0	0
qsOut_qsTea.hapax.locked	qsPea.half.ex-y5	break	0	0
qsOut_qsTea.hapax.locked	qsPea.half.ex-y6	break	0	0
qsOut_qsTea.hapax.locked	qsRoe.hapax	break	0	0
qsOut_qsTea.hapax.locked	qsRoe.hapax.ex-y0	break	0	0
qsOut_qsTea.hapax.locked	qsRoe.hapax.ex-y0.ex-ext-1	break	0	0
qsOut_qsTea.hapax.locked	qsRoe.hapax.ex-y5	break	0	0
qsOut_qsTea.hapax.locked	qsSee.curled-over.ex-y6	break	0	0
qsOut_qsTea.hapax.locked	qsSee.normal	break	0	0
qsOut_qsTea.hapax.locked	qsSee.normal.ex-y8	break	0	0
qsOut_qsTea.hapax.locked	qsSee.straighter.ex-y0	break	0	0
qsOut_qsTea.hapax.locked	qsSee.straighter.ex-y0.ex-ext-2	break	0	0
qsOut_qsTea.hapax.locked	qsSee_qsUtter.hapax	break	0	0
qsOut_qsTea.hapax.locked	qsSee_qsUtter.hapax.ex-y5	break	0	0
qsOut_qsTea.hapax.locked	qsSee_qsUtter.hapax.ex-y5.ex-ext-1	break	0	0
qsOut_qsTea.hapax.locked	qsTea.full	break	0	0
qsOut_qsTea.hapax.locked	qsTea.full.ex-y0	break	0	0
qsOut_qsTea.hapax.locked	qsTea.half.ex-y5	break	0	0
qsOut_qsTea.hapax.locked	qsTea_qsOy.hapax	break	0	0
qsOut_qsTea.hapax.locked	qsTea_qsOy.hapax.ex-y0	break	0	0
qsOut_qsTea.hapax.locked	qsUtter.alternate.ex-y0	break	0	0
qsOut_qsTea.hapax.locked	qsUtter.mono	break	0	0
qsOut_qsTea.hapax.locked	qsUtter.mono.ex-y5	break	0	0
qsOut_qsTea.hapax.locked	qsUtter.mono.ex-y5.ex-ext-1	break	0	0
qsOut_qsTea.hapax.locked	qsVie.normal	break	0	0
qsOut_qsTea.hapax.locked	qsVie.swept-out.ex-y0	break	0	0
qsOut_qsTea.hapax.locked	qsVie_qsUtter.hapax	break	0	0
qsOut_qsTea.hapax.locked	qsVie_qsUtter.hapax.ex-y5	break	0	0
qsOut_qsTea.hapax.locked	qsVie_qsUtter.hapax.ex-y5.ex-ext-1	break	0	0
qsOx.hapax	qsAwe.hapax	break	0	0
qsOx.hapax	qsAwe.hapax.ex-y0	break	0	0
qsOx.hapax	qsEight.normal-sized-loop	break	0	0
qsOx.hapax	qsEight.normal-sized-loop.ex-y0	break	0	0
qsOx.hapax	qsEight.smaller-loop.ex-y0	break	0	0
qsOx.hapax	qsEt.hapax	break	0	0
qsOx.hapax	qsEt.hapax.ex-y0	break	0	0
qsOx.hapax	qsEt.hapax.ex-y0.ex-con-1	break	0	0
qsOx.hapax	qsFee.loop	break	0	0
qsOx.hapax	qsFee.loop.ex-y5	break	0	0
qsOx.hapax	qsFee.loop.ex-y5.ex-ext-1	break	0	0
qsOx.hapax	qsFee.loop.ex-y5.ex-ext-3	break	0	0
qsOx.hapax	qsJai.hapax	break	0	0
qsOx.hapax	qsJai.hapax.ex-y0	break	0	0
qsOx.hapax	qsJai.hapax.ex-y0.ex-ext-1	break	0	0
qsOx.hapax	qsJai_qsUtter.hapax	break	0	0
qsOx.hapax	qsJai_qsUtter.hapax.ex-y5	break	0	0
qsOx.hapax	qsJai_qsUtter.hapax.ex-y5.ex-ext-1	break	0	0
qsOx.hapax	qsNo.loop.ex-y5	break	0	0
qsOx.hapax	qsOx.hapax	break	0	0
qsOx.hapax	qsOx.hapax.ex-y0	break	0	0
qsOx.hapax	qsOy.hapax	break	0	0
qsOx.hapax	qsOy.hapax.ex-y0	break	0	0
qsOx.hapax	qsPea.full	break	0	0
qsOx.hapax	qsPea.full.ex-y0	break	0	0
qsOx.hapax	qsPea.half.ex-y5	break	0	0
qsOx.hapax	qsPea.half.ex-y6	break	0	0
qsOx.hapax	qsSee.straighter.ex-y0	break	0	0
qsOx.hapax	qsSee.straighter.ex-y0.ex-ext-2	break	0	0
qsOx.hapax	qsSee_qsUtter.hapax	break	0	0
qsOx.hapax	qsSee_qsUtter.hapax.ex-y5	break	0	0
qsOx.hapax	qsSee_qsUtter.hapax.ex-y5.ex-ext-1	break	0	0
qsOx.hapax	qsTea.full	break	0	0
qsOx.hapax	qsTea.full.ex-y0	break	0	0
qsOx.hapax	qsTea.half.ex-y5	break	0	0
qsOx.hapax	qsTea_qsOy.hapax	break	0	0
qsOx.hapax	qsTea_qsOy.hapax.ex-y0	break	0	0
qsOx.hapax	qsUtter.alternate.ex-y0	break	0	0
qsOx.hapax.en-y5	qsAwe.hapax	break	0	0
qsOx.hapax.en-y5	qsAwe.hapax.ex-y0	break	0	0
qsOx.hapax.en-y5	qsEight.normal-sized-loop	break	0	0
qsOx.hapax.en-y5	qsEight.normal-sized-loop.ex-y0	break	0	0
qsOx.hapax.en-y5	qsEight.smaller-loop.ex-y0	break	0	0
qsOx.hapax.en-y5	qsEt.hapax	break	0	0
qsOx.hapax.en-y5	qsEt.hapax.ex-y0	break	0	0
qsOx.hapax.en-y5	qsEt.hapax.ex-y0.ex-con-1	break	0	0
qsOx.hapax.en-y5	qsFee.loop	break	0	0
qsOx.hapax.en-y5	qsFee.loop.ex-y5	break	0	0
qsOx.hapax.en-y5	qsFee.loop.ex-y5.ex-ext-1	break	0	0
qsOx.hapax.en-y5	qsFee.loop.ex-y5.ex-ext-3	break	0	0
qsOx.hapax.en-y5	qsJai.hapax	break	0	0
qsOx.hapax.en-y5	qsJai.hapax.ex-y0	break	0	0
qsOx.hapax.en-y5	qsJai.hapax.ex-y0.ex-ext-1	break	0	0
qsOx.hapax.en-y5	qsJai_qsUtter.hapax	break	0	0
qsOx.hapax.en-y5	qsJai_qsUtter.hapax.ex-y5	break	0	0
qsOx.hapax.en-y5	qsJai_qsUtter.hapax.ex-y5.ex-ext-1	break	0	0
qsOx.hapax.en-y5	qsNo.loop.ex-y5	break	0	0
qsOx.hapax.en-y5	qsOx.hapax	break	0	0
qsOx.hapax.en-y5	qsOx.hapax.ex-y0	break	0	0
qsOx.hapax.en-y5	qsOy.hapax	break	0	0
qsOx.hapax.en-y5	qsOy.hapax.ex-y0	break	0	0
qsOx.hapax.en-y5	qsPea.full	break	0	0
qsOx.hapax.en-y5	qsPea.full.ex-y0	break	0	0
qsOx.hapax.en-y5	qsPea.half.ex-y5	break	0	0
qsOx.hapax.en-y5	qsPea.half.ex-y6	break	0	0
qsOx.hapax.en-y5	qsSee.straighter.ex-y0	break	0	0
qsOx.hapax.en-y5	qsSee.straighter.ex-y0.ex-ext-2	break	0	0
qsOx.hapax.en-y5	qsSee_qsUtter.hapax	break	0	0
qsOx.hapax.en-y5	qsSee_qsUtter.hapax.ex-y5	break	0	0
qsOx.hapax.en-y5	qsSee_qsUtter.hapax.ex-y5.ex-ext-1	break	0	0
qsOx.hapax.en-y5	qsTea.full	break	0	0
qsOx.hapax.en-y5	qsTea.full.ex-y0	break	0	0
qsOx.hapax.en-y5	qsTea.half.ex-y5	break	0	0
qsOx.hapax.en-y5	qsTea_qsOy.hapax	break	0	0
qsOx.hapax.en-y5	qsTea_qsOy.hapax.ex-y0	break	0	0
qsOx.hapax.en-y5	qsUtter.alternate.ex-y0	break	0	0
qsOx.hapax.en-y5.en-ext-1	qsAwe.hapax	break	0	0
qsOx.hapax.en-y5.en-ext-1	qsAwe.hapax.ex-y0	break	0	0
qsOx.hapax.en-y5.en-ext-1	qsEight.normal-sized-loop	break	0	0
qsOx.hapax.en-y5.en-ext-1	qsEight.normal-sized-loop.ex-y0	break	0	0
qsOx.hapax.en-y5.en-ext-1	qsEight.smaller-loop.ex-y0	break	0	0
qsOx.hapax.en-y5.en-ext-1	qsEt.hapax	break	0	0
qsOx.hapax.en-y5.en-ext-1	qsEt.hapax.ex-y0	break	0	0
qsOx.hapax.en-y5.en-ext-1	qsEt.hapax.ex-y0.ex-con-1	break	0	0
qsOx.hapax.en-y5.en-ext-1	qsFee.loop	break	0	0
qsOx.hapax.en-y5.en-ext-1	qsFee.loop.ex-y5	break	0	0
qsOx.hapax.en-y5.en-ext-1	qsFee.loop.ex-y5.ex-ext-1	break	0	0
qsOx.hapax.en-y5.en-ext-1	qsFee.loop.ex-y5.ex-ext-3	break	0	0
qsOx.hapax.en-y5.en-ext-1	qsJai.hapax	break	0	0
qsOx.hapax.en-y5.en-ext-1	qsJai.hapax.ex-y0	break	0	0
qsOx.hapax.en-y5.en-ext-1	qsJai.hapax.ex-y0.ex-ext-1	break	0	0
qsOx.hapax.en-y5.en-ext-1	qsJai_qsUtter.hapax	break	0	0
qsOx.hapax.en-y5.en-ext-1	qsJai_qsUtter.hapax.ex-y5	break	0	0
qsOx.hapax.en-y5.en-ext-1	qsJai_qsUtter.hapax.ex-y5.ex-ext-1	break	0	0
qsOx.hapax.en-y5.en-ext-1	qsNo.loop.ex-y5	break	0	0
qsOx.hapax.en-y5.en-ext-1	qsOx.hapax	break	0	0
qsOx.hapax.en-y5.en-ext-1	qsOx.hapax.ex-y0	break	0	0
qsOx.hapax.en-y5.en-ext-1	qsOy.hapax	break	0	0
qsOx.hapax.en-y5.en-ext-1	qsOy.hapax.ex-y0	break	0	0
qsOx.hapax.en-y5.en-ext-1	qsPea.full	break	0	0
qsOx.hapax.en-y5.en-ext-1	qsPea.full.ex-y0	break	0	0
qsOx.hapax.en-y5.en-ext-1	qsPea.half.ex-y5	break	0	0
qsOx.hapax.en-y5.en-ext-1	qsPea.half.ex-y6	break	0	0
qsOx.hapax.en-y5.en-ext-1	qsSee.straighter.ex-y0	break	0	0
qsOx.hapax.en-y5.en-ext-1	qsSee.straighter.ex-y0.ex-ext-2	break	0	0
qsOx.hapax.en-y5.en-ext-1	qsSee_qsUtter.hapax	break	0	0
qsOx.hapax.en-y5.en-ext-1	qsSee_qsUtter.hapax.ex-y5	break	0	0
qsOx.hapax.en-y5.en-ext-1	qsSee_qsUtter.hapax.ex-y5.ex-ext-1	break	0	0
qsOx.hapax.en-y5.en-ext-1	qsTea.full	break	0	0
qsOx.hapax.en-y5.en-ext-1	qsTea.full.ex-y0	break	0	0
qsOx.hapax.en-y5.en-ext-1	qsTea.half.ex-y5	break	0	0
qsOx.hapax.en-y5.en-ext-1	qsTea_qsOy.hapax	break	0	0
qsOx.hapax.en-y5.en-ext-1	qsTea_qsOy.hapax.ex-y0	break	0	0
qsOx.hapax.en-y5.en-ext-1	qsUtter.alternate.ex-y0	break	0	0
qsOx.hapax.en-y5.ex-y0	qsAh.hapax.en-y0	baseline	0	0
qsOx.hapax.en-y5.ex-y0	qsAh.hapax.en-y0.ex-y5	baseline	0	0
qsOx.hapax.en-y5.ex-y0	qsAh.hapax.en-y0.ex-y5.ex-ext-1	baseline	0	0
qsOx.hapax.en-y5.ex-y0	qsDay.half.en-y0	baseline	0	0
qsOx.hapax.en-y5.ex-y0	qsDay.half.en-y0.ex-y0	baseline	0	0
qsOx.hapax.en-y5.ex-y0	qsDay_qsUtter.half.en-y0	baseline	0	0
qsOx.hapax.en-y5.ex-y0	qsDay_qsUtter.half.en-y0.ex-y5	baseline	0	0
qsOx.hapax.en-y5.ex-y0	qsDay_qsUtter.half.en-y0.ex-y5.ex-ext-1	baseline	0	0
qsOx.hapax.en-y5.ex-y0	qsI.loop.en-y0	baseline	0	0
qsOx.hapax.en-y5.ex-y0	qsI.loop.en-y0.ex-y5	baseline	0	0
qsOx.hapax.en-y5.ex-y0	qsI.loop.en-y0.ex-y5.ex-ext-1	baseline	0	0
qsOx.hapax.en-y5.ex-y0	qsIt.hapax.en-y0	baseline	0	0
qsOx.hapax.en-y5.ex-y0	qsIt.hapax.en-y0.ex-y5	baseline	0	0
qsOx.hapax.en-y5.ex-y0	qsIt.hapax.en-y0.ex-y5.ex-ext-1	baseline	0	0
qsOx.hapax.en-y5.ex-y0	qsLow.hapax.en-y0	baseline	0	0
qsOx.hapax.en-y5.ex-y0	qsLow.hapax.en-y0.ex-y5	baseline	0	0
qsOx.hapax.en-y5.ex-y0	qsLow.hapax.en-y0.ex-y5.ex-ext-1	baseline	0	0
qsOx.hapax.en-y5.ex-y0	qsMay.loop.en-y0	baseline	0	0
qsOx.hapax.en-y5.ex-y0	qsMay.loop.en-y0.ex-y5.ex-ext-1	baseline	0	0
qsOx.hapax.en-y5.ex-y0	qsMay.loop.en-y0.ex-y5.ex-ext-2	baseline	0	0
qsOx.hapax.en-y5.ex-y0	qsNo.flipped.en-y0	baseline	0	0
qsOx.hapax.en-y5.ex-y0	qsNo.flipped.en-y0.ex-y0	baseline	0	0
qsOx.hapax.en-y5.ex-y0	qsOut.normal.en-y0	baseline	0	0
qsOx.hapax.en-y5.ex-y0	qsOut.swept-up.en-y0.ex-y5	baseline	0	0
qsOx.hapax.en-y5.ex-y0	qsOut.swept-up.en-y0.ex-y5.ex-ext-1	baseline	0	0
qsOx.hapax.en-y5.ex-y0	qsOut_qsTea.hapax.en-y0	baseline	0	0
qsOx.hapax.en-y5.ex-y0	qsRoe.hapax.en-y0	baseline	0	0
qsOx.hapax.en-y5.ex-y0	qsRoe.hapax.en-y0.ex-y5	baseline	0	0
qsOx.hapax.en-y5.ex-y0	qsSee.curled-over.en-y0.ex-y6	baseline	0	0
qsOx.hapax.en-y5.ex-y0	qsSee.normal.en-y0	baseline	0	0
qsOx.hapax.en-y5.ex-y0	qsSee.normal.en-y0.ex-y8	baseline	0	0
qsOx.hapax.en-y5.ex-y0	qsTea.full.en-y0	baseline	0	0
qsOx.hapax.en-y5.ex-y0	qsUtter.mono.en-y0	baseline	0	0
qsOx.hapax.en-y5.ex-y0	qsUtter.mono.en-y0.ex-y5	baseline	0	0
qsOx.hapax.en-y5.ex-y0	qsUtter.mono.en-y0.ex-y5.ex-ext-1	baseline	0	0
qsOx.hapax.en-y5.ex-y0	qsVie.normal.en-y0	baseline	0	0
qsOx.hapax.en-y5.ex-y0	qsVie.swept-out.en-y0.ex-y0	baseline	0	0
qsOx.hapax.en-y5.ex-y0	qsVie_qsUtter.hapax.en-y0	baseline	0	0
qsOx.hapax.en-y5.ex-y0	qsVie_qsUtter.hapax.en-y0.ex-y5	baseline	0	0
qsOx.hapax.en-y5.ex-y0	qsVie_qsUtter.hapax.en-y0.ex-y5.ex-ext-1	baseline	0	0
qsOx.hapax.en-y5.ex-y0.en-ext-1	qsAh.hapax.en-y0	baseline	0	0
qsOx.hapax.en-y5.ex-y0.en-ext-1	qsAh.hapax.en-y0.ex-y5	baseline	0	0
qsOx.hapax.en-y5.ex-y0.en-ext-1	qsAh.hapax.en-y0.ex-y5.ex-ext-1	baseline	0	0
qsOx.hapax.en-y5.ex-y0.en-ext-1	qsDay.half.en-y0	baseline	0	0
qsOx.hapax.en-y5.ex-y0.en-ext-1	qsDay.half.en-y0.ex-y0	baseline	0	0
qsOx.hapax.en-y5.ex-y0.en-ext-1	qsDay_qsUtter.half.en-y0	baseline	0	0
qsOx.hapax.en-y5.ex-y0.en-ext-1	qsDay_qsUtter.half.en-y0.ex-y5	baseline	0	0
qsOx.hapax.en-y5.ex-y0.en-ext-1	qsDay_qsUtter.half.en-y0.ex-y5.ex-ext-1	baseline	0	0
qsOx.hapax.en-y5.ex-y0.en-ext-1	qsI.loop.en-y0	baseline	0	0
qsOx.hapax.en-y5.ex-y0.en-ext-1	qsI.loop.en-y0.ex-y5	baseline	0	0
qsOx.hapax.en-y5.ex-y0.en-ext-1	qsI.loop.en-y0.ex-y5.ex-ext-1	baseline	0	0
qsOx.hapax.en-y5.ex-y0.en-ext-1	qsIt.hapax.en-y0	baseline	0	0
qsOx.hapax.en-y5.ex-y0.en-ext-1	qsIt.hapax.en-y0.ex-y5	baseline	0	0
qsOx.hapax.en-y5.ex-y0.en-ext-1	qsIt.hapax.en-y0.ex-y5.ex-ext-1	baseline	0	0
qsOx.hapax.en-y5.ex-y0.en-ext-1	qsLow.hapax.en-y0	baseline	0	0
qsOx.hapax.en-y5.ex-y0.en-ext-1	qsLow.hapax.en-y0.ex-y5	baseline	0	0
qsOx.hapax.en-y5.ex-y0.en-ext-1	qsLow.hapax.en-y0.ex-y5.ex-ext-1	baseline	0	0
qsOx.hapax.en-y5.ex-y0.en-ext-1	qsMay.loop.en-y0	baseline	0	0
qsOx.hapax.en-y5.ex-y0.en-ext-1	qsMay.loop.en-y0.ex-y5.ex-ext-1	baseline	0	0
qsOx.hapax.en-y5.ex-y0.en-ext-1	qsMay.loop.en-y0.ex-y5.ex-ext-2	baseline	0	0
qsOx.hapax.en-y5.ex-y0.en-ext-1	qsNo.flipped.en-y0	baseline	0	0
qsOx.hapax.en-y5.ex-y0.en-ext-1	qsNo.flipped.en-y0.ex-y0	baseline	0	0
qsOx.hapax.en-y5.ex-y0.en-ext-1	qsOut.normal.en-y0	baseline	0	0
qsOx.hapax.en-y5.ex-y0.en-ext-1	qsOut.swept-up.en-y0.ex-y5	baseline	0	0
qsOx.hapax.en-y5.ex-y0.en-ext-1	qsOut.swept-up.en-y0.ex-y5.ex-ext-1	baseline	0	0
qsOx.hapax.en-y5.ex-y0.en-ext-1	qsOut_qsTea.hapax.en-y0	baseline	0	0
qsOx.hapax.en-y5.ex-y0.en-ext-1	qsRoe.hapax.en-y0	baseline	0	0
qsOx.hapax.en-y5.ex-y0.en-ext-1	qsRoe.hapax.en-y0.ex-y5	baseline	0	0
qsOx.hapax.en-y5.ex-y0.en-ext-1	qsSee.curled-over.en-y0.ex-y6	baseline	0	0
qsOx.hapax.en-y5.ex-y0.en-ext-1	qsSee.normal.en-y0	baseline	0	0
qsOx.hapax.en-y5.ex-y0.en-ext-1	qsSee.normal.en-y0.ex-y8	baseline	0	0
qsOx.hapax.en-y5.ex-y0.en-ext-1	qsTea.full.en-y0	baseline	0	0
qsOx.hapax.en-y5.ex-y0.en-ext-1	qsUtter.mono.en-y0	baseline	0	0
qsOx.hapax.en-y5.ex-y0.en-ext-1	qsUtter.mono.en-y0.ex-y5	baseline	0	0
qsOx.hapax.en-y5.ex-y0.en-ext-1	qsUtter.mono.en-y0.ex-y5.ex-ext-1	baseline	0	0
qsOx.hapax.en-y5.ex-y0.en-ext-1	qsVie.normal.en-y0	baseline	0	0
qsOx.hapax.en-y5.ex-y0.en-ext-1	qsVie.swept-out.en-y0.ex-y0	baseline	0	0
qsOx.hapax.en-y5.ex-y0.en-ext-1	qsVie_qsUtter.hapax.en-y0	baseline	0	0
qsOx.hapax.en-y5.ex-y0.en-ext-1	qsVie_qsUtter.hapax.en-y0.ex-y5	baseline	0	0
qsOx.hapax.en-y5.ex-y0.en-ext-1	qsVie_qsUtter.hapax.en-y0.ex-y5.ex-ext-1	baseline	0	0
qsOx.hapax.ex-y0	qsAh.hapax.en-y0	baseline	0	0
qsOx.hapax.ex-y0	qsAh.hapax.en-y0.ex-y5	baseline	0	0
qsOx.hapax.ex-y0	qsAh.hapax.en-y0.ex-y5.ex-ext-1	baseline	0	0
qsOx.hapax.ex-y0	qsDay.half.en-y0	baseline	0	0
qsOx.hapax.ex-y0	qsDay.half.en-y0.ex-y0	baseline	0	0
qsOx.hapax.ex-y0	qsDay_qsUtter.half.en-y0	baseline	0	0
qsOx.hapax.ex-y0	qsDay_qsUtter.half.en-y0.ex-y5	baseline	0	0
qsOx.hapax.ex-y0	qsDay_qsUtter.half.en-y0.ex-y5.ex-ext-1	baseline	0	0
qsOx.hapax.ex-y0	qsI.loop.en-y0	baseline	0	0
qsOx.hapax.ex-y0	qsI.loop.en-y0.ex-y5	baseline	0	0
qsOx.hapax.ex-y0	qsI.loop.en-y0.ex-y5.ex-ext-1	baseline	0	0
qsOx.hapax.ex-y0	qsIt.hapax.en-y0	baseline	0	0
qsOx.hapax.ex-y0	qsIt.hapax.en-y0.ex-y5	baseline	0	0
qsOx.hapax.ex-y0	qsIt.hapax.en-y0.ex-y5.ex-ext-1	baseline	0	0
qsOx.hapax.ex-y0	qsLow.hapax.en-y0	baseline	0	0
qsOx.hapax.ex-y0	qsLow.hapax.en-y0.ex-y5	baseline	0	0
qsOx.hapax.ex-y0	qsLow.hapax.en-y0.ex-y5.ex-ext-1	baseline	0	0
qsOx.hapax.ex-y0	qsMay.loop.en-y0	baseline	0	0
qsOx.hapax.ex-y0	qsMay.loop.en-y0.ex-y5.ex-ext-1	baseline	0	0
qsOx.hapax.ex-y0	qsMay.loop.en-y0.ex-y5.ex-ext-2	baseline	0	0
qsOx.hapax.ex-y0	qsNo.flipped.en-y0	baseline	0	0
qsOx.hapax.ex-y0	qsNo.flipped.en-y0.ex-y0	baseline	0	0
qsOx.hapax.ex-y0	qsOut.normal.en-y0	baseline	0	0
qsOx.hapax.ex-y0	qsOut.swept-up.en-y0.ex-y5	baseline	0	0
qsOx.hapax.ex-y0	qsOut.swept-up.en-y0.ex-y5.ex-ext-1	baseline	0	0
qsOx.hapax.ex-y0	qsOut_qsTea.hapax.en-y0	baseline	0	0
qsOx.hapax.ex-y0	qsRoe.hapax.en-y0	baseline	0	0
qsOx.hapax.ex-y0	qsRoe.hapax.en-y0.ex-y5	baseline	0	0
qsOx.hapax.ex-y0	qsSee.curled-over.en-y0.ex-y6	baseline	0	0
qsOx.hapax.ex-y0	qsSee.normal.en-y0	baseline	0	0
qsOx.hapax.ex-y0	qsSee.normal.en-y0.ex-y8	baseline	0	0
qsOx.hapax.ex-y0	qsTea.full.en-y0	baseline	0	0
qsOx.hapax.ex-y0	qsUtter.mono.en-y0	baseline	0	0
qsOx.hapax.ex-y0	qsUtter.mono.en-y0.ex-y5	baseline	0	0
qsOx.hapax.ex-y0	qsUtter.mono.en-y0.ex-y5.ex-ext-1	baseline	0	0
qsOx.hapax.ex-y0	qsVie.normal.en-y0	baseline	0	0
qsOx.hapax.ex-y0	qsVie.swept-out.en-y0.ex-y0	baseline	0	0
qsOx.hapax.ex-y0	qsVie_qsUtter.hapax.en-y0	baseline	0	0
qsOx.hapax.ex-y0	qsVie_qsUtter.hapax.en-y0.ex-y5	baseline	0	0
qsOx.hapax.ex-y0	qsVie_qsUtter.hapax.en-y0.ex-y5.ex-ext-1	baseline	0	0
qsOx.hapax.ex-y0.locked	qsAh.hapax.en-y0	baseline	0	0
qsOx.hapax.ex-y0.locked	qsAh.hapax.en-y0.ex-y5	baseline	0	0
qsOx.hapax.ex-y0.locked	qsAh.hapax.en-y0.ex-y5.ex-ext-1	baseline	0	0
qsOx.hapax.ex-y0.locked	qsDay.half.en-y0	baseline	0	0
qsOx.hapax.ex-y0.locked	qsDay.half.en-y0.ex-y0	baseline	0	0
qsOx.hapax.ex-y0.locked	qsDay_qsUtter.half.en-y0	baseline	0	0
qsOx.hapax.ex-y0.locked	qsDay_qsUtter.half.en-y0.ex-y5	baseline	0	0
qsOx.hapax.ex-y0.locked	qsDay_qsUtter.half.en-y0.ex-y5.ex-ext-1	baseline	0	0
qsOx.hapax.ex-y0.locked	qsI.loop.en-y0	baseline	0	0
qsOx.hapax.ex-y0.locked	qsI.loop.en-y0.ex-y5	baseline	0	0
qsOx.hapax.ex-y0.locked	qsI.loop.en-y0.ex-y5.ex-ext-1	baseline	0	0
qsOx.hapax.ex-y0.locked	qsIt.hapax.en-y0	baseline	0	0
qsOx.hapax.ex-y0.locked	qsIt.hapax.en-y0.ex-y5	baseline	0	0
qsOx.hapax.ex-y0.locked	qsIt.hapax.en-y0.ex-y5.ex-ext-1	baseline	0	0
qsOx.hapax.ex-y0.locked	qsLow.hapax.en-y0	baseline	0	0
qsOx.hapax.ex-y0.locked	qsLow.hapax.en-y0.ex-y5	baseline	0	0
qsOx.hapax.ex-y0.locked	qsLow.hapax.en-y0.ex-y5.ex-ext-1	baseline	0	0
qsOx.hapax.ex-y0.locked	qsMay.loop.en-y0	baseline	0	0
qsOx.hapax.ex-y0.locked	qsMay.loop.en-y0.ex-y5.ex-ext-1	baseline	0	0
qsOx.hapax.ex-y0.locked	qsMay.loop.en-y0.ex-y5.ex-ext-2	baseline	0	0
qsOx.hapax.ex-y0.locked	qsNo.flipped.en-y0	baseline	0	0
qsOx.hapax.ex-y0.locked	qsNo.flipped.en-y0.ex-y0	baseline	0	0
qsOx.hapax.ex-y0.locked	qsOut.normal.en-y0	baseline	0	0
qsOx.hapax.ex-y0.locked	qsOut.swept-up.en-y0.ex-y5	baseline	0	0
qsOx.hapax.ex-y0.locked	qsOut.swept-up.en-y0.ex-y5.ex-ext-1	baseline	0	0
qsOx.hapax.ex-y0.locked	qsOut_qsTea.hapax.en-y0	baseline	0	0
qsOx.hapax.ex-y0.locked	qsRoe.hapax.en-y0	baseline	0	0
qsOx.hapax.ex-y0.locked	qsRoe.hapax.en-y0.ex-y5	baseline	0	0
qsOx.hapax.ex-y0.locked	qsSee.curled-over.en-y0.ex-y6	baseline	0	0
qsOx.hapax.ex-y0.locked	qsSee.normal.en-y0	baseline	0	0
qsOx.hapax.ex-y0.locked	qsSee.normal.en-y0.ex-y8	baseline	0	0
qsOx.hapax.ex-y0.locked	qsTea.full.en-y0	baseline	0	0
qsOx.hapax.ex-y0.locked	qsUtter.mono.en-y0	baseline	0	0
qsOx.hapax.ex-y0.locked	qsUtter.mono.en-y0.ex-y5	baseline	0	0
qsOx.hapax.ex-y0.locked	qsUtter.mono.en-y0.ex-y5.ex-ext-1	baseline	0	0
qsOx.hapax.ex-y0.locked	qsVie.normal.en-y0	baseline	0	0
qsOx.hapax.ex-y0.locked	qsVie.swept-out.en-y0.ex-y0	baseline	0	0
qsOx.hapax.ex-y0.locked	qsVie_qsUtter.hapax.en-y0	baseline	0	0
qsOx.hapax.ex-y0.locked	qsVie_qsUtter.hapax.en-y0.ex-y5	baseline	0	0
qsOx.hapax.ex-y0.locked	qsVie_qsUtter.hapax.en-y0.ex-y5.ex-ext-1	baseline	0	0
qsOx.hapax.locked	qsAwe.hapax	break	0	0
qsOx.hapax.locked	qsAwe.hapax.ex-y0	break	0	0
qsOx.hapax.locked	qsEight.normal-sized-loop	break	0	0
qsOx.hapax.locked	qsEight.normal-sized-loop.ex-y0	break	0	0
qsOx.hapax.locked	qsEight.smaller-loop.ex-y0	break	0	0
qsOx.hapax.locked	qsEt.hapax	break	0	0
qsOx.hapax.locked	qsEt.hapax.ex-y0	break	0	0
qsOx.hapax.locked	qsEt.hapax.ex-y0.ex-con-1	break	0	0
qsOx.hapax.locked	qsFee.loop	break	0	0
qsOx.hapax.locked	qsFee.loop.ex-y5	break	0	0
qsOx.hapax.locked	qsFee.loop.ex-y5.ex-ext-1	break	0	0
qsOx.hapax.locked	qsFee.loop.ex-y5.ex-ext-3	break	0	0
qsOx.hapax.locked	qsJai.hapax	break	0	0
qsOx.hapax.locked	qsJai.hapax.ex-y0	break	0	0
qsOx.hapax.locked	qsJai.hapax.ex-y0.ex-ext-1	break	0	0
qsOx.hapax.locked	qsJai_qsUtter.hapax	break	0	0
qsOx.hapax.locked	qsJai_qsUtter.hapax.ex-y5	break	0	0
qsOx.hapax.locked	qsJai_qsUtter.hapax.ex-y5.ex-ext-1	break	0	0
qsOx.hapax.locked	qsNo.loop.ex-y5	break	0	0
qsOx.hapax.locked	qsOx.hapax	break	0	0
qsOx.hapax.locked	qsOx.hapax.ex-y0	break	0	0
qsOx.hapax.locked	qsOy.hapax	break	0	0
qsOx.hapax.locked	qsOy.hapax.ex-y0	break	0	0
qsOx.hapax.locked	qsPea.full	break	0	0
qsOx.hapax.locked	qsPea.full.ex-y0	break	0	0
qsOx.hapax.locked	qsPea.half.ex-y5	break	0	0
qsOx.hapax.locked	qsPea.half.ex-y6	break	0	0
qsOx.hapax.locked	qsSee.straighter.ex-y0	break	0	0
qsOx.hapax.locked	qsSee.straighter.ex-y0.ex-ext-2	break	0	0
qsOx.hapax.locked	qsSee_qsUtter.hapax	break	0	0
qsOx.hapax.locked	qsSee_qsUtter.hapax.ex-y5	break	0	0
qsOx.hapax.locked	qsSee_qsUtter.hapax.ex-y5.ex-ext-1	break	0	0
qsOx.hapax.locked	qsTea.full	break	0	0
qsOx.hapax.locked	qsTea.full.ex-y0	break	0	0
qsOx.hapax.locked	qsTea.half.ex-y5	break	0	0
qsOx.hapax.locked	qsTea_qsOy.hapax	break	0	0
qsOx.hapax.locked	qsTea_qsOy.hapax.ex-y0	break	0	0
qsOx.hapax.locked	qsUtter.alternate.ex-y0	break	0	0
qsOy.hapax	qsAwe.hapax	break	0	0
qsOy.hapax	qsAwe.hapax.ex-y0	break	0	0
qsOy.hapax	qsEight.normal-sized-loop	break	0	0
qsOy.hapax	qsEight.normal-sized-loop.ex-y0	break	0	0
qsOy.hapax	qsEight.smaller-loop.ex-y0	break	0	0
qsOy.hapax	qsEt.hapax	break	0	0
qsOy.hapax	qsEt.hapax.ex-y0	break	0	0
qsOy.hapax	qsEt.hapax.ex-y0.ex-con-1	break	0	0
qsOy.hapax	qsFee.loop	break	0	0
qsOy.hapax	qsFee.loop.ex-y5	break	0	0
qsOy.hapax	qsFee.loop.ex-y5.ex-ext-1	break	0	0
qsOy.hapax	qsFee.loop.ex-y5.ex-ext-3	break	0	0
qsOy.hapax	qsIt.hapax	break	0	0
qsOy.hapax	qsIt.hapax.ex-y0	break	0	0
qsOy.hapax	qsJai.hapax	break	0	0
qsOy.hapax	qsJai.hapax.ex-y0	break	0	0
qsOy.hapax	qsJai.hapax.ex-y0.ex-ext-1	break	0	0
qsOy.hapax	qsJai_qsUtter.hapax	break	0	0
qsOy.hapax	qsJai_qsUtter.hapax.ex-y5	break	0	0
qsOy.hapax	qsJai_qsUtter.hapax.ex-y5.ex-ext-1	break	0	0
qsOy.hapax	qsNo.loop.ex-y5	break	0	0
qsOy.hapax	qsOx.hapax	break	0	0
qsOy.hapax	qsOx.hapax.ex-y0	break	0	0
qsOy.hapax	qsOy.hapax	break	0	0
qsOy.hapax	qsOy.hapax.ex-y0	break	0	0
qsOy.hapax	qsPea.full	break	0	0
qsOy.hapax	qsPea.full.ex-y0	break	0	0
qsOy.hapax	qsPea.half.ex-y5	break	0	0
qsOy.hapax	qsPea.half.ex-y6	break	0	0
qsOy.hapax	qsSee.straighter.ex-y0	break	0	0
qsOy.hapax	qsSee.straighter.ex-y0.ex-ext-2	break	0	0
qsOy.hapax	qsSee_qsUtter.hapax	break	0	0
qsOy.hapax	qsSee_qsUtter.hapax.ex-y5	break	0	0
qsOy.hapax	qsSee_qsUtter.hapax.ex-y5.ex-ext-1	break	0	0
qsOy.hapax	qsTea.full	break	0	0
qsOy.hapax	qsTea.full.ex-y0	break	0	0
qsOy.hapax	qsTea.half.ex-y5	break	0	0
qsOy.hapax	qsTea_qsOy.hapax	break	0	0
qsOy.hapax	qsTea_qsOy.hapax.ex-y0	break	0	0
qsOy.hapax	qsUtter.alternate.ex-y0	break	0	0
qsOy.hapax.en-y5	qsAwe.hapax	break	0	0
qsOy.hapax.en-y5	qsAwe.hapax.ex-y0	break	0	0
qsOy.hapax.en-y5	qsEight.normal-sized-loop	break	0	0
qsOy.hapax.en-y5	qsEight.normal-sized-loop.ex-y0	break	0	0
qsOy.hapax.en-y5	qsEight.smaller-loop.ex-y0	break	0	0
qsOy.hapax.en-y5	qsEt.hapax	break	0	0
qsOy.hapax.en-y5	qsEt.hapax.ex-y0	break	0	0
qsOy.hapax.en-y5	qsEt.hapax.ex-y0.ex-con-1	break	0	0
qsOy.hapax.en-y5	qsFee.loop	break	0	0
qsOy.hapax.en-y5	qsFee.loop.ex-y5	break	0	0
qsOy.hapax.en-y5	qsFee.loop.ex-y5.ex-ext-1	break	0	0
qsOy.hapax.en-y5	qsFee.loop.ex-y5.ex-ext-3	break	0	0
qsOy.hapax.en-y5	qsIt.hapax	break	0	0
qsOy.hapax.en-y5	qsIt.hapax.ex-y0	break	0	0
qsOy.hapax.en-y5	qsJai.hapax	break	0	0
qsOy.hapax.en-y5	qsJai.hapax.ex-y0	break	0	0
qsOy.hapax.en-y5	qsJai.hapax.ex-y0.ex-ext-1	break	0	0
qsOy.hapax.en-y5	qsJai_qsUtter.hapax	break	0	0
qsOy.hapax.en-y5	qsJai_qsUtter.hapax.ex-y5	break	0	0
qsOy.hapax.en-y5	qsJai_qsUtter.hapax.ex-y5.ex-ext-1	break	0	0
qsOy.hapax.en-y5	qsNo.loop.ex-y5	break	0	0
qsOy.hapax.en-y5	qsOx.hapax	break	0	0
qsOy.hapax.en-y5	qsOx.hapax.ex-y0	break	0	0
qsOy.hapax.en-y5	qsOy.hapax	break	0	0
qsOy.hapax.en-y5	qsOy.hapax.ex-y0	break	0	0
qsOy.hapax.en-y5	qsPea.full	break	0	0
qsOy.hapax.en-y5	qsPea.full.ex-y0	break	0	0
qsOy.hapax.en-y5	qsPea.half.ex-y5	break	0	0
qsOy.hapax.en-y5	qsPea.half.ex-y6	break	0	0
qsOy.hapax.en-y5	qsSee.straighter.ex-y0	break	0	0
qsOy.hapax.en-y5	qsSee.straighter.ex-y0.ex-ext-2	break	0	0
qsOy.hapax.en-y5	qsSee_qsUtter.hapax	break	0	0
qsOy.hapax.en-y5	qsSee_qsUtter.hapax.ex-y5	break	0	0
qsOy.hapax.en-y5	qsSee_qsUtter.hapax.ex-y5.ex-ext-1	break	0	0
qsOy.hapax.en-y5	qsTea.full	break	0	0
qsOy.hapax.en-y5	qsTea.full.ex-y0	break	0	0
qsOy.hapax.en-y5	qsTea.half.ex-y5	break	0	0
qsOy.hapax.en-y5	qsTea_qsOy.hapax	break	0	0
qsOy.hapax.en-y5	qsTea_qsOy.hapax.ex-y0	break	0	0
qsOy.hapax.en-y5	qsUtter.alternate.ex-y0	break	0	0
qsOy.hapax.en-y5.ex-y0	qsAh.hapax.en-y0	baseline	0	0
qsOy.hapax.en-y5.ex-y0	qsAh.hapax.en-y0.ex-y5	baseline	0	0
qsOy.hapax.en-y5.ex-y0	qsAh.hapax.en-y0.ex-y5.ex-ext-1	baseline	0	0
qsOy.hapax.en-y5.ex-y0	qsDay.half.en-y0	baseline	0	0
qsOy.hapax.en-y5.ex-y0	qsDay.half.en-y0.ex-y0	baseline	0	0
qsOy.hapax.en-y5.ex-y0	qsDay_qsUtter.half.en-y0	baseline	0	0
qsOy.hapax.en-y5.ex-y0	qsDay_qsUtter.half.en-y0.ex-y5	baseline	0	0
qsOy.hapax.en-y5.ex-y0	qsDay_qsUtter.half.en-y0.ex-y5.ex-ext-1	baseline	0	0
qsOy.hapax.en-y5.ex-y0	qsI.loop.en-y0	baseline	0	0
qsOy.hapax.en-y5.ex-y0	qsI.loop.en-y0.ex-y5	baseline	0	0
qsOy.hapax.en-y5.ex-y0	qsI.loop.en-y0.ex-y5.ex-ext-1	baseline	0	0
qsOy.hapax.en-y5.ex-y0	qsIt.hapax.en-y0	baseline	0	0
qsOy.hapax.en-y5.ex-y0	qsIt.hapax.en-y0.ex-y5	baseline	0	0
qsOy.hapax.en-y5.ex-y0	qsIt.hapax.en-y0.ex-y5.ex-ext-1	baseline	0	0
qsOy.hapax.en-y5.ex-y0	qsLow.hapax.en-y0	baseline	0	0
qsOy.hapax.en-y5.ex-y0	qsLow.hapax.en-y0.ex-y5	baseline	0	0
qsOy.hapax.en-y5.ex-y0	qsLow.hapax.en-y0.ex-y5.ex-ext-1	baseline	0	0
qsOy.hapax.en-y5.ex-y0	qsMay.loop.en-y0	baseline	0	0
qsOy.hapax.en-y5.ex-y0	qsMay.loop.en-y0.ex-y5.ex-ext-1	baseline	0	0
qsOy.hapax.en-y5.ex-y0	qsMay.loop.en-y0.ex-y5.ex-ext-2	baseline	0	0
qsOy.hapax.en-y5.ex-y0	qsNo.flipped.en-y0	baseline	0	0
qsOy.hapax.en-y5.ex-y0	qsNo.flipped.en-y0.ex-y0	baseline	0	0
qsOy.hapax.en-y5.ex-y0	qsOut.normal.en-y0	baseline	0	0
qsOy.hapax.en-y5.ex-y0	qsOut.swept-up.en-y0.ex-y5	baseline	0	0
qsOy.hapax.en-y5.ex-y0	qsOut.swept-up.en-y0.ex-y5.ex-ext-1	baseline	0	0
qsOy.hapax.en-y5.ex-y0	qsOut_qsTea.hapax.en-y0	baseline	0	0
qsOy.hapax.en-y5.ex-y0	qsRoe.hapax.en-y0	baseline	0	0
qsOy.hapax.en-y5.ex-y0	qsRoe.hapax.en-y0.ex-y5	baseline	0	0
qsOy.hapax.en-y5.ex-y0	qsSee.curled-over.en-y0.ex-y6	baseline	0	0
qsOy.hapax.en-y5.ex-y0	qsSee.normal.en-y0	baseline	0	0
qsOy.hapax.en-y5.ex-y0	qsSee.normal.en-y0.ex-y8	baseline	0	0
qsOy.hapax.en-y5.ex-y0	qsTea.full.en-y0	baseline	0	0
qsOy.hapax.en-y5.ex-y0	qsUtter.mono.en-y0	baseline	0	0
qsOy.hapax.en-y5.ex-y0	qsUtter.mono.en-y0.ex-y5	baseline	0	0
qsOy.hapax.en-y5.ex-y0	qsUtter.mono.en-y0.ex-y5.ex-ext-1	baseline	0	0
qsOy.hapax.en-y5.ex-y0	qsVie.normal.en-y0	baseline	0	0
qsOy.hapax.en-y5.ex-y0	qsVie.swept-out.en-y0.ex-y0	baseline	0	0
qsOy.hapax.en-y5.ex-y0	qsVie_qsUtter.hapax.en-y0	baseline	0	0
qsOy.hapax.en-y5.ex-y0	qsVie_qsUtter.hapax.en-y0.ex-y5	baseline	0	0
qsOy.hapax.en-y5.ex-y0	qsVie_qsUtter.hapax.en-y0.ex-y5.ex-ext-1	baseline	0	0
qsOy.hapax.ex-y0	qsAh.hapax.en-y0	baseline	0	0
qsOy.hapax.ex-y0	qsAh.hapax.en-y0.ex-y5	baseline	0	0
qsOy.hapax.ex-y0	qsAh.hapax.en-y0.ex-y5.ex-ext-1	baseline	0	0
qsOy.hapax.ex-y0	qsDay.half.en-y0	baseline	0	0
qsOy.hapax.ex-y0	qsDay.half.en-y0.ex-y0	baseline	0	0
qsOy.hapax.ex-y0	qsDay_qsUtter.half.en-y0	baseline	0	0
qsOy.hapax.ex-y0	qsDay_qsUtter.half.en-y0.ex-y5	baseline	0	0
qsOy.hapax.ex-y0	qsDay_qsUtter.half.en-y0.ex-y5.ex-ext-1	baseline	0	0
qsOy.hapax.ex-y0	qsI.loop.en-y0	baseline	0	0
qsOy.hapax.ex-y0	qsI.loop.en-y0.ex-y5	baseline	0	0
qsOy.hapax.ex-y0	qsI.loop.en-y0.ex-y5.ex-ext-1	baseline	0	0
qsOy.hapax.ex-y0	qsIt.hapax.en-y0	baseline	0	0
qsOy.hapax.ex-y0	qsIt.hapax.en-y0.ex-y5	baseline	0	0
qsOy.hapax.ex-y0	qsIt.hapax.en-y0.ex-y5.ex-ext-1	baseline	0	0
qsOy.hapax.ex-y0	qsLow.hapax.en-y0	baseline	0	0
qsOy.hapax.ex-y0	qsLow.hapax.en-y0.ex-y5	baseline	0	0
qsOy.hapax.ex-y0	qsLow.hapax.en-y0.ex-y5.ex-ext-1	baseline	0	0
qsOy.hapax.ex-y0	qsMay.loop.en-y0	baseline	0	0
qsOy.hapax.ex-y0	qsMay.loop.en-y0.ex-y5.ex-ext-1	baseline	0	0
qsOy.hapax.ex-y0	qsMay.loop.en-y0.ex-y5.ex-ext-2	baseline	0	0
qsOy.hapax.ex-y0	qsNo.flipped.en-y0	baseline	0	0
qsOy.hapax.ex-y0	qsNo.flipped.en-y0.ex-y0	baseline	0	0
qsOy.hapax.ex-y0	qsOut.normal.en-y0	baseline	0	0
qsOy.hapax.ex-y0	qsOut.swept-up.en-y0.ex-y5	baseline	0	0
qsOy.hapax.ex-y0	qsOut.swept-up.en-y0.ex-y5.ex-ext-1	baseline	0	0
qsOy.hapax.ex-y0	qsOut_qsTea.hapax.en-y0	baseline	0	0
qsOy.hapax.ex-y0	qsRoe.hapax.en-y0	baseline	0	0
qsOy.hapax.ex-y0	qsRoe.hapax.en-y0.ex-y5	baseline	0	0
qsOy.hapax.ex-y0	qsSee.curled-over.en-y0.ex-y6	baseline	0	0
qsOy.hapax.ex-y0	qsSee.normal.en-y0	baseline	0	0
qsOy.hapax.ex-y0	qsSee.normal.en-y0.ex-y8	baseline	0	0
qsOy.hapax.ex-y0	qsTea.full.en-y0	baseline	0	0
qsOy.hapax.ex-y0	qsUtter.mono.en-y0	baseline	0	0
qsOy.hapax.ex-y0	qsUtter.mono.en-y0.ex-y5	baseline	0	0
qsOy.hapax.ex-y0	qsUtter.mono.en-y0.ex-y5.ex-ext-1	baseline	0	0
qsOy.hapax.ex-y0	qsVie.normal.en-y0	baseline	0	0
qsOy.hapax.ex-y0	qsVie.swept-out.en-y0.ex-y0	baseline	0	0
qsOy.hapax.ex-y0	qsVie_qsUtter.hapax.en-y0	baseline	0	0
qsOy.hapax.ex-y0	qsVie_qsUtter.hapax.en-y0.ex-y5	baseline	0	0
qsOy.hapax.ex-y0	qsVie_qsUtter.hapax.en-y0.ex-y5.ex-ext-1	baseline	0	0
qsOy.hapax.ex-y0.locked	qsAh.hapax.en-y0	baseline	0	0
qsOy.hapax.ex-y0.locked	qsAh.hapax.en-y0.ex-y5	baseline	0	0
qsOy.hapax.ex-y0.locked	qsAh.hapax.en-y0.ex-y5.ex-ext-1	baseline	0	0
qsOy.hapax.ex-y0.locked	qsDay.half.en-y0	baseline	0	0
qsOy.hapax.ex-y0.locked	qsDay.half.en-y0.ex-y0	baseline	0	0
qsOy.hapax.ex-y0.locked	qsDay_qsUtter.half.en-y0	baseline	0	0
qsOy.hapax.ex-y0.locked	qsDay_qsUtter.half.en-y0.ex-y5	baseline	0	0
qsOy.hapax.ex-y0.locked	qsDay_qsUtter.half.en-y0.ex-y5.ex-ext-1	baseline	0	0
qsOy.hapax.ex-y0.locked	qsI.loop.en-y0	baseline	0	0
qsOy.hapax.ex-y0.locked	qsI.loop.en-y0.ex-y5	baseline	0	0
qsOy.hapax.ex-y0.locked	qsI.loop.en-y0.ex-y5.ex-ext-1	baseline	0	0
qsOy.hapax.ex-y0.locked	qsIt.hapax.en-y0	baseline	0	0
qsOy.hapax.ex-y0.locked	qsIt.hapax.en-y0.ex-y5	baseline	0	0
qsOy.hapax.ex-y0.locked	qsIt.hapax.en-y0.ex-y5.ex-ext-1	baseline	0	0
qsOy.hapax.ex-y0.locked	qsLow.hapax.en-y0	baseline	0	0
qsOy.hapax.ex-y0.locked	qsLow.hapax.en-y0.ex-y5	baseline	0	0
qsOy.hapax.ex-y0.locked	qsLow.hapax.en-y0.ex-y5.ex-ext-1	baseline	0	0
qsOy.hapax.ex-y0.locked	qsMay.loop.en-y0	baseline	0	0
qsOy.hapax.ex-y0.locked	qsMay.loop.en-y0.ex-y5.ex-ext-1	baseline	0	0
qsOy.hapax.ex-y0.locked	qsMay.loop.en-y0.ex-y5.ex-ext-2	baseline	0	0
qsOy.hapax.ex-y0.locked	qsNo.flipped.en-y0	baseline	0	0
qsOy.hapax.ex-y0.locked	qsNo.flipped.en-y0.ex-y0	baseline	0	0
qsOy.hapax.ex-y0.locked	qsOut.normal.en-y0	baseline	0	0
qsOy.hapax.ex-y0.locked	qsOut.swept-up.en-y0.ex-y5	baseline	0	0
qsOy.hapax.ex-y0.locked	qsOut.swept-up.en-y0.ex-y5.ex-ext-1	baseline	0	0
qsOy.hapax.ex-y0.locked	qsOut_qsTea.hapax.en-y0	baseline	0	0
qsOy.hapax.ex-y0.locked	qsRoe.hapax.en-y0	baseline	0	0
qsOy.hapax.ex-y0.locked	qsRoe.hapax.en-y0.ex-y5	baseline	0	0
qsOy.hapax.ex-y0.locked	qsSee.curled-over.en-y0.ex-y6	baseline	0	0
qsOy.hapax.ex-y0.locked	qsSee.normal.en-y0	baseline	0	0
qsOy.hapax.ex-y0.locked	qsSee.normal.en-y0.ex-y8	baseline	0	0
qsOy.hapax.ex-y0.locked	qsTea.full.en-y0	baseline	0	0
qsOy.hapax.ex-y0.locked	qsUtter.mono.en-y0	baseline	0	0
qsOy.hapax.ex-y0.locked	qsUtter.mono.en-y0.ex-y5	baseline	0	0
qsOy.hapax.ex-y0.locked	qsUtter.mono.en-y0.ex-y5.ex-ext-1	baseline	0	0
qsOy.hapax.ex-y0.locked	qsVie.normal.en-y0	baseline	0	0
qsOy.hapax.ex-y0.locked	qsVie.swept-out.en-y0.ex-y0	baseline	0	0
qsOy.hapax.ex-y0.locked	qsVie_qsUtter.hapax.en-y0	baseline	0	0
qsOy.hapax.ex-y0.locked	qsVie_qsUtter.hapax.en-y0.ex-y5	baseline	0	0
qsOy.hapax.ex-y0.locked	qsVie_qsUtter.hapax.en-y0.ex-y5.ex-ext-1	baseline	0	0
qsOy.hapax.locked	qsAwe.hapax	break	0	0
qsOy.hapax.locked	qsAwe.hapax.ex-y0	break	0	0
qsOy.hapax.locked	qsEight.normal-sized-loop	break	0	0
qsOy.hapax.locked	qsEight.normal-sized-loop.ex-y0	break	0	0
qsOy.hapax.locked	qsEight.smaller-loop.ex-y0	break	0	0
qsOy.hapax.locked	qsEt.hapax	break	0	0
qsOy.hapax.locked	qsEt.hapax.ex-y0	break	0	0
qsOy.hapax.locked	qsEt.hapax.ex-y0.ex-con-1	break	0	0
qsOy.hapax.locked	qsFee.loop	break	0	0
qsOy.hapax.locked	qsFee.loop.ex-y5	break	0	0
qsOy.hapax.locked	qsFee.loop.ex-y5.ex-ext-1	break	0	0
qsOy.hapax.locked	qsFee.loop.ex-y5.ex-ext-3	break	0	0
qsOy.hapax.locked	qsIt.hapax	break	0	0
qsOy.hapax.locked	qsIt.hapax.ex-y0	break	0	0
qsOy.hapax.locked	qsJai.hapax	break	0	0
qsOy.hapax.locked	qsJai.hapax.ex-y0	break	0	0
qsOy.hapax.locked	qsJai.hapax.ex-y0.ex-ext-1	break	0	0
qsOy.hapax.locked	qsJai_qsUtter.hapax	break	0	0
qsOy.hapax.locked	qsJai_qsUtter.hapax.ex-y5	break	0	0
qsOy.hapax.locked	qsJai_qsUtter.hapax.ex-y5.ex-ext-1	break	0	0
qsOy.hapax.locked	qsNo.loop.ex-y5	break	0	0
qsOy.hapax.locked	qsOx.hapax	break	0	0
qsOy.hapax.locked	qsOx.hapax.ex-y0	break	0	0
qsOy.hapax.locked	qsOy.hapax	break	0	0
qsOy.hapax.locked	qsOy.hapax.ex-y0	break	0	0
qsOy.hapax.locked	qsPea.full	break	0	0
qsOy.hapax.locked	qsPea.full.ex-y0	break	0	0
qsOy.hapax.locked	qsPea.half.ex-y5	break	0	0
qsOy.hapax.locked	qsPea.half.ex-y6	break	0	0
qsOy.hapax.locked	qsSee.straighter.ex-y0	break	0	0
qsOy.hapax.locked	qsSee.straighter.ex-y0.ex-ext-2	break	0	0
qsOy.hapax.locked	qsSee_qsUtter.hapax	break	0	0
qsOy.hapax.locked	qsSee_qsUtter.hapax.ex-y5	break	0	0
qsOy.hapax.locked	qsSee_qsUtter.hapax.ex-y5.ex-ext-1	break	0	0
qsOy.hapax.locked	qsTea.full	break	0	0
qsOy.hapax.locked	qsTea.full.ex-y0	break	0	0
qsOy.hapax.locked	qsTea.half.ex-y5	break	0	0
qsOy.hapax.locked	qsTea_qsOy.hapax	break	0	0
qsOy.hapax.locked	qsTea_qsOy.hapax.ex-y0	break	0	0
qsOy.hapax.locked	qsUtter.alternate.ex-y0	break	0	0
qsPea.full	qsFee.loop	break	0	0
qsPea.full	qsFee.loop.ex-y5	break	0	0
qsPea.full	qsFee.loop.ex-y5.ex-ext-1	break	0	0
qsPea.full	qsFee.loop.ex-y5.ex-ext-3	break	0	0
qsPea.full	qsIt.hapax.ex-y5	break	0	0
qsPea.full	qsIt.hapax.ex-y5.ex-ext-1	break	0	0
qsPea.full	qsOy.hapax	break	0	0
qsPea.full	qsOy.hapax.ex-y0	break	0	0
qsPea.full	qsSee.straighter.ex-y0	break	0	0
qsPea.full	qsSee.straighter.ex-y0.ex-ext-2	break	0	0
qsPea.full	qsSee_qsUtter.hapax	break	0	0
qsPea.full	qsSee_qsUtter.hapax.ex-y5	break	0	0
qsPea.full	qsSee_qsUtter.hapax.ex-y5.ex-ext-1	break	0	0
qsPea.full	qsTea.full	break	0	0
qsPea.full	qsTea.full.ex-y0	break	0	0
qsPea.full	qsTea.half.ex-y5	break	0	0
qsPea.full	qsTea_qsOy.hapax	break	0	0
qsPea.full	qsTea_qsOy.hapax.ex-y0	break	0	0
qsPea.full	qsUtter.alternate.ex-y0	break	0	0
qsPea.full.en-y0	qsAh.hapax	break	0	0
qsPea.full.en-y0	qsAh.hapax.ex-y5	break	0	0
qsPea.full.en-y0	qsAh.hapax.ex-y5.ex-ext-1	break	0	0
qsPea.full.en-y0	qsAwe.hapax	break	0	0
qsPea.full.en-y0	qsAwe.hapax.ex-y0	break	0	0
qsPea.full.en-y0	qsDay.full	break	0	0
qsPea.full.en-y0	qsDay.full.ex-y0	break	0	0
qsPea.full.en-y0	qsDay_qsUtter.full	break	0	0
qsPea.full.en-y0	qsDay_qsUtter.full.ex-y5	break	0	0
qsPea.full.en-y0	qsDay_qsUtter.full.ex-y5.ex-ext-1	break	0	0
qsPea.full.en-y0	qsEight.normal-sized-loop	break	0	0
qsPea.full.en-y0	qsEight.normal-sized-loop.ex-y0	break	0	0
qsPea.full.en-y0	qsEight.smaller-loop.ex-y0	break	0	0
qsPea.full.en-y0	qsEt.hapax	break	0	0
qsPea.full.en-y0	qsEt.hapax.ex-y0	break	0	0
qsPea.full.en-y0	qsEt.hapax.ex-y0.ex-con-1	break	0	0
qsPea.full.en-y0	qsFee.loop	break	0	0
qsPea.full.en-y0	qsFee.loop.ex-y5	break	0	0
qsPea.full.en-y0	qsFee.loop.ex-y5.ex-ext-1	break	0	0
qsPea.full.en-y0	qsFee.loop.ex-y5.ex-ext-3	break	0	0
qsPea.full.en-y0	qsI.loop	break	0	0
qsPea.full.en-y0	qsI.loop.ex-y5	break	0	0
qsPea.full.en-y0	qsI.loop.ex-y5.ex-ext-1	break	0	0
qsPea.full.en-y0	qsIt.hapax	break	0	0
qsPea.full.en-y0	qsIt.hapax.ex-y0	break	0	0
qsPea.full.en-y0	qsIt.hapax.ex-y5	break	0	0
qsPea.full.en-y0	qsIt.hapax.ex-y5.ex-ext-1	break	0	0
qsPea.full.en-y0	qsJai.hapax	break	0	0
qsPea.full.en-y0	qsJai.hapax.ex-y0	break	0	0
qsPea.full.en-y0	qsJai.hapax.ex-y0.ex-ext-1	break	0	0
qsPea.full.en-y0	qsJai_qsUtter.hapax	break	0	0
qsPea.full.en-y0	qsJai_qsUtter.hapax.ex-y5	break	0	0
qsPea.full.en-y0	qsJai_qsUtter.hapax.ex-y5.ex-ext-1	break	0	0
qsPea.full.en-y0	qsLow.hapax	break	0	0
qsPea.full.en-y0	qsLow.hapax.ex-y5	break	0	0
qsPea.full.en-y0	qsLow.hapax.ex-y5.ex-ext-1	break	0	0
qsPea.full.en-y0	qsMay.grounded-loop.ex-y0	break	0	0
qsPea.full.en-y0	qsMay.loop	break	0	0
qsPea.full.en-y0	qsMay.loop.ex-y5	break	0	0
qsPea.full.en-y0	qsMay.loop.ex-y5.ex-ext-1	break	0	0
qsPea.full.en-y0	qsMay.loop.ex-y5.ex-ext-2	break	0	0
qsPea.full.en-y0	qsNo.flipped.ex-y0	break	0	0
qsPea.full.en-y0	qsNo.loop	break	0	0
qsPea.full.en-y0	qsNo.loop.ex-y5	break	0	0
qsPea.full.en-y0	qsNo.loop.ex-y5.ex-ext-1	break	0	0
qsPea.full.en-y0	qsOut.normal	break	0	0
qsPea.full.en-y0	qsOut.swept-up.ex-y5	break	0	0
qsPea.full.en-y0	qsOut.swept-up.ex-y5.ex-ext-1	break	0	0
qsPea.full.en-y0	qsOut_qsTea.hapax	break	0	0
qsPea.full.en-y0	qsOx.hapax	break	0	0
qsPea.full.en-y0	qsOx.hapax.ex-y0	break	0	0
qsPea.full.en-y0	qsOy.hapax	break	0	0
qsPea.full.en-y0	qsOy.hapax.ex-y0	break	0	0
qsPea.full.en-y0	qsPea.full	break	0	0
qsPea.full.en-y0	qsPea.full.ex-y0	break	0	0
qsPea.full.en-y0	qsPea.half.ex-y5	break	0	0
qsPea.full.en-y0	qsPea.half.ex-y6	break	0	0
qsPea.full.en-y0	qsRoe.hapax	break	0	0
qsPea.full.en-y0	qsRoe.hapax.ex-y0	break	0	0
qsPea.full.en-y0	qsRoe.hapax.ex-y0.ex-ext-1	break	0	0
qsPea.full.en-y0	qsRoe.hapax.ex-y5	break	0	0
qsPea.full.en-y0	qsSee.curled-over.ex-y6	break	0	0
qsPea.full.en-y0	qsSee.normal	break	0	0
qsPea.full.en-y0	qsSee.normal.ex-y8	break	0	0
qsPea.full.en-y0	qsSee.straighter.ex-y0	break	0	0
qsPea.full.en-y0	qsSee.straighter.ex-y0.ex-ext-2	break	0	0
qsPea.full.en-y0	qsSee_qsUtter.hapax	break	0	0
qsPea.full.en-y0	qsSee_qsUtter.hapax.ex-y5	break	0	0
qsPea.full.en-y0	qsSee_qsUtter.hapax.ex-y5.ex-ext-1	break	0	0
qsPea.full.en-y0	qsTea.full	break	0	0
qsPea.full.en-y0	qsTea.full.ex-y0	break	0	0
qsPea.full.en-y0	qsTea.half.ex-y5	break	0	0
qsPea.full.en-y0	qsTea_qsOy.hapax	break	0	0
qsPea.full.en-y0	qsTea_qsOy.hapax.ex-y0	break	0	0
qsPea.full.en-y0	qsUtter.alternate.ex-y0	break	0	0
qsPea.full.en-y0	qsUtter.mono	break	0	0
qsPea.full.en-y0	qsUtter.mono.ex-y5	break	0	0
qsPea.full.en-y0	qsUtter.mono.ex-y5.ex-ext-1	break	0	0
qsPea.full.en-y0	qsVie.normal	break	0	0
qsPea.full.en-y0	qsVie.swept-out.ex-y0	break	0	0
qsPea.full.en-y0	qsVie_qsUtter.hapax	break	0	0
qsPea.full.en-y0	qsVie_qsUtter.hapax.ex-y5	break	0	0
qsPea.full.en-y0	qsVie_qsUtter.hapax.ex-y5.ex-ext-1	break	0	0
qsPea.full.en-y5	qsFee.loop	break	0	0
qsPea.full.en-y5	qsFee.loop.ex-y5	break	0	0
qsPea.full.en-y5	qsFee.loop.ex-y5.ex-ext-1	break	0	0
qsPea.full.en-y5	qsFee.loop.ex-y5.ex-ext-3	break	0	0
qsPea.full.en-y5	qsIt.hapax.ex-y5	break	0	0
qsPea.full.en-y5	qsIt.hapax.ex-y5.ex-ext-1	break	0	0
qsPea.full.en-y5	qsOy.hapax	break	0	0
qsPea.full.en-y5	qsOy.hapax.ex-y0	break	0	0
qsPea.full.en-y5	qsSee.straighter.ex-y0	break	0	0
qsPea.full.en-y5	qsSee.straighter.ex-y0.ex-ext-2	break	0	0
qsPea.full.en-y5	qsSee_qsUtter.hapax	break	0	0
qsPea.full.en-y5	qsSee_qsUtter.hapax.ex-y5	break	0	0
qsPea.full.en-y5	qsSee_qsUtter.hapax.ex-y5.ex-ext-1	break	0	0
qsPea.full.en-y5	qsTea.full	break	0	0
qsPea.full.en-y5	qsTea.full.ex-y0	break	0	0
qsPea.full.en-y5	qsTea.half.ex-y5	break	0	0
qsPea.full.en-y5	qsTea_qsOy.hapax	break	0	0
qsPea.full.en-y5	qsTea_qsOy.hapax.ex-y0	break	0	0
qsPea.full.en-y5	qsUtter.alternate.ex-y0	break	0	0
qsPea.full.en-y5.ex-y0	qsAh.hapax.en-y0	baseline	0	0
qsPea.full.en-y5.ex-y0	qsAh.hapax.en-y0.ex-y5	baseline	0	0
qsPea.full.en-y5.ex-y0	qsAh.hapax.en-y0.ex-y5.ex-ext-1	baseline	0	0
qsPea.full.en-y5.ex-y0	qsDay.half.en-y0	baseline	0	0
qsPea.full.en-y5.ex-y0	qsDay.half.en-y0.ex-y0	baseline	0	0
qsPea.full.en-y5.ex-y0	qsDay_qsUtter.half.en-y0	baseline	0	0
qsPea.full.en-y5.ex-y0	qsDay_qsUtter.half.en-y0.ex-y5	baseline	0	0
qsPea.full.en-y5.ex-y0	qsDay_qsUtter.half.en-y0.ex-y5.ex-ext-1	baseline	0	0
qsPea.full.en-y5.ex-y0	qsI.smaller-loop.en-y0	baseline	0	0
qsPea.full.en-y5.ex-y0	qsI.smaller-loop.en-y0.ex-y5	baseline	0	0
qsPea.full.en-y5.ex-y0	qsI.smaller-loop.en-y0.ex-y5.ex-ext-1	baseline	0	0
qsPea.full.en-y5.ex-y0	qsLow.hapax.en-y0	baseline	0	0
qsPea.full.en-y5.ex-y0	qsLow.hapax.en-y0.ex-y5	baseline	0	0
qsPea.full.en-y5.ex-y0	qsLow.hapax.en-y0.ex-y5.ex-ext-1	baseline	0	0
qsPea.full.en-y5.ex-y0	qsMay.loop.en-y0	baseline	0	0
qsPea.full.en-y5.ex-y0	qsMay.loop.en-y0.ex-y5.ex-ext-1	baseline	0	0
qsPea.full.en-y5.ex-y0	qsMay.loop.en-y0.ex-y5.ex-ext-2	baseline	0	0
qsPea.full.en-y5.ex-y0	qsNo.flipped.en-y0	baseline	0	0
qsPea.full.en-y5.ex-y0	qsNo.flipped.en-y0.ex-y0	baseline	0	0
qsPea.full.en-y5.ex-y0	qsOut.normal.en-y0	baseline	0	0
qsPea.full.en-y5.ex-y0	qsOut.swept-up.en-y0.ex-y5	baseline	0	0
qsPea.full.en-y5.ex-y0	qsOut.swept-up.en-y0.ex-y5.ex-ext-1	baseline	0	0
qsPea.full.en-y5.ex-y0	qsOut_qsTea.hapax.en-y0	baseline	0	0
qsPea.full.en-y5.ex-y0	qsRoe.hapax.en-y0.ex-y5.en-con-1	baseline	-1	0
qsPea.full.en-y5.ex-y0	qsSee.curled-over.en-y0.ex-y6	baseline	0	0
qsPea.full.en-y5.ex-y0	qsSee.normal.en-y0	baseline	0	0
qsPea.full.en-y5.ex-y0	qsSee.normal.en-y0.ex-y8	baseline	0	0
qsPea.full.en-y5.ex-y0	qsUtter.mono.en-y0	baseline	0	0
qsPea.full.en-y5.ex-y0	qsUtter.mono.en-y0.ex-y5	baseline	0	0
qsPea.full.en-y5.ex-y0	qsUtter.mono.en-y0.ex-y5.ex-ext-1	baseline	0	0
qsPea.full.en-y5.ex-y0	qsVie.normal.en-y0	baseline	0	0
qsPea.full.en-y5.ex-y0	qsVie.swept-out.en-y0.ex-y0	baseline	0	0
qsPea.full.en-y5.ex-y0	qsVie_qsUtter.hapax.en-y0	baseline	0	0
qsPea.full.en-y5.ex-y0	qsVie_qsUtter.hapax.en-y0.ex-y5	baseline	0	0
qsPea.full.en-y5.ex-y0	qsVie_qsUtter.hapax.en-y0.ex-y5.ex-ext-1	baseline	0	0
qsPea.full.en-y6	qsFee.loop	break	0	0
qsPea.full.en-y6	qsFee.loop.ex-y5	break	0	0
qsPea.full.en-y6	qsFee.loop.ex-y5.ex-ext-1	break	0	0
qsPea.full.en-y6	qsFee.loop.ex-y5.ex-ext-3	break	0	0
qsPea.full.en-y6	qsIt.hapax.ex-y5	break	0	0
qsPea.full.en-y6	qsIt.hapax.ex-y5.ex-ext-1	break	0	0
qsPea.full.en-y6	qsOy.hapax	break	0	0
qsPea.full.en-y6	qsOy.hapax.ex-y0	break	0	0
qsPea.full.en-y6	qsSee.straighter.ex-y0	break	0	0
qsPea.full.en-y6	qsSee.straighter.ex-y0.ex-ext-2	break	0	0
qsPea.full.en-y6	qsSee_qsUtter.hapax	break	0	0
qsPea.full.en-y6	qsSee_qsUtter.hapax.ex-y5	break	0	0
qsPea.full.en-y6	qsSee_qsUtter.hapax.ex-y5.ex-ext-1	break	0	0
qsPea.full.en-y6	qsTea.full	break	0	0
qsPea.full.en-y6	qsTea.full.ex-y0	break	0	0
qsPea.full.en-y6	qsTea.half.ex-y5	break	0	0
qsPea.full.en-y6	qsTea_qsOy.hapax	break	0	0
qsPea.full.en-y6	qsTea_qsOy.hapax.ex-y0	break	0	0
qsPea.full.en-y6	qsUtter.alternate.ex-y0	break	0	0
qsPea.full.en-y6.ex-y0	qsAh.hapax.en-y0	baseline	0	0
qsPea.full.en-y6.ex-y0	qsAh.hapax.en-y0.ex-y5	baseline	0	0
qsPea.full.en-y6.ex-y0	qsAh.hapax.en-y0.ex-y5.ex-ext-1	baseline	0	0
qsPea.full.en-y6.ex-y0	qsDay.half.en-y0	baseline	0	0
qsPea.full.en-y6.ex-y0	qsDay.half.en-y0.ex-y0	baseline	0	0
qsPea.full.en-y6.ex-y0	qsI.smaller-loop.en-y0	baseline	0	0
qsPea.full.en-y6.ex-y0	qsI.smaller-loop.en-y0.ex-y5	baseline	0	0
qsPea.full.en-y6.ex-y0	qsI.smaller-loop.en-y0.ex-y5.ex-ext-1	baseline	0	0
qsPea.full.en-y6.ex-y0	qsLow.hapax.en-y0	baseline	0	0
qsPea.full.en-y6.ex-y0	qsLow.hapax.en-y0.ex-y5	baseline	0	0
qsPea.full.en-y6.ex-y0	qsLow.hapax.en-y0.ex-y5.ex-ext-1	baseline	0	0
qsPea.full.en-y6.ex-y0	qsMay.loop.en-y0	baseline	0	0
qsPea.full.en-y6.ex-y0	qsMay.loop.en-y0.ex-y5.ex-ext-1	baseline	0	0
qsPea.full.en-y6.ex-y0	qsMay.loop.en-y0.ex-y5.ex-ext-2	baseline	0	0
qsPea.full.en-y6.ex-y0	qsNo.flipped.en-y0	baseline	0	0
qsPea.full.en-y6.ex-y0	qsNo.flipped.en-y0.ex-y0	baseline	0	0
qsPea.full.en-y6.ex-y0	qsOut.normal.en-y0	baseline	0	0
qsPea.full.en-y6.ex-y0	qsOut.swept-up.en-y0.ex-y5	baseline	0	0
qsPea.full.en-y6.ex-y0	qsOut.swept-up.en-y0.ex-y5.ex-ext-1	baseline	0	0
qsPea.full.en-y6.ex-y0	qsOut_qsTea.hapax.en-y0	baseline	0	0
qsPea.full.en-y6.ex-y0	qsRoe.hapax.en-y0.ex-y5.en-con-1	baseline	-1	0
qsPea.full.en-y6.ex-y0	qsSee.curled-over.en-y0.ex-y6	baseline	0	0
qsPea.full.en-y6.ex-y0	qsSee.normal.en-y0	baseline	0	0
qsPea.full.en-y6.ex-y0	qsSee.normal.en-y0.ex-y8	baseline	0	0
qsPea.full.en-y6.ex-y0	qsUtter.mono.en-y0	baseline	0	0
qsPea.full.en-y6.ex-y0	qsUtter.mono.en-y0.ex-y5	baseline	0	0
qsPea.full.en-y6.ex-y0	qsUtter.mono.en-y0.ex-y5.ex-ext-1	baseline	0	0
qsPea.full.en-y6.ex-y0	qsVie.normal.en-y0	baseline	0	0
qsPea.full.en-y6.ex-y0	qsVie.swept-out.en-y0.ex-y0	baseline	0	0
qsPea.full.en-y6.ex-y0	qsVie_qsUtter.hapax.en-y0	baseline	0	0
qsPea.full.en-y6.ex-y0	qsVie_qsUtter.hapax.en-y0.ex-y5	baseline	0	0
qsPea.full.en-y6.ex-y0	qsVie_qsUtter.hapax.en-y0.ex-y5.ex-ext-1	baseline	0	0
qsPea.full.ex-y0	qsAh.hapax.en-y0	baseline	0	0
qsPea.full.ex-y0	qsAh.hapax.en-y0.ex-y5	baseline	0	0
qsPea.full.ex-y0	qsAh.hapax.en-y0.ex-y5.ex-ext-1	baseline	0	0
qsPea.full.ex-y0	qsDay.half.en-y0	baseline	0	0
qsPea.full.ex-y0	qsDay.half.en-y0.ex-y0	baseline	0	0
qsPea.full.ex-y0	qsDay_qsUtter.half.en-y0	baseline	0	0
qsPea.full.ex-y0	qsDay_qsUtter.half.en-y0.ex-y5	baseline	0	0
qsPea.full.ex-y0	qsDay_qsUtter.half.en-y0.ex-y5.ex-ext-1	baseline	0	0
qsPea.full.ex-y0	qsI.smaller-loop.en-y0	baseline	0	0
qsPea.full.ex-y0	qsI.smaller-loop.en-y0.ex-y5	baseline	0	0
qsPea.full.ex-y0	qsI.smaller-loop.en-y0.ex-y5.ex-ext-1	baseline	0	0
qsPea.full.ex-y0	qsLow.hapax.en-y0	baseline	0	0
qsPea.full.ex-y0	qsLow.hapax.en-y0.ex-y5	baseline	0	0
qsPea.full.ex-y0	qsLow.hapax.en-y0.ex-y5.ex-ext-1	baseline	0	0
qsPea.full.ex-y0	qsMay.loop.en-y0	baseline	0	0
qsPea.full.ex-y0	qsMay.loop.en-y0.ex-y5.ex-ext-1	baseline	0	0
qsPea.full.ex-y0	qsMay.loop.en-y0.ex-y5.ex-ext-2	baseline	0	0
qsPea.full.ex-y0	qsNo.flipped.en-y0	baseline	0	0
qsPea.full.ex-y0	qsNo.flipped.en-y0.ex-y0	baseline	0	0
qsPea.full.ex-y0	qsOut.normal.en-y0	baseline	0	0
qsPea.full.ex-y0	qsOut.swept-up.en-y0.ex-y5	baseline	0	0
qsPea.full.ex-y0	qsOut.swept-up.en-y0.ex-y5.ex-ext-1	baseline	0	0
qsPea.full.ex-y0	qsOut_qsTea.hapax.en-y0	baseline	0	0
qsPea.full.ex-y0	qsRoe.hapax.en-y0.ex-y5.en-con-1	baseline	-1	0
qsPea.full.ex-y0	qsSee.curled-over.en-y0.ex-y6	baseline	0	0
qsPea.full.ex-y0	qsSee.normal.en-y0	baseline	0	0
qsPea.full.ex-y0	qsSee.normal.en-y0.ex-y8	baseline	0	0
qsPea.full.ex-y0	qsUtter.mono.en-y0	baseline	0	0
qsPea.full.ex-y0	qsUtter.mono.en-y0.ex-y5	baseline	0	0
qsPea.full.ex-y0	qsUtter.mono.en-y0.ex-y5.ex-ext-1	baseline	0	0
qsPea.full.ex-y0	qsVie.normal.en-y0	baseline	0	0
qsPea.full.ex-y0	qsVie.swept-out.en-y0.ex-y0	baseline	0	0
qsPea.full.ex-y0	qsVie_qsUtter.hapax.en-y0	baseline	0	0
qsPea.full.ex-y0	qsVie_qsUtter.hapax.en-y0.ex-y5	baseline	0	0
qsPea.full.ex-y0	qsVie_qsUtter.hapax.en-y0.ex-y5.ex-ext-1	baseline	0	0
qsPea.full.ex-y0.locked	qsAh.hapax.en-y0	baseline	0	0
qsPea.full.ex-y0.locked	qsAh.hapax.en-y0.ex-y5	baseline	0	0
qsPea.full.ex-y0.locked	qsAh.hapax.en-y0.ex-y5.ex-ext-1	baseline	0	0
qsPea.full.ex-y0.locked	qsDay.half.en-y0	baseline	0	0
qsPea.full.ex-y0.locked	qsDay.half.en-y0.ex-y0	baseline	0	0
qsPea.full.ex-y0.locked	qsDay_qsUtter.half.en-y0	baseline	0	0
qsPea.full.ex-y0.locked	qsDay_qsUtter.half.en-y0.ex-y5	baseline	0	0
qsPea.full.ex-y0.locked	qsDay_qsUtter.half.en-y0.ex-y5.ex-ext-1	baseline	0	0
qsPea.full.ex-y0.locked	qsI.smaller-loop.en-y0	baseline	0	0
qsPea.full.ex-y0.locked	qsI.smaller-loop.en-y0.ex-y5	baseline	0	0
qsPea.full.ex-y0.locked	qsI.smaller-loop.en-y0.ex-y5.ex-ext-1	baseline	0	0
qsPea.full.ex-y0.locked	qsLow.hapax.en-y0	baseline	0	0
qsPea.full.ex-y0.locked	qsLow.hapax.en-y0.ex-y5	baseline	0	0
qsPea.full.ex-y0.locked	qsLow.hapax.en-y0.ex-y5.ex-ext-1	baseline	0	0
qsPea.full.ex-y0.locked	qsMay.loop.en-y0	baseline	0	0
qsPea.full.ex-y0.locked	qsMay.loop.en-y0.ex-y5.ex-ext-1	baseline	0	0
qsPea.full.ex-y0.locked	qsMay.loop.en-y0.ex-y5.ex-ext-2	baseline	0	0
qsPea.full.ex-y0.locked	qsNo.flipped.en-y0	baseline	0	0
qsPea.full.ex-y0.locked	qsNo.flipped.en-y0.ex-y0	baseline	0	0
qsPea.full.ex-y0.locked	qsOut.normal.en-y0	baseline	0	0
qsPea.full.ex-y0.locked	qsOut.swept-up.en-y0.ex-y5	baseline	0	0
qsPea.full.ex-y0.locked	qsOut.swept-up.en-y0.ex-y5.ex-ext-1	baseline	0	0
qsPea.full.ex-y0.locked	qsOut_qsTea.hapax.en-y0	baseline	0	0
qsPea.full.ex-y0.locked	qsRoe.hapax.en-y0.ex-y5.en-con-1	baseline	-1	0
qsPea.full.ex-y0.locked	qsSee.curled-over.en-y0.ex-y6	baseline	0	0
qsPea.full.ex-y0.locked	qsSee.normal.en-y0	baseline	0	0
qsPea.full.ex-y0.locked	qsSee.normal.en-y0.ex-y8	baseline	0	0
qsPea.full.ex-y0.locked	qsUtter.mono.en-y0	baseline	0	0
qsPea.full.ex-y0.locked	qsUtter.mono.en-y0.ex-y5	baseline	0	0
qsPea.full.ex-y0.locked	qsUtter.mono.en-y0.ex-y5.ex-ext-1	baseline	0	0
qsPea.full.ex-y0.locked	qsVie.normal.en-y0	baseline	0	0
qsPea.full.ex-y0.locked	qsVie.swept-out.en-y0.ex-y0	baseline	0	0
qsPea.full.ex-y0.locked	qsVie_qsUtter.hapax.en-y0	baseline	0	0
qsPea.full.ex-y0.locked	qsVie_qsUtter.hapax.en-y0.ex-y5	baseline	0	0
qsPea.full.ex-y0.locked	qsVie_qsUtter.hapax.en-y0.ex-y5.ex-ext-1	baseline	0	0
qsPea.full.locked	qsFee.loop	break	0	0
qsPea.full.locked	qsFee.loop.ex-y5	break	0	0
qsPea.full.locked	qsFee.loop.ex-y5.ex-ext-1	break	0	0
qsPea.full.locked	qsFee.loop.ex-y5.ex-ext-3	break	0	0
qsPea.full.locked	qsIt.hapax.ex-y5	break	0	0
qsPea.full.locked	qsIt.hapax.ex-y5.ex-ext-1	break	0	0
qsPea.full.locked	qsOy.hapax	break	0	0
qsPea.full.locked	qsOy.hapax.ex-y0	break	0	0
qsPea.full.locked	qsSee.straighter.ex-y0	break	0	0
qsPea.full.locked	qsSee.straighter.ex-y0.ex-ext-2	break	0	0
qsPea.full.locked	qsSee_qsUtter.hapax	break	0	0
qsPea.full.locked	qsSee_qsUtter.hapax.ex-y5	break	0	0
qsPea.full.locked	qsSee_qsUtter.hapax.ex-y5.ex-ext-1	break	0	0
qsPea.full.locked	qsTea.full	break	0	0
qsPea.full.locked	qsTea.full.ex-y0	break	0	0
qsPea.full.locked	qsTea.half.ex-y5	break	0	0
qsPea.full.locked	qsTea_qsOy.hapax	break	0	0
qsPea.full.locked	qsTea_qsOy.hapax.ex-y0	break	0	0
qsPea.full.locked	qsUtter.alternate.ex-y0	break	0	0
qsPea.half.en-y5.ex-y5	qsAwe.hapax.en-y5	x-height	0	0
qsPea.half.en-y5.ex-y5	qsAwe.hapax.en-y5.ex-y0	x-height	0	0
qsPea.half.en-y5.ex-y5	qsEight.normal-sized-loop.en-y5.en-ext-1	x-height	1	0
qsPea.half.en-y5.ex-y5	qsEight.normal-sized-loop.en-y5.ex-y0.en-ext-1	x-height	1	0
qsPea.half.en-y5.ex-y5	qsEight.smaller-loop.en-y5.ex-y0.en-ext-1	x-height	1	0
qsPea.half.en-y5.ex-y5	qsEt.hapax.en-y5.en-ext-1	x-height	1	0
qsPea.half.en-y5.ex-y5	qsEt.hapax.en-y5.ex-y0.en-ext-1	x-height	1	0
qsPea.half.en-y5.ex-y5	qsEt.hapax.en-y5.ex-y0.en-ext-1.ex-con-1	x-height	1	0
qsPea.half.en-y5.ex-y5	qsIt.hapax.en-y5	x-height	0	0
qsPea.half.en-y5.ex-y5	qsIt.hapax.en-y5.ex-y0	x-height	0	0
qsPea.half.en-y5.ex-y5	qsIt.hapax.en-y5.ex-y0.ex-ext-1	x-height	0	0
qsPea.half.en-y5.ex-y5	qsJai.hapax.en-y5.en-con-1	x-height	-1	0
qsPea.half.en-y5.ex-y5	qsJai.hapax.en-y5.ex-y0.en-con-1	x-height	-1	0
qsPea.half.en-y5.ex-y5	qsJai.hapax.en-y5.ex-y0.en-con-1.ex-ext-1	x-height	-1	0
qsPea.half.en-y5.ex-y5	qsJai_qsUtter.hapax.en-y5.en-con-1	x-height	-1	0
qsPea.half.en-y5.ex-y5	qsJai_qsUtter.hapax.en-y5.ex-y5.en-con-1	x-height	-1	0
qsPea.half.en-y5.ex-y5	qsJai_qsUtter.hapax.en-y5.ex-y5.en-con-1.ex-ext-1	x-height	-1	0
qsPea.half.en-y5.ex-y5	qsOx.hapax.en-y5	x-height	0	0
qsPea.half.en-y5.ex-y5	qsOx.hapax.en-y5.ex-y0	x-height	0	0
qsPea.half.en-y5.ex-y5	qsRoe.hapax.en-y5.en-con-1	x-height	-1	0
qsPea.half.en-y5.ex-y5	qsRoe.hapax.en-y5.ex-y0.en-con-1	x-height	-1	0
qsPea.half.en-y5.ex-y5	qsRoe.hapax.en-y5.ex-y0.en-con-1.ex-ext-1	x-height	-1	0
qsPea.half.en-y5.ex-y6	qsPea.full.en-y6	y6	0	0
qsPea.half.en-y5.ex-y6	qsPea.full.en-y6.ex-y0	y6	0	0
qsPea.half.en-y5.ex-y6	qsPea.half.en-y6.ex-y5	y6	0	0
qsPea.half.en-y5.ex-y6	qsPea.half.en-y6.ex-y6	y6	0	0
qsPea.half.en-y6.ex-y5	qsAwe.hapax.en-y5	x-height	0	0
qsPea.half.en-y6.ex-y5	qsAwe.hapax.en-y5.ex-y0	x-height	0	0
qsPea.half.en-y6.ex-y5	qsDay_qsUtter.full.en-y5	x-height	0	0
qsPea.half.en-y6.ex-y5	qsDay_qsUtter.full.en-y5.ex-y5	x-height	0	0
qsPea.half.en-y6.ex-y5	qsDay_qsUtter.full.en-y5.ex-y5.ex-ext-1	x-height	0	0
qsPea.half.en-y6.ex-y5	qsEight.normal-sized-loop.en-y5.en-ext-1	x-height	1	0
qsPea.half.en-y6.ex-y5	qsEight.normal-sized-loop.en-y5.ex-y0.en-ext-1	x-height	1	0
qsPea.half.en-y6.ex-y5	qsEight.smaller-loop.en-y5.ex-y0.en-ext-1	x-height	1	0
qsPea.half.en-y6.ex-y5	qsEt.hapax.en-y5.en-ext-1	x-height	1	0
qsPea.half.en-y6.ex-y5	qsEt.hapax.en-y5.ex-y0.en-ext-1	x-height	1	0
qsPea.half.en-y6.ex-y5	qsEt.hapax.en-y5.ex-y0.en-ext-1.ex-con-1	x-height	1	0
qsPea.half.en-y6.ex-y5	qsIt.hapax.en-y5	x-height	0	0
qsPea.half.en-y6.ex-y5	qsIt.hapax.en-y5.ex-y0	x-height	0	0
qsPea.half.en-y6.ex-y5	qsIt.hapax.en-y5.ex-y0.ex-ext-1	x-height	0	0
qsPea.half.en-y6.ex-y5	qsJai.hapax.en-y5.en-con-1	x-height	-1	0
qsPea.half.en-y6.ex-y5	qsJai.hapax.en-y5.ex-y0.en-con-1	x-height	-1	0
qsPea.half.en-y6.ex-y5	qsJai.hapax.en-y5.ex-y0.en-con-1.ex-ext-1	x-height	-1	0
qsPea.half.en-y6.ex-y5	qsJai_qsUtter.hapax.en-y5.en-con-1	x-height	-1	0
qsPea.half.en-y6.ex-y5	qsJai_qsUtter.hapax.en-y5.ex-y5.en-con-1	x-height	-1	0
qsPea.half.en-y6.ex-y5	qsJai_qsUtter.hapax.en-y5.ex-y5.en-con-1.ex-ext-1	x-height	-1	0
qsPea.half.en-y6.ex-y5	qsOx.hapax.en-y5	x-height	0	0
qsPea.half.en-y6.ex-y5	qsOx.hapax.en-y5.ex-y0	x-height	0	0
qsPea.half.en-y6.ex-y5	qsRoe.hapax.en-y5.en-con-1	x-height	-1	0
qsPea.half.en-y6.ex-y5	qsRoe.hapax.en-y5.ex-y0.en-con-1	x-height	-1	0
qsPea.half.en-y6.ex-y5	qsRoe.hapax.en-y5.ex-y0.en-con-1.ex-ext-1	x-height	-1	0
qsPea.half.en-y6.ex-y6	qsPea.full.en-y6	y6	0	0
qsPea.half.en-y6.ex-y6	qsPea.full.en-y6.ex-y0	y6	0	0
qsPea.half.en-y6.ex-y6	qsPea.half.en-y6.ex-y5	y6	0	0
qsPea.half.en-y6.ex-y6	qsPea.half.en-y6.ex-y6	y6	0	0
qsPea.half.ex-y5	qsAwe.hapax.en-y5	x-height	0	0
qsPea.half.ex-y5	qsAwe.hapax.en-y5.ex-y0	x-height	0	0
qsPea.half.ex-y5	qsEight.normal-sized-loop.en-y5.en-ext-1	x-height	1	0
qsPea.half.ex-y5	qsEight.normal-sized-loop.en-y5.ex-y0.en-ext-1	x-height	1	0
qsPea.half.ex-y5	qsEight.smaller-loop.en-y5.ex-y0.en-ext-1	x-height	1	0
qsPea.half.ex-y5	qsEt.hapax.en-y5.en-ext-1	x-height	1	0
qsPea.half.ex-y5	qsEt.hapax.en-y5.ex-y0.en-ext-1	x-height	1	0
qsPea.half.ex-y5	qsEt.hapax.en-y5.ex-y0.en-ext-1.ex-con-1	x-height	1	0
qsPea.half.ex-y5	qsIt.hapax.en-y5	x-height	0	0
qsPea.half.ex-y5	qsIt.hapax.en-y5.ex-y0	x-height	0	0
qsPea.half.ex-y5	qsIt.hapax.en-y5.ex-y0.ex-ext-1	x-height	0	0
qsPea.half.ex-y5	qsJai.hapax.en-y5.en-con-1	x-height	-1	0
qsPea.half.ex-y5	qsJai.hapax.en-y5.ex-y0.en-con-1	x-height	-1	0
qsPea.half.ex-y5	qsJai.hapax.en-y5.ex-y0.en-con-1.ex-ext-1	x-height	-1	0
qsPea.half.ex-y5	qsJai_qsUtter.hapax.en-y5.en-con-1	x-height	-1	0
qsPea.half.ex-y5	qsJai_qsUtter.hapax.en-y5.ex-y5.en-con-1	x-height	-1	0
qsPea.half.ex-y5	qsJai_qsUtter.hapax.en-y5.ex-y5.en-con-1.ex-ext-1	x-height	-1	0
qsPea.half.ex-y5	qsOx.hapax.en-y5	x-height	0	0
qsPea.half.ex-y5	qsOx.hapax.en-y5.ex-y0	x-height	0	0
qsPea.half.ex-y5	qsRoe.hapax.en-y5.en-con-1	x-height	-1	0
qsPea.half.ex-y5	qsRoe.hapax.en-y5.ex-y0.en-con-1	x-height	-1	0
qsPea.half.ex-y5	qsRoe.hapax.en-y5.ex-y0.en-con-1.ex-ext-1	x-height	-1	0
qsPea.half.ex-y5.locked	qsAwe.hapax.en-y5	x-height	0	0
qsPea.half.ex-y5.locked	qsAwe.hapax.en-y5.ex-y0	x-height	0	0
qsPea.half.ex-y5.locked	qsEight.normal-sized-loop.en-y5.en-ext-1	x-height	1	0
qsPea.half.ex-y5.locked	qsEight.normal-sized-loop.en-y5.ex-y0.en-ext-1	x-height	1	0
qsPea.half.ex-y5.locked	qsEight.smaller-loop.en-y5.ex-y0.en-ext-1	x-height	1	0
qsPea.half.ex-y5.locked	qsEt.hapax.en-y5.en-ext-1	x-height	1	0
qsPea.half.ex-y5.locked	qsEt.hapax.en-y5.ex-y0.en-ext-1	x-height	1	0
qsPea.half.ex-y5.locked	qsEt.hapax.en-y5.ex-y0.en-ext-1.ex-con-1	x-height	1	0
qsPea.half.ex-y5.locked	qsIt.hapax.en-y5	x-height	0	0
qsPea.half.ex-y5.locked	qsIt.hapax.en-y5.ex-y0	x-height	0	0
qsPea.half.ex-y5.locked	qsIt.hapax.en-y5.ex-y0.ex-ext-1	x-height	0	0
qsPea.half.ex-y5.locked	qsJai.hapax.en-y5.en-con-1	x-height	-1	0
qsPea.half.ex-y5.locked	qsJai.hapax.en-y5.ex-y0.en-con-1	x-height	-1	0
qsPea.half.ex-y5.locked	qsJai.hapax.en-y5.ex-y0.en-con-1.ex-ext-1	x-height	-1	0
qsPea.half.ex-y5.locked	qsJai_qsUtter.hapax.en-y5.en-con-1	x-height	-1	0
qsPea.half.ex-y5.locked	qsJai_qsUtter.hapax.en-y5.ex-y5.en-con-1	x-height	-1	0
qsPea.half.ex-y5.locked	qsJai_qsUtter.hapax.en-y5.ex-y5.en-con-1.ex-ext-1	x-height	-1	0
qsPea.half.ex-y5.locked	qsOx.hapax.en-y5	x-height	0	0
qsPea.half.ex-y5.locked	qsOx.hapax.en-y5.ex-y0	x-height	0	0
qsPea.half.ex-y5.locked	qsRoe.hapax.en-y5.en-con-1	x-height	-1	0
qsPea.half.ex-y5.locked	qsRoe.hapax.en-y5.ex-y0.en-con-1	x-height	-1	0
qsPea.half.ex-y5.locked	qsRoe.hapax.en-y5.ex-y0.en-con-1.ex-ext-1	x-height	-1	0
qsPea.half.ex-y6	qsPea.full.en-y6	y6	0	0
qsPea.half.ex-y6	qsPea.full.en-y6.ex-y0	y6	0	0
qsPea.half.ex-y6	qsPea.half.en-y6.ex-y5	y6	0	0
qsPea.half.ex-y6	qsPea.half.en-y6.ex-y6	y6	0	0
qsPea.half.ex-y6.locked	qsPea.full.en-y6	y6	0	0
qsPea.half.ex-y6.locked	qsPea.full.en-y6.ex-y0	y6	0	0
qsPea.half.ex-y6.locked	qsPea.half.en-y6.ex-y5	y6	0	0
qsPea.half.ex-y6.locked	qsPea.half.en-y6.ex-y6	y6	0	0
qsRoe.hapax	qsDay.full	break	0	0
qsRoe.hapax	qsDay.full.ex-y0	break	0	0
qsRoe.hapax	qsDay_qsUtter.full	break	0	0
qsRoe.hapax	qsDay_qsUtter.full.ex-y5	break	0	0
qsRoe.hapax	qsDay_qsUtter.full.ex-y5.ex-ext-1	break	0	0
qsRoe.hapax	qsEt.hapax	break	0	0
qsRoe.hapax	qsEt.hapax.ex-y0	break	0	0
qsRoe.hapax	qsEt.hapax.ex-y0.ex-con-1	break	0	0
qsRoe.hapax	qsFee.loop	break	0	0
qsRoe.hapax	qsFee.loop.ex-y5	break	0	0
qsRoe.hapax	qsFee.loop.ex-y5.ex-ext-1	break	0	0
qsRoe.hapax	qsFee.loop.ex-y5.ex-ext-3	break	0	0
qsRoe.hapax	qsIt.hapax	break	0	0
qsRoe.hapax	qsIt.hapax.ex-y0	break	0	0
qsRoe.hapax	qsIt.hapax.ex-y5	break	0	0
qsRoe.hapax	qsIt.hapax.ex-y5.ex-ext-1	break	0	0
qsRoe.hapax	qsOut.normal	break	0	0
qsRoe.hapax	qsOut.swept-up.ex-y5	break	0	0
qsRoe.hapax	qsOut.swept-up.ex-y5.ex-ext-1	break	0	0
qsRoe.hapax	qsOut_qsTea.hapax	break	0	0
qsRoe.hapax	qsPea.full	break	0	0
qsRoe.hapax	qsPea.full.ex-y0	break	0	0
qsRoe.hapax	qsPea.half.ex-y5	break	0	0
qsRoe.hapax	qsPea.half.ex-y6	break	0	0
qsRoe.hapax	qsSee.straighter.ex-y0	break	0	0
qsRoe.hapax	qsSee.straighter.ex-y0.ex-ext-2	break	0	0
qsRoe.hapax	qsSee_qsUtter.hapax	break	0	0
qsRoe.hapax	qsSee_qsUtter.hapax.ex-y5	break	0	0
qsRoe.hapax	qsSee_qsUtter.hapax.ex-y5.ex-ext-1	break	0	0
qsRoe.hapax	qsTea.full	break	0	0
qsRoe.hapax	qsTea.full.ex-y0	break	0	0
qsRoe.hapax	qsTea.half.ex-y5	break	0	0
qsRoe.hapax	qsTea_qsOy.hapax	break	0	0
qsRoe.hapax	qsTea_qsOy.hapax.ex-y0	break	0	0
qsRoe.hapax	qsUtter.alternate.ex-y0	break	0	0
qsRoe.hapax	qsUtter.mono	break	0	0
qsRoe.hapax	qsUtter.mono.ex-y5	break	0	0
qsRoe.hapax	qsUtter.mono.ex-y5.ex-ext-1	break	0	0
qsRoe.hapax.en-y0	qsAh.hapax	break	0	0
qsRoe.hapax.en-y0	qsAh.hapax.ex-y5	break	0	0
qsRoe.hapax.en-y0	qsAh.hapax.ex-y5.ex-ext-1	break	0	0
qsRoe.hapax.en-y0	qsDay.full	break	0	0
qsRoe.hapax.en-y0	qsDay.full.ex-y0	break	0	0
qsRoe.hapax.en-y0	qsDay_qsUtter.full	break	0	0
qsRoe.hapax.en-y0	qsDay_qsUtter.full.ex-y5	break	0	0
qsRoe.hapax.en-y0	qsDay_qsUtter.full.ex-y5.ex-ext-1	break	0	0
qsRoe.hapax.en-y0	qsEt.hapax	break	0	0
qsRoe.hapax.en-y0	qsEt.hapax.ex-y0	break	0	0
qsRoe.hapax.en-y0	qsEt.hapax.ex-y0.ex-con-1	break	0	0
qsRoe.hapax.en-y0	qsFee.loop	break	0	0
qsRoe.hapax.en-y0	qsFee.loop.ex-y5	break	0	0
qsRoe.hapax.en-y0	qsFee.loop.ex-y5.ex-ext-1	break	0	0
qsRoe.hapax.en-y0	qsFee.loop.ex-y5.ex-ext-3	break	0	0
qsRoe.hapax.en-y0	qsI.loop	break	0	0
qsRoe.hapax.en-y0	qsI.loop.ex-y5	break	0	0
qsRoe.hapax.en-y0	qsI.loop.ex-y5.ex-ext-1	break	0	0
qsRoe.hapax.en-y0	qsIt.hapax	break	0	0
qsRoe.hapax.en-y0	qsIt.hapax.ex-y0	break	0	0
qsRoe.hapax.en-y0	qsIt.hapax.ex-y5	break	0	0
qsRoe.hapax.en-y0	qsIt.hapax.ex-y5.ex-ext-1	break	0	0
qsRoe.hapax.en-y0	qsLow.hapax	break	0	0
qsRoe.hapax.en-y0	qsLow.hapax.ex-y5	break	0	0
qsRoe.hapax.en-y0	qsLow.hapax.ex-y5.ex-ext-1	break	0	0
qsRoe.hapax.en-y0	qsMay.grounded-loop.ex-y0	break	0	0
qsRoe.hapax.en-y0	qsMay.loop	break	0	0
qsRoe.hapax.en-y0	qsMay.loop.ex-y5	break	0	0
qsRoe.hapax.en-y0	qsMay.loop.ex-y5.ex-ext-1	break	0	0
qsRoe.hapax.en-y0	qsMay.loop.ex-y5.ex-ext-2	break	0	0
qsRoe.hapax.en-y0	qsOut.normal	break	0	0
qsRoe.hapax.en-y0	qsOut.swept-up.ex-y5	break	0	0
qsRoe.hapax.en-y0	qsOut.swept-up.ex-y5.ex-ext-1	break	0	0
qsRoe.hapax.en-y0	qsOut_qsTea.hapax	break	0	0
qsRoe.hapax.en-y0	qsPea.full	break	0	0
qsRoe.hapax.en-y0	qsPea.full.ex-y0	break	0	0
qsRoe.hapax.en-y0	qsPea.half.ex-y5	break	0	0
qsRoe.hapax.en-y0	qsPea.half.ex-y6	break	0	0
qsRoe.hapax.en-y0	qsSee.curled-over.ex-y6	break	0	0
qsRoe.hapax.en-y0	qsSee.normal	break	0	0
qsRoe.hapax.en-y0	qsSee.normal.ex-y8	break	0	0
qsRoe.hapax.en-y0	qsSee.straighter.ex-y0	break	0	0
qsRoe.hapax.en-y0	qsSee.straighter.ex-y0.ex-ext-2	break	0	0
qsRoe.hapax.en-y0	qsSee_qsUtter.hapax	break	0	0
qsRoe.hapax.en-y0	qsSee_qsUtter.hapax.ex-y5	break	0	0
qsRoe.hapax.en-y0	qsSee_qsUtter.hapax.ex-y5.ex-ext-1	break	0	0
qsRoe.hapax.en-y0	qsTea.full	break	0	0
qsRoe.hapax.en-y0	qsTea.full.ex-y0	break	0	0
qsRoe.hapax.en-y0	qsTea.half.ex-y5	break	0	0
qsRoe.hapax.en-y0	qsTea_qsOy.hapax	break	0	0
qsRoe.hapax.en-y0	qsTea_qsOy.hapax.ex-y0	break	0	0
qsRoe.hapax.en-y0	qsUtter.alternate.ex-y0	break	0	0
qsRoe.hapax.en-y0	qsUtter.mono	break	0	0
qsRoe.hapax.en-y0	qsUtter.mono.ex-y5	break	0	0
qsRoe.hapax.en-y0	qsUtter.mono.ex-y5.ex-ext-1	break	0	0
qsRoe.hapax.en-y0	qsVie.normal	break	0	0
qsRoe.hapax.en-y0	qsVie.swept-out.ex-y0	break	0	0
qsRoe.hapax.en-y0	qsVie_qsUtter.hapax	break	0	0
qsRoe.hapax.en-y0	qsVie_qsUtter.hapax.ex-y5	break	0	0
qsRoe.hapax.en-y0	qsVie_qsUtter.hapax.ex-y5.ex-ext-1	break	0	0
qsRoe.hapax.en-y0.en-ext-1	qsAh.hapax	break	0	0
qsRoe.hapax.en-y0.en-ext-1	qsAh.hapax.ex-y5	break	0	0
qsRoe.hapax.en-y0.en-ext-1	qsAh.hapax.ex-y5.ex-ext-1	break	0	0
qsRoe.hapax.en-y0.en-ext-1	qsDay.full	break	0	0
qsRoe.hapax.en-y0.en-ext-1	qsDay.full.ex-y0	break	0	0
qsRoe.hapax.en-y0.en-ext-1	qsDay_qsUtter.full	break	0	0
qsRoe.hapax.en-y0.en-ext-1	qsDay_qsUtter.full.ex-y5	break	0	0
qsRoe.hapax.en-y0.en-ext-1	qsDay_qsUtter.full.ex-y5.ex-ext-1	break	0	0
qsRoe.hapax.en-y0.en-ext-1	qsEt.hapax	break	0	0
qsRoe.hapax.en-y0.en-ext-1	qsEt.hapax.ex-y0	break	0	0
qsRoe.hapax.en-y0.en-ext-1	qsEt.hapax.ex-y0.ex-con-1	break	0	0
qsRoe.hapax.en-y0.en-ext-1	qsFee.loop	break	0	0
qsRoe.hapax.en-y0.en-ext-1	qsFee.loop.ex-y5	break	0	0
qsRoe.hapax.en-y0.en-ext-1	qsFee.loop.ex-y5.ex-ext-1	break	0	0
qsRoe.hapax.en-y0.en-ext-1	qsFee.loop.ex-y5.ex-ext-3	break	0	0
qsRoe.hapax.en-y0.en-ext-1	qsI.loop	break	0	0
qsRoe.hapax.en-y0.en-ext-1	qsI.loop.ex-y5	break	0	0
qsRoe.hapax.en-y0.en-ext-1	qsI.loop.ex-y5.ex-ext-1	break	0	0
qsRoe.hapax.en-y0.en-ext-1	qsIt.hapax	break	0	0
qsRoe.hapax.en-y0.en-ext-1	qsIt.hapax.ex-y0	break	0	0
qsRoe.hapax.en-y0.en-ext-1	qsIt.hapax.ex-y5	break	0	0
qsRoe.hapax.en-y0.en-ext-1	qsIt.hapax.ex-y5.ex-ext-1	break	0	0
qsRoe.hapax.en-y0.en-ext-1	qsLow.hapax	break	0	0
qsRoe.hapax.en-y0.en-ext-1	qsLow.hapax.ex-y5	break	0	0
qsRoe.hapax.en-y0.en-ext-1	qsLow.hapax.ex-y5.ex-ext-1	break	0	0
qsRoe.hapax.en-y0.en-ext-1	qsMay.grounded-loop.ex-y0	break	0	0
qsRoe.hapax.en-y0.en-ext-1	qsMay.loop	break	0	0
qsRoe.hapax.en-y0.en-ext-1	qsMay.loop.ex-y5	break	0	0
qsRoe.hapax.en-y0.en-ext-1	qsMay.loop.ex-y5.ex-ext-1	break	0	0
qsRoe.hapax.en-y0.en-ext-1	qsMay.loop.ex-y5.ex-ext-2	break	0	0
qsRoe.hapax.en-y0.en-ext-1	qsOut.normal	break	0	0
qsRoe.hapax.en-y0.en-ext-1	qsOut.swept-up.ex-y5	break	0	0
qsRoe.hapax.en-y0.en-ext-1	qsOut.swept-up.ex-y5.ex-ext-1	break	0	0
qsRoe.hapax.en-y0.en-ext-1	qsOut_qsTea.hapax	break	0	0
qsRoe.hapax.en-y0.en-ext-1	qsPea.full	break	0	0
qsRoe.hapax.en-y0.en-ext-1	qsPea.full.ex-y0	break	0	0
qsRoe.hapax.en-y0.en-ext-1	qsPea.half.ex-y5	break	0	0
qsRoe.hapax.en-y0.en-ext-1	qsPea.half.ex-y6	break	0	0
qsRoe.hapax.en-y0.en-ext-1	qsSee.curled-over.ex-y6	break	0	0
qsRoe.hapax.en-y0.en-ext-1	qsSee.normal	break	0	0
qsRoe.hapax.en-y0.en-ext-1	qsSee.normal.ex-y8	break	0	0
qsRoe.hapax.en-y0.en-ext-1	qsSee.straighter.ex-y0	break	0	0
qsRoe.hapax.en-y0.en-ext-1	qsSee.straighter.ex-y0.ex-ext-2	break	0	0
qsRoe.hapax.en-y0.en-ext-1	qsSee_qsUtter.hapax	break	0	0
qsRoe.hapax.en-y0.en-ext-1	qsSee_qsUtter.hapax.ex-y5	break	0	0
qsRoe.hapax.en-y0.en-ext-1	qsSee_qsUtter.hapax.ex-y5.ex-ext-1	break	0	0
qsRoe.hapax.en-y0.en-ext-1	qsTea.full	break	0	0
qsRoe.hapax.en-y0.en-ext-1	qsTea.full.ex-y0	break	0	0
qsRoe.hapax.en-y0.en-ext-1	qsTea.half.ex-y5	break	0	0
qsRoe.hapax.en-y0.en-ext-1	qsTea_qsOy.hapax	break	0	0
qsRoe.hapax.en-y0.en-ext-1	qsTea_qsOy.hapax.ex-y0	break	0	0
qsRoe.hapax.en-y0.en-ext-1	qsUtter.alternate.ex-y0	break	0	0
qsRoe.hapax.en-y0.en-ext-1	qsUtter.mono	break	0	0
qsRoe.hapax.en-y0.en-ext-1	qsUtter.mono.ex-y5	break	0	0
qsRoe.hapax.en-y0.en-ext-1	qsUtter.mono.ex-y5.ex-ext-1	break	0	0
qsRoe.hapax.en-y0.en-ext-1	qsVie.normal	break	0	0
qsRoe.hapax.en-y0.en-ext-1	qsVie.swept-out.ex-y0	break	0	0
qsRoe.hapax.en-y0.en-ext-1	qsVie_qsUtter.hapax	break	0	0
qsRoe.hapax.en-y0.en-ext-1	qsVie_qsUtter.hapax.ex-y5	break	0	0
qsRoe.hapax.en-y0.en-ext-1	qsVie_qsUtter.hapax.ex-y5.ex-ext-1	break	0	0
qsRoe.hapax.en-y0.ex-y5	qsAwe.hapax.en-y5	x-height	0	0
qsRoe.hapax.en-y0.ex-y5	qsAwe.hapax.en-y5.ex-y0	x-height	0	0
qsRoe.hapax.en-y0.ex-y5	qsEight.normal-sized-loop.en-y5	x-height	0	0
qsRoe.hapax.en-y0.ex-y5	qsEight.normal-sized-loop.en-y5.ex-y0	x-height	0	0
qsRoe.hapax.en-y0.ex-y5	qsEight.smaller-loop.en-y5.ex-y0	x-height	0	0
qsRoe.hapax.en-y0.ex-y5	qsJai.hapax.en-y5	x-height	0	0
qsRoe.hapax.en-y0.ex-y5	qsJai.hapax.en-y5.ex-y0	x-height	0	0
qsRoe.hapax.en-y0.ex-y5	qsJai.hapax.en-y5.ex-y0.ex-ext-1	x-height	0	0
qsRoe.hapax.en-y0.ex-y5	qsJai_qsUtter.hapax.en-y5	x-height	0	0
qsRoe.hapax.en-y0.ex-y5	qsJai_qsUtter.hapax.en-y5.ex-y5	x-height	0	0
qsRoe.hapax.en-y0.ex-y5	qsJai_qsUtter.hapax.en-y5.ex-y5.ex-ext-1	x-height	0	0
qsRoe.hapax.en-y0.ex-y5	qsNo.loop.en-y5	x-height	0	0
qsRoe.hapax.en-y0.ex-y5	qsNo.loop.en-y5.ex-y5	x-height	0	0
qsRoe.hapax.en-y0.ex-y5	qsNo.loop.en-y5.ex-y5.ex-ext-1	x-height	0	0
qsRoe.hapax.en-y0.ex-y5	qsOx.hapax.en-y5	x-height	0	0
qsRoe.hapax.en-y0.ex-y5	qsOx.hapax.en-y5.ex-y0	x-height	0	0
qsRoe.hapax.en-y0.ex-y5	qsOy.hapax.en-y5	x-height	0	0
qsRoe.hapax.en-y0.ex-y5	qsOy.hapax.en-y5.ex-y0	x-height	0	0
qsRoe.hapax.en-y0.ex-y5	qsRoe.hapax.en-y5	x-height	0	0
qsRoe.hapax.en-y0.ex-y5	qsRoe.hapax.en-y5.ex-y0	x-height	0	0
qsRoe.hapax.en-y0.ex-y5	qsRoe.hapax.en-y5.ex-y0.ex-ext-1	x-height	0	0
qsRoe.hapax.en-y0.ex-y5.en-con-1	qsAwe.hapax.en-y5	x-height	0	0
qsRoe.hapax.en-y0.ex-y5.en-con-1	qsAwe.hapax.en-y5.ex-y0	x-height	0	0
qsRoe.hapax.en-y0.ex-y5.en-con-1	qsEight.normal-sized-loop.en-y5	x-height	0	0
qsRoe.hapax.en-y0.ex-y5.en-con-1	qsEight.normal-sized-loop.en-y5.ex-y0	x-height	0	0
qsRoe.hapax.en-y0.ex-y5.en-con-1	qsEight.smaller-loop.en-y5.ex-y0	x-height	0	0
qsRoe.hapax.en-y0.ex-y5.en-con-1	qsJai.hapax.en-y5	x-height	0	0
qsRoe.hapax.en-y0.ex-y5.en-con-1	qsJai.hapax.en-y5.ex-y0	x-height	0	0
qsRoe.hapax.en-y0.ex-y5.en-con-1	qsJai.hapax.en-y5.ex-y0.ex-ext-1	x-height	0	0
qsRoe.hapax.en-y0.ex-y5.en-con-1	qsJai_qsUtter.hapax.en-y5	x-height	0	0
qsRoe.hapax.en-y0.ex-y5.en-con-1	qsJai_qsUtter.hapax.en-y5.ex-y5	x-height	0	0
qsRoe.hapax.en-y0.ex-y5.en-con-1	qsJai_qsUtter.hapax.en-y5.ex-y5.ex-ext-1	x-height	0	0
qsRoe.hapax.en-y0.ex-y5.en-con-1	qsNo.loop.en-y5.ex-y5	x-height	0	0
qsRoe.hapax.en-y0.ex-y5.en-con-1	qsOx.hapax.en-y5	x-height	0	0
qsRoe.hapax.en-y0.ex-y5.en-con-1	qsOx.hapax.en-y5.ex-y0	x-height	0	0
qsRoe.hapax.en-y0.ex-y5.en-con-1	qsOy.hapax.en-y5	x-height	0	0
qsRoe.hapax.en-y0.ex-y5.en-con-1	qsOy.hapax.en-y5.ex-y0	x-height	0	0
qsRoe.hapax.en-y0.ex-y5.en-ext-1	qsAwe.hapax.en-y5	x-height	0	0
qsRoe.hapax.en-y0.ex-y5.en-ext-1	qsAwe.hapax.en-y5.ex-y0	x-height	0	0
qsRoe.hapax.en-y0.ex-y5.en-ext-1	qsEight.normal-sized-loop.en-y5	x-height	0	0
qsRoe.hapax.en-y0.ex-y5.en-ext-1	qsEight.normal-sized-loop.en-y5.ex-y0	x-height	0	0
qsRoe.hapax.en-y0.ex-y5.en-ext-1	qsEight.smaller-loop.en-y5.ex-y0	x-height	0	0
qsRoe.hapax.en-y0.ex-y5.en-ext-1	qsJai.hapax.en-y5	x-height	0	0
qsRoe.hapax.en-y0.ex-y5.en-ext-1	qsJai.hapax.en-y5.ex-y0	x-height	0	0
qsRoe.hapax.en-y0.ex-y5.en-ext-1	qsJai.hapax.en-y5.ex-y0.ex-ext-1	x-height	0	0
qsRoe.hapax.en-y0.ex-y5.en-ext-1	qsJai_qsUtter.hapax.en-y5	x-height	0	0
qsRoe.hapax.en-y0.ex-y5.en-ext-1	qsJai_qsUtter.hapax.en-y5.ex-y5	x-height	0	0
qsRoe.hapax.en-y0.ex-y5.en-ext-1	qsJai_qsUtter.hapax.en-y5.ex-y5.ex-ext-1	x-height	0	0
qsRoe.hapax.en-y0.ex-y5.en-ext-1	qsNo.loop.en-y5	x-height	0	0
qsRoe.hapax.en-y0.ex-y5.en-ext-1	qsNo.loop.en-y5.ex-y5	x-height	0	0
qsRoe.hapax.en-y0.ex-y5.en-ext-1	qsNo.loop.en-y5.ex-y5.ex-ext-1	x-height	0	0
qsRoe.hapax.en-y0.ex-y5.en-ext-1	qsOx.hapax.en-y5	x-height	0	0
qsRoe.hapax.en-y0.ex-y5.en-ext-1	qsOx.hapax.en-y5.ex-y0	x-height	0	0
qsRoe.hapax.en-y0.ex-y5.en-ext-1	qsOy.hapax.en-y5	x-height	0	0
qsRoe.hapax.en-y0.ex-y5.en-ext-1	qsOy.hapax.en-y5.ex-y0	x-height	0	0
qsRoe.hapax.en-y0.ex-y5.en-ext-1	qsRoe.hapax.en-y5	x-height	0	0
qsRoe.hapax.en-y0.ex-y5.en-ext-1	qsRoe.hapax.en-y5.ex-y0	x-height	0	0
qsRoe.hapax.en-y0.ex-y5.en-ext-1	qsRoe.hapax.en-y5.ex-y0.ex-ext-1	x-height	0	0
qsRoe.hapax.en-y5	qsAwe.hapax	break	0	0
qsRoe.hapax.en-y5	qsAwe.hapax.ex-y0	break	0	0
qsRoe.hapax.en-y5	qsDay.full	break	0	0
qsRoe.hapax.en-y5	qsDay.full.ex-y0	break	0	0
qsRoe.hapax.en-y5	qsDay_qsUtter.full	break	0	0
qsRoe.hapax.en-y5	qsDay_qsUtter.full.ex-y5	break	0	0
qsRoe.hapax.en-y5	qsDay_qsUtter.full.ex-y5.ex-ext-1	break	0	0
qsRoe.hapax.en-y5	qsEight.normal-sized-loop	break	0	0
qsRoe.hapax.en-y5	qsEight.normal-sized-loop.ex-y0	break	0	0
qsRoe.hapax.en-y5	qsEight.smaller-loop.ex-y0	break	0	0
qsRoe.hapax.en-y5	qsEt.hapax	break	0	0
qsRoe.hapax.en-y5	qsEt.hapax.ex-y0	break	0	0
qsRoe.hapax.en-y5	qsEt.hapax.ex-y0.ex-con-1	break	0	0
qsRoe.hapax.en-y5	qsFee.loop	break	0	0
qsRoe.hapax.en-y5	qsFee.loop.ex-y5	break	0	0
qsRoe.hapax.en-y5	qsFee.loop.ex-y5.ex-ext-1	break	0	0
qsRoe.hapax.en-y5	qsFee.loop.ex-y5.ex-ext-3	break	0	0
qsRoe.hapax.en-y5	qsIt.hapax	break	0	0
qsRoe.hapax.en-y5	qsIt.hapax.ex-y0	break	0	0
qsRoe.hapax.en-y5	qsIt.hapax.ex-y5	break	0	0
qsRoe.hapax.en-y5	qsIt.hapax.ex-y5.ex-ext-1	break	0	0
qsRoe.hapax.en-y5	qsJai.hapax	break	0	0
qsRoe.hapax.en-y5	qsJai.hapax.ex-y0	break	0	0
qsRoe.hapax.en-y5	qsJai.hapax.ex-y0.ex-ext-1	break	0	0
qsRoe.hapax.en-y5	qsJai_qsUtter.hapax	break	0	0
qsRoe.hapax.en-y5	qsJai_qsUtter.hapax.ex-y5	break	0	0
qsRoe.hapax.en-y5	qsJai_qsUtter.hapax.ex-y5.ex-ext-1	break	0	0
qsRoe.hapax.en-y5	qsNo.loop.ex-y5	break	0	0
qsRoe.hapax.en-y5	qsOut.normal	break	0	0
qsRoe.hapax.en-y5	qsOut.swept-up.ex-y5	break	0	0
qsRoe.hapax.en-y5	qsOut.swept-up.ex-y5.ex-ext-1	break	0	0
qsRoe.hapax.en-y5	qsOut_qsTea.hapax	break	0	0
qsRoe.hapax.en-y5	qsOx.hapax	break	0	0
qsRoe.hapax.en-y5	qsOx.hapax.ex-y0	break	0	0
qsRoe.hapax.en-y5	qsOy.hapax	break	0	0
qsRoe.hapax.en-y5	qsOy.hapax.ex-y0	break	0	0
qsRoe.hapax.en-y5	qsPea.full	break	0	0
qsRoe.hapax.en-y5	qsPea.full.ex-y0	break	0	0
qsRoe.hapax.en-y5	qsPea.half.ex-y5	break	0	0
qsRoe.hapax.en-y5	qsPea.half.ex-y6	break	0	0
qsRoe.hapax.en-y5	qsSee.straighter.ex-y0	break	0	0
qsRoe.hapax.en-y5	qsSee.straighter.ex-y0.ex-ext-2	break	0	0
qsRoe.hapax.en-y5	qsSee_qsUtter.hapax	break	0	0
qsRoe.hapax.en-y5	qsSee_qsUtter.hapax.ex-y5	break	0	0
qsRoe.hapax.en-y5	qsSee_qsUtter.hapax.ex-y5.ex-ext-1	break	0	0
qsRoe.hapax.en-y5	qsTea.full	break	0	0
qsRoe.hapax.en-y5	qsTea.full.ex-y0	break	0	0
qsRoe.hapax.en-y5	qsTea.half.ex-y5	break	0	0
qsRoe.hapax.en-y5	qsTea_qsOy.hapax	break	0	0
qsRoe.hapax.en-y5	qsTea_qsOy.hapax.ex-y0	break	0	0
qsRoe.hapax.en-y5	qsUtter.alternate.ex-y0	break	0	0
qsRoe.hapax.en-y5	qsUtter.mono	break	0	0
qsRoe.hapax.en-y5	qsUtter.mono.ex-y5	break	0	0
qsRoe.hapax.en-y5	qsUtter.mono.ex-y5.ex-ext-1	break	0	0
qsRoe.hapax.en-y5.en-con-1	qsDay.full	break	0	0
qsRoe.hapax.en-y5.en-con-1	qsDay.full.ex-y0	break	0	0
qsRoe.hapax.en-y5.en-con-1	qsDay_qsUtter.full	break	0	0
qsRoe.hapax.en-y5.en-con-1	qsDay_qsUtter.full.ex-y5	break	0	0
qsRoe.hapax.en-y5.en-con-1	qsDay_qsUtter.full.ex-y5.ex-ext-1	break	0	0
qsRoe.hapax.en-y5.en-con-1	qsEt.hapax	break	0	0
qsRoe.hapax.en-y5.en-con-1	qsEt.hapax.ex-y0	break	0	0
qsRoe.hapax.en-y5.en-con-1	qsEt.hapax.ex-y0.ex-con-1	break	0	0
qsRoe.hapax.en-y5.en-con-1	qsFee.loop	break	0	0
qsRoe.hapax.en-y5.en-con-1	qsFee.loop.ex-y5	break	0	0
qsRoe.hapax.en-y5.en-con-1	qsFee.loop.ex-y5.ex-ext-1	break	0	0
qsRoe.hapax.en-y5.en-con-1	qsFee.loop.ex-y5.ex-ext-3	break	0	0
qsRoe.hapax.en-y5.en-con-1	qsIt.hapax	break	0	0
qsRoe.hapax.en-y5.en-con-1	qsIt.hapax.ex-y0	break	0	0
qsRoe.hapax.en-y5.en-con-1	qsIt.hapax.ex-y5	break	0	0
qsRoe.hapax.en-y5.en-con-1	qsIt.hapax.ex-y5.ex-ext-1	break	0	0
qsRoe.hapax.en-y5.en-con-1	qsOut.normal	break	0	0
qsRoe.hapax.en-y5.en-con-1	qsOut.swept-up.ex-y5	break	0	0
qsRoe.hapax.en-y5.en-con-1	qsOut.swept-up.ex-y5.ex-ext-1	break	0	0
qsRoe.hapax.en-y5.en-con-1	qsOut_qsTea.hapax	break	0	0
qsRoe.hapax.en-y5.en-con-1	qsPea.full	break	0	0
qsRoe.hapax.en-y5.en-con-1	qsPea.full.ex-y0	break	0	0
qsRoe.hapax.en-y5.en-con-1	qsPea.half.ex-y5	break	0	0
qsRoe.hapax.en-y5.en-con-1	qsPea.half.ex-y6	break	0	0
qsRoe.hapax.en-y5.en-con-1	qsSee.straighter.ex-y0	break	0	0
qsRoe.hapax.en-y5.en-con-1	qsSee.straighter.ex-y0.ex-ext-2	break	0	0
qsRoe.hapax.en-y5.en-con-1	qsSee_qsUtter.hapax	break	0	0
qsRoe.hapax.en-y5.en-con-1	qsSee_qsUtter.hapax.ex-y5	break	0	0
qsRoe.hapax.en-y5.en-con-1	qsSee_qsUtter.hapax.ex-y5.ex-ext-1	break	0	0
qsRoe.hapax.en-y5.en-con-1	qsTea.full	break	0	0
qsRoe.hapax.en-y5.en-con-1	qsTea.full.ex-y0	break	0	0
qsRoe.hapax.en-y5.en-con-1	qsTea.half.ex-y5	break	0	0
qsRoe.hapax.en-y5.en-con-1	qsTea_qsOy.hapax	break	0	0
qsRoe.hapax.en-y5.en-con-1	qsTea_qsOy.hapax.ex-y0	break	0	0
qsRoe.hapax.en-y5.en-con-1	qsUtter.alternate.ex-y0	break	0	0
qsRoe.hapax.en-y5.en-con-1	qsUtter.mono	break	0	0
qsRoe.hapax.en-y5.en-con-1	qsUtter.mono.ex-y5	break	0	0
qsRoe.hapax.en-y5.en-con-1	qsUtter.mono.ex-y5.ex-ext-1	break	0	0
qsRoe.hapax.en-y5.en-ext-1	qsAwe.hapax	break	0	0
qsRoe.hapax.en-y5.en-ext-1	qsAwe.hapax.ex-y0	break	0	0
qsRoe.hapax.en-y5.en-ext-1	qsDay.full	break	0	0
qsRoe.hapax.en-y5.en-ext-1	qsDay.full.ex-y0	break	0	0
qsRoe.hapax.en-y5.en-ext-1	qsDay_qsUtter.full	break	0	0
qsRoe.hapax.en-y5.en-ext-1	qsDay_qsUtter.full.ex-y5	break	0	0
qsRoe.hapax.en-y5.en-ext-1	qsDay_qsUtter.full.ex-y5.ex-ext-1	break	0	0
qsRoe.hapax.en-y5.en-ext-1	qsEight.normal-sized-loop	break	0	0
qsRoe.hapax.en-y5.en-ext-1	qsEight.normal-sized-loop.ex-y0	break	0	0
qsRoe.hapax.en-y5.en-ext-1	qsEight.smaller-loop.ex-y0	break	0	0
qsRoe.hapax.en-y5.en-ext-1	qsEt.hapax	break	0	0
qsRoe.hapax.en-y5.en-ext-1	qsEt.hapax.ex-y0	break	0	0
qsRoe.hapax.en-y5.en-ext-1	qsEt.hapax.ex-y0.ex-con-1	break	0	0
qsRoe.hapax.en-y5.en-ext-1	qsFee.loop	break	0	0
qsRoe.hapax.en-y5.en-ext-1	qsFee.loop.ex-y5	break	0	0
qsRoe.hapax.en-y5.en-ext-1	qsFee.loop.ex-y5.ex-ext-1	break	0	0
qsRoe.hapax.en-y5.en-ext-1	qsFee.loop.ex-y5.ex-ext-3	break	0	0
qsRoe.hapax.en-y5.en-ext-1	qsIt.hapax	break	0	0
qsRoe.hapax.en-y5.en-ext-1	qsIt.hapax.ex-y0	break	0	0
qsRoe.hapax.en-y5.en-ext-1	qsIt.hapax.ex-y5	break	0	0
qsRoe.hapax.en-y5.en-ext-1	qsIt.hapax.ex-y5.ex-ext-1	break	0	0
qsRoe.hapax.en-y5.en-ext-1	qsJai.hapax	break	0	0
qsRoe.hapax.en-y5.en-ext-1	qsJai.hapax.ex-y0	break	0	0
qsRoe.hapax.en-y5.en-ext-1	qsJai.hapax.ex-y0.ex-ext-1	break	0	0
qsRoe.hapax.en-y5.en-ext-1	qsJai_qsUtter.hapax	break	0	0
qsRoe.hapax.en-y5.en-ext-1	qsJai_qsUtter.hapax.ex-y5	break	0	0
qsRoe.hapax.en-y5.en-ext-1	qsJai_qsUtter.hapax.ex-y5.ex-ext-1	break	0	0
qsRoe.hapax.en-y5.en-ext-1	qsOut.normal	break	0	0
qsRoe.hapax.en-y5.en-ext-1	qsOut.swept-up.ex-y5	break	0	0
qsRoe.hapax.en-y5.en-ext-1	qsOut.swept-up.ex-y5.ex-ext-1	break	0	0
qsRoe.hapax.en-y5.en-ext-1	qsOut_qsTea.hapax	break	0	0
qsRoe.hapax.en-y5.en-ext-1	qsOx.hapax	break	0	0
qsRoe.hapax.en-y5.en-ext-1	qsOx.hapax.ex-y0	break	0	0
qsRoe.hapax.en-y5.en-ext-1	qsOy.hapax	break	0	0
qsRoe.hapax.en-y5.en-ext-1	qsOy.hapax.ex-y0	break	0	0
qsRoe.hapax.en-y5.en-ext-1	qsPea.full	break	0	0
qsRoe.hapax.en-y5.en-ext-1	qsPea.full.ex-y0	break	0	0
qsRoe.hapax.en-y5.en-ext-1	qsPea.half.ex-y5	break	0	0
qsRoe.hapax.en-y5.en-ext-1	qsPea.half.ex-y6	break	0	0
qsRoe.hapax.en-y5.en-ext-1	qsSee.straighter.ex-y0	break	0	0
qsRoe.hapax.en-y5.en-ext-1	qsSee.straighter.ex-y0.ex-ext-2	break	0	0
qsRoe.hapax.en-y5.en-ext-1	qsSee_qsUtter.hapax	break	0	0
qsRoe.hapax.en-y5.en-ext-1	qsSee_qsUtter.hapax.ex-y5	break	0	0
qsRoe.hapax.en-y5.en-ext-1	qsSee_qsUtter.hapax.ex-y5.ex-ext-1	break	0	0
qsRoe.hapax.en-y5.en-ext-1	qsTea.full	break	0	0
qsRoe.hapax.en-y5.en-ext-1	qsTea.full.ex-y0	break	0	0
qsRoe.hapax.en-y5.en-ext-1	qsTea.half.ex-y5	break	0	0
qsRoe.hapax.en-y5.en-ext-1	qsTea_qsOy.hapax	break	0	0
qsRoe.hapax.en-y5.en-ext-1	qsTea_qsOy.hapax.ex-y0	break	0	0
qsRoe.hapax.en-y5.en-ext-1	qsUtter.alternate.ex-y0	break	0	0
qsRoe.hapax.en-y5.en-ext-1	qsUtter.mono	break	0	0
qsRoe.hapax.en-y5.en-ext-1	qsUtter.mono.ex-y5	break	0	0
qsRoe.hapax.en-y5.en-ext-1	qsUtter.mono.ex-y5.ex-ext-1	break	0	0
qsRoe.hapax.en-y5.ex-y0	qsAh.hapax.en-y0	baseline	0	0
qsRoe.hapax.en-y5.ex-y0	qsAh.hapax.en-y0.ex-y5	baseline	0	0
qsRoe.hapax.en-y5.ex-y0	qsAh.hapax.en-y0.ex-y5.ex-ext-1	baseline	0	0
qsRoe.hapax.en-y5.ex-y0	qsMay.loop.en-y0	baseline	0	0
qsRoe.hapax.en-y5.ex-y0	qsMay.loop.en-y0.ex-y5.ex-ext-1	baseline	0	0
qsRoe.hapax.en-y5.ex-y0	qsMay.loop.en-y0.ex-y5.ex-ext-2	baseline	0	0
qsRoe.hapax.en-y5.ex-y0	qsNo.flipped.en-y0	baseline	0	0
qsRoe.hapax.en-y5.ex-y0	qsNo.flipped.en-y0.ex-y0	baseline	0	0
qsRoe.hapax.en-y5.ex-y0	qsRoe.hapax.en-y0	baseline	0	0
qsRoe.hapax.en-y5.ex-y0	qsRoe.hapax.en-y0.ex-y5	baseline	0	0
qsRoe.hapax.en-y5.ex-y0	qsSee.curled-over.en-y0.ex-y6	baseline	0	0
qsRoe.hapax.en-y5.ex-y0	qsSee.normal.en-y0	baseline	0	0
qsRoe.hapax.en-y5.ex-y0	qsSee.normal.en-y0.ex-y8	baseline	0	0
qsRoe.hapax.en-y5.ex-y0	qsVie.normal.en-y0	baseline	0	0
qsRoe.hapax.en-y5.ex-y0	qsVie.swept-out.en-y0.ex-y0	baseline	0	0
qsRoe.hapax.en-y5.ex-y0	qsVie_qsUtter.hapax.en-y0	baseline	0	0
qsRoe.hapax.en-y5.ex-y0	qsVie_qsUtter.hapax.en-y0.ex-y5	baseline	0	0
qsRoe.hapax.en-y5.ex-y0	qsVie_qsUtter.hapax.en-y0.ex-y5.ex-ext-1	baseline	0	0
qsRoe.hapax.en-y5.ex-y0.en-con-1	qsAh.hapax.en-y0	baseline	0	0
qsRoe.hapax.en-y5.ex-y0.en-con-1	qsAh.hapax.en-y0.ex-y5	baseline	0	0
qsRoe.hapax.en-y5.ex-y0.en-con-1	qsAh.hapax.en-y0.ex-y5.ex-ext-1	baseline	0	0
qsRoe.hapax.en-y5.ex-y0.en-con-1	qsMay.loop.en-y0	baseline	0	0
qsRoe.hapax.en-y5.ex-y0.en-con-1	qsMay.loop.en-y0.ex-y5.ex-ext-1	baseline	0	0
qsRoe.hapax.en-y5.ex-y0.en-con-1	qsMay.loop.en-y0.ex-y5.ex-ext-2	baseline	0	0
qsRoe.hapax.en-y5.ex-y0.en-con-1	qsNo.flipped.en-y0	baseline	0	0
qsRoe.hapax.en-y5.ex-y0.en-con-1	qsNo.flipped.en-y0.ex-y0	baseline	0	0
qsRoe.hapax.en-y5.ex-y0.en-con-1	qsRoe.hapax.en-y0	baseline	0	0
qsRoe.hapax.en-y5.ex-y0.en-con-1	qsRoe.hapax.en-y0.ex-y5	baseline	0	0
qsRoe.hapax.en-y5.ex-y0.en-con-1	qsSee.curled-over.en-y0.ex-y6	baseline	0	0
qsRoe.hapax.en-y5.ex-y0.en-con-1	qsSee.normal.en-y0	baseline	0	0
qsRoe.hapax.en-y5.ex-y0.en-con-1	qsSee.normal.en-y0.ex-y8	baseline	0	0
qsRoe.hapax.en-y5.ex-y0.en-con-1	qsVie.normal.en-y0	baseline	0	0
qsRoe.hapax.en-y5.ex-y0.en-con-1	qsVie.swept-out.en-y0.ex-y0	baseline	0	0
qsRoe.hapax.en-y5.ex-y0.en-con-1	qsVie_qsUtter.hapax.en-y0	baseline	0	0
qsRoe.hapax.en-y5.ex-y0.en-con-1	qsVie_qsUtter.hapax.en-y0.ex-y5	baseline	0	0
qsRoe.hapax.en-y5.ex-y0.en-con-1	qsVie_qsUtter.hapax.en-y0.ex-y5.ex-ext-1	baseline	0	0
qsRoe.hapax.en-y5.ex-y0.en-con-1.ex-ext-1	qsI.loop.en-y0	baseline	1	0
qsRoe.hapax.en-y5.ex-y0.en-con-1.ex-ext-1	qsI.loop.en-y0.ex-y5	baseline	1	0
qsRoe.hapax.en-y5.ex-y0.en-con-1.ex-ext-1	qsI.loop.en-y0.ex-y5.ex-ext-1	baseline	1	0
qsRoe.hapax.en-y5.ex-y0.en-con-1.ex-ext-1	qsLow.hapax.en-y0	baseline	1	0
qsRoe.hapax.en-y5.ex-y0.en-con-1.ex-ext-1	qsLow.hapax.en-y0.ex-y5	baseline	1	0
qsRoe.hapax.en-y5.ex-y0.en-con-1.ex-ext-1	qsLow.hapax.en-y0.ex-y5.ex-ext-1	baseline	1	0
qsRoe.hapax.en-y5.ex-y0.en-ext-1	qsAh.hapax.en-y0	baseline	0	0
qsRoe.hapax.en-y5.ex-y0.en-ext-1	qsAh.hapax.en-y0.ex-y5	baseline	0	0
qsRoe.hapax.en-y5.ex-y0.en-ext-1	qsAh.hapax.en-y0.ex-y5.ex-ext-1	baseline	0	0
qsRoe.hapax.en-y5.ex-y0.en-ext-1	qsMay.loop.en-y0	baseline	0	0
qsRoe.hapax.en-y5.ex-y0.en-ext-1	qsMay.loop.en-y0.ex-y5.ex-ext-1	baseline	0	0
qsRoe.hapax.en-y5.ex-y0.en-ext-1	qsMay.loop.en-y0.ex-y5.ex-ext-2	baseline	0	0
qsRoe.hapax.en-y5.ex-y0.en-ext-1	qsNo.flipped.en-y0	baseline	0	0
qsRoe.hapax.en-y5.ex-y0.en-ext-1	qsNo.flipped.en-y0.ex-y0	baseline	0	0
qsRoe.hapax.en-y5.ex-y0.en-ext-1	qsRoe.hapax.en-y0	baseline	0	0
qsRoe.hapax.en-y5.ex-y0.en-ext-1	qsRoe.hapax.en-y0.ex-y5	baseline	0	0
qsRoe.hapax.en-y5.ex-y0.en-ext-1	qsSee.curled-over.en-y0.ex-y6	baseline	0	0
qsRoe.hapax.en-y5.ex-y0.en-ext-1	qsSee.normal.en-y0	baseline	0	0
qsRoe.hapax.en-y5.ex-y0.en-ext-1	qsSee.normal.en-y0.ex-y8	baseline	0	0
qsRoe.hapax.en-y5.ex-y0.en-ext-1	qsVie.normal.en-y0	baseline	0	0
qsRoe.hapax.en-y5.ex-y0.en-ext-1	qsVie.swept-out.en-y0.ex-y0	baseline	0	0
qsRoe.hapax.en-y5.ex-y0.en-ext-1	qsVie_qsUtter.hapax.en-y0	baseline	0	0
qsRoe.hapax.en-y5.ex-y0.en-ext-1	qsVie_qsUtter.hapax.en-y0.ex-y5	baseline	0	0
qsRoe.hapax.en-y5.ex-y0.en-ext-1	qsVie_qsUtter.hapax.en-y0.ex-y5.ex-ext-1	baseline	0	0
qsRoe.hapax.en-y5.ex-y0.en-ext-1.ex-ext-1	qsI.loop.en-y0	baseline	1	0
qsRoe.hapax.en-y5.ex-y0.en-ext-1.ex-ext-1	qsI.loop.en-y0.ex-y5	baseline	1	0
qsRoe.hapax.en-y5.ex-y0.en-ext-1.ex-ext-1	qsI.loop.en-y0.ex-y5.ex-ext-1	baseline	1	0
qsRoe.hapax.en-y5.ex-y0.en-ext-1.ex-ext-1	qsLow.hapax.en-y0	baseline	1	0
qsRoe.hapax.en-y5.ex-y0.en-ext-1.ex-ext-1	qsLow.hapax.en-y0.ex-y5	baseline	1	0
qsRoe.hapax.en-y5.ex-y0.en-ext-1.ex-ext-1	qsLow.hapax.en-y0.ex-y5.ex-ext-1	baseline	1	0
qsRoe.hapax.en-y5.ex-y0.ex-ext-1	qsI.loop.en-y0	baseline	1	0
qsRoe.hapax.en-y5.ex-y0.ex-ext-1	qsI.loop.en-y0.ex-y5	baseline	1	0
qsRoe.hapax.en-y5.ex-y0.ex-ext-1	qsI.loop.en-y0.ex-y5.ex-ext-1	baseline	1	0
qsRoe.hapax.en-y5.ex-y0.ex-ext-1	qsLow.hapax.en-y0	baseline	1	0
qsRoe.hapax.en-y5.ex-y0.ex-ext-1	qsLow.hapax.en-y0.ex-y5	baseline	1	0
qsRoe.hapax.en-y5.ex-y0.ex-ext-1	qsLow.hapax.en-y0.ex-y5.ex-ext-1	baseline	1	0
qsRoe.hapax.ex-y0	qsAh.hapax.en-y0	baseline	0	0
qsRoe.hapax.ex-y0	qsAh.hapax.en-y0.ex-y5	baseline	0	0
qsRoe.hapax.ex-y0	qsAh.hapax.en-y0.ex-y5.ex-ext-1	baseline	0	0
qsRoe.hapax.ex-y0	qsMay.loop.en-y0	baseline	0	0
qsRoe.hapax.ex-y0	qsMay.loop.en-y0.ex-y5.ex-ext-1	baseline	0	0
qsRoe.hapax.ex-y0	qsMay.loop.en-y0.ex-y5.ex-ext-2	baseline	0	0
qsRoe.hapax.ex-y0	qsNo.flipped.en-y0.ex-y0	baseline	0	0
qsRoe.hapax.ex-y0	qsRoe.hapax.en-y0.ex-y5	baseline	0	0
qsRoe.hapax.ex-y0	qsSee.curled-over.en-y0.ex-y6	baseline	0	0
qsRoe.hapax.ex-y0	qsSee.normal.en-y0	baseline	0	0
qsRoe.hapax.ex-y0	qsSee.normal.en-y0.ex-y8	baseline	0	0
qsRoe.hapax.ex-y0	qsVie.normal.en-y0	baseline	0	0
qsRoe.hapax.ex-y0	qsVie.swept-out.en-y0.ex-y0	baseline	0	0
qsRoe.hapax.ex-y0	qsVie_qsUtter.hapax.en-y0	baseline	0	0
qsRoe.hapax.ex-y0	qsVie_qsUtter.hapax.en-y0.ex-y5	baseline	0	0
qsRoe.hapax.ex-y0	qsVie_qsUtter.hapax.en-y0.ex-y5.ex-ext-1	baseline	0	0
qsRoe.hapax.ex-y0.ex-ext-1	qsI.loop.en-y0	baseline	1	0
qsRoe.hapax.ex-y0.ex-ext-1	qsI.loop.en-y0.ex-y5	baseline	1	0
qsRoe.hapax.ex-y0.ex-ext-1	qsI.loop.en-y0.ex-y5.ex-ext-1	baseline	1	0
qsRoe.hapax.ex-y0.ex-ext-1	qsLow.hapax.en-y0	baseline	1	0
qsRoe.hapax.ex-y0.ex-ext-1	qsLow.hapax.en-y0.ex-y5	baseline	1	0
qsRoe.hapax.ex-y0.ex-ext-1	qsLow.hapax.en-y0.ex-y5.ex-ext-1	baseline	1	0
qsRoe.hapax.ex-y0.locked	qsAh.hapax.en-y0	baseline	0	0
qsRoe.hapax.ex-y0.locked	qsAh.hapax.en-y0.ex-y5	baseline	0	0
qsRoe.hapax.ex-y0.locked	qsAh.hapax.en-y0.ex-y5.ex-ext-1	baseline	0	0
qsRoe.hapax.ex-y0.locked	qsMay.loop.en-y0	baseline	0	0
qsRoe.hapax.ex-y0.locked	qsMay.loop.en-y0.ex-y5.ex-ext-1	baseline	0	0
qsRoe.hapax.ex-y0.locked	qsMay.loop.en-y0.ex-y5.ex-ext-2	baseline	0	0
qsRoe.hapax.ex-y0.locked	qsNo.flipped.en-y0.ex-y0	baseline	0	0
qsRoe.hapax.ex-y0.locked	qsRoe.hapax.en-y0.ex-y5	baseline	0	0
qsRoe.hapax.ex-y0.locked	qsSee.curled-over.en-y0.ex-y6	baseline	0	0
qsRoe.hapax.ex-y0.locked	qsSee.normal.en-y0	baseline	0	0
qsRoe.hapax.ex-y0.locked	qsSee.normal.en-y0.ex-y8	baseline	0	0
qsRoe.hapax.ex-y0.locked	qsVie.normal.en-y0	baseline	0	0
qsRoe.hapax.ex-y0.locked	qsVie.swept-out.en-y0.ex-y0	baseline	0	0
qsRoe.hapax.ex-y0.locked	qsVie_qsUtter.hapax.en-y0	baseline	0	0
qsRoe.hapax.ex-y0.locked	qsVie_qsUtter.hapax.en-y0.ex-y5	baseline	0	0
qsRoe.hapax.ex-y0.locked	qsVie_qsUtter.hapax.en-y0.ex-y5.ex-ext-1	baseline	0	0
qsRoe.hapax.ex-y0.locked.ex-ext-1	qsI.loop.en-y0	baseline	1	0
qsRoe.hapax.ex-y0.locked.ex-ext-1	qsI.loop.en-y0.ex-y5	baseline	1	0
qsRoe.hapax.ex-y0.locked.ex-ext-1	qsI.loop.en-y0.ex-y5.ex-ext-1	baseline	1	0
qsRoe.hapax.ex-y0.locked.ex-ext-1	qsLow.hapax.en-y0	baseline	1	0
qsRoe.hapax.ex-y0.locked.ex-ext-1	qsLow.hapax.en-y0.ex-y5	baseline	1	0
qsRoe.hapax.ex-y0.locked.ex-ext-1	qsLow.hapax.en-y0.ex-y5.ex-ext-1	baseline	1	0
qsRoe.hapax.ex-y5	qsAwe.hapax.en-y5	x-height	0	0
qsRoe.hapax.ex-y5	qsAwe.hapax.en-y5.ex-y0	x-height	0	0
qsRoe.hapax.ex-y5	qsEight.normal-sized-loop.en-y5	x-height	0	0
qsRoe.hapax.ex-y5	qsEight.normal-sized-loop.en-y5.ex-y0	x-height	0	0
qsRoe.hapax.ex-y5	qsEight.smaller-loop.en-y5.ex-y0	x-height	0	0
qsRoe.hapax.ex-y5	qsJai.hapax.en-y5	x-height	0	0
qsRoe.hapax.ex-y5	qsJai.hapax.en-y5.ex-y0	x-height	0	0
qsRoe.hapax.ex-y5	qsJai.hapax.en-y5.ex-y0.ex-ext-1	x-height	0	0
qsRoe.hapax.ex-y5	qsJai_qsUtter.hapax.en-y5	x-height	0	0
qsRoe.hapax.ex-y5	qsJai_qsUtter.hapax.en-y5.ex-y5	x-height	0	0
qsRoe.hapax.ex-y5	qsJai_qsUtter.hapax.en-y5.ex-y5.ex-ext-1	x-height	0	0
qsRoe.hapax.ex-y5	qsNo.loop.en-y5	x-height	0	0
qsRoe.hapax.ex-y5	qsNo.loop.en-y5.ex-y5	x-height	0	0
qsRoe.hapax.ex-y5	qsNo.loop.en-y5.ex-y5.ex-ext-1	x-height	0	0
qsRoe.hapax.ex-y5	qsOx.hapax.en-y5	x-height	0	0
qsRoe.hapax.ex-y5	qsOx.hapax.en-y5.ex-y0	x-height	0	0
qsRoe.hapax.ex-y5	qsOy.hapax.en-y5	x-height	0	0
qsRoe.hapax.ex-y5	qsOy.hapax.en-y5.ex-y0	x-height	0	0
qsRoe.hapax.ex-y5	qsRoe.hapax.en-y5	x-height	0	0
qsRoe.hapax.ex-y5	qsRoe.hapax.en-y5.ex-y0	x-height	0	0
qsRoe.hapax.ex-y5	qsRoe.hapax.en-y5.ex-y0.ex-ext-1	x-height	0	0
qsRoe.hapax.ex-y5.locked	qsAwe.hapax.en-y5	x-height	0	0
qsRoe.hapax.ex-y5.locked	qsAwe.hapax.en-y5.ex-y0	x-height	0	0
qsRoe.hapax.ex-y5.locked	qsEight.normal-sized-loop.en-y5	x-height	0	0
qsRoe.hapax.ex-y5.locked	qsEight.normal-sized-loop.en-y5.ex-y0	x-height	0	0
qsRoe.hapax.ex-y5.locked	qsEight.smaller-loop.en-y5.ex-y0	x-height	0	0
qsRoe.hapax.ex-y5.locked	qsJai.hapax.en-y5	x-height	0	0
qsRoe.hapax.ex-y5.locked	qsJai.hapax.en-y5.ex-y0	x-height	0	0
qsRoe.hapax.ex-y5.locked	qsJai.hapax.en-y5.ex-y0.ex-ext-1	x-height	0	0
qsRoe.hapax.ex-y5.locked	qsJai_qsUtter.hapax.en-y5	x-height	0	0
qsRoe.hapax.ex-y5.locked	qsJai_qsUtter.hapax.en-y5.ex-y5	x-height	0	0
qsRoe.hapax.ex-y5.locked	qsJai_qsUtter.hapax.en-y5.ex-y5.ex-ext-1	x-height	0	0
qsRoe.hapax.ex-y5.locked	qsNo.loop.en-y5	x-height	0	0
qsRoe.hapax.ex-y5.locked	qsNo.loop.en-y5.ex-y5	x-height	0	0
qsRoe.hapax.ex-y5.locked	qsNo.loop.en-y5.ex-y5.ex-ext-1	x-height	0	0
qsRoe.hapax.ex-y5.locked	qsOx.hapax.en-y5	x-height	0	0
qsRoe.hapax.ex-y5.locked	qsOx.hapax.en-y5.ex-y0	x-height	0	0
qsRoe.hapax.ex-y5.locked	qsOy.hapax.en-y5	x-height	0	0
qsRoe.hapax.ex-y5.locked	qsOy.hapax.en-y5.ex-y0	x-height	0	0
qsRoe.hapax.ex-y5.locked	qsRoe.hapax.en-y5	x-height	0	0
qsRoe.hapax.ex-y5.locked	qsRoe.hapax.en-y5.ex-y0	x-height	0	0
qsRoe.hapax.ex-y5.locked	qsRoe.hapax.en-y5.ex-y0.ex-ext-1	x-height	0	0
qsRoe.hapax.locked	qsDay.full	break	0	0
qsRoe.hapax.locked	qsDay.full.ex-y0	break	0	0
qsRoe.hapax.locked	qsDay_qsUtter.full	break	0	0
qsRoe.hapax.locked	qsDay_qsUtter.full.ex-y5	break	0	0
qsRoe.hapax.locked	qsDay_qsUtter.full.ex-y5.ex-ext-1	break	0	0
qsRoe.hapax.locked	qsEt.hapax	break	0	0
qsRoe.hapax.locked	qsEt.hapax.ex-y0	break	0	0
qsRoe.hapax.locked	qsEt.hapax.ex-y0.ex-con-1	break	0	0
qsRoe.hapax.locked	qsFee.loop	break	0	0
qsRoe.hapax.locked	qsFee.loop.ex-y5	break	0	0
qsRoe.hapax.locked	qsFee.loop.ex-y5.ex-ext-1	break	0	0
qsRoe.hapax.locked	qsFee.loop.ex-y5.ex-ext-3	break	0	0
qsRoe.hapax.locked	qsIt.hapax	break	0	0
qsRoe.hapax.locked	qsIt.hapax.ex-y0	break	0	0
qsRoe.hapax.locked	qsIt.hapax.ex-y5	break	0	0
qsRoe.hapax.locked	qsIt.hapax.ex-y5.ex-ext-1	break	0	0
qsRoe.hapax.locked	qsOut.normal	break	0	0
qsRoe.hapax.locked	qsOut.swept-up.ex-y5	break	0	0
qsRoe.hapax.locked	qsOut.swept-up.ex-y5.ex-ext-1	break	0	0
qsRoe.hapax.locked	qsOut_qsTea.hapax	break	0	0
qsRoe.hapax.locked	qsPea.full	break	0	0
qsRoe.hapax.locked	qsPea.full.ex-y0	break	0	0
qsRoe.hapax.locked	qsPea.half.ex-y5	break	0	0
qsRoe.hapax.locked	qsPea.half.ex-y6	break	0	0
qsRoe.hapax.locked	qsSee.straighter.ex-y0	break	0	0
qsRoe.hapax.locked	qsSee.straighter.ex-y0.ex-ext-2	break	0	0
qsRoe.hapax.locked	qsSee_qsUtter.hapax	break	0	0
qsRoe.hapax.locked	qsSee_qsUtter.hapax.ex-y5	break	0	0
qsRoe.hapax.locked	qsSee_qsUtter.hapax.ex-y5.ex-ext-1	break	0	0
qsRoe.hapax.locked	qsTea.full	break	0	0
qsRoe.hapax.locked	qsTea.full.ex-y0	break	0	0
qsRoe.hapax.locked	qsTea.half.ex-y5	break	0	0
qsRoe.hapax.locked	qsTea_qsOy.hapax	break	0	0
qsRoe.hapax.locked	qsTea_qsOy.hapax.ex-y0	break	0	0
qsRoe.hapax.locked	qsUtter.alternate.ex-y0	break	0	0
qsRoe.hapax.locked	qsUtter.mono	break	0	0
qsRoe.hapax.locked	qsUtter.mono.ex-y5	break	0	0
qsRoe.hapax.locked	qsUtter.mono.ex-y5.ex-ext-1	break	0	0
qsSee.curled-over.en-y0.ex-y6	qsPea.full.en-y6	y6	0	0
qsSee.curled-over.en-y0.ex-y6	qsPea.full.en-y6.ex-y0	y6	0	0
qsSee.curled-over.en-y0.ex-y6	qsPea.half.en-y6.ex-y5	y6	0	0
qsSee.curled-over.en-y0.ex-y6	qsPea.half.en-y6.ex-y6	y6	0	0
qsSee.curled-over.ex-y6	qsPea.full.en-y6	y6	0	0
qsSee.curled-over.ex-y6	qsPea.full.en-y6.ex-y0	y6	0	0
qsSee.curled-over.ex-y6	qsPea.half.en-y6.ex-y5	y6	0	0
qsSee.curled-over.ex-y6	qsPea.half.en-y6.ex-y6	y6	0	0
qsSee.curled-over.ex-y6.locked	qsPea.full.en-y6	y6	0	0
qsSee.curled-over.ex-y6.locked	qsPea.full.en-y6.ex-y0	y6	0	0
qsSee.curled-over.ex-y6.locked	qsPea.half.en-y6.ex-y5	y6	0	0
qsSee.curled-over.ex-y6.locked	qsPea.half.en-y6.ex-y6	y6	0	0
qsSee.normal	qsAh.hapax	break	0	0
qsSee.normal	qsAh.hapax.ex-y5	break	0	0
qsSee.normal	qsAh.hapax.ex-y5.ex-ext-1	break	0	0
qsSee.normal	qsAwe.hapax	break	0	0
qsSee.normal	qsAwe.hapax.ex-y0	break	0	0
qsSee.normal	qsDay.full	break	0	0
qsSee.normal	qsDay.full.ex-y0	break	0	0
qsSee.normal	qsDay_qsUtter.full	break	0	0
qsSee.normal	qsDay_qsUtter.full.ex-y5	break	0	0
qsSee.normal	qsDay_qsUtter.full.ex-y5.ex-ext-1	break	0	0
qsSee.normal	qsEight.normal-sized-loop	break	0	0
qsSee.normal	qsEight.normal-sized-loop.ex-y0	break	0	0
qsSee.normal	qsEight.smaller-loop.ex-y0	break	0	0
qsSee.normal	qsEt.hapax	break	0	0
qsSee.normal	qsEt.hapax.ex-y0	break	0	0
qsSee.normal	qsEt.hapax.ex-y0.ex-con-1	break	0	0
qsSee.normal	qsI.loop	break	0	0
qsSee.normal	qsI.loop.ex-y5	break	0	0
qsSee.normal	qsI.loop.ex-y5.ex-ext-1	break	0	0
qsSee.normal	qsIt.hapax	break	0	0
qsSee.normal	qsIt.hapax.ex-y0	break	0	0
qsSee.normal	qsIt.hapax.ex-y5	break	0	0
qsSee.normal	qsIt.hapax.ex-y5.ex-ext-1	break	0	0
qsSee.normal	qsJai.hapax	break	0	0
qsSee.normal	qsJai.hapax.ex-y0	break	0	0
qsSee.normal	qsJai.hapax.ex-y0.ex-ext-1	break	0	0
qsSee.normal	qsJai_qsUtter.hapax	break	0	0
qsSee.normal	qsJai_qsUtter.hapax.ex-y5	break	0	0
qsSee.normal	qsJai_qsUtter.hapax.ex-y5.ex-ext-1	break	0	0
qsSee.normal	qsMay.grounded-loop.ex-y0	break	0	0
qsSee.normal	qsMay.loop	break	0	0
qsSee.normal	qsMay.loop.ex-y5	break	0	0
qsSee.normal	qsMay.loop.ex-y5.ex-ext-1	break	0	0
qsSee.normal	qsMay.loop.ex-y5.ex-ext-2	break	0	0
qsSee.normal	qsNo.flipped.ex-y0	break	0	0
qsSee.normal	qsNo.loop	break	0	0
qsSee.normal	qsNo.loop.ex-y5	break	0	0
qsSee.normal	qsNo.loop.ex-y5.ex-ext-1	break	0	0
qsSee.normal	qsOx.hapax	break	0	0
qsSee.normal	qsOx.hapax.ex-y0	break	0	0
qsSee.normal	qsOy.hapax	break	0	0
qsSee.normal	qsOy.hapax.ex-y0	break	0	0
qsSee.normal	qsRoe.hapax	break	0	0
qsSee.normal	qsRoe.hapax.ex-y0	break	0	0
qsSee.normal	qsRoe.hapax.ex-y0.ex-ext-1	break	0	0
qsSee.normal	qsRoe.hapax.ex-y5	break	0	0
qsSee.normal	qsSee.curled-over.ex-y6	break	0	0
qsSee.normal	qsSee.normal	break	0	0
qsSee.normal	qsSee.normal.ex-y8	break	0	0
qsSee.normal	qsSee.straighter.ex-y0	break	0	0
qsSee.normal	qsSee.straighter.ex-y0.ex-ext-2	break	0	0
qsSee.normal	qsSee_qsUtter.hapax	break	0	0
qsSee.normal	qsSee_qsUtter.hapax.ex-y5	break	0	0
qsSee.normal	qsSee_qsUtter.hapax.ex-y5.ex-ext-1	break	0	0
qsSee.normal	qsTea_qsOy.hapax	break	0	0
qsSee.normal	qsTea_qsOy.hapax.ex-y0	break	0	0
qsSee.normal	qsUtter.alternate.ex-y0	break	0	0
qsSee.normal	qsVie.normal	break	0	0
qsSee.normal	qsVie.swept-out.ex-y0	break	0	0
qsSee.normal	qsVie_qsUtter.hapax	break	0	0
qsSee.normal	qsVie_qsUtter.hapax.ex-y5	break	0	0
qsSee.normal	qsVie_qsUtter.hapax.ex-y5.ex-ext-1	break	0	0
qsSee.normal.en-y0	qsAh.hapax	break	0	0
qsSee.normal.en-y0	qsAh.hapax.ex-y5	break	0	0
qsSee.normal.en-y0	qsAh.hapax.ex-y5.ex-ext-1	break	0	0
qsSee.normal.en-y0	qsAwe.hapax	break	0	0
qsSee.normal.en-y0	qsAwe.hapax.ex-y0	break	0	0
qsSee.normal.en-y0	qsDay.full	break	0	0
qsSee.normal.en-y0	qsDay.full.ex-y0	break	0	0
qsSee.normal.en-y0	qsDay_qsUtter.full	break	0	0
qsSee.normal.en-y0	qsDay_qsUtter.full.ex-y5	break	0	0
qsSee.normal.en-y0	qsDay_qsUtter.full.ex-y5.ex-ext-1	break	0	0
qsSee.normal.en-y0	qsEight.normal-sized-loop	break	0	0
qsSee.normal.en-y0	qsEight.normal-sized-loop.ex-y0	break	0	0
qsSee.normal.en-y0	qsEight.smaller-loop.ex-y0	break	0	0
qsSee.normal.en-y0	qsEt.hapax	break	0	0
qsSee.normal.en-y0	qsEt.hapax.ex-y0	break	0	0
qsSee.normal.en-y0	qsEt.hapax.ex-y0.ex-con-1	break	0	0
qsSee.normal.en-y0	qsI.loop	break	0	0
qsSee.normal.en-y0	qsI.loop.ex-y5	break	0	0
qsSee.normal.en-y0	qsI.loop.ex-y5.ex-ext-1	break	0	0
qsSee.normal.en-y0	qsIt.hapax	break	0	0
qsSee.normal.en-y0	qsIt.hapax.ex-y0	break	0	0
qsSee.normal.en-y0	qsIt.hapax.ex-y5	break	0	0
qsSee.normal.en-y0	qsIt.hapax.ex-y5.ex-ext-1	break	0	0
qsSee.normal.en-y0	qsJai.hapax	break	0	0
qsSee.normal.en-y0	qsJai.hapax.ex-y0	break	0	0
qsSee.normal.en-y0	qsJai.hapax.ex-y0.ex-ext-1	break	0	0
qsSee.normal.en-y0	qsJai_qsUtter.hapax	break	0	0
qsSee.normal.en-y0	qsJai_qsUtter.hapax.ex-y5	break	0	0
qsSee.normal.en-y0	qsJai_qsUtter.hapax.ex-y5.ex-ext-1	break	0	0
qsSee.normal.en-y0	qsLow.hapax	break	0	0
qsSee.normal.en-y0	qsLow.hapax.ex-y5	break	0	0
qsSee.normal.en-y0	qsLow.hapax.ex-y5.ex-ext-1	break	0	0
qsSee.normal.en-y0	qsMay.grounded-loop.ex-y0	break	0	0
qsSee.normal.en-y0	qsMay.loop	break	0	0
qsSee.normal.en-y0	qsMay.loop.ex-y5	break	0	0
qsSee.normal.en-y0	qsMay.loop.ex-y5.ex-ext-1	break	0	0
qsSee.normal.en-y0	qsMay.loop.ex-y5.ex-ext-2	break	0	0
qsSee.normal.en-y0	qsNo.flipped.ex-y0	break	0	0
qsSee.normal.en-y0	qsNo.loop	break	0	0
qsSee.normal.en-y0	qsNo.loop.ex-y5	break	0	0
qsSee.normal.en-y0	qsNo.loop.ex-y5.ex-ext-1	break	0	0
qsSee.normal.en-y0	qsOut.normal	break	0	0
qsSee.normal.en-y0	qsOut.swept-up.ex-y5	break	0	0
qsSee.normal.en-y0	qsOut.swept-up.ex-y5.ex-ext-1	break	0	0
qsSee.normal.en-y0	qsOut_qsTea.hapax	break	0	0
qsSee.normal.en-y0	qsOx.hapax	break	0	0
qsSee.normal.en-y0	qsOx.hapax.ex-y0	break	0	0
qsSee.normal.en-y0	qsOy.hapax	break	0	0
qsSee.normal.en-y0	qsOy.hapax.ex-y0	break	0	0
qsSee.normal.en-y0	qsRoe.hapax	break	0	0
qsSee.normal.en-y0	qsRoe.hapax.ex-y0	break	0	0
qsSee.normal.en-y0	qsRoe.hapax.ex-y0.ex-ext-1	break	0	0
qsSee.normal.en-y0	qsRoe.hapax.ex-y5	break	0	0
qsSee.normal.en-y0	qsSee.curled-over.ex-y6	break	0	0
qsSee.normal.en-y0	qsSee.normal	break	0	0
qsSee.normal.en-y0	qsSee.normal.ex-y8	break	0	0
qsSee.normal.en-y0	qsSee.straighter.ex-y0	break	0	0
qsSee.normal.en-y0	qsSee.straighter.ex-y0.ex-ext-2	break	0	0
qsSee.normal.en-y0	qsSee_qsUtter.hapax	break	0	0
qsSee.normal.en-y0	qsSee_qsUtter.hapax.ex-y5	break	0	0
qsSee.normal.en-y0	qsSee_qsUtter.hapax.ex-y5.ex-ext-1	break	0	0
qsSee.normal.en-y0	qsTea_qsOy.hapax	break	0	0
qsSee.normal.en-y0	qsTea_qsOy.hapax.ex-y0	break	0	0
qsSee.normal.en-y0	qsUtter.alternate.ex-y0	break	0	0
qsSee.normal.en-y0	qsVie.normal	break	0	0
qsSee.normal.en-y0	qsVie.swept-out.ex-y0	break	0	0
qsSee.normal.en-y0	qsVie_qsUtter.hapax	break	0	0
qsSee.normal.en-y0	qsVie_qsUtter.hapax.ex-y5	break	0	0
qsSee.normal.en-y0	qsVie_qsUtter.hapax.ex-y5.ex-ext-1	break	0	0
qsSee.normal.en-y0.ex-y8	qsFee.loop.en-y8	top	0	0
qsSee.normal.en-y0.ex-y8	qsFee.loop.en-y8.ex-y5	top	0	0
qsSee.normal.en-y0.ex-y8	qsFee.loop.en-y8.ex-y5.ex-ext-1	top	0	0
qsSee.normal.en-y0.ex-y8	qsFee.loop.en-y8.ex-y5.ex-ext-3	top	0	0
qsSee.normal.en-y0.ex-y8	qsTea.full.en-y8	top	0	0
qsSee.normal.en-y0.ex-y8	qsTea.full.en-y8.ex-y0	top	0	0
qsSee.normal.en-y0.ex-y8	qsTea.half.en-y8.ex-y5	top	0	0
qsSee.normal.ex-y8	qsFee.loop.en-y8	top	0	0
qsSee.normal.ex-y8	qsFee.loop.en-y8.ex-y5	top	0	0
qsSee.normal.ex-y8	qsFee.loop.en-y8.ex-y5.ex-ext-1	top	0	0
qsSee.normal.ex-y8	qsFee.loop.en-y8.ex-y5.ex-ext-3	top	0	0
qsSee.normal.ex-y8	qsTea.full.en-y8	top	0	0
qsSee.normal.ex-y8	qsTea.full.en-y8.ex-y0	top	0	0
qsSee.normal.ex-y8	qsTea.half.en-y8.ex-y5	top	0	0
qsSee.normal.ex-y8.locked	qsFee.loop.en-y8	top	0	0
qsSee.normal.ex-y8.locked	qsFee.loop.en-y8.ex-y5	top	0	0
qsSee.normal.ex-y8.locked	qsFee.loop.en-y8.ex-y5.ex-ext-1	top	0	0
qsSee.normal.ex-y8.locked	qsFee.loop.en-y8.ex-y5.ex-ext-3	top	0	0
qsSee.normal.ex-y8.locked	qsTea.full.en-y8	top	0	0
qsSee.normal.ex-y8.locked	qsTea.full.en-y8.ex-y0	top	0	0
qsSee.normal.ex-y8.locked	qsTea.half.en-y8.ex-y5	top	0	0
qsSee.normal.locked	qsAh.hapax	break	0	0
qsSee.normal.locked	qsAh.hapax.ex-y5	break	0	0
qsSee.normal.locked	qsAh.hapax.ex-y5.ex-ext-1	break	0	0
qsSee.normal.locked	qsAwe.hapax	break	0	0
qsSee.normal.locked	qsAwe.hapax.ex-y0	break	0	0
qsSee.normal.locked	qsDay.full	break	0	0
qsSee.normal.locked	qsDay.full.ex-y0	break	0	0
qsSee.normal.locked	qsDay_qsUtter.full	break	0	0
qsSee.normal.locked	qsDay_qsUtter.full.ex-y5	break	0	0
qsSee.normal.locked	qsDay_qsUtter.full.ex-y5.ex-ext-1	break	0	0
qsSee.normal.locked	qsEight.normal-sized-loop	break	0	0
qsSee.normal.locked	qsEight.normal-sized-loop.ex-y0	break	0	0
qsSee.normal.locked	qsEight.smaller-loop.ex-y0	break	0	0
qsSee.normal.locked	qsEt.hapax	break	0	0
qsSee.normal.locked	qsEt.hapax.ex-y0	break	0	0
qsSee.normal.locked	qsEt.hapax.ex-y0.ex-con-1	break	0	0
qsSee.normal.locked	qsI.loop	break	0	0
qsSee.normal.locked	qsI.loop.ex-y5	break	0	0
qsSee.normal.locked	qsI.loop.ex-y5.ex-ext-1	break	0	0
qsSee.normal.locked	qsIt.hapax	break	0	0
qsSee.normal.locked	qsIt.hapax.ex-y0	break	0	0
qsSee.normal.locked	qsIt.hapax.ex-y5	break	0	0
qsSee.normal.locked	qsIt.hapax.ex-y5.ex-ext-1	break	0	0
qsSee.normal.locked	qsJai.hapax	break	0	0
qsSee.normal.locked	qsJai.hapax.ex-y0	break	0	0
qsSee.normal.locked	qsJai.hapax.ex-y0.ex-ext-1	break	0	0
qsSee.normal.locked	qsJai_qsUtter.hapax	break	0	0
qsSee.normal.locked	qsJai_qsUtter.hapax.ex-y5	break	0	0
qsSee.normal.locked	qsJai_qsUtter.hapax.ex-y5.ex-ext-1	break	0	0
qsSee.normal.locked	qsMay.grounded-loop.ex-y0	break	0	0
qsSee.normal.locked	qsMay.loop	break	0	0
qsSee.normal.locked	qsMay.loop.ex-y5	break	0	0
qsSee.normal.locked	qsMay.loop.ex-y5.ex-ext-1	break	0	0
qsSee.normal.locked	qsMay.loop.ex-y5.ex-ext-2	break	0	0
qsSee.normal.locked	qsNo.flipped.ex-y0	break	0	0
qsSee.normal.locked	qsNo.loop	break	0	0
qsSee.normal.locked	qsNo.loop.ex-y5	break	0	0
qsSee.normal.locked	qsNo.loop.ex-y5.ex-ext-1	break	0	0
qsSee.normal.locked	qsOx.hapax	break	0	0
qsSee.normal.locked	qsOx.hapax.ex-y0	break	0	0
qsSee.normal.locked	qsOy.hapax	break	0	0
qsSee.normal.locked	qsOy.hapax.ex-y0	break	0	0
qsSee.normal.locked	qsRoe.hapax	break	0	0
qsSee.normal.locked	qsRoe.hapax.ex-y0	break	0	0
qsSee.normal.locked	qsRoe.hapax.ex-y0.ex-ext-1	break	0	0
qsSee.normal.locked	qsRoe.hapax.ex-y5	break	0	0
qsSee.normal.locked	qsSee.curled-over.ex-y6	break	0	0
qsSee.normal.locked	qsSee.normal	break	0	0
qsSee.normal.locked	qsSee.normal.ex-y8	break	0	0
qsSee.normal.locked	qsSee.straighter.ex-y0	break	0	0
qsSee.normal.locked	qsSee.straighter.ex-y0.ex-ext-2	break	0	0
qsSee.normal.locked	qsSee_qsUtter.hapax	break	0	0
qsSee.normal.locked	qsSee_qsUtter.hapax.ex-y5	break	0	0
qsSee.normal.locked	qsSee_qsUtter.hapax.ex-y5.ex-ext-1	break	0	0
qsSee.normal.locked	qsTea_qsOy.hapax	break	0	0
qsSee.normal.locked	qsTea_qsOy.hapax.ex-y0	break	0	0
qsSee.normal.locked	qsUtter.alternate.ex-y0	break	0	0
qsSee.normal.locked	qsVie.normal	break	0	0
qsSee.normal.locked	qsVie.swept-out.ex-y0	break	0	0
qsSee.normal.locked	qsVie_qsUtter.hapax	break	0	0
qsSee.normal.locked	qsVie_qsUtter.hapax.ex-y5	break	0	0
qsSee.normal.locked	qsVie_qsUtter.hapax.ex-y5.ex-ext-1	break	0	0
qsSee.straighter.ex-y0	qsOut.normal.en-y0.en-bind-raked.en-trim-1	baseline	0	0
qsSee.straighter.ex-y0	qsOut.swept-up.en-y0.ex-y5.en-bind-raked.en-trim-1	baseline	0	0
qsSee.straighter.ex-y0	qsOut.swept-up.en-y0.ex-y5.en-bind-raked.en-trim-1.ex-ext-1	baseline	0	0
qsSee.straighter.ex-y0	qsOut_qsTea.hapax.en-y0.en-bind-raked.en-trim-1	baseline	0	0
qsSee.straighter.ex-y0.ex-ext-2	qsLow.hapax.en-y0	baseline	2	0
qsSee.straighter.ex-y0.ex-ext-2	qsLow.hapax.en-y0.ex-y5	baseline	2	0
qsSee.straighter.ex-y0.ex-ext-2	qsLow.hapax.en-y0.ex-y5.ex-ext-1	baseline	2	0
qsSee.straighter.ex-y0.locked	qsOut.normal.en-y0.en-bind-raked.en-trim-1	baseline	0	0
qsSee.straighter.ex-y0.locked	qsOut.swept-up.en-y0.ex-y5.en-bind-raked.en-trim-1	baseline	0	0
qsSee.straighter.ex-y0.locked	qsOut.swept-up.en-y0.ex-y5.en-bind-raked.en-trim-1.ex-ext-1	baseline	0	0
qsSee.straighter.ex-y0.locked	qsOut_qsTea.hapax.en-y0.en-bind-raked.en-trim-1	baseline	0	0
qsSee.straighter.ex-y0.locked.ex-ext-2	qsLow.hapax.en-y0	baseline	2	0
qsSee.straighter.ex-y0.locked.ex-ext-2	qsLow.hapax.en-y0.ex-y5	baseline	2	0
qsSee.straighter.ex-y0.locked.ex-ext-2	qsLow.hapax.en-y0.ex-y5.ex-ext-1	baseline	2	0
qsSee_qsUtter.hapax	qsFee.loop.ex-y5	break	0	0
qsSee_qsUtter.hapax	qsFee.loop.ex-y5.ex-ext-1	break	0	0
qsSee_qsUtter.hapax	qsFee.loop.ex-y5.ex-ext-3	break	0	0
qsSee_qsUtter.hapax	qsRoe.hapax.ex-y5	break	0	0
qsSee_qsUtter.hapax	qsSee.normal	break	0	0
qsSee_qsUtter.hapax	qsSee.straighter.ex-y0	break	0	0
qsSee_qsUtter.hapax	qsSee.straighter.ex-y0.ex-ext-2	break	0	0
qsSee_qsUtter.hapax	qsSee_qsUtter.hapax	break	0	0
qsSee_qsUtter.hapax	qsSee_qsUtter.hapax.ex-y5	break	0	0
qsSee_qsUtter.hapax	qsSee_qsUtter.hapax.ex-y5.ex-ext-1	break	0	0
qsSee_qsUtter.hapax	qsTea.full	break	0	0
qsSee_qsUtter.hapax	qsTea.full.ex-y0	break	0	0
qsSee_qsUtter.hapax	qsTea.half.ex-y5	break	0	0
qsSee_qsUtter.hapax	qsTea_qsOy.hapax	break	0	0
qsSee_qsUtter.hapax	qsTea_qsOy.hapax.ex-y0	break	0	0
qsSee_qsUtter.hapax	qsUtter.mono	break	0	0
qsSee_qsUtter.hapax	qsUtter.mono.ex-y5	break	0	0
qsSee_qsUtter.hapax	qsUtter.mono.ex-y5.ex-ext-1	break	0	0
qsSee_qsUtter.hapax.ex-y5	qsAwe.hapax.en-y5	x-height	0	0
qsSee_qsUtter.hapax.ex-y5	qsAwe.hapax.en-y5.ex-y0	x-height	0	0
qsSee_qsUtter.hapax.ex-y5	qsDay.full.en-y5	x-height	0	0
qsSee_qsUtter.hapax.ex-y5	qsDay.full.en-y5.ex-y0	x-height	0	0
qsSee_qsUtter.hapax.ex-y5	qsDay_qsUtter.full.en-y5	x-height	0	0
qsSee_qsUtter.hapax.ex-y5	qsDay_qsUtter.full.en-y5.ex-y5	x-height	0	0
qsSee_qsUtter.hapax.ex-y5	qsDay_qsUtter.full.en-y5.ex-y5.ex-ext-1	x-height	0	0
qsSee_qsUtter.hapax.ex-y5	qsEight.normal-sized-loop.en-y5	x-height	0	0
qsSee_qsUtter.hapax.ex-y5	qsEight.normal-sized-loop.en-y5.ex-y0	x-height	0	0
qsSee_qsUtter.hapax.ex-y5	qsEight.smaller-loop.en-y5.ex-y0	x-height	0	0
qsSee_qsUtter.hapax.ex-y5	qsEt.hapax.en-y5	x-height	0	0
qsSee_qsUtter.hapax.ex-y5	qsEt.hapax.en-y5.ex-y0	x-height	0	0
qsSee_qsUtter.hapax.ex-y5	qsEt.hapax.en-y5.ex-y0.ex-con-1	x-height	0	0
qsSee_qsUtter.hapax.ex-y5	qsIt.hapax.en-y5	x-height	0	0
qsSee_qsUtter.hapax.ex-y5	qsIt.hapax.en-y5.ex-y0	x-height	0	0
qsSee_qsUtter.hapax.ex-y5	qsIt.hapax.en-y5.ex-y0.ex-ext-1	x-height	0	0
qsSee_qsUtter.hapax.ex-y5	qsJai.hapax.en-y5.en-con-2	x-height	-2	0
qsSee_qsUtter.hapax.ex-y5	qsJai.hapax.en-y5.ex-y0.en-con-2	x-height	-2	0
qsSee_qsUtter.hapax.ex-y5	qsJai.hapax.en-y5.ex-y0.en-con-2.ex-ext-1	x-height	-2	0
qsSee_qsUtter.hapax.ex-y5	qsJai_qsUtter.hapax.en-y5.en-con-2	x-height	-2	0
qsSee_qsUtter.hapax.ex-y5	qsJai_qsUtter.hapax.en-y5.ex-y5.en-con-2	x-height	-2	0
qsSee_qsUtter.hapax.ex-y5	qsJai_qsUtter.hapax.en-y5.ex-y5.en-con-2.ex-ext-1	x-height	-2	0
qsSee_qsUtter.hapax.ex-y5	qsNo.loop.en-y5	x-height	0	0
qsSee_qsUtter.hapax.ex-y5	qsNo.loop.en-y5.ex-y5	x-height	0	0
qsSee_qsUtter.hapax.ex-y5	qsNo.loop.en-y5.ex-y5.ex-ext-1	x-height	0	0
qsSee_qsUtter.hapax.ex-y5	qsOx.hapax.en-y5	x-height	0	0
qsSee_qsUtter.hapax.ex-y5	qsOx.hapax.en-y5.ex-y0	x-height	0	0
qsSee_qsUtter.hapax.ex-y5	qsOy.hapax.en-y5	x-height	0	0
qsSee_qsUtter.hapax.ex-y5	qsOy.hapax.en-y5.ex-y0	x-height	0	0
qsSee_qsUtter.hapax.ex-y5	qsPea.full.en-y5	x-height	0	0
qsSee_qsUtter.hapax.ex-y5	qsPea.full.en-y5.ex-y0	x-height	0	0
qsSee_qsUtter.hapax.ex-y5	qsPea.half.en-y5.ex-y5	x-height	0	0
qsSee_qsUtter.hapax.ex-y5	qsPea.half.en-y5.ex-y6	x-height	0	0
qsSee_qsUtter.hapax.ex-y5	qsRoe.hapax.en-y5	x-height	0	0
qsSee_qsUtter.hapax.ex-y5	qsRoe.hapax.en-y5.ex-y0	x-height	0	0
qsSee_qsUtter.hapax.ex-y5	qsRoe.hapax.en-y5.ex-y0.ex-ext-1	x-height	0	0
qsSee_qsUtter.hapax.ex-y5	qsUtter.alternate.en-y5.ex-y0	x-height	0	0
qsSee_qsUtter.hapax.ex-y5.ex-ext-1	qsFee.reversed-loop.en-y5	x-height	1	0
qsSee_qsUtter.hapax.ex-y5.ex-ext-1	qsMay.grounded-loop.en-y5.ex-y0	x-height	1	0
qsSee_qsUtter.hapax.ex-y5.ex-ext-1	qsMay.loop.en-y5	x-height	1	0
qsTea.full	qsFee.loop	break	0	0
qsTea.full	qsFee.loop.ex-y5	break	0	0
qsTea.full	qsFee.loop.ex-y5.ex-ext-1	break	0	0
qsTea.full	qsFee.loop.ex-y5.ex-ext-3	break	0	0
qsTea.full	qsIt.hapax.ex-y5	break	0	0
qsTea.full	qsIt.hapax.ex-y5.ex-ext-1	break	0	0
qsTea.full	qsPea.full	break	0	0
qsTea.full	qsPea.full.ex-y0	break	0	0
qsTea.full	qsPea.half.ex-y5	break	0	0
qsTea.full	qsPea.half.ex-y6	break	0	0
qsTea.full	qsSee.straighter.ex-y0	break	0	0
qsTea.full	qsSee.straighter.ex-y0.ex-ext-2	break	0	0
qsTea.full	qsSee_qsUtter.hapax	break	0	0
qsTea.full	qsSee_qsUtter.hapax.ex-y5	break	0	0
qsTea.full	qsSee_qsUtter.hapax.ex-y5.ex-ext-1	break	0	0
qsTea.full	qsTea.full	break	0	0
qsTea.full	qsTea.full.ex-y0	break	0	0
qsTea.full	qsTea.half.ex-y5	break	0	0
qsTea.full	qsTea_qsOy.hapax	break	0	0
qsTea.full	qsTea_qsOy.hapax.ex-y0	break	0	0
qsTea.full	qsUtter.alternate.ex-y0	break	0	0
qsTea.full.en-y0	qsAh.hapax	break	0	0
qsTea.full.en-y0	qsAh.hapax.ex-y5	break	0	0
qsTea.full.en-y0	qsAh.hapax.ex-y5.ex-ext-1	break	0	0
qsTea.full.en-y0	qsAwe.hapax	break	0	0
qsTea.full.en-y0	qsAwe.hapax.ex-y0	break	0	0
qsTea.full.en-y0	qsDay.full	break	0	0
qsTea.full.en-y0	qsDay.full.ex-y0	break	0	0
qsTea.full.en-y0	qsDay_qsUtter.full	break	0	0
qsTea.full.en-y0	qsDay_qsUtter.full.ex-y5	break	0	0
qsTea.full.en-y0	qsDay_qsUtter.full.ex-y5.ex-ext-1	break	0	0
qsTea.full.en-y0	qsEight.normal-sized-loop	break	0	0
qsTea.full.en-y0	qsEight.normal-sized-loop.ex-y0	break	0	0
qsTea.full.en-y0	qsEight.smaller-loop.ex-y0	break	0	0
qsTea.full.en-y0	qsEt.hapax	break	0	0
qsTea.full.en-y0	qsEt.hapax.ex-y0	break	0	0
qsTea.full.en-y0	qsEt.hapax.ex-y0.ex-con-1	break	0	0
qsTea.full.en-y0	qsFee.loop	break	0	0
qsTea.full.en-y0	qsFee.loop.ex-y5	break	0	0
qsTea.full.en-y0	qsFee.loop.ex-y5.ex-ext-1	break	0	0
qsTea.full.en-y0	qsFee.loop.ex-y5.ex-ext-3	break	0	0
qsTea.full.en-y0	qsI.loop	break	0	0
qsTea.full.en-y0	qsI.loop.ex-y5	break	0	0
qsTea.full.en-y0	qsI.loop.ex-y5.ex-ext-1	break	0	0
qsTea.full.en-y0	qsIt.hapax	break	0	0
qsTea.full.en-y0	qsIt.hapax.ex-y0	break	0	0
qsTea.full.en-y0	qsIt.hapax.ex-y5	break	0	0
qsTea.full.en-y0	qsIt.hapax.ex-y5.ex-ext-1	break	0	0
qsTea.full.en-y0	qsJai.hapax	break	0	0
qsTea.full.en-y0	qsJai.hapax.ex-y0	break	0	0
qsTea.full.en-y0	qsJai.hapax.ex-y0.ex-ext-1	break	0	0
qsTea.full.en-y0	qsJai_qsUtter.hapax	break	0	0
qsTea.full.en-y0	qsJai_qsUtter.hapax.ex-y5	break	0	0
qsTea.full.en-y0	qsJai_qsUtter.hapax.ex-y5.ex-ext-1	break	0	0
qsTea.full.en-y0	qsLow.hapax	break	0	0
qsTea.full.en-y0	qsLow.hapax.ex-y5	break	0	0
qsTea.full.en-y0	qsLow.hapax.ex-y5.ex-ext-1	break	0	0
qsTea.full.en-y0	qsMay.grounded-loop.ex-y0	break	0	0
qsTea.full.en-y0	qsMay.loop	break	0	0
qsTea.full.en-y0	qsMay.loop.ex-y5	break	0	0
qsTea.full.en-y0	qsMay.loop.ex-y5.ex-ext-1	break	0	0
qsTea.full.en-y0	qsMay.loop.ex-y5.ex-ext-2	break	0	0
qsTea.full.en-y0	qsNo.flipped.ex-y0	break	0	0
qsTea.full.en-y0	qsNo.loop	break	0	0
qsTea.full.en-y0	qsNo.loop.ex-y5	break	0	0
qsTea.full.en-y0	qsNo.loop.ex-y5.ex-ext-1	break	0	0
qsTea.full.en-y0	qsOut.normal	break	0	0
qsTea.full.en-y0	qsOut.swept-up.ex-y5	break	0	0
qsTea.full.en-y0	qsOut.swept-up.ex-y5.ex-ext-1	break	0	0
qsTea.full.en-y0	qsOut_qsTea.hapax	break	0	0
qsTea.full.en-y0	qsOx.hapax	break	0	0
qsTea.full.en-y0	qsOx.hapax.ex-y0	break	0	0
qsTea.full.en-y0	qsPea.full	break	0	0
qsTea.full.en-y0	qsPea.full.ex-y0	break	0	0
qsTea.full.en-y0	qsPea.half.ex-y5	break	0	0
qsTea.full.en-y0	qsPea.half.ex-y6	break	0	0
qsTea.full.en-y0	qsRoe.hapax	break	0	0
qsTea.full.en-y0	qsRoe.hapax.ex-y0	break	0	0
qsTea.full.en-y0	qsRoe.hapax.ex-y0.ex-ext-1	break	0	0
qsTea.full.en-y0	qsRoe.hapax.ex-y5	break	0	0
qsTea.full.en-y0	qsSee.curled-over.ex-y6	break	0	0
qsTea.full.en-y0	qsSee.normal	break	0	0
qsTea.full.en-y0	qsSee.normal.ex-y8	break	0	0
qsTea.full.en-y0	qsSee.straighter.ex-y0	break	0	0
qsTea.full.en-y0	qsSee.straighter.ex-y0.ex-ext-2	break	0	0
qsTea.full.en-y0	qsSee_qsUtter.hapax	break	0	0
qsTea.full.en-y0	qsSee_qsUtter.hapax.ex-y5	break	0	0
qsTea.full.en-y0	qsSee_qsUtter.hapax.ex-y5.ex-ext-1	break	0	0
qsTea.full.en-y0	qsTea.full	break	0	0
qsTea.full.en-y0	qsTea.full.ex-y0	break	0	0
qsTea.full.en-y0	qsTea.half.ex-y5	break	0	0
qsTea.full.en-y0	qsTea_qsOy.hapax	break	0	0
qsTea.full.en-y0	qsTea_qsOy.hapax.ex-y0	break	0	0
qsTea.full.en-y0	qsUtter.alternate.ex-y0	break	0	0
qsTea.full.en-y0	qsUtter.mono	break	0	0
qsTea.full.en-y0	qsUtter.mono.ex-y5	break	0	0
qsTea.full.en-y0	qsUtter.mono.ex-y5.ex-ext-1	break	0	0
qsTea.full.en-y0	qsVie.normal	break	0	0
qsTea.full.en-y0	qsVie.swept-out.ex-y0	break	0	0
qsTea.full.en-y0	qsVie_qsUtter.hapax	break	0	0
qsTea.full.en-y0	qsVie_qsUtter.hapax.ex-y5	break	0	0
qsTea.full.en-y0	qsVie_qsUtter.hapax.ex-y5.ex-ext-1	break	0	0
qsTea.full.en-y8	qsFee.loop	break	0	0
qsTea.full.en-y8	qsFee.loop.ex-y5	break	0	0
qsTea.full.en-y8	qsFee.loop.ex-y5.ex-ext-1	break	0	0
qsTea.full.en-y8	qsFee.loop.ex-y5.ex-ext-3	break	0	0
qsTea.full.en-y8	qsIt.hapax.ex-y5	break	0	0
qsTea.full.en-y8	qsIt.hapax.ex-y5.ex-ext-1	break	0	0
qsTea.full.en-y8	qsPea.full	break	0	0
qsTea.full.en-y8	qsPea.full.ex-y0	break	0	0
qsTea.full.en-y8	qsPea.half.ex-y5	break	0	0
qsTea.full.en-y8	qsPea.half.ex-y6	break	0	0
qsTea.full.en-y8	qsSee.straighter.ex-y0	break	0	0
qsTea.full.en-y8	qsSee.straighter.ex-y0.ex-ext-2	break	0	0
qsTea.full.en-y8	qsSee_qsUtter.hapax	break	0	0
qsTea.full.en-y8	qsSee_qsUtter.hapax.ex-y5	break	0	0
qsTea.full.en-y8	qsSee_qsUtter.hapax.ex-y5.ex-ext-1	break	0	0
qsTea.full.en-y8	qsTea.full	break	0	0
qsTea.full.en-y8	qsTea.full.ex-y0	break	0	0
qsTea.full.en-y8	qsTea.half.ex-y5	break	0	0
qsTea.full.en-y8	qsTea_qsOy.hapax	break	0	0
qsTea.full.en-y8	qsTea_qsOy.hapax.ex-y0	break	0	0
qsTea.full.en-y8	qsUtter.alternate.ex-y0	break	0	0
qsTea.full.en-y8.ex-y0	qsAh.hapax.en-y0	baseline	0	0
qsTea.full.en-y8.ex-y0	qsAh.hapax.en-y0.ex-y5	baseline	0	0
qsTea.full.en-y8.ex-y0	qsAh.hapax.en-y0.ex-y5.ex-ext-1	baseline	0	0
qsTea.full.en-y8.ex-y0	qsDay.half.en-y0.en-ext-1	baseline	1	0
qsTea.full.en-y8.ex-y0	qsDay.half.en-y0.ex-y0.en-ext-1	baseline	1	0
qsTea.full.en-y8.ex-y0	qsDay_qsUtter.half.en-y0.en-ext-1	baseline	1	0
qsTea.full.en-y8.ex-y0	qsDay_qsUtter.half.en-y0.ex-y5.en-ext-1	baseline	1	0
qsTea.full.en-y8.ex-y0	qsDay_qsUtter.half.en-y0.ex-y5.ex-ext-1	baseline	0	0
qsTea.full.en-y8.ex-y0	qsI.smaller-loop.en-y0	baseline	0	0
qsTea.full.en-y8.ex-y0	qsI.smaller-loop.en-y0.ex-y5	baseline	0	0
qsTea.full.en-y8.ex-y0	qsI.smaller-loop.en-y0.ex-y5.ex-ext-1	baseline	0	0
qsTea.full.en-y8.ex-y0	qsLow.hapax.en-y0	baseline	0	0
qsTea.full.en-y8.ex-y0	qsLow.hapax.en-y0.ex-y5	baseline	0	0
qsTea.full.en-y8.ex-y0	qsLow.hapax.en-y0.ex-y5.ex-ext-1	baseline	0	0
qsTea.full.en-y8.ex-y0	qsMay.loop.en-y0	baseline	0	0
qsTea.full.en-y8.ex-y0	qsMay.loop.en-y0.ex-y5.ex-ext-1	baseline	0	0
qsTea.full.en-y8.ex-y0	qsMay.loop.en-y0.ex-y5.ex-ext-2	baseline	0	0
qsTea.full.en-y8.ex-y0	qsNo.flipped.en-y0	baseline	0	0
qsTea.full.en-y8.ex-y0	qsNo.flipped.en-y0.ex-y0	baseline	0	0
qsTea.full.en-y8.ex-y0	qsOut.normal.en-y0	baseline	0	0
qsTea.full.en-y8.ex-y0	qsOut.swept-up.en-y0.ex-y5	baseline	0	0
qsTea.full.en-y8.ex-y0	qsOut.swept-up.en-y0.ex-y5.ex-ext-1	baseline	0	0
qsTea.full.en-y8.ex-y0	qsOut_qsTea.hapax.en-y0	baseline	0	0
qsTea.full.en-y8.ex-y0	qsRoe.hapax.en-y0.ex-y5.en-con-1	baseline	-1	0
qsTea.full.en-y8.ex-y0	qsSee.curled-over.en-y0.ex-y6	baseline	0	0
qsTea.full.en-y8.ex-y0	qsSee.normal.en-y0	baseline	0	0
qsTea.full.en-y8.ex-y0	qsSee.normal.en-y0.ex-y8	baseline	0	0
qsTea.full.en-y8.ex-y0	qsUtter.mono.en-y0	baseline	0	0
qsTea.full.en-y8.ex-y0	qsUtter.mono.en-y0.ex-y5	baseline	0	0
qsTea.full.en-y8.ex-y0	qsUtter.mono.en-y0.ex-y5.ex-ext-1	baseline	0	0
qsTea.full.en-y8.ex-y0	qsVie.normal.en-y0	baseline	0	0
qsTea.full.en-y8.ex-y0	qsVie.swept-out.en-y0.ex-y0	baseline	0	0
qsTea.full.en-y8.ex-y0	qsVie_qsUtter.hapax.en-y0	baseline	0	0
qsTea.full.en-y8.ex-y0	qsVie_qsUtter.hapax.en-y0.ex-y5	baseline	0	0
qsTea.full.en-y8.ex-y0	qsVie_qsUtter.hapax.en-y0.ex-y5.ex-ext-1	baseline	0	0
qsTea.full.ex-y0	qsAh.hapax.en-y0	baseline	0	0
qsTea.full.ex-y0	qsAh.hapax.en-y0.ex-y5	baseline	0	0
qsTea.full.ex-y0	qsAh.hapax.en-y0.ex-y5.ex-ext-1	baseline	0	0
qsTea.full.ex-y0	qsDay.half.en-y0.en-ext-1	baseline	1	0
qsTea.full.ex-y0	qsDay.half.en-y0.ex-y0.en-ext-1	baseline	1	0
qsTea.full.ex-y0	qsDay_qsUtter.half.en-y0.en-ext-1	baseline	1	0
qsTea.full.ex-y0	qsDay_qsUtter.half.en-y0.ex-y5.en-ext-1	baseline	1	0
qsTea.full.ex-y0	qsDay_qsUtter.half.en-y0.ex-y5.ex-ext-1	baseline	0	0
qsTea.full.ex-y0	qsI.smaller-loop.en-y0	baseline	0	0
qsTea.full.ex-y0	qsI.smaller-loop.en-y0.ex-y5	baseline	0	0
qsTea.full.ex-y0	qsI.smaller-loop.en-y0.ex-y5.ex-ext-1	baseline	0	0
qsTea.full.ex-y0	qsLow.hapax.en-y0	baseline	0	0
qsTea.full.ex-y0	qsLow.hapax.en-y0.ex-y5	baseline	0	0
qsTea.full.ex-y0	qsLow.hapax.en-y0.ex-y5.ex-ext-1	baseline	0	0
qsTea.full.ex-y0	qsMay.loop.en-y0	baseline	0	0
qsTea.full.ex-y0	qsMay.loop.en-y0.ex-y5.ex-ext-1	baseline	0	0
qsTea.full.ex-y0	qsMay.loop.en-y0.ex-y5.ex-ext-2	baseline	0	0
qsTea.full.ex-y0	qsNo.flipped.en-y0	baseline	0	0
qsTea.full.ex-y0	qsNo.flipped.en-y0.ex-y0	baseline	0	0
qsTea.full.ex-y0	qsOut.normal.en-y0	baseline	0	0
qsTea.full.ex-y0	qsOut.swept-up.en-y0.ex-y5	baseline	0	0
qsTea.full.ex-y0	qsOut.swept-up.en-y0.ex-y5.ex-ext-1	baseline	0	0
qsTea.full.ex-y0	qsOut_qsTea.hapax.en-y0	baseline	0	0
qsTea.full.ex-y0	qsRoe.hapax.en-y0.ex-y5.en-con-1	baseline	-1	0
qsTea.full.ex-y0	qsSee.curled-over.en-y0.ex-y6	baseline	0	0
qsTea.full.ex-y0	qsSee.normal.en-y0	baseline	0	0
qsTea.full.ex-y0	qsSee.normal.en-y0.ex-y8	baseline	0	0
qsTea.full.ex-y0	qsUtter.mono.en-y0	baseline	0	0
qsTea.full.ex-y0	qsUtter.mono.en-y0.ex-y5	baseline	0	0
qsTea.full.ex-y0	qsUtter.mono.en-y0.ex-y5.ex-ext-1	baseline	0	0
qsTea.full.ex-y0	qsVie.normal.en-y0	baseline	0	0
qsTea.full.ex-y0	qsVie.swept-out.en-y0.ex-y0	baseline	0	0
qsTea.full.ex-y0	qsVie_qsUtter.hapax.en-y0	baseline	0	0
qsTea.full.ex-y0	qsVie_qsUtter.hapax.en-y0.ex-y5	baseline	0	0
qsTea.full.ex-y0	qsVie_qsUtter.hapax.en-y0.ex-y5.ex-ext-1	baseline	0	0
qsTea.full.ex-y0.locked	qsAh.hapax.en-y0	baseline	0	0
qsTea.full.ex-y0.locked	qsAh.hapax.en-y0.ex-y5	baseline	0	0
qsTea.full.ex-y0.locked	qsAh.hapax.en-y0.ex-y5.ex-ext-1	baseline	0	0
qsTea.full.ex-y0.locked	qsDay.half.en-y0.en-ext-1	baseline	1	0
qsTea.full.ex-y0.locked	qsDay.half.en-y0.ex-y0.en-ext-1	baseline	1	0
qsTea.full.ex-y0.locked	qsDay_qsUtter.half.en-y0.en-ext-1	baseline	1	0
qsTea.full.ex-y0.locked	qsDay_qsUtter.half.en-y0.ex-y5.en-ext-1	baseline	1	0
qsTea.full.ex-y0.locked	qsDay_qsUtter.half.en-y0.ex-y5.ex-ext-1	baseline	0	0
qsTea.full.ex-y0.locked	qsI.smaller-loop.en-y0	baseline	0	0
qsTea.full.ex-y0.locked	qsI.smaller-loop.en-y0.ex-y5	baseline	0	0
qsTea.full.ex-y0.locked	qsI.smaller-loop.en-y0.ex-y5.ex-ext-1	baseline	0	0
qsTea.full.ex-y0.locked	qsLow.hapax.en-y0	baseline	0	0
qsTea.full.ex-y0.locked	qsLow.hapax.en-y0.ex-y5	baseline	0	0
qsTea.full.ex-y0.locked	qsLow.hapax.en-y0.ex-y5.ex-ext-1	baseline	0	0
qsTea.full.ex-y0.locked	qsMay.loop.en-y0	baseline	0	0
qsTea.full.ex-y0.locked	qsMay.loop.en-y0.ex-y5.ex-ext-1	baseline	0	0
qsTea.full.ex-y0.locked	qsMay.loop.en-y0.ex-y5.ex-ext-2	baseline	0	0
qsTea.full.ex-y0.locked	qsNo.flipped.en-y0	baseline	0	0
qsTea.full.ex-y0.locked	qsNo.flipped.en-y0.ex-y0	baseline	0	0
qsTea.full.ex-y0.locked	qsOut.normal.en-y0	baseline	0	0
qsTea.full.ex-y0.locked	qsOut.swept-up.en-y0.ex-y5	baseline	0	0
qsTea.full.ex-y0.locked	qsOut.swept-up.en-y0.ex-y5.ex-ext-1	baseline	0	0
qsTea.full.ex-y0.locked	qsOut_qsTea.hapax.en-y0	baseline	0	0
qsTea.full.ex-y0.locked	qsRoe.hapax.en-y0.ex-y5.en-con-1	baseline	-1	0
qsTea.full.ex-y0.locked	qsSee.curled-over.en-y0.ex-y6	baseline	0	0
qsTea.full.ex-y0.locked	qsSee.normal.en-y0	baseline	0	0
qsTea.full.ex-y0.locked	qsSee.normal.en-y0.ex-y8	baseline	0	0
qsTea.full.ex-y0.locked	qsUtter.mono.en-y0	baseline	0	0
qsTea.full.ex-y0.locked	qsUtter.mono.en-y0.ex-y5	baseline	0	0
qsTea.full.ex-y0.locked	qsUtter.mono.en-y0.ex-y5.ex-ext-1	baseline	0	0
qsTea.full.ex-y0.locked	qsVie.normal.en-y0	baseline	0	0
qsTea.full.ex-y0.locked	qsVie.swept-out.en-y0.ex-y0	baseline	0	0
qsTea.full.ex-y0.locked	qsVie_qsUtter.hapax.en-y0	baseline	0	0
qsTea.full.ex-y0.locked	qsVie_qsUtter.hapax.en-y0.ex-y5	baseline	0	0
qsTea.full.ex-y0.locked	qsVie_qsUtter.hapax.en-y0.ex-y5.ex-ext-1	baseline	0	0
qsTea.full.locked	qsFee.loop	break	0	0
qsTea.full.locked	qsFee.loop.ex-y5	break	0	0
qsTea.full.locked	qsFee.loop.ex-y5.ex-ext-1	break	0	0
qsTea.full.locked	qsFee.loop.ex-y5.ex-ext-3	break	0	0
qsTea.full.locked	qsIt.hapax.ex-y5	break	0	0
qsTea.full.locked	qsIt.hapax.ex-y5.ex-ext-1	break	0	0
qsTea.full.locked	qsPea.full	break	0	0
qsTea.full.locked	qsPea.full.ex-y0	break	0	0
qsTea.full.locked	qsPea.half.ex-y5	break	0	0
qsTea.full.locked	qsPea.half.ex-y6	break	0	0
qsTea.full.locked	qsSee.straighter.ex-y0	break	0	0
qsTea.full.locked	qsSee.straighter.ex-y0.ex-ext-2	break	0	0
qsTea.full.locked	qsSee_qsUtter.hapax	break	0	0
qsTea.full.locked	qsSee_qsUtter.hapax.ex-y5	break	0	0
qsTea.full.locked	qsSee_qsUtter.hapax.ex-y5.ex-ext-1	break	0	0
qsTea.full.locked	qsTea.full	break	0	0
qsTea.full.locked	qsTea.full.ex-y0	break	0	0
qsTea.full.locked	qsTea.half.ex-y5	break	0	0
qsTea.full.locked	qsTea_qsOy.hapax	break	0	0
qsTea.full.locked	qsTea_qsOy.hapax.ex-y0	break	0	0
qsTea.full.locked	qsUtter.alternate.ex-y0	break	0	0
qsTea.half.en-y8.ex-y5	qsAwe.hapax.en-y5.en-ext-1	x-height	1	0
qsTea.half.en-y8.ex-y5	qsAwe.hapax.en-y5.ex-y0.en-ext-1	x-height	1	0
qsTea.half.en-y8.ex-y5	qsEight.normal-sized-loop.en-y5.en-ext-1	x-height	1	0
qsTea.half.en-y8.ex-y5	qsEight.normal-sized-loop.en-y5.ex-y0.en-ext-1	x-height	1	0
qsTea.half.en-y8.ex-y5	qsEight.smaller-loop.en-y5.ex-y0.en-ext-1	x-height	1	0
qsTea.half.en-y8.ex-y5	qsEt.hapax.en-y5.en-ext-1	x-height	1	0
qsTea.half.en-y8.ex-y5	qsEt.hapax.en-y5.ex-y0.en-ext-1	x-height	1	0
qsTea.half.en-y8.ex-y5	qsEt.hapax.en-y5.ex-y0.en-ext-1.ex-con-1	x-height	1	0
qsTea.half.en-y8.ex-y5	qsIt.hapax.en-y5	x-height	0	0
qsTea.half.en-y8.ex-y5	qsIt.hapax.en-y5.ex-y0	x-height	0	0
qsTea.half.en-y8.ex-y5	qsIt.hapax.en-y5.ex-y0.ex-ext-1	x-height	0	0
qsTea.half.en-y8.ex-y5	qsJai.hapax.en-y5.en-con-1	x-height	-1	0
qsTea.half.en-y8.ex-y5	qsJai.hapax.en-y5.ex-y0.en-con-1	x-height	-1	0
qsTea.half.en-y8.ex-y5	qsJai.hapax.en-y5.ex-y0.en-con-1.ex-ext-1	x-height	-1	0
qsTea.half.en-y8.ex-y5	qsJai_qsUtter.hapax.en-y5.en-con-1	x-height	-1	0
qsTea.half.en-y8.ex-y5	qsJai_qsUtter.hapax.en-y5.ex-y5.en-con-1	x-height	-1	0
qsTea.half.en-y8.ex-y5	qsJai_qsUtter.hapax.en-y5.ex-y5.en-con-1.ex-ext-1	x-height	-1	0
qsTea.half.en-y8.ex-y5	qsNo.loop.en-y5	x-height	0	0
qsTea.half.en-y8.ex-y5	qsNo.loop.en-y5.ex-y5	x-height	0	0
qsTea.half.en-y8.ex-y5	qsNo.loop.en-y5.ex-y5.ex-ext-1	x-height	0	0
qsTea.half.en-y8.ex-y5	qsOx.hapax.en-y5.en-ext-1	x-height	1	0
qsTea.half.en-y8.ex-y5	qsOx.hapax.en-y5.ex-y0.en-ext-1	x-height	1	0
qsTea.half.en-y8.ex-y5	qsRoe.hapax.en-y5.en-con-1	x-height	-1	0
qsTea.half.en-y8.ex-y5	qsRoe.hapax.en-y5.ex-y0.en-con-1	x-height	-1	0
qsTea.half.en-y8.ex-y5	qsRoe.hapax.en-y5.ex-y0.en-con-1.ex-ext-1	x-height	-1	0
qsTea.half.ex-y5	qsAwe.hapax.en-y5.en-ext-1	x-height	1	0
qsTea.half.ex-y5	qsAwe.hapax.en-y5.ex-y0.en-ext-1	x-height	1	0
qsTea.half.ex-y5	qsEight.normal-sized-loop.en-y5.en-ext-1	x-height	1	0
qsTea.half.ex-y5	qsEight.normal-sized-loop.en-y5.ex-y0.en-ext-1	x-height	1	0
qsTea.half.ex-y5	qsEight.smaller-loop.en-y5.ex-y0.en-ext-1	x-height	1	0
qsTea.half.ex-y5	qsEt.hapax.en-y5.en-ext-1	x-height	1	0
qsTea.half.ex-y5	qsEt.hapax.en-y5.ex-y0.en-ext-1	x-height	1	0
qsTea.half.ex-y5	qsEt.hapax.en-y5.ex-y0.en-ext-1.ex-con-1	x-height	1	0
qsTea.half.ex-y5	qsIt.hapax.en-y5	x-height	0	0
qsTea.half.ex-y5	qsIt.hapax.en-y5.ex-y0	x-height	0	0
qsTea.half.ex-y5	qsIt.hapax.en-y5.ex-y0.ex-ext-1	x-height	0	0
qsTea.half.ex-y5	qsJai.hapax.en-y5.en-con-1	x-height	-1	0
qsTea.half.ex-y5	qsJai.hapax.en-y5.ex-y0.en-con-1	x-height	-1	0
qsTea.half.ex-y5	qsJai.hapax.en-y5.ex-y0.en-con-1.ex-ext-1	x-height	-1	0
qsTea.half.ex-y5	qsJai_qsUtter.hapax.en-y5.en-con-1	x-height	-1	0
qsTea.half.ex-y5	qsJai_qsUtter.hapax.en-y5.ex-y5.en-con-1	x-height	-1	0
qsTea.half.ex-y5	qsJai_qsUtter.hapax.en-y5.ex-y5.en-con-1.ex-ext-1	x-height	-1	0
qsTea.half.ex-y5	qsNo.loop.en-y5	x-height	0	0
qsTea.half.ex-y5	qsNo.loop.en-y5.ex-y5	x-height	0	0
qsTea.half.ex-y5	qsNo.loop.en-y5.ex-y5.ex-ext-1	x-height	0	0
qsTea.half.ex-y5	qsOx.hapax.en-y5.en-ext-1	x-height	1	0
qsTea.half.ex-y5	qsOx.hapax.en-y5.ex-y0.en-ext-1	x-height	1	0
qsTea.half.ex-y5	qsRoe.hapax.en-y5.en-con-1	x-height	-1	0
qsTea.half.ex-y5	qsRoe.hapax.en-y5.ex-y0.en-con-1	x-height	-1	0
qsTea.half.ex-y5	qsRoe.hapax.en-y5.ex-y0.en-con-1.ex-ext-1	x-height	-1	0
qsTea.half.ex-y5.ex-ext-1	qsJai.hapax.en-y5.en-con-1	x-height	0	0
qsTea.half.ex-y5.locked	qsAwe.hapax.en-y5.en-ext-1	x-height	1	0
qsTea.half.ex-y5.locked	qsAwe.hapax.en-y5.ex-y0.en-ext-1	x-height	1	0
qsTea.half.ex-y5.locked	qsEight.normal-sized-loop.en-y5.en-ext-1	x-height	1	0
qsTea.half.ex-y5.locked	qsEight.normal-sized-loop.en-y5.ex-y0.en-ext-1	x-height	1	0
qsTea.half.ex-y5.locked	qsEight.smaller-loop.en-y5.ex-y0.en-ext-1	x-height	1	0
qsTea.half.ex-y5.locked	qsEt.hapax.en-y5.en-ext-1	x-height	1	0
qsTea.half.ex-y5.locked	qsEt.hapax.en-y5.ex-y0.en-ext-1	x-height	1	0
qsTea.half.ex-y5.locked	qsEt.hapax.en-y5.ex-y0.en-ext-1.ex-con-1	x-height	1	0
qsTea.half.ex-y5.locked	qsIt.hapax.en-y5	x-height	0	0
qsTea.half.ex-y5.locked	qsIt.hapax.en-y5.ex-y0	x-height	0	0
qsTea.half.ex-y5.locked	qsIt.hapax.en-y5.ex-y0.ex-ext-1	x-height	0	0
qsTea.half.ex-y5.locked	qsJai.hapax.en-y5.en-con-1	x-height	-1	0
qsTea.half.ex-y5.locked	qsJai.hapax.en-y5.ex-y0.en-con-1	x-height	-1	0
qsTea.half.ex-y5.locked	qsJai.hapax.en-y5.ex-y0.en-con-1.ex-ext-1	x-height	-1	0
qsTea.half.ex-y5.locked	qsJai_qsUtter.hapax.en-y5.en-con-1	x-height	-1	0
qsTea.half.ex-y5.locked	qsJai_qsUtter.hapax.en-y5.ex-y5.en-con-1	x-height	-1	0
qsTea.half.ex-y5.locked	qsJai_qsUtter.hapax.en-y5.ex-y5.en-con-1.ex-ext-1	x-height	-1	0
qsTea.half.ex-y5.locked	qsNo.loop.en-y5	x-height	0	0
qsTea.half.ex-y5.locked	qsNo.loop.en-y5.ex-y5	x-height	0	0
qsTea.half.ex-y5.locked	qsNo.loop.en-y5.ex-y5.ex-ext-1	x-height	0	0
qsTea.half.ex-y5.locked	qsOx.hapax.en-y5.en-ext-1	x-height	1	0
qsTea.half.ex-y5.locked	qsOx.hapax.en-y5.ex-y0.en-ext-1	x-height	1	0
qsTea.half.ex-y5.locked	qsRoe.hapax.en-y5.en-con-1	x-height	-1	0
qsTea.half.ex-y5.locked	qsRoe.hapax.en-y5.ex-y0.en-con-1	x-height	-1	0
qsTea.half.ex-y5.locked	qsRoe.hapax.en-y5.ex-y0.en-con-1.ex-ext-1	x-height	-1	0
qsTea_qsOy.hapax	qsAwe.hapax	break	0	0
qsTea_qsOy.hapax	qsAwe.hapax.ex-y0	break	0	0
qsTea_qsOy.hapax	qsEight.normal-sized-loop	break	0	0
qsTea_qsOy.hapax	qsEight.normal-sized-loop.ex-y0	break	0	0
qsTea_qsOy.hapax	qsEight.smaller-loop.ex-y0	break	0	0
qsTea_qsOy.hapax	qsEt.hapax	break	0	0
qsTea_qsOy.hapax	qsEt.hapax.ex-y0	break	0	0
qsTea_qsOy.hapax	qsEt.hapax.ex-y0.ex-con-1	break	0	0
qsTea_qsOy.hapax	qsFee.loop	break	0	0
qsTea_qsOy.hapax	qsFee.loop.ex-y5	break	0	0
qsTea_qsOy.hapax	qsFee.loop.ex-y5.ex-ext-1	break	0	0
qsTea_qsOy.hapax	qsFee.loop.ex-y5.ex-ext-3	break	0	0
qsTea_qsOy.hapax	qsIt.hapax	break	0	0
qsTea_qsOy.hapax	qsIt.hapax.ex-y0	break	0	0
qsTea_qsOy.hapax	qsJai.hapax	break	0	0
qsTea_qsOy.hapax	qsJai.hapax.ex-y0	break	0	0
qsTea_qsOy.hapax	qsJai.hapax.ex-y0.ex-ext-1	break	0	0
qsTea_qsOy.hapax	qsJai_qsUtter.hapax	break	0	0
qsTea_qsOy.hapax	qsJai_qsUtter.hapax.ex-y5	break	0	0
qsTea_qsOy.hapax	qsJai_qsUtter.hapax.ex-y5.ex-ext-1	break	0	0
qsTea_qsOy.hapax	qsNo.loop.ex-y5	break	0	0
qsTea_qsOy.hapax	qsOx.hapax	break	0	0
qsTea_qsOy.hapax	qsOx.hapax.ex-y0	break	0	0
qsTea_qsOy.hapax	qsOy.hapax	break	0	0
qsTea_qsOy.hapax	qsOy.hapax.ex-y0	break	0	0
qsTea_qsOy.hapax	qsPea.full	break	0	0
qsTea_qsOy.hapax	qsPea.full.ex-y0	break	0	0
qsTea_qsOy.hapax	qsPea.half.ex-y5	break	0	0
qsTea_qsOy.hapax	qsPea.half.ex-y6	break	0	0
qsTea_qsOy.hapax	qsSee.straighter.ex-y0	break	0	0
qsTea_qsOy.hapax	qsSee.straighter.ex-y0.ex-ext-2	break	0	0
qsTea_qsOy.hapax	qsSee_qsUtter.hapax	break	0	0
qsTea_qsOy.hapax	qsSee_qsUtter.hapax.ex-y5	break	0	0
qsTea_qsOy.hapax	qsSee_qsUtter.hapax.ex-y5.ex-ext-1	break	0	0
qsTea_qsOy.hapax	qsTea.full	break	0	0
qsTea_qsOy.hapax	qsTea.full.ex-y0	break	0	0
qsTea_qsOy.hapax	qsTea.half.ex-y5	break	0	0
qsTea_qsOy.hapax	qsTea_qsOy.hapax	break	0	0
qsTea_qsOy.hapax	qsTea_qsOy.hapax.ex-y0	break	0	0
qsTea_qsOy.hapax	qsUtter.alternate.ex-y0	break	0	0
qsTea_qsOy.hapax.ex-y0	qsAh.hapax.en-y0	baseline	0	0
qsTea_qsOy.hapax.ex-y0	qsAh.hapax.en-y0.ex-y5	baseline	0	0
qsTea_qsOy.hapax.ex-y0	qsAh.hapax.en-y0.ex-y5.ex-ext-1	baseline	0	0
qsTea_qsOy.hapax.ex-y0	qsDay.half.en-y0	baseline	0	0
qsTea_qsOy.hapax.ex-y0	qsDay.half.en-y0.ex-y0	baseline	0	0
qsTea_qsOy.hapax.ex-y0	qsDay_qsUtter.half.en-y0	baseline	0	0
qsTea_qsOy.hapax.ex-y0	qsDay_qsUtter.half.en-y0.ex-y5	baseline	0	0
qsTea_qsOy.hapax.ex-y0	qsDay_qsUtter.half.en-y0.ex-y5.ex-ext-1	baseline	0	0
qsTea_qsOy.hapax.ex-y0	qsI.loop.en-y0	baseline	0	0
qsTea_qsOy.hapax.ex-y0	qsI.loop.en-y0.ex-y5	baseline	0	0
qsTea_qsOy.hapax.ex-y0	qsI.loop.en-y0.ex-y5.ex-ext-1	baseline	0	0
qsTea_qsOy.hapax.ex-y0	qsIt.hapax.en-y0	baseline	0	0
qsTea_qsOy.hapax.ex-y0	qsIt.hapax.en-y0.ex-y5	baseline	0	0
qsTea_qsOy.hapax.ex-y0	qsIt.hapax.en-y0.ex-y5.ex-ext-1	baseline	0	0
qsTea_qsOy.hapax.ex-y0	qsLow.hapax.en-y0	baseline	0	0
qsTea_qsOy.hapax.ex-y0	qsLow.hapax.en-y0.ex-y5	baseline	0	0
qsTea_qsOy.hapax.ex-y0	qsLow.hapax.en-y0.ex-y5.ex-ext-1	baseline	0	0
qsTea_qsOy.hapax.ex-y0	qsMay.loop.en-y0	baseline	0	0
qsTea_qsOy.hapax.ex-y0	qsMay.loop.en-y0.ex-y5.ex-ext-1	baseline	0	0
qsTea_qsOy.hapax.ex-y0	qsMay.loop.en-y0.ex-y5.ex-ext-2	baseline	0	0
qsTea_qsOy.hapax.ex-y0	qsNo.flipped.en-y0	baseline	0	0
qsTea_qsOy.hapax.ex-y0	qsNo.flipped.en-y0.ex-y0	baseline	0	0
qsTea_qsOy.hapax.ex-y0	qsOut.normal.en-y0	baseline	0	0
qsTea_qsOy.hapax.ex-y0	qsOut.swept-up.en-y0.ex-y5	baseline	0	0
qsTea_qsOy.hapax.ex-y0	qsOut.swept-up.en-y0.ex-y5.ex-ext-1	baseline	0	0
qsTea_qsOy.hapax.ex-y0	qsOut_qsTea.hapax.en-y0	baseline	0	0
qsTea_qsOy.hapax.ex-y0	qsRoe.hapax.en-y0	baseline	0	0
qsTea_qsOy.hapax.ex-y0	qsRoe.hapax.en-y0.ex-y5	baseline	0	0
qsTea_qsOy.hapax.ex-y0	qsSee.curled-over.en-y0.ex-y6	baseline	0	0
qsTea_qsOy.hapax.ex-y0	qsSee.normal.en-y0	baseline	0	0
qsTea_qsOy.hapax.ex-y0	qsSee.normal.en-y0.ex-y8	baseline	0	0
qsTea_qsOy.hapax.ex-y0	qsTea.full.en-y0	baseline	0	0
qsTea_qsOy.hapax.ex-y0	qsUtter.mono.en-y0	baseline	0	0
qsTea_qsOy.hapax.ex-y0	qsUtter.mono.en-y0.ex-y5	baseline	0	0
qsTea_qsOy.hapax.ex-y0	qsUtter.mono.en-y0.ex-y5.ex-ext-1	baseline	0	0
qsTea_qsOy.hapax.ex-y0	qsVie.normal.en-y0	baseline	0	0
qsTea_qsOy.hapax.ex-y0	qsVie.swept-out.en-y0.ex-y0	baseline	0	0
qsTea_qsOy.hapax.ex-y0	qsVie_qsUtter.hapax.en-y0	baseline	0	0
qsTea_qsOy.hapax.ex-y0	qsVie_qsUtter.hapax.en-y0.ex-y5	baseline	0	0
qsTea_qsOy.hapax.ex-y0	qsVie_qsUtter.hapax.en-y0.ex-y5.ex-ext-1	baseline	0	0
qsUtter.alternate.en-y5.ex-y0	qsAh.hapax.en-y0	baseline	0	0
qsUtter.alternate.en-y5.ex-y0	qsAh.hapax.en-y0.ex-y5	baseline	0	0
qsUtter.alternate.en-y5.ex-y0	qsAh.hapax.en-y0.ex-y5.ex-ext-1	baseline	0	0
qsUtter.alternate.en-y5.ex-y0	qsDay.half.en-y0	baseline	0	0
qsUtter.alternate.en-y5.ex-y0	qsDay.half.en-y0.ex-y0	baseline	0	0
qsUtter.alternate.en-y5.ex-y0	qsDay_qsUtter.half.en-y0	baseline	0	0
qsUtter.alternate.en-y5.ex-y0	qsDay_qsUtter.half.en-y0.ex-y5	baseline	0	0
qsUtter.alternate.en-y5.ex-y0	qsDay_qsUtter.half.en-y0.ex-y5.ex-ext-1	baseline	0	0
qsUtter.alternate.en-y5.ex-y0	qsI.loop.en-y0	baseline	0	0
qsUtter.alternate.en-y5.ex-y0	qsI.loop.en-y0.ex-y5	baseline	0	0
qsUtter.alternate.en-y5.ex-y0	qsI.loop.en-y0.ex-y5.ex-ext-1	baseline	0	0
qsUtter.alternate.en-y5.ex-y0	qsIt.hapax.en-y0	baseline	0	0
qsUtter.alternate.en-y5.ex-y0	qsIt.hapax.en-y0.ex-y5	baseline	0	0
qsUtter.alternate.en-y5.ex-y0	qsIt.hapax.en-y0.ex-y5.ex-ext-1	baseline	0	0
qsUtter.alternate.en-y5.ex-y0	qsLow.hapax.en-y0	baseline	0	0
qsUtter.alternate.en-y5.ex-y0	qsLow.hapax.en-y0.ex-y5	baseline	0	0
qsUtter.alternate.en-y5.ex-y0	qsLow.hapax.en-y0.ex-y5.ex-ext-1	baseline	0	0
qsUtter.alternate.en-y5.ex-y0	qsMay.loop.en-y0	baseline	0	0
qsUtter.alternate.en-y5.ex-y0	qsMay.loop.en-y0.ex-y5.ex-ext-1	baseline	0	0
qsUtter.alternate.en-y5.ex-y0	qsMay.loop.en-y0.ex-y5.ex-ext-2	baseline	0	0
qsUtter.alternate.en-y5.ex-y0	qsNo.flipped.en-y0	baseline	0	0
qsUtter.alternate.en-y5.ex-y0	qsNo.flipped.en-y0.ex-y0	baseline	0	0
qsUtter.alternate.en-y5.ex-y0	qsOut.normal.en-y0	baseline	0	0
qsUtter.alternate.en-y5.ex-y0	qsOut.swept-up.en-y0.ex-y5	baseline	0	0
qsUtter.alternate.en-y5.ex-y0	qsOut.swept-up.en-y0.ex-y5.ex-ext-1	baseline	0	0
qsUtter.alternate.en-y5.ex-y0	qsOut_qsTea.hapax.en-y0	baseline	0	0
qsUtter.alternate.en-y5.ex-y0	qsSee.curled-over.en-y0.ex-y6	baseline	0	0
qsUtter.alternate.en-y5.ex-y0	qsSee.normal.en-y0	baseline	0	0
qsUtter.alternate.en-y5.ex-y0	qsSee.normal.en-y0.ex-y8	baseline	0	0
qsUtter.alternate.en-y5.ex-y0	qsTea.full.en-y0	baseline	0	0
qsUtter.alternate.en-y5.ex-y0	qsVie.normal.en-y0	baseline	0	0
qsUtter.alternate.en-y5.ex-y0	qsVie.swept-out.en-y0.ex-y0	baseline	0	0
qsUtter.alternate.en-y5.ex-y0	qsVie_qsUtter.hapax.en-y0	baseline	0	0
qsUtter.alternate.en-y5.ex-y0	qsVie_qsUtter.hapax.en-y0.ex-y5	baseline	0	0
qsUtter.alternate.en-y5.ex-y0	qsVie_qsUtter.hapax.en-y0.ex-y5.ex-ext-1	baseline	0	0
qsUtter.alternate.ex-y0	qsAh.hapax.en-y0	baseline	0	0
qsUtter.alternate.ex-y0	qsAh.hapax.en-y0.ex-y5	baseline	0	0
qsUtter.alternate.ex-y0	qsAh.hapax.en-y0.ex-y5.ex-ext-1	baseline	0	0
qsUtter.alternate.ex-y0	qsI.loop.en-y0	baseline	0	0
qsUtter.alternate.ex-y0	qsI.loop.en-y0.ex-y5	baseline	0	0
qsUtter.alternate.ex-y0	qsI.loop.en-y0.ex-y5.ex-ext-1	baseline	0	0
qsUtter.alternate.ex-y0	qsIt.hapax.en-y0.ex-y5	baseline	0	0
qsUtter.alternate.ex-y0	qsIt.hapax.en-y0.ex-y5.ex-ext-1	baseline	0	0
qsUtter.alternate.ex-y0	qsLow.hapax.en-y0	baseline	0	0
qsUtter.alternate.ex-y0	qsLow.hapax.en-y0.ex-y5	baseline	0	0
qsUtter.alternate.ex-y0	qsLow.hapax.en-y0.ex-y5.ex-ext-1	baseline	0	0
qsUtter.alternate.ex-y0	qsMay.loop.en-y0	baseline	0	0
qsUtter.alternate.ex-y0	qsMay.loop.en-y0.ex-y5.ex-ext-1	baseline	0	0
qsUtter.alternate.ex-y0	qsMay.loop.en-y0.ex-y5.ex-ext-2	baseline	0	0
qsUtter.alternate.ex-y0	qsNo.flipped.en-y0.ex-y0	baseline	0	0
qsUtter.alternate.ex-y0	qsOut.normal.en-y0	baseline	0	0
qsUtter.alternate.ex-y0	qsOut.swept-up.en-y0.ex-y5	baseline	0	0
qsUtter.alternate.ex-y0	qsOut.swept-up.en-y0.ex-y5.ex-ext-1	baseline	0	0
qsUtter.alternate.ex-y0	qsOut_qsTea.hapax.en-y0	baseline	0	0
qsUtter.alternate.ex-y0	qsSee.curled-over.en-y0.ex-y6	baseline	0	0
qsUtter.alternate.ex-y0	qsSee.normal.en-y0	baseline	0	0
qsUtter.alternate.ex-y0	qsSee.normal.en-y0.ex-y8	baseline	0	0
qsUtter.alternate.ex-y0	qsTea.full.en-y0	baseline	0	0
qsUtter.alternate.ex-y0	qsVie.normal.en-y0	baseline	0	0
qsUtter.alternate.ex-y0	qsVie.swept-out.en-y0.ex-y0	baseline	0	0
qsUtter.alternate.ex-y0	qsVie_qsUtter.hapax.en-y0	baseline	0	0
qsUtter.alternate.ex-y0	qsVie_qsUtter.hapax.en-y0.ex-y5	baseline	0	0
qsUtter.alternate.ex-y0	qsVie_qsUtter.hapax.en-y0.ex-y5.ex-ext-1	baseline	0	0
qsUtter.alternate.ex-y0.locked	qsAh.hapax.en-y0	baseline	0	0
qsUtter.alternate.ex-y0.locked	qsAh.hapax.en-y0.ex-y5	baseline	0	0
qsUtter.alternate.ex-y0.locked	qsAh.hapax.en-y0.ex-y5.ex-ext-1	baseline	0	0
qsUtter.alternate.ex-y0.locked	qsI.loop.en-y0	baseline	0	0
qsUtter.alternate.ex-y0.locked	qsI.loop.en-y0.ex-y5	baseline	0	0
qsUtter.alternate.ex-y0.locked	qsI.loop.en-y0.ex-y5.ex-ext-1	baseline	0	0
qsUtter.alternate.ex-y0.locked	qsIt.hapax.en-y0.ex-y5	baseline	0	0
qsUtter.alternate.ex-y0.locked	qsIt.hapax.en-y0.ex-y5.ex-ext-1	baseline	0	0
qsUtter.alternate.ex-y0.locked	qsLow.hapax.en-y0	baseline	0	0
qsUtter.alternate.ex-y0.locked	qsLow.hapax.en-y0.ex-y5	baseline	0	0
qsUtter.alternate.ex-y0.locked	qsLow.hapax.en-y0.ex-y5.ex-ext-1	baseline	0	0
qsUtter.alternate.ex-y0.locked	qsMay.loop.en-y0	baseline	0	0
qsUtter.alternate.ex-y0.locked	qsMay.loop.en-y0.ex-y5.ex-ext-1	baseline	0	0
qsUtter.alternate.ex-y0.locked	qsMay.loop.en-y0.ex-y5.ex-ext-2	baseline	0	0
qsUtter.alternate.ex-y0.locked	qsOut.normal.en-y0	baseline	0	0
qsUtter.alternate.ex-y0.locked	qsOut.swept-up.en-y0.ex-y5	baseline	0	0
qsUtter.alternate.ex-y0.locked	qsOut.swept-up.en-y0.ex-y5.ex-ext-1	baseline	0	0
qsUtter.alternate.ex-y0.locked	qsOut_qsTea.hapax.en-y0	baseline	0	0
qsUtter.alternate.ex-y0.locked	qsSee.curled-over.en-y0.ex-y6	baseline	0	0
qsUtter.alternate.ex-y0.locked	qsSee.normal.en-y0	baseline	0	0
qsUtter.alternate.ex-y0.locked	qsSee.normal.en-y0.ex-y8	baseline	0	0
qsUtter.alternate.ex-y0.locked	qsTea.full.en-y0	baseline	0	0
qsUtter.alternate.ex-y0.locked	qsVie.normal.en-y0	baseline	0	0
qsUtter.alternate.ex-y0.locked	qsVie.swept-out.en-y0.ex-y0	baseline	0	0
qsUtter.alternate.ex-y0.locked	qsVie_qsUtter.hapax.en-y0	baseline	0	0
qsUtter.alternate.ex-y0.locked	qsVie_qsUtter.hapax.en-y0.ex-y5	baseline	0	0
qsUtter.alternate.ex-y0.locked	qsVie_qsUtter.hapax.en-y0.ex-y5.ex-ext-1	baseline	0	0
qsUtter.mono	qsFee.loop.ex-y5	break	0	0
qsUtter.mono	qsFee.loop.ex-y5.ex-ext-1	break	0	0
qsUtter.mono	qsFee.loop.ex-y5.ex-ext-3	break	0	0
qsUtter.mono	qsRoe.hapax.ex-y5	break	0	0
qsUtter.mono	qsSee.straighter.ex-y0	break	0	0
qsUtter.mono	qsSee.straighter.ex-y0.ex-ext-2	break	0	0
qsUtter.mono	qsSee_qsUtter.hapax	break	0	0
qsUtter.mono	qsSee_qsUtter.hapax.ex-y5	break	0	0
qsUtter.mono	qsSee_qsUtter.hapax.ex-y5.ex-ext-1	break	0	0
qsUtter.mono	qsTea.full	break	0	0
qsUtter.mono	qsTea.full.ex-y0	break	0	0
qsUtter.mono	qsTea.half.ex-y5	break	0	0
qsUtter.mono	qsTea_qsOy.hapax	break	0	0
qsUtter.mono	qsTea_qsOy.hapax.ex-y0	break	0	0
qsUtter.mono	qsUtter.mono	break	0	0
qsUtter.mono	qsUtter.mono.ex-y5	break	0	0
qsUtter.mono	qsUtter.mono.ex-y5.ex-ext-1	break	0	0
qsUtter.mono.en-y0	qsAh.hapax	break	0	0
qsUtter.mono.en-y0	qsAh.hapax.ex-y5	break	0	0
qsUtter.mono.en-y0	qsAh.hapax.ex-y5.ex-ext-1	break	0	0
qsUtter.mono.en-y0	qsFee.loop.ex-y5	break	0	0
qsUtter.mono.en-y0	qsFee.loop.ex-y5.ex-ext-1	break	0	0
qsUtter.mono.en-y0	qsFee.loop.ex-y5.ex-ext-3	break	0	0
qsUtter.mono.en-y0	qsI.loop	break	0	0
qsUtter.mono.en-y0	qsI.loop.ex-y5	break	0	0
qsUtter.mono.en-y0	qsI.loop.ex-y5.ex-ext-1	break	0	0
qsUtter.mono.en-y0	qsMay.loop.ex-y5	break	0	0
qsUtter.mono.en-y0	qsOut.normal	break	0	0
qsUtter.mono.en-y0	qsOut.swept-up.ex-y5	break	0	0
qsUtter.mono.en-y0	qsOut.swept-up.ex-y5.ex-ext-1	break	0	0
qsUtter.mono.en-y0	qsOut_qsTea.hapax	break	0	0
qsUtter.mono.en-y0	qsRoe.hapax.ex-y5	break	0	0
qsUtter.mono.en-y0	qsSee.curled-over.ex-y6	break	0	0
qsUtter.mono.en-y0	qsSee.normal	break	0	0
qsUtter.mono.en-y0	qsSee.normal.ex-y8	break	0	0
qsUtter.mono.en-y0	qsSee.straighter.ex-y0	break	0	0
qsUtter.mono.en-y0	qsSee.straighter.ex-y0.ex-ext-2	break	0	0
qsUtter.mono.en-y0	qsSee_qsUtter.hapax	break	0	0
qsUtter.mono.en-y0	qsSee_qsUtter.hapax.ex-y5	break	0	0
qsUtter.mono.en-y0	qsSee_qsUtter.hapax.ex-y5.ex-ext-1	break	0	0
qsUtter.mono.en-y0	qsTea.full	break	0	0
qsUtter.mono.en-y0	qsTea.full.ex-y0	break	0	0
qsUtter.mono.en-y0	qsTea.half.ex-y5	break	0	0
qsUtter.mono.en-y0	qsTea_qsOy.hapax	break	0	0
qsUtter.mono.en-y0	qsTea_qsOy.hapax.ex-y0	break	0	0
qsUtter.mono.en-y0	qsUtter.mono	break	0	0
qsUtter.mono.en-y0	qsUtter.mono.ex-y5	break	0	0
qsUtter.mono.en-y0	qsUtter.mono.ex-y5.ex-ext-1	break	0	0
qsUtter.mono.en-y0	qsVie.normal	break	0	0
qsUtter.mono.en-y0	qsVie.swept-out.ex-y0	break	0	0
qsUtter.mono.en-y0	qsVie_qsUtter.hapax	break	0	0
qsUtter.mono.en-y0	qsVie_qsUtter.hapax.ex-y5	break	0	0
qsUtter.mono.en-y0	qsVie_qsUtter.hapax.ex-y5.ex-ext-1	break	0	0
qsUtter.mono.en-y0.ex-y5	qsAwe.hapax.en-y5	x-height	0	0
qsUtter.mono.en-y0.ex-y5	qsAwe.hapax.en-y5.ex-y0	x-height	0	0
qsUtter.mono.en-y0.ex-y5	qsDay.full.en-y5	x-height	0	0
qsUtter.mono.en-y0.ex-y5	qsDay.full.en-y5.ex-y0	x-height	0	0
qsUtter.mono.en-y0.ex-y5	qsDay_qsUtter.full.en-y5	x-height	0	0
qsUtter.mono.en-y0.ex-y5	qsDay_qsUtter.full.en-y5.ex-y5	x-height	0	0
qsUtter.mono.en-y0.ex-y5	qsDay_qsUtter.full.en-y5.ex-y5.ex-ext-1	x-height	0	0
qsUtter.mono.en-y0.ex-y5	qsEight.normal-sized-loop.en-y5	x-height	0	0
qsUtter.mono.en-y0.ex-y5	qsEight.normal-sized-loop.en-y5.ex-y0	x-height	0	0
qsUtter.mono.en-y0.ex-y5	qsEight.smaller-loop.en-y5.ex-y0	x-height	0	0
qsUtter.mono.en-y0.ex-y5	qsEt.hapax.en-y5	x-height	0	0
qsUtter.mono.en-y0.ex-y5	qsEt.hapax.en-y5.ex-y0	x-height	0	0
qsUtter.mono.en-y0.ex-y5	qsEt.hapax.en-y5.ex-y0.ex-con-1	x-height	0	0
qsUtter.mono.en-y0.ex-y5	qsIt.hapax.en-y5	x-height	0	0
qsUtter.mono.en-y0.ex-y5	qsIt.hapax.en-y5.ex-y0	x-height	0	0
qsUtter.mono.en-y0.ex-y5	qsIt.hapax.en-y5.ex-y0.ex-ext-1	x-height	0	0
qsUtter.mono.en-y0.ex-y5	qsJai.hapax.en-y5.en-con-2	x-height	-2	0
qsUtter.mono.en-y0.ex-y5	qsJai.hapax.en-y5.ex-y0.en-con-2	x-height	-2	0
qsUtter.mono.en-y0.ex-y5	qsJai.hapax.en-y5.ex-y0.en-con-2.ex-ext-1	x-height	-2	0
qsUtter.mono.en-y0.ex-y5	qsJai_qsUtter.hapax.en-y5.en-con-2	x-height	-2	0
qsUtter.mono.en-y0.ex-y5	qsJai_qsUtter.hapax.en-y5.ex-y5.en-con-2	x-height	-2	0
qsUtter.mono.en-y0.ex-y5	qsJai_qsUtter.hapax.en-y5.ex-y5.en-con-2.ex-ext-1	x-height	-2	0
qsUtter.mono.en-y0.ex-y5	qsMay.grounded-loop.en-y5.ex-y0	x-height	0	0
qsUtter.mono.en-y0.ex-y5	qsMay.loop.en-y5	x-height	0	0
qsUtter.mono.en-y0.ex-y5	qsNo.loop.en-y5	x-height	0	0
qsUtter.mono.en-y0.ex-y5	qsNo.loop.en-y5.ex-y5	x-height	0	0
qsUtter.mono.en-y0.ex-y5	qsNo.loop.en-y5.ex-y5.ex-ext-1	x-height	0	0
qsUtter.mono.en-y0.ex-y5	qsOx.hapax.en-y5	x-height	0	0
qsUtter.mono.en-y0.ex-y5	qsOx.hapax.en-y5.ex-y0	x-height	0	0
qsUtter.mono.en-y0.ex-y5	qsOy.hapax.en-y5	x-height	0	0
qsUtter.mono.en-y0.ex-y5	qsOy.hapax.en-y5.ex-y0	x-height	0	0
qsUtter.mono.en-y0.ex-y5	qsPea.full.en-y5	x-height	0	0
qsUtter.mono.en-y0.ex-y5	qsPea.full.en-y5.ex-y0	x-height	0	0
qsUtter.mono.en-y0.ex-y5	qsPea.half.en-y5.ex-y5	x-height	0	0
qsUtter.mono.en-y0.ex-y5	qsPea.half.en-y5.ex-y6	x-height	0	0
qsUtter.mono.en-y0.ex-y5	qsRoe.hapax.en-y5	x-height	0	0
qsUtter.mono.en-y0.ex-y5	qsRoe.hapax.en-y5.ex-y0	x-height	0	0
qsUtter.mono.en-y0.ex-y5	qsRoe.hapax.en-y5.ex-y0.ex-ext-1	x-height	0	0
qsUtter.mono.en-y0.ex-y5	qsUtter.alternate.en-y5.ex-y0	x-height	0	0
qsUtter.mono.en-y0.ex-y5.ex-ext-1	qsFee.reversed-loop.en-y5	x-height	1	0
qsUtter.mono.ex-y5	qsAwe.hapax.en-y5	x-height	0	0
qsUtter.mono.ex-y5	qsAwe.hapax.en-y5.ex-y0	x-height	0	0
qsUtter.mono.ex-y5	qsDay.full.en-y5	x-height	0	0
qsUtter.mono.ex-y5	qsDay.full.en-y5.ex-y0	x-height	0	0
qsUtter.mono.ex-y5	qsDay_qsUtter.full.en-y5	x-height	0	0
qsUtter.mono.ex-y5	qsDay_qsUtter.full.en-y5.ex-y5	x-height	0	0
qsUtter.mono.ex-y5	qsDay_qsUtter.full.en-y5.ex-y5.ex-ext-1	x-height	0	0
qsUtter.mono.ex-y5	qsEight.normal-sized-loop.en-y5	x-height	0	0
qsUtter.mono.ex-y5	qsEight.normal-sized-loop.en-y5.ex-y0	x-height	0	0
qsUtter.mono.ex-y5	qsEight.smaller-loop.en-y5.ex-y0	x-height	0	0
qsUtter.mono.ex-y5	qsEt.hapax.en-y5	x-height	0	0
qsUtter.mono.ex-y5	qsEt.hapax.en-y5.ex-y0	x-height	0	0
qsUtter.mono.ex-y5	qsEt.hapax.en-y5.ex-y0.ex-con-1	x-height	0	0
qsUtter.mono.ex-y5	qsIt.hapax.en-y5	x-height	0	0
qsUtter.mono.ex-y5	qsIt.hapax.en-y5.ex-y0	x-height	0	0
qsUtter.mono.ex-y5	qsIt.hapax.en-y5.ex-y0.ex-ext-1	x-height	0	0
qsUtter.mono.ex-y5	qsJai.hapax.en-y5.en-con-2	x-height	-2	0
qsUtter.mono.ex-y5	qsJai.hapax.en-y5.ex-y0.en-con-2	x-height	-2	0
qsUtter.mono.ex-y5	qsJai.hapax.en-y5.ex-y0.en-con-2.ex-ext-1	x-height	-2	0
qsUtter.mono.ex-y5	qsJai_qsUtter.hapax.en-y5.en-con-2	x-height	-2	0
qsUtter.mono.ex-y5	qsJai_qsUtter.hapax.en-y5.ex-y5.en-con-2	x-height	-2	0
qsUtter.mono.ex-y5	qsJai_qsUtter.hapax.en-y5.ex-y5.en-con-2.ex-ext-1	x-height	-2	0
qsUtter.mono.ex-y5	qsMay.grounded-loop.en-y5.ex-y0	x-height	0	0
qsUtter.mono.ex-y5	qsNo.loop.en-y5	x-height	0	0
qsUtter.mono.ex-y5	qsNo.loop.en-y5.ex-y5	x-height	0	0
qsUtter.mono.ex-y5	qsNo.loop.en-y5.ex-y5.ex-ext-1	x-height	0	0
qsUtter.mono.ex-y5	qsOx.hapax.en-y5	x-height	0	0
qsUtter.mono.ex-y5	qsOx.hapax.en-y5.ex-y0	x-height	0	0
qsUtter.mono.ex-y5	qsOy.hapax.en-y5	x-height	0	0
qsUtter.mono.ex-y5	qsOy.hapax.en-y5.ex-y0	x-height	0	0
qsUtter.mono.ex-y5	qsPea.full.en-y5	x-height	0	0
qsUtter.mono.ex-y5	qsPea.full.en-y5.ex-y0	x-height	0	0
qsUtter.mono.ex-y5	qsPea.half.en-y5.ex-y5	x-height	0	0
qsUtter.mono.ex-y5	qsPea.half.en-y5.ex-y6	x-height	0	0
qsUtter.mono.ex-y5	qsRoe.hapax.en-y5	x-height	0	0
qsUtter.mono.ex-y5	qsRoe.hapax.en-y5.ex-y0	x-height	0	0
qsUtter.mono.ex-y5	qsRoe.hapax.en-y5.ex-y0.ex-ext-1	x-height	0	0
qsUtter.mono.ex-y5	qsUtter.alternate.en-y5.ex-y0	x-height	0	0
qsUtter.mono.ex-y5.ex-ext-1	qsFee.reversed-loop.en-y5	x-height	1	0
qsUtter.mono.ex-y5.locked	qsAwe.hapax.en-y5	x-height	0	0
qsUtter.mono.ex-y5.locked	qsAwe.hapax.en-y5.ex-y0	x-height	0	0
qsUtter.mono.ex-y5.locked	qsDay.full.en-y5	x-height	0	0
qsUtter.mono.ex-y5.locked	qsDay.full.en-y5.ex-y0	x-height	0	0
qsUtter.mono.ex-y5.locked	qsDay_qsUtter.full.en-y5	x-height	0	0
qsUtter.mono.ex-y5.locked	qsDay_qsUtter.full.en-y5.ex-y5	x-height	0	0
qsUtter.mono.ex-y5.locked	qsDay_qsUtter.full.en-y5.ex-y5.ex-ext-1	x-height	0	0
qsUtter.mono.ex-y5.locked	qsEight.normal-sized-loop.en-y5	x-height	0	0
qsUtter.mono.ex-y5.locked	qsEight.normal-sized-loop.en-y5.ex-y0	x-height	0	0
qsUtter.mono.ex-y5.locked	qsEight.smaller-loop.en-y5.ex-y0	x-height	0	0
qsUtter.mono.ex-y5.locked	qsEt.hapax.en-y5	x-height	0	0
qsUtter.mono.ex-y5.locked	qsEt.hapax.en-y5.ex-y0	x-height	0	0
qsUtter.mono.ex-y5.locked	qsEt.hapax.en-y5.ex-y0.ex-con-1	x-height	0	0
qsUtter.mono.ex-y5.locked	qsIt.hapax.en-y5	x-height	0	0
qsUtter.mono.ex-y5.locked	qsIt.hapax.en-y5.ex-y0	x-height	0	0
qsUtter.mono.ex-y5.locked	qsIt.hapax.en-y5.ex-y0.ex-ext-1	x-height	0	0
qsUtter.mono.ex-y5.locked	qsJai.hapax.en-y5.en-con-2	x-height	-2	0
qsUtter.mono.ex-y5.locked	qsJai.hapax.en-y5.ex-y0.en-con-2	x-height	-2	0
qsUtter.mono.ex-y5.locked	qsJai.hapax.en-y5.ex-y0.en-con-2.ex-ext-1	x-height	-2	0
qsUtter.mono.ex-y5.locked	qsJai_qsUtter.hapax.en-y5.en-con-2	x-height	-2	0
qsUtter.mono.ex-y5.locked	qsJai_qsUtter.hapax.en-y5.ex-y5.en-con-2	x-height	-2	0
qsUtter.mono.ex-y5.locked	qsJai_qsUtter.hapax.en-y5.ex-y5.en-con-2.ex-ext-1	x-height	-2	0
qsUtter.mono.ex-y5.locked	qsMay.grounded-loop.en-y5.ex-y0	x-height	0	0
qsUtter.mono.ex-y5.locked	qsNo.loop.en-y5	x-height	0	0
qsUtter.mono.ex-y5.locked	qsNo.loop.en-y5.ex-y5	x-height	0	0
qsUtter.mono.ex-y5.locked	qsNo.loop.en-y5.ex-y5.ex-ext-1	x-height	0	0
qsUtter.mono.ex-y5.locked	qsOx.hapax.en-y5	x-height	0	0
qsUtter.mono.ex-y5.locked	qsOx.hapax.en-y5.ex-y0	x-height	0	0
qsUtter.mono.ex-y5.locked	qsOy.hapax.en-y5	x-height	0	0
qsUtter.mono.ex-y5.locked	qsOy.hapax.en-y5.ex-y0	x-height	0	0
qsUtter.mono.ex-y5.locked	qsPea.full.en-y5	x-height	0	0
qsUtter.mono.ex-y5.locked	qsPea.full.en-y5.ex-y0	x-height	0	0
qsUtter.mono.ex-y5.locked	qsPea.half.en-y5.ex-y5	x-height	0	0
qsUtter.mono.ex-y5.locked	qsPea.half.en-y5.ex-y6	x-height	0	0
qsUtter.mono.ex-y5.locked	qsRoe.hapax.en-y5	x-height	0	0
qsUtter.mono.ex-y5.locked	qsRoe.hapax.en-y5.ex-y0	x-height	0	0
qsUtter.mono.ex-y5.locked	qsRoe.hapax.en-y5.ex-y0.ex-ext-1	x-height	0	0
qsUtter.mono.ex-y5.locked	qsUtter.alternate.en-y5.ex-y0	x-height	0	0
qsUtter.mono.ex-y5.locked.ex-ext-1	qsFee.reversed-loop.en-y5	x-height	1	0
qsUtter.mono.locked	qsFee.loop.ex-y5	break	0	0
qsUtter.mono.locked	qsFee.loop.ex-y5.ex-ext-1	break	0	0
qsUtter.mono.locked	qsFee.loop.ex-y5.ex-ext-3	break	0	0
qsUtter.mono.locked	qsRoe.hapax.ex-y5	break	0	0
qsUtter.mono.locked	qsSee.straighter.ex-y0	break	0	0
qsUtter.mono.locked	qsSee.straighter.ex-y0.ex-ext-2	break	0	0
qsUtter.mono.locked	qsSee_qsUtter.hapax	break	0	0
qsUtter.mono.locked	qsSee_qsUtter.hapax.ex-y5	break	0	0
qsUtter.mono.locked	qsSee_qsUtter.hapax.ex-y5.ex-ext-1	break	0	0
qsUtter.mono.locked	qsTea.full	break	0	0
qsUtter.mono.locked	qsTea.full.ex-y0	break	0	0
qsUtter.mono.locked	qsTea.half.ex-y5	break	0	0
qsUtter.mono.locked	qsTea_qsOy.hapax	break	0	0
qsUtter.mono.locked	qsTea_qsOy.hapax.ex-y0	break	0	0
qsUtter.mono.locked	qsUtter.mono	break	0	0
qsUtter.mono.locked	qsUtter.mono.ex-y5	break	0	0
qsUtter.mono.locked	qsUtter.mono.ex-y5.ex-ext-1	break	0	0
qsVie.normal	qsAh.hapax	break	0	0
qsVie.normal	qsAh.hapax.ex-y5	break	0	0
qsVie.normal	qsAh.hapax.ex-y5.ex-ext-1	break	0	0
qsVie.normal	qsAwe.hapax	break	0	0
qsVie.normal	qsAwe.hapax.ex-y0	break	0	0
qsVie.normal	qsDay.full	break	0	0
qsVie.normal	qsDay.full.ex-y0	break	0	0
qsVie.normal	qsDay_qsUtter.full	break	0	0
qsVie.normal	qsDay_qsUtter.full.ex-y5	break	0	0
qsVie.normal	qsDay_qsUtter.full.ex-y5.ex-ext-1	break	0	0
qsVie.normal	qsEight.normal-sized-loop	break	0	0
qsVie.normal	qsEight.normal-sized-loop.ex-y0	break	0	0
qsVie.normal	qsEight.smaller-loop.ex-y0	break	0	0
qsVie.normal	qsEt.hapax	break	0	0
qsVie.normal	qsEt.hapax.ex-y0	break	0	0
qsVie.normal	qsEt.hapax.ex-y0.ex-con-1	break	0	0
qsVie.normal	qsFee.loop	break	0	0
qsVie.normal	qsFee.loop.ex-y5	break	0	0
qsVie.normal	qsFee.loop.ex-y5.ex-ext-1	break	0	0
qsVie.normal	qsFee.loop.ex-y5.ex-ext-3	break	0	0
qsVie.normal	qsI.loop	break	0	0
qsVie.normal	qsI.loop.ex-y5	break	0	0
qsVie.normal	qsI.loop.ex-y5.ex-ext-1	break	0	0
qsVie.normal	qsIt.hapax	break	0	0
qsVie.normal	qsIt.hapax.ex-y0	break	0	0
qsVie.normal	qsIt.hapax.ex-y5	break	0	0
qsVie.normal	qsIt.hapax.ex-y5.ex-ext-1	break	0	0
qsVie.normal	qsJai.hapax	break	0	0
qsVie.normal	qsJai.hapax.ex-y0	break	0	0
qsVie.normal	qsJai.hapax.ex-y0.ex-ext-1	break	0	0
qsVie.normal	qsJai_qsUtter.hapax	break	0	0
qsVie.normal	qsJai_qsUtter.hapax.ex-y5	break	0	0
qsVie.normal	qsJai_qsUtter.hapax.ex-y5.ex-ext-1	break	0	0
qsVie.normal	qsMay.grounded-loop.ex-y0	break	0	0
qsVie.normal	qsMay.loop	break	0	0
qsVie.normal	qsMay.loop.ex-y5	break	0	0
qsVie.normal	qsMay.loop.ex-y5.ex-ext-1	break	0	0
qsVie.normal	qsMay.loop.ex-y5.ex-ext-2	break	0	0
qsVie.normal	qsNo.loop	break	0	0
qsVie.normal	qsNo.loop.ex-y5	break	0	0
qsVie.normal	qsNo.loop.ex-y5.ex-ext-1	break	0	0
qsVie.normal	qsOut.normal	break	0	0
qsVie.normal	qsOut.swept-up.ex-y5	break	0	0
qsVie.normal	qsOut.swept-up.ex-y5.ex-ext-1	break	0	0
qsVie.normal	qsOut_qsTea.hapax	break	0	0
qsVie.normal	qsOx.hapax	break	0	0
qsVie.normal	qsOx.hapax.ex-y0	break	0	0
qsVie.normal	qsOy.hapax	break	0	0
qsVie.normal	qsOy.hapax.ex-y0	break	0	0
qsVie.normal	qsPea.full	break	0	0
qsVie.normal	qsPea.full.ex-y0	break	0	0
qsVie.normal	qsPea.half.ex-y5	break	0	0
qsVie.normal	qsPea.half.ex-y6	break	0	0
qsVie.normal	qsRoe.hapax.ex-y0	break	0	0
qsVie.normal	qsRoe.hapax.ex-y0.ex-ext-1	break	0	0
qsVie.normal	qsSee.curled-over.ex-y6	break	0	0
qsVie.normal	qsSee.normal	break	0	0
qsVie.normal	qsSee.normal.ex-y8	break	0	0
qsVie.normal	qsSee.straighter.ex-y0	break	0	0
qsVie.normal	qsSee.straighter.ex-y0.ex-ext-2	break	0	0
qsVie.normal	qsSee_qsUtter.hapax	break	0	0
qsVie.normal	qsSee_qsUtter.hapax.ex-y5	break	0	0
qsVie.normal	qsSee_qsUtter.hapax.ex-y5.ex-ext-1	break	0	0
qsVie.normal	qsTea.full	break	0	0
qsVie.normal	qsTea.full.ex-y0	break	0	0
qsVie.normal	qsTea.half.ex-y5	break	0	0
qsVie.normal	qsTea_qsOy.hapax	break	0	0
qsVie.normal	qsTea_qsOy.hapax.ex-y0	break	0	0
qsVie.normal	qsUtter.alternate.ex-y0	break	0	0
qsVie.normal	qsVie.normal	break	0	0
qsVie.normal	qsVie.swept-out.ex-y0	break	0	0
qsVie.normal	qsVie_qsUtter.hapax	break	0	0
qsVie.normal	qsVie_qsUtter.hapax.ex-y5	break	0	0
qsVie.normal	qsVie_qsUtter.hapax.ex-y5.ex-ext-1	break	0	0
qsVie.normal.en-y0	qsAh.hapax	break	0	0
qsVie.normal.en-y0	qsAh.hapax.ex-y5	break	0	0
qsVie.normal.en-y0	qsAh.hapax.ex-y5.ex-ext-1	break	0	0
qsVie.normal.en-y0	qsAwe.hapax	break	0	0
qsVie.normal.en-y0	qsAwe.hapax.ex-y0	break	0	0
qsVie.normal.en-y0	qsDay.full	break	0	0
qsVie.normal.en-y0	qsDay.full.ex-y0	break	0	0
qsVie.normal.en-y0	qsDay_qsUtter.full	break	0	0
qsVie.normal.en-y0	qsDay_qsUtter.full.ex-y5	break	0	0
qsVie.normal.en-y0	qsDay_qsUtter.full.ex-y5.ex-ext-1	break	0	0
qsVie.normal.en-y0	qsEight.normal-sized-loop	break	0	0
qsVie.normal.en-y0	qsEight.normal-sized-loop.ex-y0	break	0	0
qsVie.normal.en-y0	qsEight.smaller-loop.ex-y0	break	0	0
qsVie.normal.en-y0	qsEt.hapax	break	0	0
qsVie.normal.en-y0	qsEt.hapax.ex-y0	break	0	0
qsVie.normal.en-y0	qsEt.hapax.ex-y0.ex-con-1	break	0	0
qsVie.normal.en-y0	qsFee.loop	break	0	0
qsVie.normal.en-y0	qsFee.loop.ex-y5	break	0	0
qsVie.normal.en-y0	qsFee.loop.ex-y5.ex-ext-1	break	0	0
qsVie.normal.en-y0	qsFee.loop.ex-y5.ex-ext-3	break	0	0
qsVie.normal.en-y0	qsI.loop	break	0	0
qsVie.normal.en-y0	qsI.loop.ex-y5	break	0	0
qsVie.normal.en-y0	qsI.loop.ex-y5.ex-ext-1	break	0	0
qsVie.normal.en-y0	qsIt.hapax	break	0	0
qsVie.normal.en-y0	qsIt.hapax.ex-y0	break	0	0
qsVie.normal.en-y0	qsIt.hapax.ex-y5	break	0	0
qsVie.normal.en-y0	qsIt.hapax.ex-y5.ex-ext-1	break	0	0
qsVie.normal.en-y0	qsJai.hapax	break	0	0
qsVie.normal.en-y0	qsJai.hapax.ex-y0	break	0	0
qsVie.normal.en-y0	qsJai.hapax.ex-y0.ex-ext-1	break	0	0
qsVie.normal.en-y0	qsJai_qsUtter.hapax	break	0	0
qsVie.normal.en-y0	qsJai_qsUtter.hapax.ex-y5	break	0	0
qsVie.normal.en-y0	qsJai_qsUtter.hapax.ex-y5.ex-ext-1	break	0	0
qsVie.normal.en-y0	qsMay.grounded-loop.ex-y0	break	0	0
qsVie.normal.en-y0	qsMay.loop	break	0	0
qsVie.normal.en-y0	qsMay.loop.ex-y5	break	0	0
qsVie.normal.en-y0	qsMay.loop.ex-y5.ex-ext-1	break	0	0
qsVie.normal.en-y0	qsMay.loop.ex-y5.ex-ext-2	break	0	0
qsVie.normal.en-y0	qsNo.loop	break	0	0
qsVie.normal.en-y0	qsNo.loop.ex-y5	break	0	0
qsVie.normal.en-y0	qsNo.loop.ex-y5.ex-ext-1	break	0	0
qsVie.normal.en-y0	qsOut.normal	break	0	0
qsVie.normal.en-y0	qsOut.swept-up.ex-y5	break	0	0
qsVie.normal.en-y0	qsOut.swept-up.ex-y5.ex-ext-1	break	0	0
qsVie.normal.en-y0	qsOut_qsTea.hapax	break	0	0
qsVie.normal.en-y0	qsOx.hapax	break	0	0
qsVie.normal.en-y0	qsOx.hapax.ex-y0	break	0	0
qsVie.normal.en-y0	qsOy.hapax	break	0	0
qsVie.normal.en-y0	qsOy.hapax.ex-y0	break	0	0
qsVie.normal.en-y0	qsPea.full	break	0	0
qsVie.normal.en-y0	qsPea.full.ex-y0	break	0	0
qsVie.normal.en-y0	qsPea.half.ex-y5	break	0	0
qsVie.normal.en-y0	qsPea.half.ex-y6	break	0	0
qsVie.normal.en-y0	qsRoe.hapax.ex-y0	break	0	0
qsVie.normal.en-y0	qsRoe.hapax.ex-y0.ex-ext-1	break	0	0
qsVie.normal.en-y0	qsSee.curled-over.ex-y6	break	0	0
qsVie.normal.en-y0	qsSee.normal	break	0	0
qsVie.normal.en-y0	qsSee.normal.ex-y8	break	0	0
qsVie.normal.en-y0	qsSee.straighter.ex-y0	break	0	0
qsVie.normal.en-y0	qsSee.straighter.ex-y0.ex-ext-2	break	0	0
qsVie.normal.en-y0	qsSee_qsUtter.hapax	break	0	0
qsVie.normal.en-y0	qsSee_qsUtter.hapax.ex-y5	break	0	0
qsVie.normal.en-y0	qsSee_qsUtter.hapax.ex-y5.ex-ext-1	break	0	0
qsVie.normal.en-y0	qsTea.full	break	0	0
qsVie.normal.en-y0	qsTea.full.ex-y0	break	0	0
qsVie.normal.en-y0	qsTea.half.ex-y5	break	0	0
qsVie.normal.en-y0	qsTea_qsOy.hapax	break	0	0
qsVie.normal.en-y0	qsTea_qsOy.hapax.ex-y0	break	0	0
qsVie.normal.en-y0	qsUtter.alternate.ex-y0	break	0	0
qsVie.normal.en-y0	qsVie.normal	break	0	0
qsVie.normal.en-y0	qsVie.swept-out.ex-y0	break	0	0
qsVie.normal.en-y0	qsVie_qsUtter.hapax	break	0	0
qsVie.normal.en-y0	qsVie_qsUtter.hapax.ex-y5	break	0	0
qsVie.normal.en-y0	qsVie_qsUtter.hapax.ex-y5.ex-ext-1	break	0	0
qsVie.normal.locked	qsAh.hapax	break	0	0
qsVie.normal.locked	qsAh.hapax.ex-y5	break	0	0
qsVie.normal.locked	qsAh.hapax.ex-y5.ex-ext-1	break	0	0
qsVie.normal.locked	qsAwe.hapax	break	0	0
qsVie.normal.locked	qsAwe.hapax.ex-y0	break	0	0
qsVie.normal.locked	qsDay.full	break	0	0
qsVie.normal.locked	qsDay.full.ex-y0	break	0	0
qsVie.normal.locked	qsDay_qsUtter.full	break	0	0
qsVie.normal.locked	qsDay_qsUtter.full.ex-y5	break	0	0
qsVie.normal.locked	qsDay_qsUtter.full.ex-y5.ex-ext-1	break	0	0
qsVie.normal.locked	qsEight.normal-sized-loop	break	0	0
qsVie.normal.locked	qsEight.normal-sized-loop.ex-y0	break	0	0
qsVie.normal.locked	qsEight.smaller-loop.ex-y0	break	0	0
qsVie.normal.locked	qsEt.hapax	break	0	0
qsVie.normal.locked	qsEt.hapax.ex-y0	break	0	0
qsVie.normal.locked	qsEt.hapax.ex-y0.ex-con-1	break	0	0
qsVie.normal.locked	qsFee.loop	break	0	0
qsVie.normal.locked	qsFee.loop.ex-y5	break	0	0
qsVie.normal.locked	qsFee.loop.ex-y5.ex-ext-1	break	0	0
qsVie.normal.locked	qsFee.loop.ex-y5.ex-ext-3	break	0	0
qsVie.normal.locked	qsI.loop	break	0	0
qsVie.normal.locked	qsI.loop.ex-y5	break	0	0
qsVie.normal.locked	qsI.loop.ex-y5.ex-ext-1	break	0	0
qsVie.normal.locked	qsIt.hapax	break	0	0
qsVie.normal.locked	qsIt.hapax.ex-y0	break	0	0
qsVie.normal.locked	qsIt.hapax.ex-y5	break	0	0
qsVie.normal.locked	qsIt.hapax.ex-y5.ex-ext-1	break	0	0
qsVie.normal.locked	qsJai.hapax	break	0	0
qsVie.normal.locked	qsJai.hapax.ex-y0	break	0	0
qsVie.normal.locked	qsJai.hapax.ex-y0.ex-ext-1	break	0	0
qsVie.normal.locked	qsJai_qsUtter.hapax	break	0	0
qsVie.normal.locked	qsJai_qsUtter.hapax.ex-y5	break	0	0
qsVie.normal.locked	qsJai_qsUtter.hapax.ex-y5.ex-ext-1	break	0	0
qsVie.normal.locked	qsMay.grounded-loop.ex-y0	break	0	0
qsVie.normal.locked	qsMay.loop	break	0	0
qsVie.normal.locked	qsMay.loop.ex-y5	break	0	0
qsVie.normal.locked	qsMay.loop.ex-y5.ex-ext-1	break	0	0
qsVie.normal.locked	qsMay.loop.ex-y5.ex-ext-2	break	0	0
qsVie.normal.locked	qsNo.loop	break	0	0
qsVie.normal.locked	qsNo.loop.ex-y5	break	0	0
qsVie.normal.locked	qsNo.loop.ex-y5.ex-ext-1	break	0	0
qsVie.normal.locked	qsOut.normal	break	0	0
qsVie.normal.locked	qsOut.swept-up.ex-y5	break	0	0
qsVie.normal.locked	qsOut.swept-up.ex-y5.ex-ext-1	break	0	0
qsVie.normal.locked	qsOut_qsTea.hapax	break	0	0
qsVie.normal.locked	qsOx.hapax	break	0	0
qsVie.normal.locked	qsOx.hapax.ex-y0	break	0	0
qsVie.normal.locked	qsOy.hapax	break	0	0
qsVie.normal.locked	qsOy.hapax.ex-y0	break	0	0
qsVie.normal.locked	qsPea.full	break	0	0
qsVie.normal.locked	qsPea.full.ex-y0	break	0	0
qsVie.normal.locked	qsPea.half.ex-y5	break	0	0
qsVie.normal.locked	qsPea.half.ex-y6	break	0	0
qsVie.normal.locked	qsRoe.hapax.ex-y0	break	0	0
qsVie.normal.locked	qsRoe.hapax.ex-y0.ex-ext-1	break	0	0
qsVie.normal.locked	qsSee.curled-over.ex-y6	break	0	0
qsVie.normal.locked	qsSee.normal	break	0	0
qsVie.normal.locked	qsSee.normal.ex-y8	break	0	0
qsVie.normal.locked	qsSee.straighter.ex-y0	break	0	0
qsVie.normal.locked	qsSee.straighter.ex-y0.ex-ext-2	break	0	0
qsVie.normal.locked	qsSee_qsUtter.hapax	break	0	0
qsVie.normal.locked	qsSee_qsUtter.hapax.ex-y5	break	0	0
qsVie.normal.locked	qsSee_qsUtter.hapax.ex-y5.ex-ext-1	break	0	0
qsVie.normal.locked	qsTea.full	break	0	0
qsVie.normal.locked	qsTea.full.ex-y0	break	0	0
qsVie.normal.locked	qsTea.half.ex-y5	break	0	0
qsVie.normal.locked	qsTea_qsOy.hapax	break	0	0
qsVie.normal.locked	qsTea_qsOy.hapax.ex-y0	break	0	0
qsVie.normal.locked	qsUtter.alternate.ex-y0	break	0	0
qsVie.normal.locked	qsVie.normal	break	0	0
qsVie.normal.locked	qsVie.swept-out.ex-y0	break	0	0
qsVie.normal.locked	qsVie_qsUtter.hapax	break	0	0
qsVie.normal.locked	qsVie_qsUtter.hapax.ex-y5	break	0	0
qsVie.normal.locked	qsVie_qsUtter.hapax.ex-y5.ex-ext-1	break	0	0
qsVie.swept-out.en-y0.ex-y0	qsLow.hapax.en-y0	baseline	0	0
qsVie.swept-out.en-y0.ex-y0	qsLow.hapax.en-y0.ex-y5	baseline	0	0
qsVie.swept-out.en-y0.ex-y0	qsLow.hapax.en-y0.ex-y5.ex-ext-1	baseline	0	0
qsVie.swept-out.en-y0.ex-y0	qsNo.flipped.en-y0	baseline	0	0
qsVie.swept-out.en-y0.ex-y0	qsNo.flipped.en-y0.ex-y0	baseline	0	0
qsVie.swept-out.en-y0.ex-y0	qsRoe.hapax.en-y0	baseline	0	0
qsVie.swept-out.en-y0.ex-y0	qsRoe.hapax.en-y0.ex-y5	baseline	0	0
qsVie.swept-out.ex-y0	qsLow.hapax.en-y0	baseline	0	0
qsVie.swept-out.ex-y0	qsLow.hapax.en-y0.ex-y5	baseline	0	0
qsVie.swept-out.ex-y0	qsLow.hapax.en-y0.ex-y5.ex-ext-1	baseline	0	0
qsVie.swept-out.ex-y0	qsNo.flipped.en-y0	baseline	0	0
qsVie.swept-out.ex-y0	qsNo.flipped.en-y0.ex-y0	baseline	0	0
qsVie.swept-out.ex-y0	qsRoe.hapax.en-y0	baseline	0	0
qsVie.swept-out.ex-y0	qsRoe.hapax.en-y0.ex-y5	baseline	0	0
qsVie.swept-out.ex-y0.locked	qsLow.hapax.en-y0	baseline	0	0
qsVie.swept-out.ex-y0.locked	qsLow.hapax.en-y0.ex-y5	baseline	0	0
qsVie.swept-out.ex-y0.locked	qsLow.hapax.en-y0.ex-y5.ex-ext-1	baseline	0	0
qsVie.swept-out.ex-y0.locked	qsNo.flipped.en-y0	baseline	0	0
qsVie.swept-out.ex-y0.locked	qsNo.flipped.en-y0.ex-y0	baseline	0	0
qsVie.swept-out.ex-y0.locked	qsRoe.hapax.en-y0	baseline	0	0
qsVie.swept-out.ex-y0.locked	qsRoe.hapax.en-y0.ex-y5	baseline	0	0
qsVie_qsUtter.hapax	qsFee.loop.ex-y5	break	0	0
qsVie_qsUtter.hapax	qsFee.loop.ex-y5.ex-ext-1	break	0	0
qsVie_qsUtter.hapax	qsFee.loop.ex-y5.ex-ext-3	break	0	0
qsVie_qsUtter.hapax	qsRoe.hapax.ex-y5	break	0	0
qsVie_qsUtter.hapax	qsSee.normal	break	0	0
qsVie_qsUtter.hapax	qsSee.straighter.ex-y0	break	0	0
qsVie_qsUtter.hapax	qsSee.straighter.ex-y0.ex-ext-2	break	0	0
qsVie_qsUtter.hapax	qsSee_qsUtter.hapax	break	0	0
qsVie_qsUtter.hapax	qsSee_qsUtter.hapax.ex-y5	break	0	0
qsVie_qsUtter.hapax	qsSee_qsUtter.hapax.ex-y5.ex-ext-1	break	0	0
qsVie_qsUtter.hapax	qsTea.full	break	0	0
qsVie_qsUtter.hapax	qsTea.full.ex-y0	break	0	0
qsVie_qsUtter.hapax	qsTea.half.ex-y5	break	0	0
qsVie_qsUtter.hapax	qsTea_qsOy.hapax	break	0	0
qsVie_qsUtter.hapax	qsTea_qsOy.hapax.ex-y0	break	0	0
qsVie_qsUtter.hapax	qsUtter.mono	break	0	0
qsVie_qsUtter.hapax	qsUtter.mono.ex-y5	break	0	0
qsVie_qsUtter.hapax	qsUtter.mono.ex-y5.ex-ext-1	break	0	0
qsVie_qsUtter.hapax.en-y0	qsFee.loop.ex-y5	break	0	0
qsVie_qsUtter.hapax.en-y0	qsFee.loop.ex-y5.ex-ext-1	break	0	0
qsVie_qsUtter.hapax.en-y0	qsFee.loop.ex-y5.ex-ext-3	break	0	0
qsVie_qsUtter.hapax.en-y0	qsRoe.hapax.ex-y5	break	0	0
qsVie_qsUtter.hapax.en-y0	qsSee.normal	break	0	0
qsVie_qsUtter.hapax.en-y0	qsSee.straighter.ex-y0	break	0	0
qsVie_qsUtter.hapax.en-y0	qsSee.straighter.ex-y0.ex-ext-2	break	0	0
qsVie_qsUtter.hapax.en-y0	qsSee_qsUtter.hapax	break	0	0
qsVie_qsUtter.hapax.en-y0	qsSee_qsUtter.hapax.ex-y5	break	0	0
qsVie_qsUtter.hapax.en-y0	qsSee_qsUtter.hapax.ex-y5.ex-ext-1	break	0	0
qsVie_qsUtter.hapax.en-y0	qsTea.full	break	0	0
qsVie_qsUtter.hapax.en-y0	qsTea.full.ex-y0	break	0	0
qsVie_qsUtter.hapax.en-y0	qsTea.half.ex-y5	break	0	0
qsVie_qsUtter.hapax.en-y0	qsTea_qsOy.hapax	break	0	0
qsVie_qsUtter.hapax.en-y0	qsTea_qsOy.hapax.ex-y0	break	0	0
qsVie_qsUtter.hapax.en-y0	qsUtter.mono	break	0	0
qsVie_qsUtter.hapax.en-y0	qsUtter.mono.ex-y5	break	0	0
qsVie_qsUtter.hapax.en-y0	qsUtter.mono.ex-y5.ex-ext-1	break	0	0
qsVie_qsUtter.hapax.en-y0.ex-y5	qsAwe.hapax.en-y5	x-height	0	0
qsVie_qsUtter.hapax.en-y0.ex-y5	qsAwe.hapax.en-y5.ex-y0	x-height	0	0
qsVie_qsUtter.hapax.en-y0.ex-y5	qsDay.full.en-y5	x-height	0	0
qsVie_qsUtter.hapax.en-y0.ex-y5	qsDay.full.en-y5.ex-y0	x-height	0	0
qsVie_qsUtter.hapax.en-y0.ex-y5	qsDay_qsUtter.full.en-y5	x-height	0	0
qsVie_qsUtter.hapax.en-y0.ex-y5	qsDay_qsUtter.full.en-y5.ex-y5	x-height	0	0
qsVie_qsUtter.hapax.en-y0.ex-y5	qsDay_qsUtter.full.en-y5.ex-y5.ex-ext-1	x-height	0	0
qsVie_qsUtter.hapax.en-y0.ex-y5	qsEight.normal-sized-loop.en-y5	x-height	0	0
qsVie_qsUtter.hapax.en-y0.ex-y5	qsEight.normal-sized-loop.en-y5.ex-y0	x-height	0	0
qsVie_qsUtter.hapax.en-y0.ex-y5	qsEight.smaller-loop.en-y5.ex-y0	x-height	0	0
qsVie_qsUtter.hapax.en-y0.ex-y5	qsEt.hapax.en-y5	x-height	0	0
qsVie_qsUtter.hapax.en-y0.ex-y5	qsEt.hapax.en-y5.ex-y0	x-height	0	0
qsVie_qsUtter.hapax.en-y0.ex-y5	qsEt.hapax.en-y5.ex-y0.ex-con-1	x-height	0	0
qsVie_qsUtter.hapax.en-y0.ex-y5	qsIt.hapax.en-y5	x-height	0	0
qsVie_qsUtter.hapax.en-y0.ex-y5	qsIt.hapax.en-y5.ex-y0	x-height	0	0
qsVie_qsUtter.hapax.en-y0.ex-y5	qsIt.hapax.en-y5.ex-y0.ex-ext-1	x-height	0	0
qsVie_qsUtter.hapax.en-y0.ex-y5	qsJai.hapax.en-y5.en-con-2	x-height	-2	0
qsVie_qsUtter.hapax.en-y0.ex-y5	qsJai.hapax.en-y5.ex-y0.en-con-2	x-height	-2	0
qsVie_qsUtter.hapax.en-y0.ex-y5	qsJai.hapax.en-y5.ex-y0.en-con-2.ex-ext-1	x-height	-2	0
qsVie_qsUtter.hapax.en-y0.ex-y5	qsJai_qsUtter.hapax.en-y5.en-con-2	x-height	-2	0
qsVie_qsUtter.hapax.en-y0.ex-y5	qsJai_qsUtter.hapax.en-y5.ex-y5.en-con-2	x-height	-2	0
qsVie_qsUtter.hapax.en-y0.ex-y5	qsJai_qsUtter.hapax.en-y5.ex-y5.en-con-2.ex-ext-1	x-height	-2	0
qsVie_qsUtter.hapax.en-y0.ex-y5	qsMay.grounded-loop.en-y5.ex-y0	x-height	0	0
qsVie_qsUtter.hapax.en-y0.ex-y5	qsMay.loop.en-y5	x-height	0	0
qsVie_qsUtter.hapax.en-y0.ex-y5	qsNo.loop.en-y5	x-height	0	0
qsVie_qsUtter.hapax.en-y0.ex-y5	qsNo.loop.en-y5.ex-y5	x-height	0	0
qsVie_qsUtter.hapax.en-y0.ex-y5	qsNo.loop.en-y5.ex-y5.ex-ext-1	x-height	0	0
qsVie_qsUtter.hapax.en-y0.ex-y5	qsOx.hapax.en-y5	x-height	0	0
qsVie_qsUtter.hapax.en-y0.ex-y5	qsOx.hapax.en-y5.ex-y0	x-height	0	0
qsVie_qsUtter.hapax.en-y0.ex-y5	qsOy.hapax.en-y5	x-height	0	0
qsVie_qsUtter.hapax.en-y0.ex-y5	qsOy.hapax.en-y5.ex-y0	x-height	0	0
qsVie_qsUtter.hapax.en-y0.ex-y5	qsPea.full.en-y5	x-height	0	0
qsVie_qsUtter.hapax.en-y0.ex-y5	qsPea.full.en-y5.ex-y0	x-height	0	0
qsVie_qsUtter.hapax.en-y0.ex-y5	qsPea.half.en-y5.ex-y5	x-height	0	0
qsVie_qsUtter.hapax.en-y0.ex-y5	qsPea.half.en-y5.ex-y6	x-height	0	0
qsVie_qsUtter.hapax.en-y0.ex-y5	qsRoe.hapax.en-y5	x-height	0	0
qsVie_qsUtter.hapax.en-y0.ex-y5	qsRoe.hapax.en-y5.ex-y0	x-height	0	0
qsVie_qsUtter.hapax.en-y0.ex-y5	qsRoe.hapax.en-y5.ex-y0.ex-ext-1	x-height	0	0
qsVie_qsUtter.hapax.en-y0.ex-y5	qsUtter.alternate.en-y5.ex-y0	x-height	0	0
qsVie_qsUtter.hapax.en-y0.ex-y5.ex-ext-1	qsFee.reversed-loop.en-y5	x-height	1	0
qsVie_qsUtter.hapax.ex-y5	qsAwe.hapax.en-y5	x-height	0	0
qsVie_qsUtter.hapax.ex-y5	qsAwe.hapax.en-y5.ex-y0	x-height	0	0
qsVie_qsUtter.hapax.ex-y5	qsDay.full.en-y5	x-height	0	0
qsVie_qsUtter.hapax.ex-y5	qsDay.full.en-y5.ex-y0	x-height	0	0
qsVie_qsUtter.hapax.ex-y5	qsDay_qsUtter.full.en-y5	x-height	0	0
qsVie_qsUtter.hapax.ex-y5	qsDay_qsUtter.full.en-y5.ex-y5	x-height	0	0
qsVie_qsUtter.hapax.ex-y5	qsDay_qsUtter.full.en-y5.ex-y5.ex-ext-1	x-height	0	0
qsVie_qsUtter.hapax.ex-y5	qsEight.normal-sized-loop.en-y5	x-height	0	0
qsVie_qsUtter.hapax.ex-y5	qsEight.normal-sized-loop.en-y5.ex-y0	x-height	0	0
qsVie_qsUtter.hapax.ex-y5	qsEight.smaller-loop.en-y5.ex-y0	x-height	0	0
qsVie_qsUtter.hapax.ex-y5	qsEt.hapax.en-y5	x-height	0	0
qsVie_qsUtter.hapax.ex-y5	qsEt.hapax.en-y5.ex-y0	x-height	0	0
qsVie_qsUtter.hapax.ex-y5	qsEt.hapax.en-y5.ex-y0.ex-con-1	x-height	0	0
qsVie_qsUtter.hapax.ex-y5	qsIt.hapax.en-y5	x-height	0	0
qsVie_qsUtter.hapax.ex-y5	qsIt.hapax.en-y5.ex-y0	x-height	0	0
qsVie_qsUtter.hapax.ex-y5	qsIt.hapax.en-y5.ex-y0.ex-ext-1	x-height	0	0
qsVie_qsUtter.hapax.ex-y5	qsJai.hapax.en-y5.en-con-2	x-height	-2	0
qsVie_qsUtter.hapax.ex-y5	qsJai.hapax.en-y5.ex-y0.en-con-2	x-height	-2	0
qsVie_qsUtter.hapax.ex-y5	qsJai.hapax.en-y5.ex-y0.en-con-2.ex-ext-1	x-height	-2	0
qsVie_qsUtter.hapax.ex-y5	qsJai_qsUtter.hapax.en-y5.en-con-2	x-height	-2	0
qsVie_qsUtter.hapax.ex-y5	qsJai_qsUtter.hapax.en-y5.ex-y5.en-con-2	x-height	-2	0
qsVie_qsUtter.hapax.ex-y5	qsJai_qsUtter.hapax.en-y5.ex-y5.en-con-2.ex-ext-1	x-height	-2	0
qsVie_qsUtter.hapax.ex-y5	qsMay.grounded-loop.en-y5.ex-y0	x-height	0	0
qsVie_qsUtter.hapax.ex-y5	qsMay.loop.en-y5	x-height	0	0
qsVie_qsUtter.hapax.ex-y5	qsNo.loop.en-y5	x-height	0	0
qsVie_qsUtter.hapax.ex-y5	qsNo.loop.en-y5.ex-y5	x-height	0	0
qsVie_qsUtter.hapax.ex-y5	qsNo.loop.en-y5.ex-y5.ex-ext-1	x-height	0	0
qsVie_qsUtter.hapax.ex-y5	qsOx.hapax.en-y5	x-height	0	0
qsVie_qsUtter.hapax.ex-y5	qsOx.hapax.en-y5.ex-y0	x-height	0	0
qsVie_qsUtter.hapax.ex-y5	qsOy.hapax.en-y5	x-height	0	0
qsVie_qsUtter.hapax.ex-y5	qsOy.hapax.en-y5.ex-y0	x-height	0	0
qsVie_qsUtter.hapax.ex-y5	qsPea.full.en-y5	x-height	0	0
qsVie_qsUtter.hapax.ex-y5	qsPea.full.en-y5.ex-y0	x-height	0	0
qsVie_qsUtter.hapax.ex-y5	qsPea.half.en-y5.ex-y5	x-height	0	0
qsVie_qsUtter.hapax.ex-y5	qsPea.half.en-y5.ex-y6	x-height	0	0
qsVie_qsUtter.hapax.ex-y5	qsRoe.hapax.en-y5	x-height	0	0
qsVie_qsUtter.hapax.ex-y5	qsRoe.hapax.en-y5.ex-y0	x-height	0	0
qsVie_qsUtter.hapax.ex-y5	qsRoe.hapax.en-y5.ex-y0.ex-ext-1	x-height	0	0
qsVie_qsUtter.hapax.ex-y5	qsUtter.alternate.en-y5.ex-y0	x-height	0	0
qsVie_qsUtter.hapax.ex-y5.ex-ext-1	qsFee.reversed-loop.en-y5	x-height	1	0
qsVie_qsUtter.hapax.ex-y5.locked	qsAwe.hapax.en-y5	x-height	0	0
qsVie_qsUtter.hapax.ex-y5.locked	qsAwe.hapax.en-y5.ex-y0	x-height	0	0
qsVie_qsUtter.hapax.ex-y5.locked	qsDay.full.en-y5	x-height	0	0
qsVie_qsUtter.hapax.ex-y5.locked	qsDay.full.en-y5.ex-y0	x-height	0	0
qsVie_qsUtter.hapax.ex-y5.locked	qsDay_qsUtter.full.en-y5	x-height	0	0
qsVie_qsUtter.hapax.ex-y5.locked	qsDay_qsUtter.full.en-y5.ex-y5	x-height	0	0
qsVie_qsUtter.hapax.ex-y5.locked	qsDay_qsUtter.full.en-y5.ex-y5.ex-ext-1	x-height	0	0
qsVie_qsUtter.hapax.ex-y5.locked	qsEight.normal-sized-loop.en-y5	x-height	0	0
qsVie_qsUtter.hapax.ex-y5.locked	qsEight.normal-sized-loop.en-y5.ex-y0	x-height	0	0
qsVie_qsUtter.hapax.ex-y5.locked	qsEight.smaller-loop.en-y5.ex-y0	x-height	0	0
qsVie_qsUtter.hapax.ex-y5.locked	qsEt.hapax.en-y5	x-height	0	0
qsVie_qsUtter.hapax.ex-y5.locked	qsEt.hapax.en-y5.ex-y0	x-height	0	0
qsVie_qsUtter.hapax.ex-y5.locked	qsEt.hapax.en-y5.ex-y0.ex-con-1	x-height	0	0
qsVie_qsUtter.hapax.ex-y5.locked	qsIt.hapax.en-y5	x-height	0	0
qsVie_qsUtter.hapax.ex-y5.locked	qsIt.hapax.en-y5.ex-y0	x-height	0	0
qsVie_qsUtter.hapax.ex-y5.locked	qsIt.hapax.en-y5.ex-y0.ex-ext-1	x-height	0	0
qsVie_qsUtter.hapax.ex-y5.locked	qsJai.hapax.en-y5.en-con-2	x-height	-2	0
qsVie_qsUtter.hapax.ex-y5.locked	qsJai.hapax.en-y5.ex-y0.en-con-2	x-height	-2	0
qsVie_qsUtter.hapax.ex-y5.locked	qsJai.hapax.en-y5.ex-y0.en-con-2.ex-ext-1	x-height	-2	0
qsVie_qsUtter.hapax.ex-y5.locked	qsJai_qsUtter.hapax.en-y5.en-con-2	x-height	-2	0
qsVie_qsUtter.hapax.ex-y5.locked	qsJai_qsUtter.hapax.en-y5.ex-y5.en-con-2	x-height	-2	0
qsVie_qsUtter.hapax.ex-y5.locked	qsJai_qsUtter.hapax.en-y5.ex-y5.en-con-2.ex-ext-1	x-height	-2	0
qsVie_qsUtter.hapax.ex-y5.locked	qsMay.grounded-loop.en-y5.ex-y0	x-height	0	0
qsVie_qsUtter.hapax.ex-y5.locked	qsMay.loop.en-y5	x-height	0	0
qsVie_qsUtter.hapax.ex-y5.locked	qsNo.loop.en-y5	x-height	0	0
qsVie_qsUtter.hapax.ex-y5.locked	qsNo.loop.en-y5.ex-y5	x-height	0	0
qsVie_qsUtter.hapax.ex-y5.locked	qsNo.loop.en-y5.ex-y5.ex-ext-1	x-height	0	0
qsVie_qsUtter.hapax.ex-y5.locked	qsOx.hapax.en-y5	x-height	0	0
qsVie_qsUtter.hapax.ex-y5.locked	qsOx.hapax.en-y5.ex-y0	x-height	0	0
qsVie_qsUtter.hapax.ex-y5.locked	qsOy.hapax.en-y5	x-height	0	0
qsVie_qsUtter.hapax.ex-y5.locked	qsOy.hapax.en-y5.ex-y0	x-height	0	0
qsVie_qsUtter.hapax.ex-y5.locked	qsPea.full.en-y5	x-height	0	0
qsVie_qsUtter.hapax.ex-y5.locked	qsPea.full.en-y5.ex-y0	x-height	0	0
qsVie_qsUtter.hapax.ex-y5.locked	qsPea.half.en-y5.ex-y5	x-height	0	0
qsVie_qsUtter.hapax.ex-y5.locked	qsPea.half.en-y5.ex-y6	x-height	0	0
qsVie_qsUtter.hapax.ex-y5.locked	qsRoe.hapax.en-y5	x-height	0	0
qsVie_qsUtter.hapax.ex-y5.locked	qsRoe.hapax.en-y5.ex-y0	x-height	0	0
qsVie_qsUtter.hapax.ex-y5.locked	qsRoe.hapax.en-y5.ex-y0.ex-ext-1	x-height	0	0
qsVie_qsUtter.hapax.ex-y5.locked	qsUtter.alternate.en-y5.ex-y0	x-height	0	0
qsVie_qsUtter.hapax.ex-y5.locked.ex-ext-1	qsFee.reversed-loop.en-y5	x-height	1	0
qsVie_qsUtter.hapax.locked	qsFee.loop.ex-y5	break	0	0
qsVie_qsUtter.hapax.locked	qsFee.loop.ex-y5.ex-ext-1	break	0	0
qsVie_qsUtter.hapax.locked	qsFee.loop.ex-y5.ex-ext-3	break	0	0
qsVie_qsUtter.hapax.locked	qsRoe.hapax.ex-y5	break	0	0
qsVie_qsUtter.hapax.locked	qsSee.normal	break	0	0
qsVie_qsUtter.hapax.locked	qsSee.straighter.ex-y0	break	0	0
qsVie_qsUtter.hapax.locked	qsSee.straighter.ex-y0.ex-ext-2	break	0	0
qsVie_qsUtter.hapax.locked	qsSee_qsUtter.hapax	break	0	0
qsVie_qsUtter.hapax.locked	qsSee_qsUtter.hapax.ex-y5	break	0	0
qsVie_qsUtter.hapax.locked	qsSee_qsUtter.hapax.ex-y5.ex-ext-1	break	0	0
qsVie_qsUtter.hapax.locked	qsTea.full	break	0	0
qsVie_qsUtter.hapax.locked	qsTea.full.ex-y0	break	0	0
qsVie_qsUtter.hapax.locked	qsTea.half.ex-y5	break	0	0
qsVie_qsUtter.hapax.locked	qsTea_qsOy.hapax	break	0	0
qsVie_qsUtter.hapax.locked	qsTea_qsOy.hapax.ex-y0	break	0	0
qsVie_qsUtter.hapax.locked	qsUtter.mono	break	0	0
qsVie_qsUtter.hapax.locked	qsUtter.mono.ex-y5	break	0	0
qsVie_qsUtter.hapax.locked	qsUtter.mono.ex-y5.ex-ext-1	break	0	0
